seed,system,elapsed_observed_frames,kind,metric,value,available_states
20260908,tawm_h1,15,recursive,mean_available_candidates,11.476190476190476,21
20260908,tawm_h1,15,recursive,carrier_mse,0.01820433193674179,21
20260908,tawm_h1,15,recursive,history_available_mse,0.003505114867635296,21
20260908,tawm_h1,15,recursive,prior_elapsed_seconds_mse,0.015657507796966102,21
20260908,tawm_h1,15,recursive,availability_bits_mse,0.028463017306713967,21
20260908,tawm_h1,15,recursive,presence_available_values,18.0,21
20260908,tawm_h1,15,recursive,presence_mse,0.01704680033333225,21
20260908,tawm_h1,15,recursive,kind_available_values,36.0,21
20260908,tawm_h1,15,recursive,kind_mse,0.008961311464158857,21
20260908,tawm_h1,15,recursive,position_available_values,13.992673992673994,21
20260908,tawm_h1,15,recursive,position_mse,0.013295628215185627,21
20260908,tawm_h1,15,recursive,motion_available_values,13.956043956043956,21
20260908,tawm_h1,15,recursive,motion_mse,0.00885026480407213,21
20260908,tawm_h1,15,recursive,parsed_pig_count_absolute_error,0.18811527637201544,21
20260908,tawm_h1,15,recursive,parsed_block_count_absolute_error,0.21737721297520135,21
20260908,tawm_h1,30,recursive,mean_available_candidates,11.476190476190476,21
20260908,tawm_h1,30,recursive,carrier_mse,0.06483579606128477,21
20260908,tawm_h1,30,recursive,history_available_mse,0.005476373049727927,21
20260908,tawm_h1,30,recursive,prior_elapsed_seconds_mse,0.08482585708384077,21
20260908,tawm_h1,30,recursive,availability_bits_mse,0.08827918570217293,21
20260908,tawm_h1,30,recursive,presence_available_values,18.0,21
20260908,tawm_h1,30,recursive,presence_mse,0.07082188789100674,21
20260908,tawm_h1,30,recursive,kind_available_values,36.0,21
20260908,tawm_h1,30,recursive,kind_mse,0.05028144725625859,21
20260908,tawm_h1,30,recursive,position_available_values,14.014652014652013,21
20260908,tawm_h1,30,recursive,position_mse,0.04912655673789199,21
20260908,tawm_h1,30,recursive,motion_available_values,14.014652014652013,21
20260908,tawm_h1,30,recursive,motion_mse,0.01882873980225615,21
20260908,tawm_h1,30,recursive,parsed_pig_count_absolute_error,0.20974968747689762,21
20260908,tawm_h1,30,recursive,parsed_block_count_absolute_error,0.2817447496286643,21
20260908,tawm_h1,60,recursive,mean_available_candidates,11.476190476190476,21
20260908,tawm_h1,60,recursive,carrier_mse,1.228377536419437,21
20260908,tawm_h1,60,recursive,history_available_mse,0.577247974780613,21
20260908,tawm_h1,60,recursive,prior_elapsed_seconds_mse,1.7961337982128718,21
20260908,tawm_h1,60,recursive,availability_bits_mse,1.5045312886171585,21
20260908,tawm_h1,60,recursive,presence_available_values,18.0,21
20260908,tawm_h1,60,recursive,presence_mse,1.3285638506480122,21
20260908,tawm_h1,60,recursive,kind_available_values,36.0,21
20260908,tawm_h1,60,recursive,kind_mse,1.2391229218182362,21
20260908,tawm_h1,60,recursive,position_available_values,13.941391941391942,21
20260908,tawm_h1,60,recursive,position_mse,1.0122708465446244,21
20260908,tawm_h1,60,recursive,motion_available_values,13.912087912087914,21
20260908,tawm_h1,60,recursive,motion_mse,0.3512571462106043,21
20260908,tawm_h1,60,recursive,parsed_pig_count_absolute_error,0.2382555363854377,21
20260908,tawm_h1,60,recursive,parsed_block_count_absolute_error,0.8119184315396486,21
20260908,tawm_h1,150,recursive,mean_available_candidates,11.476190476190476,21
20260908,tawm_h1,150,recursive,carrier_mse,1200.7262531881368,21
20260908,tawm_h1,150,recursive,history_available_mse,1336.6020171932175,21
20260908,tawm_h1,150,recursive,prior_elapsed_seconds_mse,143.30484039725195,21
20260908,tawm_h1,150,recursive,availability_bits_mse,1169.6877618073297,21
20260908,tawm_h1,150,recursive,presence_available_values,18.0,21
20260908,tawm_h1,150,recursive,presence_mse,1199.7216267415852,21
20260908,tawm_h1,150,recursive,kind_available_values,36.0,21
20260908,tawm_h1,150,recursive,kind_mse,1924.0730602890942,21
20260908,tawm_h1,150,recursive,position_available_values,13.834757834757832,21
20260908,tawm_h1,150,recursive,position_mse,1319.2422413616569,21
20260908,tawm_h1,150,recursive,motion_available_values,13.787545787545788,21
20260908,tawm_h1,150,recursive,motion_mse,320.88531390061075,21
20260908,tawm_h1,150,recursive,parsed_pig_count_absolute_error,0.30754273511408303,21
20260908,tawm_h1,150,recursive,parsed_block_count_absolute_error,0.8154727280411184,21
20260908,tawm_h1,225,recursive,mean_available_candidates,11.476190476190476,21
20260908,tawm_h1,225,recursive,carrier_mse,4740.474690226764,21
20260908,tawm_h1,225,recursive,history_available_mse,5683.042047896448,21
20260908,tawm_h1,225,recursive,prior_elapsed_seconds_mse,324.81895126588347,21
20260908,tawm_h1,225,recursive,availability_bits_mse,4629.244608527322,21
20260908,tawm_h1,225,recursive,presence_available_values,18.0,21
20260908,tawm_h1,225,recursive,presence_mse,4343.191240025347,21
20260908,tawm_h1,225,recursive,kind_available_values,36.0,21
20260908,tawm_h1,225,recursive,kind_mse,7230.443900536672,21
20260908,tawm_h1,225,recursive,position_available_values,13.776149776149778,21
20260908,tawm_h1,225,recursive,position_mse,5749.530720120809,21
20260908,tawm_h1,225,recursive,motion_available_values,13.746845746845747,21
20260908,tawm_h1,225,recursive,motion_mse,1311.9643666755787,21
20260908,tawm_h1,225,recursive,parsed_pig_count_absolute_error,0.5224732571336731,21
20260908,tawm_h1,225,recursive,parsed_block_count_absolute_error,0.7187298199760577,21
20260908,tawm_h1,600,recursive,mean_available_candidates,11.476190476190476,21
20260908,tawm_h1,600,recursive,carrier_mse,60378.81496642826,21
20260908,tawm_h1,600,recursive,history_available_mse,70493.85508267005,21
20260908,tawm_h1,600,recursive,prior_elapsed_seconds_mse,2509.1235616137474,21
20260908,tawm_h1,600,recursive,availability_bits_mse,62008.45950306203,21
20260908,tawm_h1,600,recursive,presence_available_values,18.0,21
20260908,tawm_h1,600,recursive,presence_mse,53761.31327519414,21
20260908,tawm_h1,600,recursive,kind_available_values,36.0,21
20260908,tawm_h1,600,recursive,kind_mse,79698.00040887932,21
20260908,tawm_h1,600,recursive,position_available_values,13.383394383394384,21
20260908,tawm_h1,600,recursive,position_mse,83203.625745782,21
20260908,tawm_h1,600,recursive,motion_available_values,13.368742368742367,21
20260908,tawm_h1,600,recursive,motion_mse,16971.36828049157,21
20260908,tawm_h1,600,recursive,parsed_pig_count_absolute_error,0.7743986604070747,21
20260908,tawm_h1,600,recursive,parsed_block_count_absolute_error,0.8677337744058944,21
20260908,tawm_h1,15,local,mean_available_candidates,11.476190476190476,21
20260908,tawm_h1,15,local,carrier_mse,0.0009132328151986831,21
20260908,tawm_h1,15,local,history_available_mse,0.0003288763609038489,21
20260908,tawm_h1,15,local,prior_elapsed_seconds_mse,6.496143249417927e-05,21
20260908,tawm_h1,15,local,availability_bits_mse,0.0012525266767661205,21
20260908,tawm_h1,15,local,presence_available_values,18.0,21
20260908,tawm_h1,15,local,presence_mse,0.00018560115067739873,21
20260908,tawm_h1,15,local,kind_available_values,36.0,21
20260908,tawm_h1,15,local,kind_mse,0.00010544399959383247,21
20260908,tawm_h1,15,local,position_available_values,13.992673992673994,21
20260908,tawm_h1,15,local,position_mse,0.0008807534844954385,21
20260908,tawm_h1,15,local,motion_available_values,13.956043956043956,21
20260908,tawm_h1,15,local,motion_mse,0.004342551297064075,21
20260908,tawm_h1,15,local,parsed_pig_count_absolute_error,0.021981449598507757,21
20260908,tawm_h1,15,local,parsed_block_count_absolute_error,0.029516238171327307,21
20260908,tawm_h1,30,local,mean_available_candidates,11.476190476190476,21
20260908,tawm_h1,30,local,carrier_mse,0.00028551833090761,21
20260908,tawm_h1,30,local,history_available_mse,0.0002855099498457675,21
20260908,tawm_h1,30,local,prior_elapsed_seconds_mse,6.0560331794870925e-05,21
20260908,tawm_h1,30,local,availability_bits_mse,0.00047849437178877776,21
20260908,tawm_h1,30,local,presence_available_values,18.0,21
20260908,tawm_h1,30,local,presence_mse,0.00011707544853861781,21
20260908,tawm_h1,30,local,kind_available_values,36.0,21
20260908,tawm_h1,30,local,kind_mse,5.73494086571324e-05,21
20260908,tawm_h1,30,local,position_available_values,14.014652014652013,21
20260908,tawm_h1,30,local,position_mse,0.0001726498489501268,21
20260908,tawm_h1,30,local,motion_available_values,14.014652014652013,21
20260908,tawm_h1,30,local,motion_mse,0.00044964074562450345,21
20260908,tawm_h1,30,local,parsed_pig_count_absolute_error,0.01776524045774685,21
20260908,tawm_h1,30,local,parsed_block_count_absolute_error,0.028460748417861677,21
20260908,tawm_h1,60,local,mean_available_candidates,11.476190476190476,21
20260908,tawm_h1,60,local,carrier_mse,0.0004084010308156632,21
20260908,tawm_h1,60,local,history_available_mse,0.0002874612589796369,21
20260908,tawm_h1,60,local,prior_elapsed_seconds_mse,5.752862903636377e-05,21
20260908,tawm_h1,60,local,availability_bits_mse,0.0006994718032865285,21
20260908,tawm_h1,60,local,presence_available_values,18.0,21
20260908,tawm_h1,60,local,presence_mse,0.00012476561645332734,21
20260908,tawm_h1,60,local,kind_available_values,36.0,21
20260908,tawm_h1,60,local,kind_mse,5.731263092860093e-05,21
20260908,tawm_h1,60,local,position_available_values,13.941391941391942,21
20260908,tawm_h1,60,local,position_mse,0.00041929855212514993,21
20260908,tawm_h1,60,local,motion_available_values,13.912087912087914,21
20260908,tawm_h1,60,local,motion_mse,0.0006440252416149904,21
20260908,tawm_h1,60,local,parsed_pig_count_absolute_error,0.018285707557828153,21
20260908,tawm_h1,60,local,parsed_block_count_absolute_error,0.029127762731121002,21
20260908,tawm_h1,150,local,mean_available_candidates,11.476190476190476,21
20260908,tawm_h1,150,local,carrier_mse,0.0006469059321720694,21
20260908,tawm_h1,150,local,history_available_mse,0.0002914120951717773,21
20260908,tawm_h1,150,local,prior_elapsed_seconds_mse,6.183339653668324e-05,21
20260908,tawm_h1,150,local,availability_bits_mse,0.0007319801319756684,21
20260908,tawm_h1,150,local,presence_available_values,18.0,21
20260908,tawm_h1,150,local,presence_mse,0.00021306661060306565,21
20260908,tawm_h1,150,local,kind_available_values,36.0,21
20260908,tawm_h1,150,local,kind_mse,6.416740122404715e-05,21
20260908,tawm_h1,150,local,position_available_values,13.834757834757832,21
20260908,tawm_h1,150,local,position_mse,0.0008397379593015844,21
20260908,tawm_h1,150,local,motion_available_values,13.787545787545788,21
20260908,tawm_h1,150,local,motion_mse,0.00466545620409782,21
20260908,tawm_h1,150,local,parsed_pig_count_absolute_error,0.020364568663459367,21
20260908,tawm_h1,150,local,parsed_block_count_absolute_error,0.0320014891057846,21
20260908,tawm_h1,225,local,mean_available_candidates,11.476190476190476,21
20260908,tawm_h1,225,local,carrier_mse,0.0006487918038286701,21
20260908,tawm_h1,225,local,history_available_mse,0.0002745787828962422,21
20260908,tawm_h1,225,local,prior_elapsed_seconds_mse,5.9573506189248646e-05,21
20260908,tawm_h1,225,local,availability_bits_mse,0.0008056817419975483,21
20260908,tawm_h1,225,local,presence_available_values,18.0,21
20260908,tawm_h1,225,local,presence_mse,0.00019367404560200626,21
20260908,tawm_h1,225,local,kind_available_values,36.0,21
20260908,tawm_h1,225,local,kind_mse,0.00018628285039762983,21
20260908,tawm_h1,225,local,position_available_values,13.776149776149778,21
20260908,tawm_h1,225,local,position_mse,0.0005749581102779054,21
20260908,tawm_h1,225,local,motion_available_values,13.746845746845747,21
20260908,tawm_h1,225,local,motion_mse,0.002988825534399352,21
20260908,tawm_h1,225,local,parsed_pig_count_absolute_error,0.018902890254045707,21
20260908,tawm_h1,225,local,parsed_block_count_absolute_error,0.03688666825333838,21
20260908,tawm_h1,600,local,mean_available_candidates,11.476190476190476,21
20260908,tawm_h1,600,local,carrier_mse,0.005815722718458703,21
20260908,tawm_h1,600,local,history_available_mse,0.000331217447938731,21
20260908,tawm_h1,600,local,prior_elapsed_seconds_mse,0.00033904913248258183,21
20260908,tawm_h1,600,local,availability_bits_mse,0.0010950501642760433,21
20260908,tawm_h1,600,local,presence_available_values,18.0,21
20260908,tawm_h1,600,local,presence_mse,0.0009460869147226071,21
20260908,tawm_h1,600,local,kind_available_values,36.0,21
20260908,tawm_h1,600,local,kind_mse,0.0006206389547974928,21
20260908,tawm_h1,600,local,position_available_values,13.383394383394384,21
20260908,tawm_h1,600,local,position_mse,0.0008541691758734205,21
20260908,tawm_h1,600,local,motion_available_values,13.368742368742367,21
20260908,tawm_h1,600,local,motion_mse,0.08559279960006975,21
20260908,tawm_h1,600,local,parsed_pig_count_absolute_error,0.02384252015976243,21
20260908,tawm_h1,600,local,parsed_block_count_absolute_error,0.03743746424284125,21
20260908,tawm_h5,15,recursive,mean_available_candidates,11.476190476190476,21
20260908,tawm_h5,15,recursive,carrier_mse,0.006617077023593018,21
20260908,tawm_h5,15,recursive,history_available_mse,0.008524231509922767,21
20260908,tawm_h5,15,recursive,prior_elapsed_seconds_mse,0.0012861699677437198,21
20260908,tawm_h5,15,recursive,availability_bits_mse,0.012639492073514289,21
20260908,tawm_h5,15,recursive,presence_available_values,18.0,21
20260908,tawm_h5,15,recursive,presence_mse,0.004000832855459963,21
20260908,tawm_h5,15,recursive,kind_available_values,36.0,21
20260908,tawm_h5,15,recursive,kind_mse,0.0009194764384832048,21
20260908,tawm_h5,15,recursive,position_available_values,13.992673992673994,21
20260908,tawm_h5,15,recursive,position_mse,0.01119332698925579,21
20260908,tawm_h5,15,recursive,motion_available_values,13.956043956043956,21
20260908,tawm_h5,15,recursive,motion_mse,0.005419867163690235,21
20260908,tawm_h5,15,recursive,parsed_pig_count_absolute_error,0.11788568444888836,21
20260908,tawm_h5,15,recursive,parsed_block_count_absolute_error,0.09038036967301274,21
20260908,tawm_h5,30,recursive,mean_available_candidates,11.476190476190476,21
20260908,tawm_h5,30,recursive,carrier_mse,0.00824749839547914,21
20260908,tawm_h5,30,recursive,history_available_mse,0.0065335087687006166,21
20260908,tawm_h5,30,recursive,prior_elapsed_seconds_mse,0.0036714522277095374,21
20260908,tawm_h5,30,recursive,availability_bits_mse,0.015488384059370964,21
20260908,tawm_h5,30,recursive,presence_available_values,18.0,21
20260908,tawm_h5,30,recursive,presence_mse,0.006300971749606158,21
20260908,tawm_h5,30,recursive,kind_available_values,36.0,21
20260908,tawm_h5,30,recursive,kind_mse,0.0018780591812899547,21
20260908,tawm_h5,30,recursive,position_available_values,14.014652014652013,21
20260908,tawm_h5,30,recursive,position_mse,0.01086262011137433,21
20260908,tawm_h5,30,recursive,motion_available_values,14.014652014652013,21
20260908,tawm_h5,30,recursive,motion_mse,0.0020588256382013718,21
20260908,tawm_h5,30,recursive,parsed_pig_count_absolute_error,0.14797743390044366,21
20260908,tawm_h5,30,recursive,parsed_block_count_absolute_error,0.12246015849086822,21
20260908,tawm_h5,60,recursive,mean_available_candidates,11.476190476190476,21
20260908,tawm_h5,60,recursive,carrier_mse,0.014407641791382642,21
20260908,tawm_h5,60,recursive,history_available_mse,0.0038462837183682597,21
20260908,tawm_h5,60,recursive,prior_elapsed_seconds_mse,0.010792850371515639,21
20260908,tawm_h5,60,recursive,availability_bits_mse,0.024194908394601727,21
20260908,tawm_h5,60,recursive,presence_available_values,18.0,21
20260908,tawm_h5,60,recursive,presence_mse,0.014111783758338593,21
20260908,tawm_h5,60,recursive,kind_available_values,36.0,21
20260908,tawm_h5,60,recursive,kind_mse,0.0054874736600645495,21
20260908,tawm_h5,60,recursive,position_available_values,13.941391941391942,21
20260908,tawm_h5,60,recursive,position_mse,0.011719946334445782,21
20260908,tawm_h5,60,recursive,motion_available_values,13.912087912087914,21
20260908,tawm_h5,60,recursive,motion_mse,0.0038311057394566275,21
20260908,tawm_h5,60,recursive,parsed_pig_count_absolute_error,0.18240290378549565,21
20260908,tawm_h5,60,recursive,parsed_block_count_absolute_error,0.258565837179476,21
20260908,tawm_h5,150,recursive,mean_available_candidates,11.476190476190476,21
20260908,tawm_h5,150,recursive,carrier_mse,0.07065054408846988,21
20260908,tawm_h5,150,recursive,history_available_mse,0.005609625376803328,21
20260908,tawm_h5,150,recursive,prior_elapsed_seconds_mse,0.07614562423813898,21
20260908,tawm_h5,150,recursive,availability_bits_mse,0.0993166731600685,21
20260908,tawm_h5,150,recursive,presence_available_values,18.0,21
20260908,tawm_h5,150,recursive,presence_mse,0.08513550511058748,21
20260908,tawm_h5,150,recursive,kind_available_values,36.0,21
20260908,tawm_h5,150,recursive,kind_mse,0.04943979577518952,21
20260908,tawm_h5,150,recursive,position_available_values,13.834757834757832,21
20260908,tawm_h5,150,recursive,position_mse,0.050524209870367556,21
20260908,tawm_h5,150,recursive,motion_available_values,13.787545787545788,21
20260908,tawm_h5,150,recursive,motion_mse,0.022255388206675532,21
20260908,tawm_h5,150,recursive,parsed_pig_count_absolute_error,0.20767453801722568,21
20260908,tawm_h5,150,recursive,parsed_block_count_absolute_error,0.4283663233948252,21
20260908,tawm_h5,225,recursive,mean_available_candidates,11.476190476190476,21
20260908,tawm_h5,225,recursive,carrier_mse,0.2838851573322626,21
20260908,tawm_h5,225,recursive,history_available_mse,0.042946351835229074,21
20260908,tawm_h5,225,recursive,prior_elapsed_seconds_mse,0.31424274357839266,21
20260908,tawm_h5,225,recursive,availability_bits_mse,0.3685336025447534,21
20260908,tawm_h5,225,recursive,presence_available_values,18.0,21
20260908,tawm_h5,225,recursive,presence_mse,0.33346522464448447,21
20260908,tawm_h5,225,recursive,kind_available_values,36.0,21
20260908,tawm_h5,225,recursive,kind_mse,0.2586446189335258,21
20260908,tawm_h5,225,recursive,position_available_values,13.776149776149778,21
20260908,tawm_h5,225,recursive,position_mse,0.24148587545317077,21
20260908,tawm_h5,225,recursive,motion_available_values,13.746845746845747,21
20260908,tawm_h5,225,recursive,motion_mse,0.08402239266206431,21
20260908,tawm_h5,225,recursive,parsed_pig_count_absolute_error,0.133529262421469,21
20260908,tawm_h5,225,recursive,parsed_block_count_absolute_error,0.3982954260229107,21
20260908,tawm_h5,600,recursive,mean_available_candidates,11.476190476190476,21
20260908,tawm_h5,600,recursive,carrier_mse,517.2433209400372,21
20260908,tawm_h5,600,recursive,history_available_mse,669.5023822190914,21
20260908,tawm_h5,600,recursive,prior_elapsed_seconds_mse,67.19909302607755,21
20260908,tawm_h5,600,recursive,availability_bits_mse,528.5162388584249,21
20260908,tawm_h5,600,recursive,presence_available_values,18.0,21
20260908,tawm_h5,600,recursive,presence_mse,586.4521398282842,21
20260908,tawm_h5,600,recursive,kind_available_values,36.0,21
20260908,tawm_h5,600,recursive,kind_mse,777.7526657274431,21
20260908,tawm_h5,600,recursive,position_available_values,13.383394383394384,21
20260908,tawm_h5,600,recursive,position_mse,525.0460591445546,21
20260908,tawm_h5,600,recursive,motion_available_values,13.368742368742367,21
20260908,tawm_h5,600,recursive,motion_mse,134.02150752789908,21
20260908,tawm_h5,600,recursive,parsed_pig_count_absolute_error,0.5241169604305794,21
20260908,tawm_h5,600,recursive,parsed_block_count_absolute_error,0.7490583022673686,21
20260908,tawm_h5,15,local,mean_available_candidates,11.476190476190476,21
20260908,tawm_h5,15,local,carrier_mse,0.0025036693784828653,21
20260908,tawm_h5,15,local,history_available_mse,0.0003241329293362702,21
20260908,tawm_h5,15,local,prior_elapsed_seconds_mse,8.925815660739179e-05,21
20260908,tawm_h5,15,local,availability_bits_mse,0.003563864119445064,21
20260908,tawm_h5,15,local,presence_available_values,18.0,21
20260908,tawm_h5,15,local,presence_mse,0.0010222126181756864,21
20260908,tawm_h5,15,local,kind_available_values,36.0,21
20260908,tawm_h5,15,local,kind_mse,0.0002609779598450836,21
20260908,tawm_h5,15,local,position_available_values,13.992673992673994,21
20260908,tawm_h5,15,local,position_mse,0.0027434095970337038,21
20260908,tawm_h5,15,local,motion_available_values,13.956043956043956,21
20260908,tawm_h5,15,local,motion_mse,0.0104522249389102,21
20260908,tawm_h5,15,local,parsed_pig_count_absolute_error,0.034499929436539456,21
20260908,tawm_h5,15,local,parsed_block_count_absolute_error,0.0656313451697084,21
20260908,tawm_h5,30,local,mean_available_candidates,11.476190476190476,21
20260908,tawm_h5,30,local,carrier_mse,0.0004785266186419189,21
20260908,tawm_h5,30,local,history_available_mse,0.0002684364982340058,21
20260908,tawm_h5,30,local,prior_elapsed_seconds_mse,6.944653792121007e-05,21
20260908,tawm_h5,30,local,availability_bits_mse,0.0008506158158947696,21
20260908,tawm_h5,30,local,presence_available_values,18.0,21
20260908,tawm_h5,30,local,presence_mse,0.00016412361627512155,21
20260908,tawm_h5,30,local,kind_available_values,36.0,21
20260908,tawm_h5,30,local,kind_mse,9.906489408073408e-05,21
20260908,tawm_h5,30,local,position_available_values,14.014652014652013,21
20260908,tawm_h5,30,local,position_mse,0.00034339590844679546,21
20260908,tawm_h5,30,local,motion_available_values,14.014652014652013,21
20260908,tawm_h5,30,local,motion_mse,0.0007004563229629346,21
20260908,tawm_h5,30,local,parsed_pig_count_absolute_error,0.01988471428789514,21
20260908,tawm_h5,30,local,parsed_block_count_absolute_error,0.03463150055108458,21
20260908,tawm_h5,60,local,mean_available_candidates,11.476190476190476,21
20260908,tawm_h5,60,local,carrier_mse,0.0004515496668882382,21
20260908,tawm_h5,60,local,history_available_mse,0.000265076369322645,21
20260908,tawm_h5,60,local,prior_elapsed_seconds_mse,7.075960560270303e-05,21
20260908,tawm_h5,60,local,availability_bits_mse,0.0007883746830919875,21
20260908,tawm_h5,60,local,presence_available_values,18.0,21
20260908,tawm_h5,60,local,presence_mse,0.00016989453749658375,21
20260908,tawm_h5,60,local,kind_available_values,36.0,21
20260908,tawm_h5,60,local,kind_mse,9.039549899438702e-05,21
20260908,tawm_h5,60,local,position_available_values,13.941391941391942,21
20260908,tawm_h5,60,local,position_mse,0.00033389370400235385,21
20260908,tawm_h5,60,local,motion_available_values,13.912087912087914,21
20260908,tawm_h5,60,local,motion_mse,0.0007226595795678136,21
20260908,tawm_h5,60,local,parsed_pig_count_absolute_error,0.020215590966211183,21
20260908,tawm_h5,60,local,parsed_block_count_absolute_error,0.041924090512157806,21
20260908,tawm_h5,150,local,mean_available_candidates,11.476190476190476,21
20260908,tawm_h5,150,local,carrier_mse,0.001011663189313833,21
20260908,tawm_h5,150,local,history_available_mse,0.0002964664714931109,21
20260908,tawm_h5,150,local,prior_elapsed_seconds_mse,6.72924358147343e-05,21
20260908,tawm_h5,150,local,availability_bits_mse,0.001490742357746942,21
20260908,tawm_h5,150,local,presence_available_values,18.0,21
20260908,tawm_h5,150,local,presence_mse,0.00039221839602973435,21
20260908,tawm_h5,150,local,kind_available_values,36.0,21
20260908,tawm_h5,150,local,kind_mse,0.00010637917913895438,21
20260908,tawm_h5,150,local,position_available_values,13.834757834757832,21
20260908,tawm_h5,150,local,position_mse,0.001199382160308671,21
20260908,tawm_h5,150,local,motion_available_values,13.787545787545788,21
20260908,tawm_h5,150,local,motion_mse,0.003922113338588392,21
20260908,tawm_h5,150,local,parsed_pig_count_absolute_error,0.022667753898391887,21
20260908,tawm_h5,150,local,parsed_block_count_absolute_error,0.04561451649425006,21
20260908,tawm_h5,225,local,mean_available_candidates,11.476190476190476,21
20260908,tawm_h5,225,local,carrier_mse,0.001060541159698973,21
20260908,tawm_h5,225,local,history_available_mse,0.0002659985481926999,21
20260908,tawm_h5,225,local,prior_elapsed_seconds_mse,6.695477688049115e-05,21
20260908,tawm_h5,225,local,availability_bits_mse,0.001648539549457622,21
20260908,tawm_h5,225,local,presence_available_values,18.0,21
20260908,tawm_h5,225,local,presence_mse,0.0005100517001523231,21
20260908,tawm_h5,225,local,kind_available_values,36.0,21
20260908,tawm_h5,225,local,kind_mse,0.00016430626807117666,21
20260908,tawm_h5,225,local,position_available_values,13.776149776149778,21
20260908,tawm_h5,225,local,position_mse,0.000789056237254939,21
20260908,tawm_h5,225,local,motion_available_values,13.746845746845747,21
20260908,tawm_h5,225,local,motion_mse,0.002923014183473147,21
20260908,tawm_h5,225,local,parsed_pig_count_absolute_error,0.022967853670232085,21
20260908,tawm_h5,225,local,parsed_block_count_absolute_error,0.06172886555659836,21
20260908,tawm_h5,600,local,mean_available_candidates,11.476190476190476,21
20260908,tawm_h5,600,local,carrier_mse,0.006152651893209806,21
20260908,tawm_h5,600,local,history_available_mse,0.00030998389345180847,21
20260908,tawm_h5,600,local,prior_elapsed_seconds_mse,0.00035185778007750044,21
20260908,tawm_h5,600,local,availability_bits_mse,0.0012591535182730862,21
20260908,tawm_h5,600,local,presence_available_values,18.0,21
20260908,tawm_h5,600,local,presence_mse,0.0010326890829443843,21
20260908,tawm_h5,600,local,kind_available_values,36.0,21
20260908,tawm_h5,600,local,kind_mse,0.0006630035992965947,21
20260908,tawm_h5,600,local,position_available_values,13.383394383394384,21
20260908,tawm_h5,600,local,position_mse,0.0009006830316823473,21
20260908,tawm_h5,600,local,motion_available_values,13.368742368742367,21
20260908,tawm_h5,600,local,motion_mse,0.08952756759874349,21
20260908,tawm_h5,600,local,parsed_pig_count_absolute_error,0.025094850817246262,21
20260908,tawm_h5,600,local,parsed_block_count_absolute_error,0.04354556328352219,21
20260908,tawm_h15,15,recursive,mean_available_candidates,11.476190476190476,21
20260908,tawm_h15,15,recursive,carrier_mse,0.006331927969005901,21
20260908,tawm_h15,15,recursive,history_available_mse,0.008828393284893751,21
20260908,tawm_h15,15,recursive,prior_elapsed_seconds_mse,0.00050647408878985,21
20260908,tawm_h15,15,recursive,availability_bits_mse,0.012405753124627363,21
20260908,tawm_h15,15,recursive,presence_available_values,18.0,21
20260908,tawm_h15,15,recursive,presence_mse,0.0031486553786019217,21
20260908,tawm_h15,15,recursive,kind_available_values,36.0,21
20260908,tawm_h15,15,recursive,kind_mse,0.0006191571065392183,21
20260908,tawm_h15,15,recursive,position_available_values,13.992673992673994,21
20260908,tawm_h15,15,recursive,position_mse,0.0122717006301481,21
20260908,tawm_h15,15,recursive,motion_available_values,13.956043956043956,21
20260908,tawm_h15,15,recursive,motion_mse,0.005403958338132206,21
20260908,tawm_h15,15,recursive,parsed_pig_count_absolute_error,0.09298848934946038,21
20260908,tawm_h15,15,recursive,parsed_block_count_absolute_error,0.09460251838102252,21
20260908,tawm_h15,30,recursive,mean_available_candidates,11.476190476190476,21
20260908,tawm_h15,30,recursive,carrier_mse,0.006278550485996502,21
20260908,tawm_h15,30,recursive,history_available_mse,0.008491465455199274,21
20260908,tawm_h15,30,recursive,prior_elapsed_seconds_mse,0.0010497850579041824,21
20260908,tawm_h15,30,recursive,availability_bits_mse,0.012670934550895038,21
20260908,tawm_h15,30,recursive,presence_available_values,18.0,21
20260908,tawm_h15,30,recursive,presence_mse,0.003672473207517659,21
20260908,tawm_h15,30,recursive,kind_available_values,36.0,21
20260908,tawm_h15,30,recursive,kind_mse,0.000714890486345894,21
20260908,tawm_h15,30,recursive,position_available_values,14.014652014652013,21
20260908,tawm_h15,30,recursive,position_mse,0.012000993341860909,21
20260908,tawm_h15,30,recursive,motion_available_values,14.014652014652013,21
20260908,tawm_h15,30,recursive,motion_mse,0.0012389981694627184,21
20260908,tawm_h15,30,recursive,parsed_pig_count_absolute_error,0.10784330102111095,21
20260908,tawm_h15,30,recursive,parsed_block_count_absolute_error,0.08456308456007453,21
20260908,tawm_h15,60,recursive,mean_available_candidates,11.476190476190476,21
20260908,tawm_h15,60,recursive,carrier_mse,0.006862342447868463,21
20260908,tawm_h15,60,recursive,history_available_mse,0.007484278058529324,21
20260908,tawm_h15,60,recursive,prior_elapsed_seconds_mse,0.0024615630663156504,21
20260908,tawm_h15,60,recursive,availability_bits_mse,0.013249353486718593,21
20260908,tawm_h15,60,recursive,presence_available_values,18.0,21
20260908,tawm_h15,60,recursive,presence_mse,0.005239113518463849,21
20260908,tawm_h15,60,recursive,kind_available_values,36.0,21
20260908,tawm_h15,60,recursive,kind_mse,0.0012463960161352666,21
20260908,tawm_h15,60,recursive,position_available_values,13.941391941391942,21
20260908,tawm_h15,60,recursive,position_mse,0.010428206316047746,21
20260908,tawm_h15,60,recursive,motion_available_values,13.912087912087914,21
20260908,tawm_h15,60,recursive,motion_mse,0.001947573162666837,21
20260908,tawm_h15,60,recursive,parsed_pig_count_absolute_error,0.12801133671021292,21
20260908,tawm_h15,60,recursive,parsed_block_count_absolute_error,0.09510546875929785,21
20260908,tawm_h15,150,recursive,mean_available_candidates,11.476190476190476,21
20260908,tawm_h15,150,recursive,carrier_mse,0.014724394340499805,21
20260908,tawm_h15,150,recursive,history_available_mse,0.004350483219521221,21
20260908,tawm_h15,150,recursive,prior_elapsed_seconds_mse,0.008141200777655809,21
20260908,tawm_h15,150,recursive,availability_bits_mse,0.025219611307036083,21
20260908,tawm_h15,150,recursive,presence_available_values,18.0,21
20260908,tawm_h15,150,recursive,presence_mse,0.018043336858232555,21
20260908,tawm_h15,150,recursive,kind_available_values,36.0,21
20260908,tawm_h15,150,recursive,kind_mse,0.004245191321033434,21
20260908,tawm_h15,150,recursive,position_available_values,13.834757834757832,21
20260908,tawm_h15,150,recursive,position_mse,0.014745960545050861,21
20260908,tawm_h15,150,recursive,motion_available_values,13.787545787545788,21
20260908,tawm_h15,150,recursive,motion_mse,0.006443100386615888,21
20260908,tawm_h15,150,recursive,parsed_pig_count_absolute_error,0.18303016579155537,21
20260908,tawm_h15,150,recursive,parsed_block_count_absolute_error,0.17657076531987603,21
20260908,tawm_h15,225,recursive,mean_available_candidates,11.476190476190476,21
20260908,tawm_h15,225,recursive,carrier_mse,0.024879000374701567,21
20260908,tawm_h15,225,recursive,history_available_mse,0.0032617544469789985,21
20260908,tawm_h15,225,recursive,prior_elapsed_seconds_mse,0.01487186199476882,21
20260908,tawm_h15,225,recursive,availability_bits_mse,0.0409025126532773,21
20260908,tawm_h15,225,recursive,presence_available_values,18.0,21
20260908,tawm_h15,225,recursive,presence_mse,0.03613235404592681,21
20260908,tawm_h15,225,recursive,kind_available_values,36.0,21
20260908,tawm_h15,225,recursive,kind_mse,0.008796971017117919,21
20260908,tawm_h15,225,recursive,position_available_values,13.776149776149778,21
20260908,tawm_h15,225,recursive,position_mse,0.020841267515926947,21
20260908,tawm_h15,225,recursive,motion_available_values,13.746845746845747,21
20260908,tawm_h15,225,recursive,motion_mse,0.006723831385575154,21
20260908,tawm_h15,225,recursive,parsed_pig_count_absolute_error,0.21938418963788353,21
20260908,tawm_h15,225,recursive,parsed_block_count_absolute_error,0.2305832388352337,21
20260908,tawm_h15,600,recursive,mean_available_candidates,11.476190476190476,21
20260908,tawm_h15,600,recursive,carrier_mse,0.2566004284798578,21
20260908,tawm_h15,600,recursive,history_available_mse,0.03873421881249596,21
20260908,tawm_h15,600,recursive,prior_elapsed_seconds_mse,0.13212195034262608,21
20260908,tawm_h15,600,recursive,availability_bits_mse,0.30919077351254326,21
20260908,tawm_h15,600,recursive,presence_available_values,18.0,21
20260908,tawm_h15,600,recursive,presence_mse,0.32177598678485575,21
20260908,tawm_h15,600,recursive,kind_available_values,36.0,21
20260908,tawm_h15,600,recursive,kind_mse,0.1843471049444533,21
20260908,tawm_h15,600,recursive,position_available_values,13.383394383394384,21
20260908,tawm_h15,600,recursive,position_mse,0.1941970303366869,21
20260908,tawm_h15,600,recursive,motion_available_values,13.368742368742367,21
20260908,tawm_h15,600,recursive,motion_mse,0.7489244712534722,21
20260908,tawm_h15,600,recursive,parsed_pig_count_absolute_error,0.17828138371575358,21
20260908,tawm_h15,600,recursive,parsed_block_count_absolute_error,0.3053082209071499,21
20260908,tawm_h15,15,local,mean_available_candidates,11.476190476190476,21
20260908,tawm_h15,15,local,carrier_mse,0.006331927969005901,21
20260908,tawm_h15,15,local,history_available_mse,0.008828393284893751,21
20260908,tawm_h15,15,local,prior_elapsed_seconds_mse,0.00050647408878985,21
20260908,tawm_h15,15,local,availability_bits_mse,0.012405753124627363,21
20260908,tawm_h15,15,local,presence_available_values,18.0,21
20260908,tawm_h15,15,local,presence_mse,0.0031486553786019217,21
20260908,tawm_h15,15,local,kind_available_values,36.0,21
20260908,tawm_h15,15,local,kind_mse,0.0006191571065392183,21
20260908,tawm_h15,15,local,position_available_values,13.992673992673994,21
20260908,tawm_h15,15,local,position_mse,0.0122717006301481,21
20260908,tawm_h15,15,local,motion_available_values,13.956043956043956,21
20260908,tawm_h15,15,local,motion_mse,0.005403958338132206,21
20260908,tawm_h15,15,local,parsed_pig_count_absolute_error,0.09298848934946038,21
20260908,tawm_h15,15,local,parsed_block_count_absolute_error,0.09460251838102252,21
20260908,tawm_h15,30,local,mean_available_candidates,11.476190476190476,21
20260908,tawm_h15,30,local,carrier_mse,0.0013121016124747872,21
20260908,tawm_h15,30,local,history_available_mse,0.0002991389886790972,21
20260908,tawm_h15,30,local,prior_elapsed_seconds_mse,8.34888873409803e-05,21
20260908,tawm_h15,30,local,availability_bits_mse,0.0024373623520548564,21
20260908,tawm_h15,30,local,presence_available_values,18.0,21
20260908,tawm_h15,30,local,presence_mse,0.0005141233992215817,21
20260908,tawm_h15,30,local,kind_available_values,36.0,21
20260908,tawm_h15,30,local,kind_mse,0.00013525268958111512,21
20260908,tawm_h15,30,local,position_available_values,14.014652014652013,21
20260908,tawm_h15,30,local,position_mse,0.0019265597925739982,21
20260908,tawm_h15,30,local,motion_available_values,14.014652014652013,21
20260908,tawm_h15,30,local,motion_mse,0.0013508201008507021,21
20260908,tawm_h15,30,local,parsed_pig_count_absolute_error,0.02712452143853728,21
20260908,tawm_h15,30,local,parsed_block_count_absolute_error,0.041336507660419804,21
20260908,tawm_h15,60,local,mean_available_candidates,11.476190476190476,21
20260908,tawm_h15,60,local,carrier_mse,0.0010868772589144866,21
20260908,tawm_h15,60,local,history_available_mse,0.00024910609279504375,21
20260908,tawm_h15,60,local,prior_elapsed_seconds_mse,7.611793265471582e-05,21
20260908,tawm_h15,60,local,availability_bits_mse,0.0019988311585157396,21
20260908,tawm_h15,60,local,presence_available_values,18.0,21
20260908,tawm_h15,60,local,presence_mse,0.0005401780443132582,21
20260908,tawm_h15,60,local,kind_available_values,36.0,21
20260908,tawm_h15,60,local,kind_mse,0.00018804629558238917,21
20260908,tawm_h15,60,local,position_available_values,13.941391941391942,21
20260908,tawm_h15,60,local,position_mse,0.0007929097493209058,21
20260908,tawm_h15,60,local,motion_available_values,13.912087912087914,21
20260908,tawm_h15,60,local,motion_mse,0.0008104678167230345,21
20260908,tawm_h15,60,local,parsed_pig_count_absolute_error,0.024135211499735732,21
20260908,tawm_h15,60,local,parsed_block_count_absolute_error,0.06491021401156075,21
20260908,tawm_h15,150,local,mean_available_candidates,11.476190476190476,21
20260908,tawm_h15,150,local,carrier_mse,0.0016249252312937408,21
20260908,tawm_h15,150,local,history_available_mse,0.00025246343641075494,21
20260908,tawm_h15,150,local,prior_elapsed_seconds_mse,7.671966928159637e-05,21
20260908,tawm_h15,150,local,availability_bits_mse,0.002683242427632119,21
20260908,tawm_h15,150,local,presence_available_values,18.0,21
20260908,tawm_h15,150,local,presence_mse,0.0008537473938923729,21
20260908,tawm_h15,150,local,kind_available_values,36.0,21
20260908,tawm_h15,150,local,kind_mse,0.0001531482144128272,21
20260908,tawm_h15,150,local,position_available_values,13.834757834757832,21
20260908,tawm_h15,150,local,position_mse,0.0015528412314589385,21
20260908,tawm_h15,150,local,motion_available_values,13.787545787545788,21
20260908,tawm_h15,150,local,motion_mse,0.004549317256687956,21
20260908,tawm_h15,150,local,parsed_pig_count_absolute_error,0.02688049265446534,21
20260908,tawm_h15,150,local,parsed_block_count_absolute_error,0.056174331729674176,21
20260908,tawm_h15,225,local,mean_available_candidates,11.476190476190476,21
20260908,tawm_h15,225,local,carrier_mse,0.002434652314256132,21
20260908,tawm_h15,225,local,history_available_mse,0.00025716722087539164,21
20260908,tawm_h15,225,local,prior_elapsed_seconds_mse,8.254531119387925e-05,21
20260908,tawm_h15,225,local,availability_bits_mse,0.0041861026485714,21
20260908,tawm_h15,225,local,presence_available_values,18.0,21
20260908,tawm_h15,225,local,presence_mse,0.0015958876742751097,21
20260908,tawm_h15,225,local,kind_available_values,36.0,21
20260908,tawm_h15,225,local,kind_mse,0.00040138169130630265,21
20260908,tawm_h15,225,local,position_available_values,13.776149776149778,21
20260908,tawm_h15,225,local,position_mse,0.0017799225835820054,21
20260908,tawm_h15,225,local,motion_available_values,13.746845746845747,21
20260908,tawm_h15,225,local,motion_mse,0.0034165275510075525,21
20260908,tawm_h15,225,local,parsed_pig_count_absolute_error,0.036485699935817156,21
20260908,tawm_h15,225,local,parsed_block_count_absolute_error,0.09211661982413698,21
20260908,tawm_h15,600,local,mean_available_candidates,11.476190476190476,21
20260908,tawm_h15,600,local,carrier_mse,0.006964342504237215,21
20260908,tawm_h15,600,local,history_available_mse,0.0003009522621105296,21
20260908,tawm_h15,600,local,prior_elapsed_seconds_mse,0.00036422934161632647,21
20260908,tawm_h15,600,local,availability_bits_mse,0.0017468714306784956,21
20260908,tawm_h15,600,local,presence_available_values,18.0,21
20260908,tawm_h15,600,local,presence_mse,0.00135122291245652,21
20260908,tawm_h15,600,local,kind_available_values,36.0,21
20260908,tawm_h15,600,local,kind_mse,0.0007523174355322544,21
20260908,tawm_h15,600,local,position_available_values,13.383394383394384,21
20260908,tawm_h15,600,local,position_mse,0.0012228588886195114,21
20260908,tawm_h15,600,local,motion_available_values,13.368742368742367,21
20260908,tawm_h15,600,local,motion_mse,0.0980657489805025,21
20260908,tawm_h15,600,local,parsed_pig_count_absolute_error,0.0275047226889358,21
20260908,tawm_h15,600,local,parsed_block_count_absolute_error,0.04187277034291699,21
20260908,vlwm_h1,15,recursive,mean_available_candidates,11.476190476190476,21
20260908,vlwm_h1,15,recursive,carrier_mse,0.07101135601537296,21
20260908,vlwm_h1,15,recursive,history_available_mse,0.030284754569736567,21
20260908,vlwm_h1,15,recursive,prior_elapsed_seconds_mse,0.13683600203171783,21
20260908,vlwm_h1,15,recursive,availability_bits_mse,0.07928893088779067,21
20260908,vlwm_h1,15,recursive,presence_available_values,18.0,21
20260908,vlwm_h1,15,recursive,presence_mse,0.0630000106047092,21
20260908,vlwm_h1,15,recursive,kind_available_values,36.0,21
20260908,vlwm_h1,15,recursive,kind_mse,0.0771424291471686,21
20260908,vlwm_h1,15,recursive,position_available_values,13.992673992673994,21
20260908,vlwm_h1,15,recursive,position_mse,0.06083623411428648,21
20260908,vlwm_h1,15,recursive,motion_available_values,13.956043956043956,21
20260908,vlwm_h1,15,recursive,motion_mse,0.010444501485133206,21
20260908,vlwm_h1,15,recursive,parsed_pig_count_absolute_error,0.18058437613114475,21
20260908,vlwm_h1,15,recursive,parsed_block_count_absolute_error,0.2686530029775477,21
20260908,vlwm_h1,30,recursive,mean_available_candidates,11.476190476190476,21
20260908,vlwm_h1,30,recursive,carrier_mse,5.244319052538456,21
20260908,vlwm_h1,30,recursive,history_available_mse,10.244635012875642,21
20260908,vlwm_h1,30,recursive,prior_elapsed_seconds_mse,6.256369549708445,21
20260908,vlwm_h1,30,recursive,availability_bits_mse,5.786770464220406,21
20260908,vlwm_h1,30,recursive,presence_available_values,18.0,21
20260908,vlwm_h1,30,recursive,presence_mse,5.4171354058164685,21
20260908,vlwm_h1,30,recursive,kind_available_values,36.0,21
20260908,vlwm_h1,30,recursive,kind_mse,5.46181892617502,21
20260908,vlwm_h1,30,recursive,position_available_values,14.014652014652013,21
20260908,vlwm_h1,30,recursive,position_mse,5.343658372732802,21
20260908,vlwm_h1,30,recursive,motion_available_values,14.014652014652013,21
20260908,vlwm_h1,30,recursive,motion_mse,0.5043980395829036,21
20260908,vlwm_h1,30,recursive,parsed_pig_count_absolute_error,0.1879793896733734,21
20260908,vlwm_h1,30,recursive,parsed_block_count_absolute_error,1.6740674916131737,21
20260908,vlwm_h1,60,recursive,mean_available_candidates,11.476190476190476,21
20260908,vlwm_h1,60,recursive,carrier_mse,251.78756766203358,21
20260908,vlwm_h1,60,recursive,history_available_mse,232.0964837434902,21
20260908,vlwm_h1,60,recursive,prior_elapsed_seconds_mse,80.16927311899789,21
20260908,vlwm_h1,60,recursive,availability_bits_mse,265.7874619199578,21
20260908,vlwm_h1,60,recursive,presence_available_values,18.0,21
20260908,vlwm_h1,60,recursive,presence_mse,203.4093917693962,21
20260908,vlwm_h1,60,recursive,kind_available_values,36.0,21
20260908,vlwm_h1,60,recursive,kind_mse,241.72528680903082,21
20260908,vlwm_h1,60,recursive,position_available_values,13.941391941391942,21
20260908,vlwm_h1,60,recursive,position_mse,399.9650721146845,21
20260908,vlwm_h1,60,recursive,motion_available_values,13.912087912087914,21
20260908,vlwm_h1,60,recursive,motion_mse,31.822848071276418,21
20260908,vlwm_h1,60,recursive,parsed_pig_count_absolute_error,0.08077080512234162,21
20260908,vlwm_h1,60,recursive,parsed_block_count_absolute_error,0.6557147900263468,21
20260908,vlwm_h1,150,recursive,mean_available_candidates,11.476190476190476,21
20260908,vlwm_h1,150,recursive,carrier_mse,3571.3415008250213,21
20260908,vlwm_h1,150,recursive,history_available_mse,2173.954546285036,21
20260908,vlwm_h1,150,recursive,prior_elapsed_seconds_mse,3605.424889981855,21
20260908,vlwm_h1,150,recursive,availability_bits_mse,3593.858976904082,21
20260908,vlwm_h1,150,recursive,presence_available_values,18.0,21
20260908,vlwm_h1,150,recursive,presence_mse,2603.79416269788,21
20260908,vlwm_h1,150,recursive,kind_available_values,36.0,21
20260908,vlwm_h1,150,recursive,kind_mse,4020.0645928845997,21
20260908,vlwm_h1,150,recursive,position_available_values,13.834757834757832,21
20260908,vlwm_h1,150,recursive,position_mse,5915.413792375341,21
20260908,vlwm_h1,150,recursive,motion_available_values,13.787545787545788,21
20260908,vlwm_h1,150,recursive,motion_mse,378.1835229807108,21
20260908,vlwm_h1,150,recursive,parsed_pig_count_absolute_error,0.12972175849747525,21
20260908,vlwm_h1,150,recursive,parsed_block_count_absolute_error,0.8442251773054691,21
20260908,vlwm_h1,225,recursive,mean_available_candidates,11.476190476190476,21
20260908,vlwm_h1,225,recursive,carrier_mse,9392.336339767002,21
20260908,vlwm_h1,225,recursive,history_available_mse,4712.028038977906,21
20260908,vlwm_h1,225,recursive,prior_elapsed_seconds_mse,9467.78634985214,21
20260908,vlwm_h1,225,recursive,availability_bits_mse,9551.138349940353,21
20260908,vlwm_h1,225,recursive,presence_available_values,18.0,21
20260908,vlwm_h1,225,recursive,presence_mse,6637.964151516885,21
20260908,vlwm_h1,225,recursive,kind_available_values,36.0,21
20260908,vlwm_h1,225,recursive,kind_mse,11082.449894515568,21
20260908,vlwm_h1,225,recursive,position_available_values,13.776149776149778,21
20260908,vlwm_h1,225,recursive,position_mse,15683.30557061392,21
20260908,vlwm_h1,225,recursive,motion_available_values,13.746845746845747,21
20260908,vlwm_h1,225,recursive,motion_mse,832.0542806362204,21
20260908,vlwm_h1,225,recursive,parsed_pig_count_absolute_error,0.22472473856553218,21
20260908,vlwm_h1,225,recursive,parsed_block_count_absolute_error,1.0034768476888731,21
20260908,vlwm_h1,600,recursive,mean_available_candidates,11.476190476190476,21
20260908,vlwm_h1,600,recursive,carrier_mse,82607.04237031778,21
20260908,vlwm_h1,600,recursive,history_available_mse,16198.344173137162,21
20260908,vlwm_h1,600,recursive,prior_elapsed_seconds_mse,48824.48719581471,21
20260908,vlwm_h1,600,recursive,availability_bits_mse,90503.74206060142,21
20260908,vlwm_h1,600,recursive,presence_available_values,18.0,21
20260908,vlwm_h1,600,recursive,presence_mse,54069.6297558778,21
20260908,vlwm_h1,600,recursive,kind_available_values,36.0,21
20260908,vlwm_h1,600,recursive,kind_mse,99102.73277301404,21
20260908,vlwm_h1,600,recursive,position_available_values,13.383394383394384,21
20260908,vlwm_h1,600,recursive,position_mse,142539.8767384959,21
20260908,vlwm_h1,600,recursive,motion_available_values,13.368742368742367,21
20260908,vlwm_h1,600,recursive,motion_mse,5468.293878428339,21
20260908,vlwm_h1,600,recursive,parsed_pig_count_absolute_error,0.39739617126382776,21
20260908,vlwm_h1,600,recursive,parsed_block_count_absolute_error,0.5984768953855125,21
20260908,vlwm_h1,15,local,mean_available_candidates,11.476190476190476,21
20260908,vlwm_h1,15,local,carrier_mse,0.0008671721925089923,21
20260908,vlwm_h1,15,local,history_available_mse,0.00019062503427479935,21
20260908,vlwm_h1,15,local,prior_elapsed_seconds_mse,2.817193373840267e-05,21
20260908,vlwm_h1,15,local,availability_bits_mse,0.0011581544975222356,21
20260908,vlwm_h1,15,local,presence_available_values,18.0,21
20260908,vlwm_h1,15,local,presence_mse,0.00018545496180252024,21
20260908,vlwm_h1,15,local,kind_available_values,36.0,21
20260908,vlwm_h1,15,local,kind_mse,0.0001496029091481852,21
20260908,vlwm_h1,15,local,position_available_values,13.992673992673994,21
20260908,vlwm_h1,15,local,position_mse,0.0008534334751592384,21
20260908,vlwm_h1,15,local,motion_available_values,13.956043956043956,21
20260908,vlwm_h1,15,local,motion_mse,0.0040716312776611285,21
20260908,vlwm_h1,15,local,parsed_pig_count_absolute_error,0.01677754489609102,21
20260908,vlwm_h1,15,local,parsed_block_count_absolute_error,0.017013045833709523,21
20260908,vlwm_h1,30,local,mean_available_candidates,11.476190476190476,21
20260908,vlwm_h1,30,local,carrier_mse,0.00026091825550209595,21
20260908,vlwm_h1,30,local,history_available_mse,0.0001422001514923163,21
20260908,vlwm_h1,30,local,prior_elapsed_seconds_mse,2.6914194947242014e-05,21
20260908,vlwm_h1,30,local,availability_bits_mse,0.000393267709626572,21
20260908,vlwm_h1,30,local,presence_available_values,18.0,21
20260908,vlwm_h1,30,local,presence_mse,0.00013241831734636948,21
20260908,vlwm_h1,30,local,kind_available_values,36.0,21
20260908,vlwm_h1,30,local,kind_mse,9.939515233496037e-05,21
20260908,vlwm_h1,30,local,position_available_values,14.014652014652013,21
20260908,vlwm_h1,30,local,position_mse,0.00012180868936392594,21
20260908,vlwm_h1,30,local,motion_available_values,14.014652014652013,21
20260908,vlwm_h1,30,local,motion_mse,0.0004513359776894173,21
20260908,vlwm_h1,30,local,parsed_pig_count_absolute_error,0.013171041557667951,21
20260908,vlwm_h1,30,local,parsed_block_count_absolute_error,0.00952161350406208,21
20260908,vlwm_h1,60,local,mean_available_candidates,11.476190476190476,21
20260908,vlwm_h1,60,local,carrier_mse,0.00038712935416563627,21
20260908,vlwm_h1,60,local,history_available_mse,0.00014904440230434834,21
20260908,vlwm_h1,60,local,prior_elapsed_seconds_mse,2.736862866208408e-05,21
20260908,vlwm_h1,60,local,availability_bits_mse,0.0006200598501430206,21
20260908,vlwm_h1,60,local,presence_available_values,18.0,21
20260908,vlwm_h1,60,local,presence_mse,0.00014453374919322216,21
20260908,vlwm_h1,60,local,kind_available_values,36.0,21
20260908,vlwm_h1,60,local,kind_mse,0.00010067964497429452,21
20260908,vlwm_h1,60,local,position_available_values,13.941391941391942,21
20260908,vlwm_h1,60,local,position_mse,0.00037106114659686253,21
20260908,vlwm_h1,60,local,motion_available_values,13.912087912087914,21
20260908,vlwm_h1,60,local,motion_mse,0.0006511891096240595,21
20260908,vlwm_h1,60,local,parsed_pig_count_absolute_error,0.014166711834909397,21
20260908,vlwm_h1,60,local,parsed_block_count_absolute_error,0.01058881531550537,21
20260908,vlwm_h1,150,local,mean_available_candidates,11.476190476190476,21
20260908,vlwm_h1,150,local,carrier_mse,0.0005867214149488118,21
20260908,vlwm_h1,150,local,history_available_mse,0.00014736416114758552,21
20260908,vlwm_h1,150,local,prior_elapsed_seconds_mse,2.784495099897025e-05,21
20260908,vlwm_h1,150,local,availability_bits_mse,0.0006509591991605673,21
20260908,vlwm_h1,150,local,presence_available_values,18.0,21
20260908,vlwm_h1,150,local,presence_mse,0.0002298775363371898,21
20260908,vlwm_h1,150,local,kind_available_values,36.0,21
20260908,vlwm_h1,150,local,kind_mse,0.00010637114439045229,21
20260908,vlwm_h1,150,local,position_available_values,13.834757834757832,21
20260908,vlwm_h1,150,local,position_mse,0.0007796430372743478,21
20260908,vlwm_h1,150,local,motion_available_values,13.787545787545788,21
20260908,vlwm_h1,150,local,motion_mse,0.0037226547122875438,21
20260908,vlwm_h1,150,local,parsed_pig_count_absolute_error,0.0157238412856227,21
20260908,vlwm_h1,150,local,parsed_block_count_absolute_error,0.014364692447814223,21
20260908,vlwm_h1,225,local,mean_available_candidates,11.476190476190476,21
20260908,vlwm_h1,225,local,carrier_mse,0.0005860634805877193,21
20260908,vlwm_h1,225,local,history_available_mse,0.00014015171304328618,21
20260908,vlwm_h1,225,local,prior_elapsed_seconds_mse,2.6694527227104353e-05,21
20260908,vlwm_h1,225,local,availability_bits_mse,0.0007323652320191399,21
20260908,vlwm_h1,225,local,presence_available_values,18.0,21
20260908,vlwm_h1,225,local,presence_mse,0.00020865863728814835,21
20260908,vlwm_h1,225,local,kind_available_values,36.0,21
20260908,vlwm_h1,225,local,kind_mse,0.00022911855711782634,21
20260908,vlwm_h1,225,local,position_available_values,13.776149776149778,21
20260908,vlwm_h1,225,local,position_mse,0.0005235464367904314,21
20260908,vlwm_h1,225,local,motion_available_values,13.746845746845747,21
20260908,vlwm_h1,225,local,motion_mse,0.0023697966445997247,21
20260908,vlwm_h1,225,local,parsed_pig_count_absolute_error,0.014506367516774235,21
20260908,vlwm_h1,225,local,parsed_block_count_absolute_error,0.02482907946156437,21
20260908,vlwm_h1,600,local,mean_available_candidates,11.476190476190476,21
20260908,vlwm_h1,600,local,carrier_mse,0.008284355426571457,21
20260908,vlwm_h1,600,local,history_available_mse,0.0008666386977858879,21
20260908,vlwm_h1,600,local,prior_elapsed_seconds_mse,0.00015882359328606464,21
20260908,vlwm_h1,600,local,availability_bits_mse,0.0007110553770145006,21
20260908,vlwm_h1,600,local,presence_available_values,18.0,21
20260908,vlwm_h1,600,local,presence_mse,0.0006997796590941381,21
20260908,vlwm_h1,600,local,kind_available_values,36.0,21
20260908,vlwm_h1,600,local,kind_mse,0.00042376976332453184,21
20260908,vlwm_h1,600,local,position_available_values,13.383394383394384,21
20260908,vlwm_h1,600,local,position_mse,0.0004723066387606898,21
20260908,vlwm_h1,600,local,motion_available_values,13.368742368742367,21
20260908,vlwm_h1,600,local,motion_mse,0.1399660404265333,21
20260908,vlwm_h1,600,local,parsed_pig_count_absolute_error,0.015447068120433107,21
20260908,vlwm_h1,600,local,parsed_block_count_absolute_error,0.01760577301265935,21
20260908,vlwm_h5,15,recursive,mean_available_candidates,11.476190476190476,21
20260908,vlwm_h5,15,recursive,carrier_mse,0.007582349729750011,21
20260908,vlwm_h5,15,recursive,history_available_mse,0.010432098747506653,21
20260908,vlwm_h5,15,recursive,prior_elapsed_seconds_mse,0.0013357776432645903,21
20260908,vlwm_h5,15,recursive,availability_bits_mse,0.013597064271347976,21
20260908,vlwm_h5,15,recursive,presence_available_values,18.0,21
20260908,vlwm_h5,15,recursive,presence_mse,0.005689464989440298,21
20260908,vlwm_h5,15,recursive,kind_available_values,36.0,21
20260908,vlwm_h5,15,recursive,kind_mse,0.0021840995113769834,21
20260908,vlwm_h5,15,recursive,position_available_values,13.992673992673994,21
20260908,vlwm_h5,15,recursive,position_mse,0.012531067997347897,21
20260908,vlwm_h5,15,recursive,motion_available_values,13.956043956043956,21
20260908,vlwm_h5,15,recursive,motion_mse,0.004672108988569948,21
20260908,vlwm_h5,15,recursive,parsed_pig_count_absolute_error,0.12649512828280196,21
20260908,vlwm_h5,15,recursive,parsed_block_count_absolute_error,0.09750222776606296,21
20260908,vlwm_h5,30,recursive,mean_available_candidates,11.476190476190476,21
20260908,vlwm_h5,30,recursive,carrier_mse,0.011505870027381805,21
20260908,vlwm_h5,30,recursive,history_available_mse,0.005793698984666105,21
20260908,vlwm_h5,30,recursive,prior_elapsed_seconds_mse,0.006396659929954015,21
20260908,vlwm_h5,30,recursive,availability_bits_mse,0.018120115549665684,21
20260908,vlwm_h5,30,recursive,presence_available_values,18.0,21
20260908,vlwm_h5,30,recursive,presence_mse,0.011281719115227726,21
20260908,vlwm_h5,30,recursive,kind_available_values,36.0,21
20260908,vlwm_h5,30,recursive,kind_mse,0.006451715450037589,21
20260908,vlwm_h5,30,recursive,position_available_values,14.014652014652013,21
20260908,vlwm_h5,30,recursive,position_mse,0.01564571361852872,21
20260908,vlwm_h5,30,recursive,motion_available_values,14.014652014652013,21
20260908,vlwm_h5,30,recursive,motion_mse,0.0011009529340692175,21
20260908,vlwm_h5,30,recursive,parsed_pig_count_absolute_error,0.16067817501374212,21
20260908,vlwm_h5,30,recursive,parsed_block_count_absolute_error,0.12084340940359124,21
20260908,vlwm_h5,60,recursive,mean_available_candidates,11.476190476190476,21
20260908,vlwm_h5,60,recursive,carrier_mse,0.036778236222004934,21
20260908,vlwm_h5,60,recursive,history_available_mse,0.008291513894482069,21
20260908,vlwm_h5,60,recursive,prior_elapsed_seconds_mse,0.057219188600321234,21
20260908,vlwm_h5,60,recursive,availability_bits_mse,0.04475528817175819,21
20260908,vlwm_h5,60,recursive,presence_available_values,18.0,21
20260908,vlwm_h5,60,recursive,presence_mse,0.03556661722265273,21
20260908,vlwm_h5,60,recursive,kind_available_values,36.0,21
20260908,vlwm_h5,60,recursive,kind_mse,0.03572901340147948,21
20260908,vlwm_h5,60,recursive,position_available_values,13.941391941391942,21
20260908,vlwm_h5,60,recursive,position_mse,0.03340819121691322,21
20260908,vlwm_h5,60,recursive,motion_available_values,13.912087912087914,21
20260908,vlwm_h5,60,recursive,motion_mse,0.003742343936050617,21
20260908,vlwm_h5,60,recursive,parsed_pig_count_absolute_error,0.181441593118257,21
20260908,vlwm_h5,60,recursive,parsed_block_count_absolute_error,0.19513469011734996,21
20260908,vlwm_h5,150,recursive,mean_available_candidates,11.476190476190476,21
20260908,vlwm_h5,150,recursive,carrier_mse,5.54529955139055,21
20260908,vlwm_h5,150,recursive,history_available_mse,10.781529727008405,21
20260908,vlwm_h5,150,recursive,prior_elapsed_seconds_mse,5.944890777633885,21
20260908,vlwm_h5,150,recursive,availability_bits_mse,6.1523666380656055,21
20260908,vlwm_h5,150,recursive,presence_available_values,18.0,21
20260908,vlwm_h5,150,recursive,presence_mse,5.746029717144949,21
20260908,vlwm_h5,150,recursive,kind_available_values,36.0,21
20260908,vlwm_h5,150,recursive,kind_mse,5.744351041190399,21
20260908,vlwm_h5,150,recursive,position_available_values,13.834757834757832,21
20260908,vlwm_h5,150,recursive,position_mse,5.619359635861718,21
20260908,vlwm_h5,150,recursive,motion_available_values,13.787545787545788,21
20260908,vlwm_h5,150,recursive,motion_mse,0.5396136980506968,21
20260908,vlwm_h5,150,recursive,parsed_pig_count_absolute_error,0.17261109184917586,21
20260908,vlwm_h5,150,recursive,parsed_block_count_absolute_error,1.703674728176052,21
20260908,vlwm_h5,225,recursive,mean_available_candidates,11.476190476190476,21
20260908,vlwm_h5,225,recursive,carrier_mse,77.74395955398,21
20260908,vlwm_h5,225,recursive,history_available_mse,95.92842647730015,21
20260908,vlwm_h5,225,recursive,prior_elapsed_seconds_mse,12.057632953136332,21
20260908,vlwm_h5,225,recursive,availability_bits_mse,84.64980738404792,21
20260908,vlwm_h5,225,recursive,presence_available_values,18.0,21
20260908,vlwm_h5,225,recursive,presence_mse,68.28620851427593,21
20260908,vlwm_h5,225,recursive,kind_available_values,36.0,21
20260908,vlwm_h5,225,recursive,kind_mse,74.39140485153173,21
20260908,vlwm_h5,225,recursive,position_available_values,13.776149776149778,21
20260908,vlwm_h5,225,recursive,position_mse,113.2899013167415,21
20260908,vlwm_h5,225,recursive,motion_available_values,13.746845746845747,21
20260908,vlwm_h5,225,recursive,motion_mse,9.115452003606034,21
20260908,vlwm_h5,225,recursive,parsed_pig_count_absolute_error,0.13383048555076002,21
20260908,vlwm_h5,225,recursive,parsed_block_count_absolute_error,0.9727584573761379,21
20260908,vlwm_h5,600,recursive,mean_available_candidates,11.476190476190476,21
20260908,vlwm_h5,600,recursive,carrier_mse,2047.2910022456836,21
20260908,vlwm_h5,600,recursive,history_available_mse,1298.2945350295242,21
20260908,vlwm_h5,600,recursive,prior_elapsed_seconds_mse,2067.58682086594,21
20260908,vlwm_h5,600,recursive,availability_bits_mse,2066.6554048176667,21
20260908,vlwm_h5,600,recursive,presence_available_values,18.0,21
20260908,vlwm_h5,600,recursive,presence_mse,1510.3093116137245,21
20260908,vlwm_h5,600,recursive,kind_available_values,36.0,21
20260908,vlwm_h5,600,recursive,kind_mse,2251.320864772525,21
20260908,vlwm_h5,600,recursive,position_available_values,13.383394383394384,21
20260908,vlwm_h5,600,recursive,position_mse,3377.758090948765,21
20260908,vlwm_h5,600,recursive,motion_available_values,13.368742368742367,21
20260908,vlwm_h5,600,recursive,motion_mse,237.04165894256454,21
20260908,vlwm_h5,600,recursive,parsed_pig_count_absolute_error,0.15129818807636522,21
20260908,vlwm_h5,600,recursive,parsed_block_count_absolute_error,0.8288192224497269,21
20260908,vlwm_h5,15,local,mean_available_candidates,11.476190476190476,21
20260908,vlwm_h5,15,local,carrier_mse,0.0021274506881885915,21
20260908,vlwm_h5,15,local,history_available_mse,0.00021768586574227853,21
20260908,vlwm_h5,15,local,prior_elapsed_seconds_mse,3.657756669938039e-05,21
20260908,vlwm_h5,15,local,availability_bits_mse,0.003448031160321514,21
20260908,vlwm_h5,15,local,presence_available_values,18.0,21
20260908,vlwm_h5,15,local,presence_mse,0.00098725121761987,21
20260908,vlwm_h5,15,local,kind_available_values,36.0,21
20260908,vlwm_h5,15,local,kind_mse,0.0002930663605644687,21
20260908,vlwm_h5,15,local,position_available_values,13.992673992673994,21
20260908,vlwm_h5,15,local,position_mse,0.0027095572413468588,21
20260908,vlwm_h5,15,local,motion_available_values,13.956043956043956,21
20260908,vlwm_h5,15,local,motion_mse,0.004784385028083353,21
20260908,vlwm_h5,15,local,parsed_pig_count_absolute_error,0.03102312521179863,21
20260908,vlwm_h5,15,local,parsed_block_count_absolute_error,0.057446400502036206,21
20260908,vlwm_h5,30,local,mean_available_candidates,11.476190476190476,21
20260908,vlwm_h5,30,local,carrier_mse,0.00042181057923692476,21
20260908,vlwm_h5,30,local,history_available_mse,0.00013824544149985545,21
20260908,vlwm_h5,30,local,prior_elapsed_seconds_mse,2.987974083332522e-05,21
20260908,vlwm_h5,30,local,availability_bits_mse,0.0007289166978832336,21
20260908,vlwm_h5,30,local,presence_available_values,18.0,21
20260908,vlwm_h5,30,local,presence_mse,0.00016148313760472183,21
20260908,vlwm_h5,30,local,kind_available_values,36.0,21
20260908,vlwm_h5,30,local,kind_mse,0.00013930799499060624,21
20260908,vlwm_h5,30,local,position_available_values,14.014652014652013,21
20260908,vlwm_h5,30,local,position_mse,0.00027732750111385864,21
20260908,vlwm_h5,30,local,motion_available_values,14.014652014652013,21
20260908,vlwm_h5,30,local,motion_mse,0.0004841841274799791,21
20260908,vlwm_h5,30,local,parsed_pig_count_absolute_error,0.014874828171964857,21
20260908,vlwm_h5,30,local,parsed_block_count_absolute_error,0.013149641985439296,21
20260908,vlwm_h5,60,local,mean_available_candidates,11.476190476190476,21
20260908,vlwm_h5,60,local,carrier_mse,0.0004019499378332461,21
20260908,vlwm_h5,60,local,history_available_mse,0.00013814997514821926,21
20260908,vlwm_h5,60,local,prior_elapsed_seconds_mse,3.091783032633112e-05,21
20260908,vlwm_h5,60,local,availability_bits_mse,0.0006660159600357078,21
20260908,vlwm_h5,60,local,presence_available_values,18.0,21
20260908,vlwm_h5,60,local,presence_mse,0.00016069792781809905,21
20260908,vlwm_h5,60,local,kind_available_values,36.0,21
20260908,vlwm_h5,60,local,kind_mse,0.00013065969114292754,21
20260908,vlwm_h5,60,local,position_available_values,13.941391941391942,21
20260908,vlwm_h5,60,local,position_mse,0.0002674122856912568,21
20260908,vlwm_h5,60,local,motion_available_values,13.912087912087914,21
20260908,vlwm_h5,60,local,motion_mse,0.0006529728735112395,21
20260908,vlwm_h5,60,local,parsed_pig_count_absolute_error,0.014137971645239241,21
20260908,vlwm_h5,60,local,parsed_block_count_absolute_error,0.015475463255416735,21
20260908,vlwm_h5,150,local,mean_available_candidates,11.476190476190476,21
20260908,vlwm_h5,150,local,carrier_mse,0.0009548711673887588,21
20260908,vlwm_h5,150,local,history_available_mse,0.00014719026415006944,21
20260908,vlwm_h5,150,local,prior_elapsed_seconds_mse,3.09869135874299e-05,21
20260908,vlwm_h5,150,local,availability_bits_mse,0.0013809224094444054,21
20260908,vlwm_h5,150,local,presence_available_values,18.0,21
20260908,vlwm_h5,150,local,presence_mse,0.0003857899753262425,21
20260908,vlwm_h5,150,local,kind_available_values,36.0,21
20260908,vlwm_h5,150,local,kind_mse,0.00015151082190320486,21
20260908,vlwm_h5,150,local,position_available_values,13.834757834757832,21
20260908,vlwm_h5,150,local,position_mse,0.0011276402117885165,21
20260908,vlwm_h5,150,local,motion_available_values,13.787545787545788,21
20260908,vlwm_h5,150,local,motion_mse,0.003738289138525655,21
20260908,vlwm_h5,150,local,parsed_pig_count_absolute_error,0.0172744214861913,21
20260908,vlwm_h5,150,local,parsed_block_count_absolute_error,0.029762393459564673,21
20260908,vlwm_h5,225,local,mean_available_candidates,11.476190476190476,21
20260908,vlwm_h5,225,local,carrier_mse,0.0009953382164278833,21
20260908,vlwm_h5,225,local,history_available_mse,0.00013986316526009556,21
20260908,vlwm_h5,225,local,prior_elapsed_seconds_mse,2.951540240862378e-05,21
20260908,vlwm_h5,225,local,availability_bits_mse,0.001562568826708079,21
20260908,vlwm_h5,225,local,presence_available_values,18.0,21
20260908,vlwm_h5,225,local,presence_mse,0.0005072884789693719,21
20260908,vlwm_h5,225,local,kind_available_values,36.0,21
20260908,vlwm_h5,225,local,kind_mse,0.000203928459180208,21
20260908,vlwm_h5,225,local,position_available_values,13.776149776149778,21
20260908,vlwm_h5,225,local,position_mse,0.0007324975094620404,21
20260908,vlwm_h5,225,local,motion_available_values,13.746845746845747,21
20260908,vlwm_h5,225,local,motion_mse,0.0023858265069883217,21
20260908,vlwm_h5,225,local,parsed_pig_count_absolute_error,0.018744796653139544,21
20260908,vlwm_h5,225,local,parsed_block_count_absolute_error,0.04659708536579408,21
20260908,vlwm_h5,600,local,mean_available_candidates,11.476190476190476,21
20260908,vlwm_h5,600,local,carrier_mse,0.008393242325133912,21
20260908,vlwm_h5,600,local,history_available_mse,0.0008692309912735811,21
20260908,vlwm_h5,600,local,prior_elapsed_seconds_mse,0.0001597264730100611,21
20260908,vlwm_h5,600,local,availability_bits_mse,0.0008127547039248598,21
20260908,vlwm_h5,600,local,presence_available_values,18.0,21
20260908,vlwm_h5,600,local,presence_mse,0.0007229206154756964,21
20260908,vlwm_h5,600,local,kind_available_values,36.0,21
20260908,vlwm_h5,600,local,kind_mse,0.0004456992996541799,21
20260908,vlwm_h5,600,local,position_available_values,13.383394383394384,21
20260908,vlwm_h5,600,local,position_mse,0.00048620459778578757,21
20260908,vlwm_h5,600,local,motion_available_values,13.368742368742367,21
20260908,vlwm_h5,600,local,motion_mse,0.140975590341886,21
20260908,vlwm_h5,600,local,parsed_pig_count_absolute_error,0.01617804128414351,21
20260908,vlwm_h5,600,local,parsed_block_count_absolute_error,0.01881145429839683,21
20260908,vlwm_h15,15,recursive,mean_available_candidates,11.476190476190476,21
20260908,vlwm_h15,15,recursive,carrier_mse,0.006688438082930128,21
20260908,vlwm_h15,15,recursive,history_available_mse,0.017698026024551592,21
20260908,vlwm_h15,15,recursive,prior_elapsed_seconds_mse,0.0006006486517068741,21
20260908,vlwm_h15,15,recursive,availability_bits_mse,0.012811083342689902,21
20260908,vlwm_h15,15,recursive,presence_available_values,18.0,21
20260908,vlwm_h15,15,recursive,presence_mse,0.0038199437507879293,21
20260908,vlwm_h15,15,recursive,kind_available_values,36.0,21
20260908,vlwm_h15,15,recursive,kind_mse,0.0009082603379324669,21
20260908,vlwm_h15,15,recursive,position_available_values,13.992673992673994,21
20260908,vlwm_h15,15,recursive,position_mse,0.012161474476262611,21
20260908,vlwm_h15,15,recursive,motion_available_values,13.956043956043956,21
20260908,vlwm_h15,15,recursive,motion_mse,0.005343011303903462,21
20260908,vlwm_h15,15,recursive,parsed_pig_count_absolute_error,0.10285811117961992,21
20260908,vlwm_h15,15,recursive,parsed_block_count_absolute_error,0.09048710170815293,21
20260908,vlwm_h15,30,recursive,mean_available_candidates,11.476190476190476,21
20260908,vlwm_h15,30,recursive,carrier_mse,0.007003772593456579,21
20260908,vlwm_h15,30,recursive,history_available_mse,0.012244615684478932,21
20260908,vlwm_h15,30,recursive,prior_elapsed_seconds_mse,0.0008729976335681996,21
20260908,vlwm_h15,30,recursive,availability_bits_mse,0.01355614784950153,21
20260908,vlwm_h15,30,recursive,presence_available_values,18.0,21
20260908,vlwm_h15,30,recursive,presence_mse,0.00511084526119911,21
20260908,vlwm_h15,30,recursive,kind_available_values,36.0,21
20260908,vlwm_h15,30,recursive,kind_mse,0.0014208115450591854,21
20260908,vlwm_h15,30,recursive,position_available_values,14.014652014652013,21
20260908,vlwm_h15,30,recursive,position_mse,0.012814959051315593,21
20260908,vlwm_h15,30,recursive,motion_available_values,14.014652014652013,21
20260908,vlwm_h15,30,recursive,motion_mse,0.0007911101509716625,21
20260908,vlwm_h15,30,recursive,parsed_pig_count_absolute_error,0.12475759156613975,21
20260908,vlwm_h15,30,recursive,parsed_block_count_absolute_error,0.09118093705187894,21
20260908,vlwm_h15,60,recursive,mean_available_candidates,11.476190476190476,21
20260908,vlwm_h15,60,recursive,carrier_mse,0.008677428015375695,21
20260908,vlwm_h15,60,recursive,history_available_mse,0.0076109645741446975,21
20260908,vlwm_h15,60,recursive,prior_elapsed_seconds_mse,0.0027839608936970433,21
20260908,vlwm_h15,60,recursive,availability_bits_mse,0.01514416108471192,21
20260908,vlwm_h15,60,recursive,presence_available_values,18.0,21
20260908,vlwm_h15,60,recursive,presence_mse,0.008289200752216423,21
20260908,vlwm_h15,60,recursive,kind_available_values,36.0,21
20260908,vlwm_h15,60,recursive,kind_mse,0.0033430511442603507,21
20260908,vlwm_h15,60,recursive,position_available_values,13.941391941391942,21
20260908,vlwm_h15,60,recursive,position_mse,0.012953743161409797,21
20260908,vlwm_h15,60,recursive,motion_available_values,13.912087912087914,21
20260908,vlwm_h15,60,recursive,motion_mse,0.001118753198701807,21
20260908,vlwm_h15,60,recursive,parsed_pig_count_absolute_error,0.15230244498151452,21
20260908,vlwm_h15,60,recursive,parsed_block_count_absolute_error,0.0872903487782202,21
20260908,vlwm_h15,150,recursive,mean_available_candidates,11.476190476190476,21
20260908,vlwm_h15,150,recursive,carrier_mse,0.027807654045272318,21
20260908,vlwm_h15,150,recursive,history_available_mse,0.004562178013042965,21
20260908,vlwm_h15,150,recursive,prior_elapsed_seconds_mse,0.03456338458590383,21
20260908,vlwm_h15,150,recursive,availability_bits_mse,0.03661497728106565,21
20260908,vlwm_h15,150,recursive,presence_available_values,18.0,21
20260908,vlwm_h15,150,recursive,presence_mse,0.03148322203032043,21
20260908,vlwm_h15,150,recursive,kind_available_values,36.0,21
20260908,vlwm_h15,150,recursive,kind_mse,0.022668598644777858,21
20260908,vlwm_h15,150,recursive,position_available_values,13.834757834757832,21
20260908,vlwm_h15,150,recursive,position_mse,0.02978693417875426,21
20260908,vlwm_h15,150,recursive,motion_available_values,13.787545787545788,21
20260908,vlwm_h15,150,recursive,motion_mse,0.005440696952449211,21
20260908,vlwm_h15,150,recursive,parsed_pig_count_absolute_error,0.19335970922130333,21
20260908,vlwm_h15,150,recursive,parsed_block_count_absolute_error,0.170287007835979,21
20260908,vlwm_h15,225,recursive,mean_available_candidates,11.476190476190476,21
20260908,vlwm_h15,225,recursive,carrier_mse,0.08621837382069786,21
20260908,vlwm_h15,225,recursive,history_available_mse,0.04583741195750642,21
20260908,vlwm_h15,225,recursive,prior_elapsed_seconds_mse,0.15295377028106366,21
20260908,vlwm_h15,225,recursive,availability_bits_mse,0.09970484445727576,21
20260908,vlwm_h15,225,recursive,presence_available_values,18.0,21
20260908,vlwm_h15,225,recursive,presence_mse,0.08578085743078155,21
20260908,vlwm_h15,225,recursive,kind_available_values,36.0,21
20260908,vlwm_h15,225,recursive,kind_mse,0.09187982565596102,21
20260908,vlwm_h15,225,recursive,position_available_values,13.776149776149778,21
20260908,vlwm_h15,225,recursive,position_mse,0.07656653691003937,21
20260908,vlwm_h15,225,recursive,motion_available_values,13.746845746845747,21
20260908,vlwm_h15,225,recursive,motion_mse,0.009170311228461406,21
20260908,vlwm_h15,225,recursive,parsed_pig_count_absolute_error,0.19533581617381848,21
20260908,vlwm_h15,225,recursive,parsed_block_count_absolute_error,0.2834421022190971,21
20260908,vlwm_h15,600,recursive,mean_available_candidates,11.476190476190476,21
20260908,vlwm_h15,600,recursive,carrier_mse,47.46039376144346,21
20260908,vlwm_h15,600,recursive,history_available_mse,66.42917639057906,21
20260908,vlwm_h15,600,recursive,prior_elapsed_seconds_mse,6.633563068173753,21
20260908,vlwm_h15,600,recursive,availability_bits_mse,52.61298042618042,21
20260908,vlwm_h15,600,recursive,presence_available_values,18.0,21
20260908,vlwm_h15,600,recursive,presence_mse,43.67268598638523,21
20260908,vlwm_h15,600,recursive,kind_available_values,36.0,21
20260908,vlwm_h15,600,recursive,kind_mse,46.644497503683674,21
20260908,vlwm_h15,600,recursive,position_available_values,13.383394383394384,21
20260908,vlwm_h15,600,recursive,position_mse,65.18903430181201,21
20260908,vlwm_h15,600,recursive,motion_available_values,13.368742368742367,21
20260908,vlwm_h15,600,recursive,motion_mse,6.010239844295387,21
20260908,vlwm_h15,600,recursive,parsed_pig_count_absolute_error,0.13336555923888632,21
20260908,vlwm_h15,600,recursive,parsed_block_count_absolute_error,1.255807136719202,21
20260908,vlwm_h15,15,local,mean_available_candidates,11.476190476190476,21
20260908,vlwm_h15,15,local,carrier_mse,0.006688438082930128,21
20260908,vlwm_h15,15,local,history_available_mse,0.017698026024551592,21
20260908,vlwm_h15,15,local,prior_elapsed_seconds_mse,0.0006006486517068741,21
20260908,vlwm_h15,15,local,availability_bits_mse,0.012811083342689902,21
20260908,vlwm_h15,15,local,presence_available_values,18.0,21
20260908,vlwm_h15,15,local,presence_mse,0.0038199437507879293,21
20260908,vlwm_h15,15,local,kind_available_values,36.0,21
20260908,vlwm_h15,15,local,kind_mse,0.0009082603379324669,21
20260908,vlwm_h15,15,local,position_available_values,13.992673992673994,21
20260908,vlwm_h15,15,local,position_mse,0.012161474476262611,21
20260908,vlwm_h15,15,local,motion_available_values,13.956043956043956,21
20260908,vlwm_h15,15,local,motion_mse,0.005343011303903462,21
20260908,vlwm_h15,15,local,parsed_pig_count_absolute_error,0.10285811117961992,21
20260908,vlwm_h15,15,local,parsed_block_count_absolute_error,0.09048710170815293,21
20260908,vlwm_h15,30,local,mean_available_candidates,11.476190476190476,21
20260908,vlwm_h15,30,local,carrier_mse,0.0011692921708884771,21
20260908,vlwm_h15,30,local,history_available_mse,0.00018356619869489845,21
20260908,vlwm_h15,30,local,prior_elapsed_seconds_mse,3.985369133095738e-05,21
20260908,vlwm_h15,30,local,availability_bits_mse,0.0022463711696388434,21
20260908,vlwm_h15,30,local,presence_available_values,18.0,21
20260908,vlwm_h15,30,local,presence_mse,0.00041053526128767906,21
20260908,vlwm_h15,30,local,kind_available_values,36.0,21
20260908,vlwm_h15,30,local,kind_mse,0.00015765627422119243,21
20260908,vlwm_h15,30,local,position_available_values,14.014652014652013,21
20260908,vlwm_h15,30,local,position_mse,0.001786958513564885,21
20260908,vlwm_h15,30,local,motion_available_values,14.014652014652013,21
20260908,vlwm_h15,30,local,motion_mse,0.0004722719043936725,21
20260908,vlwm_h15,30,local,parsed_pig_count_absolute_error,0.022757950714727408,21
20260908,vlwm_h15,30,local,parsed_block_count_absolute_error,0.03593264980815812,21
20260908,vlwm_h15,60,local,mean_available_candidates,11.476190476190476,21
20260908,vlwm_h15,60,local,carrier_mse,0.0009947322189335257,21
20260908,vlwm_h15,60,local,history_available_mse,0.00012343406286047243,21
20260908,vlwm_h15,60,local,prior_elapsed_seconds_mse,3.7359145222209074e-05,21
20260908,vlwm_h15,60,local,availability_bits_mse,0.0018185967221469018,21
20260908,vlwm_h15,60,local,presence_available_values,18.0,21
20260908,vlwm_h15,60,local,presence_mse,0.0004402241710648258,21
20260908,vlwm_h15,60,local,kind_available_values,36.0,21
20260908,vlwm_h15,60,local,kind_mse,0.0002163076664457171,21
20260908,vlwm_h15,60,local,position_available_values,13.941391941391942,21
20260908,vlwm_h15,60,local,position_mse,0.0006585337911801442,21
20260908,vlwm_h15,60,local,motion_available_values,13.912087912087914,21
20260908,vlwm_h15,60,local,motion_mse,0.0006523617707509152,21
20260908,vlwm_h15,60,local,parsed_pig_count_absolute_error,0.018211909024279948,21
20260908,vlwm_h15,60,local,parsed_block_count_absolute_error,0.040385974995298744,21
20260908,vlwm_h15,150,local,mean_available_candidates,11.476190476190476,21
20260908,vlwm_h15,150,local,carrier_mse,0.0015178346933397645,21
20260908,vlwm_h15,150,local,history_available_mse,0.00012895256412384984,21
20260908,vlwm_h15,150,local,prior_elapsed_seconds_mse,3.773428597536158e-05,21
20260908,vlwm_h15,150,local,availability_bits_mse,0.0025312602327662195,21
20260908,vlwm_h15,150,local,presence_available_values,18.0,21
20260908,vlwm_h15,150,local,presence_mse,0.0007610075348366349,21
20260908,vlwm_h15,150,local,kind_available_values,36.0,21
20260908,vlwm_h15,150,local,kind_mse,0.00018425509145010942,21
20260908,vlwm_h15,150,local,position_available_values,13.834757834757832,21
20260908,vlwm_h15,150,local,position_mse,0.0014054565261506914,21
20260908,vlwm_h15,150,local,motion_available_values,13.787545787545788,21
20260908,vlwm_h15,150,local,motion_mse,0.003818316858434618,21
20260908,vlwm_h15,150,local,parsed_pig_count_absolute_error,0.02169249199868918,21
20260908,vlwm_h15,150,local,parsed_block_count_absolute_error,0.04463319116587573,21
20260908,vlwm_h15,225,local,mean_available_candidates,11.476190476190476,21
20260908,vlwm_h15,225,local,carrier_mse,0.002296076410331592,21
20260908,vlwm_h15,225,local,history_available_mse,0.00012971308515133216,21
20260908,vlwm_h15,225,local,prior_elapsed_seconds_mse,3.904926843206926e-05,21
20260908,vlwm_h15,225,local,availability_bits_mse,0.004023404667807491,21
20260908,vlwm_h15,225,local,presence_available_values,18.0,21
20260908,vlwm_h15,225,local,presence_mse,0.001485174035512145,21
20260908,vlwm_h15,225,local,kind_available_values,36.0,21
20260908,vlwm_h15,225,local,kind_mse,0.0004365330033759556,21
20260908,vlwm_h15,225,local,position_available_values,13.776149776149778,21
20260908,vlwm_h15,225,local,position_mse,0.001674228867887682,21
20260908,vlwm_h15,225,local,motion_available_values,13.746845746845747,21
20260908,vlwm_h15,225,local,motion_mse,0.0024761083831400057,21
20260908,vlwm_h15,225,local,parsed_pig_count_absolute_error,0.03182465855260186,21
20260908,vlwm_h15,225,local,parsed_block_count_absolute_error,0.07721269631436967,21
20260908,vlwm_h15,600,local,mean_available_candidates,11.476190476190476,21
20260908,vlwm_h15,600,local,carrier_mse,0.008721842476359718,21
20260908,vlwm_h15,600,local,history_available_mse,0.0008884344328800309,21
20260908,vlwm_h15,600,local,prior_elapsed_seconds_mse,0.00016180212564233958,21
20260908,vlwm_h15,600,local,availability_bits_mse,0.001117224275345017,21
20260908,vlwm_h15,600,local,presence_available_values,18.0,21
20260908,vlwm_h15,600,local,presence_mse,0.0008335911884520071,21
20260908,vlwm_h15,600,local,kind_available_values,36.0,21
20260908,vlwm_h15,600,local,kind_mse,0.0004687196074015506,21
20260908,vlwm_h15,600,local,position_available_values,13.383394383394384,21
20260908,vlwm_h15,600,local,position_mse,0.0006866276597873166,21
20260908,vlwm_h15,600,local,motion_available_values,13.368742368742367,21
20260908,vlwm_h15,600,local,motion_mse,0.14409220041748427,21
20260908,vlwm_h15,600,local,parsed_pig_count_absolute_error,0.018666011439064673,21
20260908,vlwm_h15,600,local,parsed_block_count_absolute_error,0.021477640349984846,21
20260909,tawm_h1,15,recursive,mean_available_candidates,11.476190476190476,21
20260909,tawm_h1,15,recursive,carrier_mse,0.016528717938407555,21
20260909,tawm_h1,15,recursive,history_available_mse,0.006230844087590464,21
20260909,tawm_h1,15,recursive,prior_elapsed_seconds_mse,0.006671949470211524,21
20260909,tawm_h1,15,recursive,availability_bits_mse,0.023394078593262115,21
20260909,tawm_h1,15,recursive,presence_available_values,18.0,21
20260909,tawm_h1,15,recursive,presence_mse,0.020601629774737902,21
20260909,tawm_h1,15,recursive,kind_available_values,36.0,21
20260909,tawm_h1,15,recursive,kind_mse,0.010272169085154376,21
20260909,tawm_h1,15,recursive,position_available_values,13.992673992673994,21
20260909,tawm_h1,15,recursive,position_mse,0.01242363701359687,21
20260909,tawm_h1,15,recursive,motion_available_values,13.956043956043956,21
20260909,tawm_h1,15,recursive,motion_mse,0.008012196146682003,21
20260909,tawm_h1,15,recursive,parsed_pig_count_absolute_error,0.219085784561241,21
20260909,tawm_h1,15,recursive,parsed_block_count_absolute_error,0.2380678761741776,21
20260909,tawm_h1,30,recursive,mean_available_candidates,11.476190476190476,21
20260909,tawm_h1,30,recursive,carrier_mse,0.052351154860291176,21
20260909,tawm_h1,30,recursive,history_available_mse,0.01813922533163092,21
20260909,tawm_h1,30,recursive,prior_elapsed_seconds_mse,0.005287316734817936,21
20260909,tawm_h1,30,recursive,availability_bits_mse,0.06455510307216283,21
20260909,tawm_h1,30,recursive,presence_available_values,18.0,21
20260909,tawm_h1,30,recursive,presence_mse,0.07030909890454737,21
20260909,tawm_h1,30,recursive,kind_available_values,36.0,21
20260909,tawm_h1,30,recursive,kind_mse,0.047812139101116403,21
20260909,tawm_h1,30,recursive,position_available_values,14.014652014652013,21
20260909,tawm_h1,30,recursive,position_mse,0.0376716572595611,21
20260909,tawm_h1,30,recursive,motion_available_values,14.014652014652013,21
20260909,tawm_h1,30,recursive,motion_mse,0.015071090570649856,21
20260909,tawm_h1,30,recursive,parsed_pig_count_absolute_error,0.3311499498454287,21
20260909,tawm_h1,30,recursive,parsed_block_count_absolute_error,0.26198380914987346,21
20260909,tawm_h1,60,recursive,mean_available_candidates,11.476190476190476,21
20260909,tawm_h1,60,recursive,carrier_mse,0.9012284620079589,21
20260909,tawm_h1,60,recursive,history_available_mse,0.29311314259879573,21
20260909,tawm_h1,60,recursive,prior_elapsed_seconds_mse,0.42891101604841336,21
20260909,tawm_h1,60,recursive,availability_bits_mse,1.0620915922495306,21
20260909,tawm_h1,60,recursive,presence_available_values,18.0,21
20260909,tawm_h1,60,recursive,presence_mse,0.8567785624846522,21
20260909,tawm_h1,60,recursive,kind_available_values,36.0,21
20260909,tawm_h1,60,recursive,kind_mse,0.8472971616987363,21
20260909,tawm_h1,60,recursive,position_available_values,13.941391941391942,21
20260909,tawm_h1,60,recursive,position_mse,1.1542639981849292,21
20260909,tawm_h1,60,recursive,motion_available_values,13.912087912087914,21
20260909,tawm_h1,60,recursive,motion_mse,0.5479048879874813,21
20260909,tawm_h1,60,recursive,parsed_pig_count_absolute_error,0.6284363196719811,21
20260909,tawm_h1,60,recursive,parsed_block_count_absolute_error,0.3545480843464013,21
20260909,tawm_h1,150,recursive,mean_available_candidates,11.476190476190476,21
20260909,tawm_h1,150,recursive,carrier_mse,1074.7655490798038,21
20260909,tawm_h1,150,recursive,history_available_mse,1339.022347902658,21
20260909,tawm_h1,150,recursive,prior_elapsed_seconds_mse,380.0382573566071,21
20260909,tawm_h1,150,recursive,availability_bits_mse,1275.7954169729378,21
20260909,tawm_h1,150,recursive,presence_available_values,18.0,21
20260909,tawm_h1,150,recursive,presence_mse,1383.5231748232236,21
20260909,tawm_h1,150,recursive,kind_available_values,36.0,21
20260909,tawm_h1,150,recursive,kind_mse,918.6143930007304,21
20260909,tawm_h1,150,recursive,position_available_values,13.834757834757832,21
20260909,tawm_h1,150,recursive,position_mse,1326.6335068931808,21
20260909,tawm_h1,150,recursive,motion_available_values,13.787545787545788,21
20260909,tawm_h1,150,recursive,motion_mse,336.5957514768207,21
20260909,tawm_h1,150,recursive,parsed_pig_count_absolute_error,0.265840624043237,21
20260909,tawm_h1,150,recursive,parsed_block_count_absolute_error,1.1130825394940491,21
20260909,tawm_h1,225,recursive,mean_available_candidates,11.476190476190476,21
20260909,tawm_h1,225,recursive,carrier_mse,4085.0373735354815,21
20260909,tawm_h1,225,recursive,history_available_mse,4549.858004780276,21
20260909,tawm_h1,225,recursive,prior_elapsed_seconds_mse,1544.9682921789665,21
20260909,tawm_h1,225,recursive,availability_bits_mse,4906.263392371608,21
20260909,tawm_h1,225,recursive,presence_available_values,18.0,21
20260909,tawm_h1,225,recursive,presence_mse,4843.65416838659,21
20260909,tawm_h1,225,recursive,kind_available_values,36.0,21
20260909,tawm_h1,225,recursive,kind_mse,3567.4953064694273,21
20260909,tawm_h1,225,recursive,position_available_values,13.776149776149778,21
20260909,tawm_h1,225,recursive,position_mse,4952.823013362687,21
20260909,tawm_h1,225,recursive,motion_available_values,13.746845746845747,21
20260909,tawm_h1,225,recursive,motion_mse,1432.6971076826728,21
20260909,tawm_h1,225,recursive,parsed_pig_count_absolute_error,0.2711810227042781,21
20260909,tawm_h1,225,recursive,parsed_block_count_absolute_error,1.4499913637763446,21
20260909,tawm_h1,600,recursive,mean_available_candidates,11.476190476190476,21
20260909,tawm_h1,600,recursive,carrier_mse,46946.748197982575,21
20260909,tawm_h1,600,recursive,history_available_mse,47548.858381668964,21
20260909,tawm_h1,600,recursive,prior_elapsed_seconds_mse,14195.826600462668,21
20260909,tawm_h1,600,recursive,availability_bits_mse,56249.00550845278,21
20260909,tawm_h1,600,recursive,presence_available_values,18.0,21
20260909,tawm_h1,600,recursive,presence_mse,47930.989510886975,21
20260909,tawm_h1,600,recursive,kind_available_values,36.0,21
20260909,tawm_h1,600,recursive,kind_mse,45249.14455397757,21
20260909,tawm_h1,600,recursive,position_available_values,13.383394383394384,21
20260909,tawm_h1,600,recursive,position_mse,64690.278549467024,21
20260909,tawm_h1,600,recursive,motion_available_values,13.368742368742367,21
20260909,tawm_h1,600,recursive,motion_mse,19250.829376533482,21
20260909,tawm_h1,600,recursive,parsed_pig_count_absolute_error,0.3143329022093311,21
20260909,tawm_h1,600,recursive,parsed_block_count_absolute_error,1.3325050943553323,21
20260909,tawm_h1,15,local,mean_available_candidates,11.476190476190476,21
20260909,tawm_h1,15,local,carrier_mse,0.0009002503774738269,21
20260909,tawm_h1,15,local,history_available_mse,0.0002648081963566128,21
20260909,tawm_h1,15,local,prior_elapsed_seconds_mse,1.3184691164596318e-05,21
20260909,tawm_h1,15,local,availability_bits_mse,0.0011824873259386412,21
20260909,tawm_h1,15,local,presence_available_values,18.0,21
20260909,tawm_h1,15,local,presence_mse,0.0002022023358101136,21
20260909,tawm_h1,15,local,kind_available_values,36.0,21
20260909,tawm_h1,15,local,kind_mse,0.00011272618510138296,21
20260909,tawm_h1,15,local,position_available_values,13.992673992673994,21
20260909,tawm_h1,15,local,position_mse,0.0008269961778907344,21
20260909,tawm_h1,15,local,motion_available_values,13.956043956043956,21
20260909,tawm_h1,15,local,motion_mse,0.004779357406216194,21
20260909,tawm_h1,15,local,parsed_pig_count_absolute_error,0.024494723589056345,21
20260909,tawm_h1,15,local,parsed_block_count_absolute_error,0.02655553965178279,21
20260909,tawm_h1,30,local,mean_available_candidates,11.476190476190476,21
20260909,tawm_h1,30,local,carrier_mse,0.00026721823606028525,21
20260909,tawm_h1,30,local,history_available_mse,0.00018945607809111938,21
20260909,tawm_h1,30,local,prior_elapsed_seconds_mse,7.512141799919561e-06,21
20260909,tawm_h1,30,local,availability_bits_mse,0.0004060523793509934,21
20260909,tawm_h1,30,local,presence_available_values,18.0,21
20260909,tawm_h1,30,local,presence_mse,0.00013120828485123533,21
20260909,tawm_h1,30,local,kind_available_values,36.0,21
20260909,tawm_h1,30,local,kind_mse,6.426405726201138e-05,21
20260909,tawm_h1,30,local,position_available_values,14.014652014652013,21
20260909,tawm_h1,30,local,position_mse,0.00010955242421589653,21
20260909,tawm_h1,30,local,motion_available_values,14.014652014652013,21
20260909,tawm_h1,30,local,motion_mse,0.000811672628609752,21
20260909,tawm_h1,30,local,parsed_pig_count_absolute_error,0.020660478778027153,21
20260909,tawm_h1,30,local,parsed_block_count_absolute_error,0.021523453525968125,21
20260909,tawm_h1,60,local,mean_available_candidates,11.476190476190476,21
20260909,tawm_h1,60,local,carrier_mse,0.0003820983384940466,21
20260909,tawm_h1,60,local,history_available_mse,0.00018057598281258916,21
20260909,tawm_h1,60,local,prior_elapsed_seconds_mse,7.672804810899457e-06,21
20260909,tawm_h1,60,local,availability_bits_mse,0.0006188017718394871,21
20260909,tawm_h1,60,local,presence_available_values,18.0,21
20260909,tawm_h1,60,local,presence_mse,0.00013614600131899127,21
20260909,tawm_h1,60,local,kind_available_values,36.0,21
20260909,tawm_h1,60,local,kind_mse,6.475020371215294e-05,21
20260909,tawm_h1,60,local,position_available_values,13.941391941391942,21
20260909,tawm_h1,60,local,position_mse,0.0003492297223869141,21
20260909,tawm_h1,60,local,motion_available_values,13.912087912087914,21
20260909,tawm_h1,60,local,motion_mse,0.0009259664194971968,21
20260909,tawm_h1,60,local,parsed_pig_count_absolute_error,0.021270286950899945,21
20260909,tawm_h1,60,local,parsed_block_count_absolute_error,0.021337324304127617,21
20260909,tawm_h1,150,local,mean_available_candidates,11.476190476190476,21
20260909,tawm_h1,150,local,carrier_mse,0.0006395401265413507,21
20260909,tawm_h1,150,local,history_available_mse,0.00019165103753699184,21
20260909,tawm_h1,150,local,prior_elapsed_seconds_mse,8.485342512419593e-06,21
20260909,tawm_h1,150,local,availability_bits_mse,0.0006860003820664939,21
20260909,tawm_h1,150,local,presence_available_values,18.0,21
20260909,tawm_h1,150,local,presence_mse,0.0002285179215969146,21
20260909,tawm_h1,150,local,kind_available_values,36.0,21
20260909,tawm_h1,150,local,kind_mse,7.336935216219975e-05,21
20260909,tawm_h1,150,local,position_available_values,13.834757834757832,21
20260909,tawm_h1,150,local,position_mse,0.000775847095874342,21
20260909,tawm_h1,150,local,motion_available_values,13.787545787545788,21
20260909,tawm_h1,150,local,motion_mse,0.004996618019468301,21
20260909,tawm_h1,150,local,parsed_pig_count_absolute_error,0.022757577550859963,21
20260909,tawm_h1,150,local,parsed_block_count_absolute_error,0.02548944128050578,21
20260909,tawm_h1,225,local,mean_available_candidates,11.476190476190476,21
20260909,tawm_h1,225,local,carrier_mse,0.0006404333716434202,21
20260909,tawm_h1,225,local,history_available_mse,0.00022049070403563862,21
20260909,tawm_h1,225,local,prior_elapsed_seconds_mse,1.2226619736428157e-05,21
20260909,tawm_h1,225,local,availability_bits_mse,0.0007534953389192348,21
20260909,tawm_h1,225,local,presence_available_values,18.0,21
20260909,tawm_h1,225,local,presence_mse,0.0002108961579921597,21
20260909,tawm_h1,225,local,kind_available_values,36.0,21
20260909,tawm_h1,225,local,kind_mse,0.00019290941880009823,21
20260909,tawm_h1,225,local,position_available_values,13.776149776149778,21
20260909,tawm_h1,225,local,position_mse,0.0005190986185224895,21
20260909,tawm_h1,225,local,motion_available_values,13.746845746845747,21
20260909,tawm_h1,225,local,motion_mse,0.003384111193072093,21
20260909,tawm_h1,225,local,parsed_pig_count_absolute_error,0.021604629270178304,21
20260909,tawm_h1,225,local,parsed_block_count_absolute_error,0.03470821761174583,21
20260909,tawm_h1,600,local,mean_available_candidates,11.476190476190476,21
20260909,tawm_h1,600,local,carrier_mse,0.005720314560177968,21
20260909,tawm_h1,600,local,history_available_mse,0.001832603345852436,21
20260909,tawm_h1,600,local,prior_elapsed_seconds_mse,0.0006613848639912909,21
20260909,tawm_h1,600,local,availability_bits_mse,0.0010179821750251016,21
20260909,tawm_h1,600,local,presence_available_values,18.0,21
20260909,tawm_h1,600,local,presence_mse,0.0008010405557673196,21
20260909,tawm_h1,600,local,kind_available_values,36.0,21
20260909,tawm_h1,600,local,kind_mse,0.0005236807093664558,21
20260909,tawm_h1,600,local,position_available_values,13.383394383394384,21
20260909,tawm_h1,600,local,position_mse,0.000710511465965134,21
20260909,tawm_h1,600,local,motion_available_values,13.368742368742367,21
20260909,tawm_h1,600,local,motion_mse,0.08772629911049408,21
20260909,tawm_h1,600,local,parsed_pig_count_absolute_error,0.02492825615467153,21
20260909,tawm_h1,600,local,parsed_block_count_absolute_error,0.029924195379864543,21
20260909,tawm_h5,15,recursive,mean_available_candidates,11.476190476190476,21
20260909,tawm_h5,15,recursive,carrier_mse,0.006434583424989658,21
20260909,tawm_h5,15,recursive,history_available_mse,0.01241151524108617,21
20260909,tawm_h5,15,recursive,prior_elapsed_seconds_mse,0.0003471034719248864,21
20260909,tawm_h5,15,recursive,availability_bits_mse,0.01198231571163164,21
20260909,tawm_h5,15,recursive,presence_available_values,18.0,21
20260909,tawm_h5,15,recursive,presence_mse,0.004179824822877514,21
20260909,tawm_h5,15,recursive,kind_available_values,36.0,21
20260909,tawm_h5,15,recursive,kind_mse,0.0010527914471091333,21
20260909,tawm_h5,15,recursive,position_available_values,13.992673992673994,21
20260909,tawm_h5,15,recursive,position_mse,0.010265914167707776,21
20260909,tawm_h5,15,recursive,motion_available_values,13.956043956043956,21
20260909,tawm_h5,15,recursive,motion_mse,0.0062389304819306735,21
20260909,tawm_h5,15,recursive,parsed_pig_count_absolute_error,0.13029822671145908,21
20260909,tawm_h5,15,recursive,parsed_block_count_absolute_error,0.14838794567818145,21
20260909,tawm_h5,30,recursive,mean_available_candidates,11.476190476190476,21
20260909,tawm_h5,30,recursive,carrier_mse,0.007715619280762385,21
20260909,tawm_h5,30,recursive,history_available_mse,0.009040875644892518,21
20260909,tawm_h5,30,recursive,prior_elapsed_seconds_mse,0.0013261551874153236,21
20260909,tawm_h5,30,recursive,availability_bits_mse,0.013781902246634229,21
20260909,tawm_h5,30,recursive,presence_available_values,18.0,21
20260909,tawm_h5,30,recursive,presence_mse,0.006709602220112657,21
20260909,tawm_h5,30,recursive,kind_available_values,36.0,21
20260909,tawm_h5,30,recursive,kind_mse,0.0023906726427836557,21
20260909,tawm_h5,30,recursive,position_available_values,14.014652014652013,21
20260909,tawm_h5,30,recursive,position_mse,0.00979519275569361,21
20260909,tawm_h5,30,recursive,motion_available_values,14.014652014652013,21
20260909,tawm_h5,30,recursive,motion_mse,0.00244011703855265,21
20260909,tawm_h5,30,recursive,parsed_pig_count_absolute_error,0.1637545674980711,21
20260909,tawm_h5,30,recursive,parsed_block_count_absolute_error,0.1745461058496666,21
20260909,tawm_h5,60,recursive,mean_available_candidates,11.476190476190476,21
20260909,tawm_h5,60,recursive,carrier_mse,0.012697528682798482,21
20260909,tawm_h5,60,recursive,history_available_mse,0.006448473113342076,21
20260909,tawm_h5,60,recursive,prior_elapsed_seconds_mse,0.004757279830178139,21
20260909,tawm_h5,60,recursive,availability_bits_mse,0.01952264694110773,21
20260909,tawm_h5,60,recursive,presence_available_values,18.0,21
20260909,tawm_h5,60,recursive,presence_mse,0.014221763990128004,21
20260909,tawm_h5,60,recursive,kind_available_values,36.0,21
20260909,tawm_h5,60,recursive,kind_mse,0.007043106557290029,21
20260909,tawm_h5,60,recursive,position_available_values,13.941391941391942,21
20260909,tawm_h5,60,recursive,position_mse,0.010529686888330982,21
20260909,tawm_h5,60,recursive,motion_available_values,13.912087912087914,21
20260909,tawm_h5,60,recursive,motion_mse,0.003744570945454645,21
20260909,tawm_h5,60,recursive,parsed_pig_count_absolute_error,0.20373479385165602,21
20260909,tawm_h5,60,recursive,parsed_block_count_absolute_error,0.1640832953475647,21
20260909,tawm_h5,150,recursive,mean_available_candidates,11.476190476190476,21
20260909,tawm_h5,150,recursive,carrier_mse,0.05420017987362204,21
20260909,tawm_h5,150,recursive,history_available_mse,0.022007654027699563,21
20260909,tawm_h5,150,recursive,prior_elapsed_seconds_mse,0.004887137032149092,21
20260909,tawm_h5,150,recursive,availability_bits_mse,0.0674103139598672,21
20260909,tawm_h5,150,recursive,presence_available_values,18.0,21
20260909,tawm_h5,150,recursive,presence_mse,0.07016324555728701,21
20260909,tawm_h5,150,recursive,kind_available_values,36.0,21
20260909,tawm_h5,150,recursive,kind_mse,0.05042456424459357,21
20260909,tawm_h5,150,recursive,position_available_values,13.834757834757832,21
20260909,tawm_h5,150,recursive,position_mse,0.04110741701716783,21
20260909,tawm_h5,150,recursive,motion_available_values,13.787545787545788,21
20260909,tawm_h5,150,recursive,motion_mse,0.020908203101384578,21
20260909,tawm_h5,150,recursive,parsed_pig_count_absolute_error,0.3549794801175757,21
20260909,tawm_h5,150,recursive,parsed_block_count_absolute_error,0.20482785495295616,21
20260909,tawm_h5,225,recursive,mean_available_candidates,11.476190476190476,21
20260909,tawm_h5,225,recursive,carrier_mse,0.19976908114075806,21
20260909,tawm_h5,225,recursive,history_available_mse,0.05538190470431198,21
20260909,tawm_h5,225,recursive,prior_elapsed_seconds_mse,0.04832858818133122,21
20260909,tawm_h5,225,recursive,availability_bits_mse,0.24114500514675832,21
20260909,tawm_h5,225,recursive,presence_available_values,18.0,21
20260909,tawm_h5,225,recursive,presence_mse,0.22809373195089006,21
20260909,tawm_h5,225,recursive,kind_available_values,36.0,21
20260909,tawm_h5,225,recursive,kind_mse,0.20138033100217387,21
20260909,tawm_h5,225,recursive,position_available_values,13.776149776149778,21
20260909,tawm_h5,225,recursive,position_mse,0.19688705956541233,21
20260909,tawm_h5,225,recursive,motion_available_values,13.746845746845747,21
20260909,tawm_h5,225,recursive,motion_mse,0.10687911860973831,21
20260909,tawm_h5,225,recursive,parsed_pig_count_absolute_error,0.5994517067899406,21
20260909,tawm_h5,225,recursive,parsed_block_count_absolute_error,0.27497579482148915,21
20260909,tawm_h5,600,recursive,mean_available_candidates,11.476190476190476,21
20260909,tawm_h5,600,recursive,carrier_mse,448.7246700914532,21
20260909,tawm_h5,600,recursive,history_available_mse,666.8167022762665,21
20260909,tawm_h5,600,recursive,prior_elapsed_seconds_mse,94.48915447375263,21
20260909,tawm_h5,600,recursive,availability_bits_mse,519.6262234754743,21
20260909,tawm_h5,600,recursive,presence_available_values,18.0,21
20260909,tawm_h5,600,recursive,presence_mse,592.6685116237501,21
20260909,tawm_h5,600,recursive,kind_available_values,36.0,21
20260909,tawm_h5,600,recursive,kind_mse,367.27028882683027,21
20260909,tawm_h5,600,recursive,position_available_values,13.383394383394384,21
20260909,tawm_h5,600,recursive,position_mse,592.9733670048688,21
20260909,tawm_h5,600,recursive,motion_available_values,13.368742368742367,21
20260909,tawm_h5,600,recursive,motion_mse,138.3153197149169,21
20260909,tawm_h5,600,recursive,parsed_pig_count_absolute_error,0.3143329022093311,21
20260909,tawm_h5,600,recursive,parsed_block_count_absolute_error,1.0266419314348365,21
20260909,tawm_h5,15,local,mean_available_candidates,11.476190476190476,21
20260909,tawm_h5,15,local,carrier_mse,0.002471712924631827,21
20260909,tawm_h5,15,local,history_available_mse,0.0003421901581625708,21
20260909,tawm_h5,15,local,prior_elapsed_seconds_mse,2.306842129973677e-05,21
20260909,tawm_h5,15,local,availability_bits_mse,0.003485805270605979,21
20260909,tawm_h5,15,local,presence_available_values,18.0,21
20260909,tawm_h5,15,local,presence_mse,0.0009772290621978636,21
20260909,tawm_h5,15,local,kind_available_values,36.0,21
20260909,tawm_h5,15,local,kind_mse,0.000272125576598413,21
20260909,tawm_h5,15,local,position_available_values,13.992673992673994,21
20260909,tawm_h5,15,local,position_mse,0.002700422607716518,21
20260909,tawm_h5,15,local,motion_available_values,13.956043956043956,21
20260909,tawm_h5,15,local,motion_mse,0.010658579352484257,21
20260909,tawm_h5,15,local,parsed_pig_count_absolute_error,0.0360361446788476,21
20260909,tawm_h5,15,local,parsed_block_count_absolute_error,0.061743138958065436,21
20260909,tawm_h5,30,local,mean_available_candidates,11.476190476190476,21
20260909,tawm_h5,30,local,carrier_mse,0.000453498037184997,21
20260909,tawm_h5,30,local,history_available_mse,0.00019500175307888664,21
20260909,tawm_h5,30,local,prior_elapsed_seconds_mse,7.149720852272979e-06,21
20260909,tawm_h5,30,local,availability_bits_mse,0.0007603209118114641,21
20260909,tawm_h5,30,local,presence_available_values,18.0,21
20260909,tawm_h5,30,local,presence_mse,0.00015112096772238983,21
20260909,tawm_h5,30,local,kind_available_values,36.0,21
20260909,tawm_h5,30,local,kind_mse,0.00010761728016418319,21
20260909,tawm_h5,30,local,position_available_values,14.014652014652013,21
20260909,tawm_h5,30,local,position_mse,0.00026158915509092703,21
20260909,tawm_h5,30,local,motion_available_values,14.014652014652013,21
20260909,tawm_h5,30,local,motion_mse,0.001138056184627283,21
20260909,tawm_h5,30,local,parsed_pig_count_absolute_error,0.022532867848016898,21
20260909,tawm_h5,30,local,parsed_block_count_absolute_error,0.01825851043554982,21
20260909,tawm_h5,60,local,mean_available_candidates,11.476190476190476,21
20260909,tawm_h5,60,local,carrier_mse,0.0004297927688823538,21
20260909,tawm_h5,60,local,history_available_mse,0.00018742220773748574,21
20260909,tawm_h5,60,local,prior_elapsed_seconds_mse,6.696614953160232e-06,21
20260909,tawm_h5,60,local,availability_bits_mse,0.0007173684190641854,21
20260909,tawm_h5,60,local,presence_available_values,18.0,21
20260909,tawm_h5,60,local,presence_mse,0.00015082105102523865,21
20260909,tawm_h5,60,local,kind_available_values,36.0,21
20260909,tawm_h5,60,local,kind_mse,0.00010007874802192885,21
20260909,tawm_h5,60,local,position_available_values,13.941391941391942,21
20260909,tawm_h5,60,local,position_mse,0.00025409042449476985,21
20260909,tawm_h5,60,local,motion_available_values,13.912087912087914,21
20260909,tawm_h5,60,local,motion_mse,0.0010827283489508424,21
20260909,tawm_h5,60,local,parsed_pig_count_absolute_error,0.022384672709181257,21
20260909,tawm_h5,60,local,parsed_block_count_absolute_error,0.014402904100783657,21
20260909,tawm_h5,150,local,mean_available_candidates,11.476190476190476,21
20260909,tawm_h5,150,local,carrier_mse,0.000998270224452928,21
20260909,tawm_h5,150,local,history_available_mse,0.00026551472018681145,21
20260909,tawm_h5,150,local,prior_elapsed_seconds_mse,7.671475221449735e-06,21
20260909,tawm_h5,150,local,availability_bits_mse,0.0014134108896204014,21
20260909,tawm_h5,150,local,presence_available_values,18.0,21
20260909,tawm_h5,150,local,presence_mse,0.0003836715797381431,21
20260909,tawm_h5,150,local,kind_available_values,36.0,21
20260909,tawm_h5,150,local,kind_mse,0.0001187815117241119,21
20260909,tawm_h5,150,local,position_available_values,13.834757834757832,21
20260909,tawm_h5,150,local,position_mse,0.0011383182328298582,21
20260909,tawm_h5,150,local,motion_available_values,13.787545787545788,21
20260909,tawm_h5,150,local,motion_mse,0.004432184843165693,21
20260909,tawm_h5,150,local,parsed_pig_count_absolute_error,0.024887684691703833,21
20260909,tawm_h5,150,local,parsed_block_count_absolute_error,0.03590396082586086,21
20260909,tawm_h5,225,local,mean_available_candidates,11.476190476190476,21
20260909,tawm_h5,225,local,carrier_mse,0.0010498682936488336,21
20260909,tawm_h5,225,local,history_available_mse,0.00021964605056281673,21
20260909,tawm_h5,225,local,prior_elapsed_seconds_mse,7.984121319169397e-06,21
20260909,tawm_h5,225,local,availability_bits_mse,0.001577059190232275,21
20260909,tawm_h5,225,local,presence_available_values,18.0,21
20260909,tawm_h5,225,local,presence_mse,0.0004853961275176738,21
20260909,tawm_h5,225,local,kind_available_values,36.0,21
20260909,tawm_h5,225,local,kind_mse,0.00017442974373303648,21
20260909,tawm_h5,225,local,position_available_values,13.776149776149778,21
20260909,tawm_h5,225,local,position_mse,0.0007353927213484113,21
20260909,tawm_h5,225,local,motion_available_values,13.746845746845747,21
20260909,tawm_h5,225,local,motion_mse,0.003486977818905283,21
20260909,tawm_h5,225,local,parsed_pig_count_absolute_error,0.02548040606652264,21
20260909,tawm_h5,225,local,parsed_block_count_absolute_error,0.05261849309944058,21
20260909,tawm_h5,600,local,mean_available_candidates,11.476190476190476,21
20260909,tawm_h5,600,local,carrier_mse,0.0060394047516380105,21
20260909,tawm_h5,600,local,history_available_mse,0.001862353677143227,21
20260909,tawm_h5,600,local,prior_elapsed_seconds_mse,0.0007068290015482774,21
20260909,tawm_h5,600,local,availability_bits_mse,0.0011787555109817902,21
20260909,tawm_h5,600,local,presence_available_values,18.0,21
20260909,tawm_h5,600,local,presence_mse,0.000844421533593483,21
20260909,tawm_h5,600,local,kind_available_values,36.0,21
20260909,tawm_h5,600,local,kind_mse,0.0005673073217518493,21
20260909,tawm_h5,600,local,position_available_values,13.383394383394384,21
20260909,tawm_h5,600,local,position_mse,0.0007605203499679981,21
20260909,tawm_h5,600,local,motion_available_values,13.368742368742367,21
20260909,tawm_h5,600,local,motion_mse,0.09139914678388684,21
20260909,tawm_h5,600,local,parsed_pig_count_absolute_error,0.025680021512227258,21
20260909,tawm_h5,600,local,parsed_block_count_absolute_error,0.025864918349642874,21
20260909,tawm_h15,15,recursive,mean_available_candidates,11.476190476190476,21
20260909,tawm_h15,15,recursive,carrier_mse,0.006224054664506805,21
20260909,tawm_h15,15,recursive,history_available_mse,0.020074127178685106,21
20260909,tawm_h15,15,recursive,prior_elapsed_seconds_mse,4.4006913737116845e-05,21
20260909,tawm_h15,15,recursive,availability_bits_mse,0.011837509174690144,21
20260909,tawm_h15,15,recursive,presence_available_values,18.0,21
20260909,tawm_h15,15,recursive,presence_mse,0.003269800258323867,21
20260909,tawm_h15,15,recursive,kind_available_values,36.0,21
20260909,tawm_h15,15,recursive,kind_mse,0.0005719922788527581,21
20260909,tawm_h15,15,recursive,position_available_values,13.992673992673994,21
20260909,tawm_h15,15,recursive,position_mse,0.011402657317764402,21
20260909,tawm_h15,15,recursive,motion_available_values,13.956043956043956,21
20260909,tawm_h15,15,recursive,motion_mse,0.007131456622449965,21
20260909,tawm_h15,15,recursive,parsed_pig_count_absolute_error,0.09884588883519636,21
20260909,tawm_h15,15,recursive,parsed_block_count_absolute_error,0.1377756747991893,21
20260909,tawm_h15,30,recursive,mean_available_candidates,11.476190476190476,21
20260909,tawm_h15,30,recursive,carrier_mse,0.006126078428044378,21
20260909,tawm_h15,30,recursive,history_available_mse,0.013741515187156264,21
20260909,tawm_h15,30,recursive,prior_elapsed_seconds_mse,0.0001136713177454705,21
20260909,tawm_h15,30,recursive,availability_bits_mse,0.012188617203695573,21
20260909,tawm_h15,30,recursive,presence_available_values,18.0,21
20260909,tawm_h15,30,recursive,presence_mse,0.003791068486671424,21
20260909,tawm_h15,30,recursive,kind_available_values,36.0,21
20260909,tawm_h15,30,recursive,kind_mse,0.0007471911020293527,21
20260909,tawm_h15,30,recursive,position_available_values,14.014652014652013,21
20260909,tawm_h15,30,recursive,position_mse,0.010957284336640625,21
20260909,tawm_h15,30,recursive,motion_available_values,14.014652014652013,21
20260909,tawm_h15,30,recursive,motion_mse,0.0018729806153605726,21
20260909,tawm_h15,30,recursive,parsed_pig_count_absolute_error,0.11685968216392985,21
20260909,tawm_h15,30,recursive,parsed_block_count_absolute_error,0.14830201663332976,21
20260909,tawm_h15,60,recursive,mean_available_candidates,11.476190476190476,21
20260909,tawm_h15,60,recursive,carrier_mse,0.006437198821300329,21
20260909,tawm_h15,60,recursive,history_available_mse,0.010044737721344423,21
20260909,tawm_h15,60,recursive,prior_elapsed_seconds_mse,0.0004312595142931036,21
20260909,tawm_h15,60,recursive,availability_bits_mse,0.012125529161156548,21
20260909,tawm_h15,60,recursive,presence_available_values,18.0,21
20260909,tawm_h15,60,recursive,presence_mse,0.004922329585818478,21
20260909,tawm_h15,60,recursive,kind_available_values,36.0,21
20260909,tawm_h15,60,recursive,kind_mse,0.001532758481581169,21
20260909,tawm_h15,60,recursive,position_available_values,13.941391941391942,21
20260909,tawm_h15,60,recursive,position_mse,0.008981373839947739,21
20260909,tawm_h15,60,recursive,motion_available_values,13.912087912087914,21
20260909,tawm_h15,60,recursive,motion_mse,0.0022005706670695326,21
20260909,tawm_h15,60,recursive,parsed_pig_count_absolute_error,0.1377350140911427,21
20260909,tawm_h15,60,recursive,parsed_block_count_absolute_error,0.13761076750600756,21
20260909,tawm_h15,150,recursive,mean_available_candidates,11.476190476190476,21
20260909,tawm_h15,150,recursive,carrier_mse,0.012701903243103304,21
20260909,tawm_h15,150,recursive,history_available_mse,0.006163256496190796,21
20260909,tawm_h15,150,recursive,prior_elapsed_seconds_mse,0.002860909278166198,21
20260909,tawm_h15,150,recursive,availability_bits_mse,0.020193569489454975,21
20260909,tawm_h15,150,recursive,presence_available_values,18.0,21
20260909,tawm_h15,150,recursive,presence_mse,0.014765586974449725,21
20260909,tawm_h15,150,recursive,kind_available_values,36.0,21
20260909,tawm_h15,150,recursive,kind_mse,0.0058404162069713005,21
20260909,tawm_h15,150,recursive,position_available_values,13.834757834757832,21
20260909,tawm_h15,150,recursive,position_mse,0.012587261075124418,21
20260909,tawm_h15,150,recursive,motion_available_values,13.787545787545788,21
20260909,tawm_h15,150,recursive,motion_mse,0.006731230545571378,21
20260909,tawm_h15,150,recursive,parsed_pig_count_absolute_error,0.18586521944368886,21
20260909,tawm_h15,150,recursive,parsed_block_count_absolute_error,0.19787622519967984,21
20260909,tawm_h15,225,recursive,mean_available_candidates,11.476190476190476,21
20260909,tawm_h15,225,recursive,carrier_mse,0.020419970822094673,21
20260909,tawm_h15,225,recursive,history_available_mse,0.005986021527467719,21
20260909,tawm_h15,225,recursive,prior_elapsed_seconds_mse,0.005170731144354833,21
20260909,tawm_h15,225,recursive,availability_bits_mse,0.03030087237519629,21
20260909,tawm_h15,225,recursive,presence_available_values,18.0,21
20260909,tawm_h15,225,recursive,presence_mse,0.026858249986995323,21
20260909,tawm_h15,225,recursive,kind_available_values,36.0,21
20260909,tawm_h15,225,recursive,kind_mse,0.012051005718225134,21
20260909,tawm_h15,225,recursive,position_available_values,13.776149776149778,21
20260909,tawm_h15,225,recursive,position_mse,0.01899469831495233,21
20260909,tawm_h15,225,recursive,motion_available_values,13.746845746845747,21
20260909,tawm_h15,225,recursive,motion_mse,0.007028111202308622,21
20260909,tawm_h15,225,recursive,parsed_pig_count_absolute_error,0.2204114045985626,21
20260909,tawm_h15,225,recursive,parsed_block_count_absolute_error,0.2107457799272073,21
20260909,tawm_h15,600,recursive,mean_available_candidates,11.476190476190476,21
20260909,tawm_h15,600,recursive,carrier_mse,0.19198696248052202,21
20260909,tawm_h15,600,recursive,history_available_mse,0.05354050828860563,21
20260909,tawm_h15,600,recursive,prior_elapsed_seconds_mse,0.027359756150684866,21
20260909,tawm_h15,600,recursive,availability_bits_mse,0.19201606198093357,21
20260909,tawm_h15,600,recursive,presence_available_values,18.0,21
20260909,tawm_h15,600,recursive,presence_mse,0.19800634757740124,21
20260909,tawm_h15,600,recursive,kind_available_values,36.0,21
20260909,tawm_h15,600,recursive,kind_mse,0.16738419621809586,21
20260909,tawm_h15,600,recursive,position_available_values,13.383394383394384,21
20260909,tawm_h15,600,recursive,position_mse,0.16624548086158358,21
20260909,tawm_h15,600,recursive,motion_available_values,13.368742368742367,21
20260909,tawm_h15,600,recursive,motion_mse,0.7517685744407023,21
20260909,tawm_h15,600,recursive,parsed_pig_count_absolute_error,0.565172852820224,21
20260909,tawm_h15,600,recursive,parsed_block_count_absolute_error,0.2715893378653219,21
20260909,tawm_h15,15,local,mean_available_candidates,11.476190476190476,21
20260909,tawm_h15,15,local,carrier_mse,0.006224054664506805,21
20260909,tawm_h15,15,local,history_available_mse,0.020074127178685106,21
20260909,tawm_h15,15,local,prior_elapsed_seconds_mse,4.4006913737116845e-05,21
20260909,tawm_h15,15,local,availability_bits_mse,0.011837509174690144,21
20260909,tawm_h15,15,local,presence_available_values,18.0,21
20260909,tawm_h15,15,local,presence_mse,0.003269800258323867,21
20260909,tawm_h15,15,local,kind_available_values,36.0,21
20260909,tawm_h15,15,local,kind_mse,0.0005719922788527581,21
20260909,tawm_h15,15,local,position_available_values,13.992673992673994,21
20260909,tawm_h15,15,local,position_mse,0.011402657317764402,21
20260909,tawm_h15,15,local,motion_available_values,13.956043956043956,21
20260909,tawm_h15,15,local,motion_mse,0.007131456622449965,21
20260909,tawm_h15,15,local,parsed_pig_count_absolute_error,0.09884588883519636,21
20260909,tawm_h15,15,local,parsed_block_count_absolute_error,0.1377756747991893,21
20260909,tawm_h15,30,local,mean_available_candidates,11.476190476190476,21
20260909,tawm_h15,30,local,carrier_mse,0.0012643147113071702,21
20260909,tawm_h15,30,local,history_available_mse,0.000376368148366884,21
20260909,tawm_h15,30,local,prior_elapsed_seconds_mse,7.041046269419017e-06,21
20260909,tawm_h15,30,local,availability_bits_mse,0.002318421258126007,21
20260909,tawm_h15,30,local,presence_available_values,18.0,21
20260909,tawm_h15,30,local,presence_mse,0.0004310540894684414,21
20260909,tawm_h15,30,local,kind_available_values,36.0,21
20260909,tawm_h15,30,local,kind_mse,0.00014020421912657022,21
20260909,tawm_h15,30,local,position_available_values,14.014652014652013,21
20260909,tawm_h15,30,local,position_mse,0.0017833697182674405,21
20260909,tawm_h15,30,local,motion_available_values,14.014652014652013,21
20260909,tawm_h15,30,local,motion_mse,0.0017482200573748353,21
20260909,tawm_h15,30,local,parsed_pig_count_absolute_error,0.02807222049374993,21
20260909,tawm_h15,30,local,parsed_block_count_absolute_error,0.0420860291678549,21
20260909,tawm_h15,60,local,mean_available_candidates,11.476190476190476,21
20260909,tawm_h15,60,local,carrier_mse,0.0010419613541515216,21
20260909,tawm_h15,60,local,history_available_mse,0.00027606325288059467,21
20260909,tawm_h15,60,local,prior_elapsed_seconds_mse,6.101297609596367e-06,21
20260909,tawm_h15,60,local,availability_bits_mse,0.0018978518237129972,21
20260909,tawm_h15,60,local,presence_available_values,18.0,21
20260909,tawm_h15,60,local,presence_mse,0.00041168013310937496,21
20260909,tawm_h15,60,local,kind_available_values,36.0,21
20260909,tawm_h15,60,local,kind_mse,0.00019947815531308358,21
20260909,tawm_h15,60,local,position_available_values,13.941391941391942,21
20260909,tawm_h15,60,local,position_mse,0.0006683958452108126,21
20260909,tawm_h15,60,local,motion_available_values,13.912087912087914,21
20260909,tawm_h15,60,local,motion_mse,0.0011635512904895563,21
20260909,tawm_h15,60,local,parsed_pig_count_absolute_error,0.025048235115049094,21
20260909,tawm_h15,60,local,parsed_block_count_absolute_error,0.034603499722682785,21
20260909,tawm_h15,150,local,mean_available_candidates,11.476190476190476,21
20260909,tawm_h15,150,local,carrier_mse,0.0016032481224825142,21
20260909,tawm_h15,150,local,history_available_mse,0.00028189790762966113,21
20260909,tawm_h15,150,local,prior_elapsed_seconds_mse,6.5223637420985984e-06,21
20260909,tawm_h15,150,local,availability_bits_mse,0.002612932186627093,21
20260909,tawm_h15,150,local,presence_available_values,18.0,21
20260909,tawm_h15,150,local,presence_mse,0.0007749484994452687,21
20260909,tawm_h15,150,local,kind_available_values,36.0,21
20260909,tawm_h15,150,local,kind_mse,0.00016377665878319084,21
20260909,tawm_h15,150,local,position_available_values,13.834757834757832,21
20260909,tawm_h15,150,local,position_mse,0.0014590332741357035,21
20260909,tawm_h15,150,local,motion_available_values,13.787545787545788,21
20260909,tawm_h15,150,local,motion_mse,0.004994808903829985,21
20260909,tawm_h15,150,local,parsed_pig_count_absolute_error,0.027967150353623585,21
20260909,tawm_h15,150,local,parsed_block_count_absolute_error,0.05386812117735175,21
20260909,tawm_h15,225,local,mean_available_candidates,11.476190476190476,21
20260909,tawm_h15,225,local,carrier_mse,0.0024049762751367732,21
20260909,tawm_h15,225,local,history_available_mse,0.0002823818688085734,21
20260909,tawm_h15,225,local,prior_elapsed_seconds_mse,8.0604084042961e-06,21
20260909,tawm_h15,225,local,availability_bits_mse,0.004093772684284323,21
20260909,tawm_h15,225,local,presence_available_values,18.0,21
20260909,tawm_h15,225,local,presence_mse,0.0014955981299556026,21
20260909,tawm_h15,225,local,kind_available_values,36.0,21
20260909,tawm_h15,225,local,kind_mse,0.0004120494726559185,21
20260909,tawm_h15,225,local,position_available_values,13.776149776149778,21
20260909,tawm_h15,225,local,position_mse,0.0016816523389004256,21
20260909,tawm_h15,225,local,motion_available_values,13.746845746845747,21
20260909,tawm_h15,225,local,motion_mse,0.00395238972244059,21
20260909,tawm_h15,225,local,parsed_pig_count_absolute_error,0.037244659044583454,21
20260909,tawm_h15,225,local,parsed_block_count_absolute_error,0.08043794742756001,21
20260909,tawm_h15,600,local,mean_available_candidates,11.476190476190476,21
20260909,tawm_h15,600,local,carrier_mse,0.006738833048904829,21
20260909,tawm_h15,600,local,history_available_mse,0.0019863841911578325,21
20260909,tawm_h15,600,local,prior_elapsed_seconds_mse,0.000808434931743655,21
20260909,tawm_h15,600,local,availability_bits_mse,0.0016385695181454598,21
20260909,tawm_h15,600,local,presence_available_values,18.0,21
20260909,tawm_h15,600,local,presence_mse,0.0010312497048921756,21
20260909,tawm_h15,600,local,kind_available_values,36.0,21
20260909,tawm_h15,600,local,kind_mse,0.0006413381310742701,21
20260909,tawm_h15,600,local,position_available_values,13.383394383394384,21
20260909,tawm_h15,600,local,position_mse,0.0010617428765994832,21
20260909,tawm_h15,600,local,motion_available_values,13.368742368742367,21
20260909,tawm_h15,600,local,motion_mse,0.0983633175580383,21
20260909,tawm_h15,600,local,parsed_pig_count_absolute_error,0.027103922375122127,21
20260909,tawm_h15,600,local,parsed_block_count_absolute_error,0.031738793545162375,21
20260909,vlwm_h1,15,recursive,mean_available_candidates,11.476190476190476,21
20260909,vlwm_h1,15,recursive,carrier_mse,0.04242077296355845,21
20260909,vlwm_h1,15,recursive,history_available_mse,0.002300378309251376,21
20260909,vlwm_h1,15,recursive,prior_elapsed_seconds_mse,0.008818587552665921,21
20260909,vlwm_h1,15,recursive,availability_bits_mse,0.054049968800461,21
20260909,vlwm_h1,15,recursive,presence_available_values,18.0,21
20260909,vlwm_h1,15,recursive,presence_mse,0.05105391697415797,21
20260909,vlwm_h1,15,recursive,kind_available_values,36.0,21
20260909,vlwm_h1,15,recursive,kind_mse,0.032555154267042155,21
20260909,vlwm_h1,15,recursive,position_available_values,13.992673992673994,21
20260909,vlwm_h1,15,recursive,position_mse,0.042420917278628185,21
20260909,vlwm_h1,15,recursive,motion_available_values,13.956043956043956,21
20260909,vlwm_h1,15,recursive,motion_mse,0.007792428220492349,21
20260909,vlwm_h1,15,recursive,parsed_pig_count_absolute_error,0.11692189324878614,21
20260909,vlwm_h1,15,recursive,parsed_block_count_absolute_error,0.25602535734632437,21
20260909,vlwm_h1,30,recursive,mean_available_candidates,11.476190476190476,21
20260909,vlwm_h1,30,recursive,carrier_mse,1.6631371068525305,21
20260909,vlwm_h1,30,recursive,history_available_mse,2.0008041098874867,21
20260909,vlwm_h1,30,recursive,prior_elapsed_seconds_mse,0.4075589171813882,21
20260909,vlwm_h1,30,recursive,availability_bits_mse,1.9720569594560984,21
20260909,vlwm_h1,30,recursive,presence_available_values,18.0,21
20260909,vlwm_h1,30,recursive,presence_mse,2.0109696509369286,21
20260909,vlwm_h1,30,recursive,kind_available_values,36.0,21
20260909,vlwm_h1,30,recursive,kind_mse,1.412068979509549,21
20260909,vlwm_h1,30,recursive,position_available_values,14.014652014652013,21
20260909,vlwm_h1,30,recursive,position_mse,1.5109691393643019,21
20260909,vlwm_h1,30,recursive,motion_available_values,14.014652014652013,21
20260909,vlwm_h1,30,recursive,motion_mse,0.15717051796107612,21
20260909,vlwm_h1,30,recursive,parsed_pig_count_absolute_error,0.4084843130194618,21
20260909,vlwm_h1,30,recursive,parsed_block_count_absolute_error,0.6327699030500258,21
20260909,vlwm_h1,60,recursive,mean_available_candidates,11.476190476190476,21
20260909,vlwm_h1,60,recursive,carrier_mse,201.34925690216676,21
20260909,vlwm_h1,60,recursive,history_available_mse,528.2925512484838,21
20260909,vlwm_h1,60,recursive,prior_elapsed_seconds_mse,127.06507912087244,21
20260909,vlwm_h1,60,recursive,availability_bits_mse,232.2046713473181,21
20260909,vlwm_h1,60,recursive,presence_available_values,18.0,21
20260909,vlwm_h1,60,recursive,presence_mse,267.5206850379122,21
20260909,vlwm_h1,60,recursive,kind_available_values,36.0,21
20260909,vlwm_h1,60,recursive,kind_mse,210.7462879100033,21
20260909,vlwm_h1,60,recursive,position_available_values,13.941391941391942,21
20260909,vlwm_h1,60,recursive,position_mse,171.63282806140168,21
20260909,vlwm_h1,60,recursive,motion_available_values,13.912087912087914,21
20260909,vlwm_h1,60,recursive,motion_mse,14.97714877674652,21
20260909,vlwm_h1,60,recursive,parsed_pig_count_absolute_error,0.6253731678339484,21
20260909,vlwm_h1,60,recursive,parsed_block_count_absolute_error,1.5119650476793165,21
20260909,vlwm_h1,150,recursive,mean_available_candidates,11.476190476190476,21
20260909,vlwm_h1,150,recursive,carrier_mse,3477.3594734574963,21
20260909,vlwm_h1,150,recursive,history_available_mse,10172.25603696795,21
20260909,vlwm_h1,150,recursive,prior_elapsed_seconds_mse,2832.3882094654346,21
20260909,vlwm_h1,150,recursive,availability_bits_mse,3918.5560085756624,21
20260909,vlwm_h1,150,recursive,presence_available_values,18.0,21
20260909,vlwm_h1,150,recursive,presence_mse,4521.754558475017,21
20260909,vlwm_h1,150,recursive,kind_available_values,36.0,21
20260909,vlwm_h1,150,recursive,kind_mse,3713.5047767038736,21
20260909,vlwm_h1,150,recursive,position_available_values,13.834757834757832,21
20260909,vlwm_h1,150,recursive,position_mse,2991.552697113,21
20260909,vlwm_h1,150,recursive,motion_available_values,13.787545787545788,21
20260909,vlwm_h1,150,recursive,motion_mse,250.97189783025811,21
20260909,vlwm_h1,150,recursive,parsed_pig_count_absolute_error,0.6422742564985051,21
20260909,vlwm_h1,150,recursive,parsed_block_count_absolute_error,1.1052322087896762,21
20260909,vlwm_h1,225,recursive,mean_available_candidates,11.476190476190476,21
20260909,vlwm_h1,225,recursive,carrier_mse,9305.939529464675,21
20260909,vlwm_h1,225,recursive,history_available_mse,27261.237198438863,21
20260909,vlwm_h1,225,recursive,prior_elapsed_seconds_mse,7822.407565217623,21
20260909,vlwm_h1,225,recursive,availability_bits_mse,10416.70922697998,21
20260909,vlwm_h1,225,recursive,presence_available_values,18.0,21
20260909,vlwm_h1,225,recursive,presence_mse,12243.439908796354,21
20260909,vlwm_h1,225,recursive,kind_available_values,36.0,21
20260909,vlwm_h1,225,recursive,kind_mse,9940.068387386991,21
20260909,vlwm_h1,225,recursive,position_available_values,13.776149776149778,21
20260909,vlwm_h1,225,recursive,position_mse,8212.716284407326,21
20260909,vlwm_h1,225,recursive,motion_available_values,13.746845746845747,21
20260909,vlwm_h1,225,recursive,motion_mse,696.3980079555182,21
20260909,vlwm_h1,225,recursive,parsed_pig_count_absolute_error,0.6226292117410773,21
20260909,vlwm_h1,225,recursive,parsed_block_count_absolute_error,1.0170356292324025,21
20260909,vlwm_h1,600,recursive,mean_available_candidates,11.476190476190476,21
20260909,vlwm_h1,600,recursive,carrier_mse,79377.89892652199,21
20260909,vlwm_h1,600,recursive,history_available_mse,226114.58364523202,21
20260909,vlwm_h1,600,recursive,prior_elapsed_seconds_mse,73197.6153561427,21
20260909,vlwm_h1,600,recursive,availability_bits_mse,87104.29763133277,21
20260909,vlwm_h1,600,recursive,presence_available_values,18.0,21
20260909,vlwm_h1,600,recursive,presence_mse,110125.55943297155,21
20260909,vlwm_h1,600,recursive,kind_available_values,36.0,21
20260909,vlwm_h1,600,recursive,kind_mse,86223.71765669227,21
20260909,vlwm_h1,600,recursive,position_available_values,13.383394383394384,21
20260909,vlwm_h1,600,recursive,position_mse,72084.38106486251,21
20260909,vlwm_h1,600,recursive,motion_available_values,13.368742368742367,21
20260909,vlwm_h1,600,recursive,motion_mse,6453.710946438363,21
20260909,vlwm_h1,600,recursive,parsed_pig_count_absolute_error,0.6026038287361722,21
20260909,vlwm_h1,600,recursive,parsed_block_count_absolute_error,1.0188961743196965,21
20260909,vlwm_h1,15,local,mean_available_candidates,11.476190476190476,21
20260909,vlwm_h1,15,local,carrier_mse,0.0008500579380311639,21
20260909,vlwm_h1,15,local,history_available_mse,0.00018137094967690727,21
20260909,vlwm_h1,15,local,prior_elapsed_seconds_mse,5.901693365651743e-05,21
20260909,vlwm_h1,15,local,availability_bits_mse,0.0011309625191311065,21
20260909,vlwm_h1,15,local,presence_available_values,18.0,21
20260909,vlwm_h1,15,local,presence_mse,0.00017808890126164053,21
20260909,vlwm_h1,15,local,kind_available_values,36.0,21
20260909,vlwm_h1,15,local,kind_mse,0.00013577066046265636,21
20260909,vlwm_h1,15,local,position_available_values,13.992673992673994,21
20260909,vlwm_h1,15,local,position_mse,0.0008371341055422282,21
20260909,vlwm_h1,15,local,motion_available_values,13.956043956043956,21
20260909,vlwm_h1,15,local,motion_mse,0.0041108131657797455,21
20260909,vlwm_h1,15,local,parsed_pig_count_absolute_error,0.01248563009227368,21
20260909,vlwm_h1,15,local,parsed_block_count_absolute_error,0.01956856285277044,21
20260909,vlwm_h1,30,local,mean_available_candidates,11.476190476190476,21
20260909,vlwm_h1,30,local,carrier_mse,0.0002377228574016134,21
20260909,vlwm_h1,30,local,history_available_mse,0.00015366659151487474,21
20260909,vlwm_h1,30,local,prior_elapsed_seconds_mse,5.511532246872269e-05,21
20260909,vlwm_h1,30,local,availability_bits_mse,0.0003608285132375076,21
20260909,vlwm_h1,30,local,presence_available_values,18.0,21
20260909,vlwm_h1,30,local,presence_mse,0.00011354829596467401,21
20260909,vlwm_h1,30,local,kind_available_values,36.0,21
20260909,vlwm_h1,30,local,kind_mse,8.466030914703361e-05,21
20260909,vlwm_h1,30,local,position_available_values,14.014652014652013,21
20260909,vlwm_h1,30,local,position_mse,0.00012387677578218462,21
20260909,vlwm_h1,30,local,motion_available_values,14.014652014652013,21
20260909,vlwm_h1,30,local,motion_mse,0.0004471658176213605,21
20260909,vlwm_h1,30,local,parsed_pig_count_absolute_error,0.007595617431487995,21
20260909,vlwm_h1,30,local,parsed_block_count_absolute_error,0.011457306069654151,21
20260909,vlwm_h1,60,local,mean_available_candidates,11.476190476190476,21
20260909,vlwm_h1,60,local,carrier_mse,0.00035940067591214056,21
20260909,vlwm_h1,60,local,history_available_mse,0.00015328046635434674,21
20260909,vlwm_h1,60,local,prior_elapsed_seconds_mse,5.695131375681122e-05,21
20260909,vlwm_h1,60,local,availability_bits_mse,0.0005829914564644453,21
20260909,vlwm_h1,60,local,presence_available_values,18.0,21
20260909,vlwm_h1,60,local,presence_mse,0.00011785049363289005,21
20260909,vlwm_h1,60,local,kind_available_values,36.0,21
20260909,vlwm_h1,60,local,kind_mse,8.656161589458425e-05,21
20260909,vlwm_h1,60,local,position_available_values,13.941391941391942,21
20260909,vlwm_h1,60,local,position_mse,0.000372174936611574,21
20260909,vlwm_h1,60,local,motion_available_values,13.912087912087914,21
20260909,vlwm_h1,60,local,motion_mse,0.0005952905509423514,21
20260909,vlwm_h1,60,local,parsed_pig_count_absolute_error,0.008802251042886722,21
20260909,vlwm_h1,60,local,parsed_block_count_absolute_error,0.012161640996395226,21
20260909,vlwm_h1,150,local,mean_available_candidates,11.476190476190476,21
20260909,vlwm_h1,150,local,carrier_mse,0.0005761223688302795,21
20260909,vlwm_h1,150,local,history_available_mse,0.0001591875577675528,21
20260909,vlwm_h1,150,local,prior_elapsed_seconds_mse,5.4055297177091945e-05,21
20260909,vlwm_h1,150,local,availability_bits_mse,0.0006425375418866394,21
20260909,vlwm_h1,150,local,presence_available_values,18.0,21
20260909,vlwm_h1,150,local,presence_mse,0.00021010518802645794,21
20260909,vlwm_h1,150,local,kind_available_values,36.0,21
20260909,vlwm_h1,150,local,kind_mse,9.316866422237732e-05,21
20260909,vlwm_h1,150,local,position_available_values,13.834757834757832,21
20260909,vlwm_h1,150,local,position_mse,0.0008058826497204471,21
20260909,vlwm_h1,150,local,motion_available_values,13.787545787545788,21
20260909,vlwm_h1,150,local,motion_mse,0.0037387809450114226,21
20260909,vlwm_h1,150,local,parsed_pig_count_absolute_error,0.010639268234456219,21
20260909,vlwm_h1,150,local,parsed_block_count_absolute_error,0.01707618913569531,21
20260909,vlwm_h1,225,local,mean_available_candidates,11.476190476190476,21
20260909,vlwm_h1,225,local,carrier_mse,0.0005741176154654966,21
20260909,vlwm_h1,225,local,history_available_mse,0.00014911206906546956,21
20260909,vlwm_h1,225,local,prior_elapsed_seconds_mse,6.182462249085695e-05,21
20260909,vlwm_h1,225,local,availability_bits_mse,0.000715628406237345,21
20260909,vlwm_h1,225,local,presence_available_values,18.0,21
20260909,vlwm_h1,225,local,presence_mse,0.0001979719162289929,21
20260909,vlwm_h1,225,local,kind_available_values,36.0,21
20260909,vlwm_h1,225,local,kind_mse,0.00020420112095167212,21
20260909,vlwm_h1,225,local,position_available_values,13.776149776149778,21
20260909,vlwm_h1,225,local,position_mse,0.0005348156676686443,21
20260909,vlwm_h1,225,local,motion_available_values,13.746845746845747,21
20260909,vlwm_h1,225,local,motion_mse,0.002437110107701406,21
20260909,vlwm_h1,225,local,parsed_pig_count_absolute_error,0.009943692692083984,21
20260909,vlwm_h1,225,local,parsed_block_count_absolute_error,0.027151467674257627,21
20260909,vlwm_h1,600,local,mean_available_candidates,11.476190476190476,21
20260909,vlwm_h1,600,local,carrier_mse,0.00793755780154615,21
20260909,vlwm_h1,600,local,history_available_mse,0.0008212969174078004,21
20260909,vlwm_h1,600,local,prior_elapsed_seconds_mse,0.0010106550998159422,21
20260909,vlwm_h1,600,local,availability_bits_mse,0.0007267164446736288,21
20260909,vlwm_h1,600,local,presence_available_values,18.0,21
20260909,vlwm_h1,600,local,presence_mse,0.0005969442764311107,21
20260909,vlwm_h1,600,local,kind_available_values,36.0,21
20260909,vlwm_h1,600,local,kind_mse,0.0004463583447665771,21
20260909,vlwm_h1,600,local,position_available_values,13.383394383394384,21
20260909,vlwm_h1,600,local,position_mse,0.0006573566479923939,21
20260909,vlwm_h1,600,local,motion_available_values,13.368742368742367,21
20260909,vlwm_h1,600,local,motion_mse,0.1358799830504734,21
20260909,vlwm_h1,600,local,parsed_pig_count_absolute_error,0.01215789058037345,21
20260909,vlwm_h1,600,local,parsed_block_count_absolute_error,0.01846686859292646,21
20260909,vlwm_h5,15,recursive,mean_available_candidates,11.476190476190476,21
20260909,vlwm_h5,15,recursive,carrier_mse,0.006929243383563524,21
20260909,vlwm_h5,15,recursive,history_available_mse,0.023274040672510807,21
20260909,vlwm_h5,15,recursive,prior_elapsed_seconds_mse,0.0011024632999044345,21
20260909,vlwm_h5,15,recursive,availability_bits_mse,0.01257593807342104,21
20260909,vlwm_h5,15,recursive,presence_available_values,18.0,21
20260909,vlwm_h5,15,recursive,presence_mse,0.004389023418828478,21
20260909,vlwm_h5,15,recursive,kind_available_values,36.0,21
20260909,vlwm_h5,15,recursive,kind_mse,0.0015255880806471923,21
20260909,vlwm_h5,15,recursive,position_available_values,13.992673992673994,21
20260909,vlwm_h5,15,recursive,position_mse,0.01105392479464046,21
20260909,vlwm_h5,15,recursive,motion_available_values,13.956043956043956,21
20260909,vlwm_h5,15,recursive,motion_mse,0.004497571719163434,21
20260909,vlwm_h5,15,recursive,parsed_pig_count_absolute_error,0.09366880716851712,21
20260909,vlwm_h5,15,recursive,parsed_block_count_absolute_error,0.11710633101136748,21
20260909,vlwm_h5,30,recursive,mean_available_candidates,11.476190476190476,21
20260909,vlwm_h5,30,recursive,carrier_mse,0.00985949185407955,21
20260909,vlwm_h5,30,recursive,history_available_mse,0.014261799422160545,21
20260909,vlwm_h5,30,recursive,prior_elapsed_seconds_mse,0.003319316992098507,21
20260909,vlwm_h5,30,recursive,availability_bits_mse,0.016688059665242092,21
20260909,vlwm_h5,30,recursive,presence_available_values,18.0,21
20260909,vlwm_h5,30,recursive,presence_mse,0.00811813630762532,21
20260909,vlwm_h5,30,recursive,kind_available_values,36.0,21
20260909,vlwm_h5,30,recursive,kind_mse,0.003938824506307414,21
20260909,vlwm_h5,30,recursive,position_available_values,14.014652014652013,21
20260909,vlwm_h5,30,recursive,position_mse,0.013043084052049018,21
20260909,vlwm_h5,30,recursive,motion_available_values,14.014652014652013,21
20260909,vlwm_h5,30,recursive,motion_mse,0.0007257484623874056,21
20260909,vlwm_h5,30,recursive,parsed_pig_count_absolute_error,0.1041487468417654,21
20260909,vlwm_h5,30,recursive,parsed_block_count_absolute_error,0.13804982005215582,21
20260909,vlwm_h5,60,recursive,mean_available_candidates,11.476190476190476,21
20260909,vlwm_h5,60,recursive,carrier_mse,0.025400777052959827,21
20260909,vlwm_h5,60,recursive,history_available_mse,0.0034500930701159786,21
20260909,vlwm_h5,60,recursive,prior_elapsed_seconds_mse,0.007831368156915807,21
20260909,vlwm_h5,60,recursive,availability_bits_mse,0.035473165400011296,21
20260909,vlwm_h5,60,recursive,presence_available_values,18.0,21
20260909,vlwm_h5,60,recursive,presence_mse,0.027674294666556295,21
20260909,vlwm_h5,60,recursive,kind_available_values,36.0,21
20260909,vlwm_h5,60,recursive,kind_mse,0.01713335451444164,21
20260909,vlwm_h5,60,recursive,position_available_values,13.941391941391942,21
20260909,vlwm_h5,60,recursive,position_mse,0.025927037131686356,21
20260909,vlwm_h5,60,recursive,motion_available_values,13.912087912087914,21
20260909,vlwm_h5,60,recursive,motion_mse,0.002050722689711404,21
20260909,vlwm_h5,60,recursive,parsed_pig_count_absolute_error,0.1080140632978653,21
20260909,vlwm_h5,60,recursive,parsed_block_count_absolute_error,0.19293923545124997,21
20260909,vlwm_h5,150,recursive,mean_available_candidates,11.476190476190476,21
20260909,vlwm_h5,150,recursive,carrier_mse,1.8407372059480072,21
20260909,vlwm_h5,150,recursive,history_available_mse,2.0868648260478424,21
20260909,vlwm_h5,150,recursive,prior_elapsed_seconds_mse,0.4179793652723626,21
20260909,vlwm_h5,150,recursive,availability_bits_mse,2.198862792399512,21
20260909,vlwm_h5,150,recursive,presence_available_values,18.0,21
20260909,vlwm_h5,150,recursive,presence_mse,2.1894030399163196,21
20260909,vlwm_h5,150,recursive,kind_available_values,36.0,21
20260909,vlwm_h5,150,recursive,kind_mse,1.524062488271225,21
20260909,vlwm_h5,150,recursive,position_available_values,13.834757834757832,21
20260909,vlwm_h5,150,recursive,position_mse,1.6598027609121908,21
20260909,vlwm_h5,150,recursive,motion_available_values,13.787545787545788,21
20260909,vlwm_h5,150,recursive,motion_mse,0.17615902281274318,21
20260909,vlwm_h5,150,recursive,parsed_pig_count_absolute_error,0.36972997529009644,21
20260909,vlwm_h5,150,recursive,parsed_block_count_absolute_error,0.6411321946052202,21
20260909,vlwm_h5,225,recursive,mean_available_candidates,11.476190476190476,21
20260909,vlwm_h5,225,recursive,carrier_mse,51.820947873666036,21
20260909,vlwm_h5,225,recursive,history_available_mse,112.59101280185305,21
20260909,vlwm_h5,225,recursive,prior_elapsed_seconds_mse,26.146772236771863,21
20260909,vlwm_h5,225,recursive,availability_bits_mse,60.928285949638706,21
20260909,vlwm_h5,225,recursive,presence_available_values,18.0,21
20260909,vlwm_h5,225,recursive,presence_mse,68.56061144073077,21
20260909,vlwm_h5,225,recursive,kind_available_values,36.0,21
20260909,vlwm_h5,225,recursive,kind_mse,51.046739216742154,21
20260909,vlwm_h5,225,recursive,position_available_values,13.776149776149778,21
20260909,vlwm_h5,225,recursive,position_mse,48.65188492446697,21
20260909,vlwm_h5,225,recursive,motion_available_values,13.746845746845747,21
20260909,vlwm_h5,225,recursive,motion_mse,4.061982240368392,21
20260909,vlwm_h5,225,recursive,parsed_pig_count_absolute_error,0.7013134037395309,21
20260909,vlwm_h5,225,recursive,parsed_block_count_absolute_error,1.3418780994350445,21
20260909,vlwm_h5,600,recursive,mean_available_candidates,11.476190476190476,21
20260909,vlwm_h5,600,recursive,carrier_mse,1943.2173308405916,21
20260909,vlwm_h5,600,recursive,history_available_mse,5697.065153338957,21
20260909,vlwm_h5,600,recursive,prior_elapsed_seconds_mse,1676.6102443248628,21
20260909,vlwm_h5,600,recursive,availability_bits_mse,2204.349608335052,21
20260909,vlwm_h5,600,recursive,presence_available_values,18.0,21
20260909,vlwm_h5,600,recursive,presence_mse,2508.5801958751786,21
20260909,vlwm_h5,600,recursive,kind_available_values,36.0,21
20260909,vlwm_h5,600,recursive,kind_mse,2067.8885560816407,21
20260909,vlwm_h5,600,recursive,position_available_values,13.383394383394384,21
20260909,vlwm_h5,600,recursive,position_mse,1664.7107329429107,21
20260909,vlwm_h5,600,recursive,motion_available_values,13.368742368742367,21
20260909,vlwm_h5,600,recursive,motion_mse,136.12768721477292,21
20260909,vlwm_h5,600,recursive,parsed_pig_count_absolute_error,0.6026038287361722,21
20260909,vlwm_h5,600,recursive,parsed_block_count_absolute_error,1.2653610822111485,21
20260909,vlwm_h5,15,local,mean_available_candidates,11.476190476190476,21
20260909,vlwm_h5,15,local,carrier_mse,0.002113148716503679,21
20260909,vlwm_h5,15,local,history_available_mse,0.00018202980704107018,21
20260909,vlwm_h5,15,local,prior_elapsed_seconds_mse,6.092579445598796e-05,21
20260909,vlwm_h5,15,local,availability_bits_mse,0.003446804699566879,21
20260909,vlwm_h5,15,local,presence_available_values,18.0,21
20260909,vlwm_h5,15,local,presence_mse,0.0009697222917599733,21
20260909,vlwm_h5,15,local,kind_available_values,36.0,21
20260909,vlwm_h5,15,local,kind_mse,0.00027965265846623214,21
20260909,vlwm_h5,15,local,position_available_values,13.992673992673994,21
20260909,vlwm_h5,15,local,position_mse,0.0027154599228894007,21
20260909,vlwm_h5,15,local,motion_available_values,13.956043956043956,21
20260909,vlwm_h5,15,local,motion_mse,0.00473550547908112,21
20260909,vlwm_h5,15,local,parsed_pig_count_absolute_error,0.0262780248003437,21
20260909,vlwm_h5,15,local,parsed_block_count_absolute_error,0.05959515326775665,21
20260909,vlwm_h5,30,local,mean_available_candidates,11.476190476190476,21
20260909,vlwm_h5,30,local,carrier_mse,0.0003935427686936184,21
20260909,vlwm_h5,30,local,history_available_mse,0.00015006342496700297,21
20260909,vlwm_h5,30,local,prior_elapsed_seconds_mse,4.9762441428723465e-05,21
20260909,vlwm_h5,30,local,availability_bits_mse,0.0006870412854560875,21
20260909,vlwm_h5,30,local,presence_available_values,18.0,21
20260909,vlwm_h5,30,local,presence_mse,0.00012486482911014128,21
20260909,vlwm_h5,30,local,kind_available_values,36.0,21
20260909,vlwm_h5,30,local,kind_mse,0.0001254400269589662,21
20260909,vlwm_h5,30,local,position_available_values,14.014652014652013,21
20260909,vlwm_h5,30,local,position_mse,0.00027494915941708476,21
20260909,vlwm_h5,30,local,motion_available_values,14.014652014652013,21
20260909,vlwm_h5,30,local,motion_mse,0.00047784015783800145,21
20260909,vlwm_h5,30,local,parsed_pig_count_absolute_error,0.009102792762316117,21
20260909,vlwm_h5,30,local,parsed_block_count_absolute_error,0.015522896687745494,21
20260909,vlwm_h5,60,local,mean_available_candidates,11.476190476190476,21
20260909,vlwm_h5,60,local,carrier_mse,0.00038337144180370525,21
20260909,vlwm_h5,60,local,history_available_mse,0.00014654024680407318,21
20260909,vlwm_h5,60,local,prior_elapsed_seconds_mse,5.00230758906424e-05,21
20260909,vlwm_h5,60,local,availability_bits_mse,0.0006496879707908431,21
20260909,vlwm_h5,60,local,presence_available_values,18.0,21
20260909,vlwm_h5,60,local,presence_mse,0.00012752088983226635,21
20260909,vlwm_h5,60,local,kind_available_values,36.0,21
20260909,vlwm_h5,60,local,kind_mse,0.00012227518938121056,21
20260909,vlwm_h5,60,local,position_available_values,13.941391941391942,21
20260909,vlwm_h5,60,local,position_mse,0.00026943144010414404,21
20260909,vlwm_h5,60,local,motion_available_values,13.912087912087914,21
20260909,vlwm_h5,60,local,motion_mse,0.0005993195562790578,21
20260909,vlwm_h5,60,local,parsed_pig_count_absolute_error,0.009753165049367797,21
20260909,vlwm_h5,60,local,parsed_block_count_absolute_error,0.014841167975394774,21
20260909,vlwm_h5,150,local,mean_available_candidates,11.476190476190476,21
20260909,vlwm_h5,150,local,carrier_mse,0.0009403757974440158,21
20260909,vlwm_h5,150,local,history_available_mse,0.00017857128251345995,21
20260909,vlwm_h5,150,local,prior_elapsed_seconds_mse,5.117207713013143e-05,21
20260909,vlwm_h5,150,local,availability_bits_mse,0.0013648524097262659,21
20260909,vlwm_h5,150,local,presence_available_values,18.0,21
20260909,vlwm_h5,150,local,presence_mse,0.0003596041617747608,21
20260909,vlwm_h5,150,local,kind_available_values,36.0,21
20260909,vlwm_h5,150,local,kind_mse,0.00014112897355517313,21
20260909,vlwm_h5,150,local,position_available_values,13.834757834757832,21
20260909,vlwm_h5,150,local,position_mse,0.0011705270819618759,21
20260909,vlwm_h5,150,local,motion_available_values,13.787545787545788,21
20260909,vlwm_h5,150,local,motion_mse,0.0037281202734413426,21
20260909,vlwm_h5,150,local,parsed_pig_count_absolute_error,0.012496642505495545,21
20260909,vlwm_h5,150,local,parsed_block_count_absolute_error,0.033115282985017036,21
20260909,vlwm_h5,225,local,mean_available_candidates,11.476190476190476,21
20260909,vlwm_h5,225,local,carrier_mse,0.000979180120563808,21
20260909,vlwm_h5,225,local,history_available_mse,0.0001478661116014326,21
20260909,vlwm_h5,225,local,prior_elapsed_seconds_mse,5.297838783820815e-05,21
20260909,vlwm_h5,225,local,availability_bits_mse,0.001537553900482613,21
20260909,vlwm_h5,225,local,presence_available_values,18.0,21
20260909,vlwm_h5,225,local,presence_mse,0.0004635741237672276,21
20260909,vlwm_h5,225,local,kind_available_values,36.0,21
20260909,vlwm_h5,225,local,kind_mse,0.000185085797540713,21
20260909,vlwm_h5,225,local,position_available_values,13.776149776149778,21
20260909,vlwm_h5,225,local,position_mse,0.0007510351302168086,21
20260909,vlwm_h5,225,local,motion_available_values,13.746845746845747,21
20260909,vlwm_h5,225,local,motion_mse,0.0024626572463237366,21
20260909,vlwm_h5,225,local,parsed_pig_count_absolute_error,0.01321620508527677,21
20260909,vlwm_h5,225,local,parsed_block_count_absolute_error,0.04930582689639973,21
20260909,vlwm_h5,600,local,mean_available_candidates,11.476190476190476,21
20260909,vlwm_h5,600,local,carrier_mse,0.008081840526352234,21
20260909,vlwm_h5,600,local,history_available_mse,0.0008155177678228925,21
20260909,vlwm_h5,600,local,prior_elapsed_seconds_mse,0.001013914022238013,21
20260909,vlwm_h5,600,local,availability_bits_mse,0.0008344936576598409,21
20260909,vlwm_h5,600,local,presence_available_values,18.0,21
20260909,vlwm_h5,600,local,presence_mse,0.0006081794122067727,21
20260909,vlwm_h5,600,local,kind_available_values,36.0,21
20260909,vlwm_h5,600,local,kind_mse,0.0004712027443584642,21
20260909,vlwm_h5,600,local,position_available_values,13.383394383394384,21
20260909,vlwm_h5,600,local,position_mse,0.0006774635720829927,21
20260909,vlwm_h5,600,local,motion_available_values,13.368742368742367,21
20260909,vlwm_h5,600,local,motion_mse,0.13746668269667306,21
20260909,vlwm_h5,600,local,parsed_pig_count_absolute_error,0.012316865436211749,21
20260909,vlwm_h5,600,local,parsed_block_count_absolute_error,0.018882596193277538,21
20260909,vlwm_h15,15,recursive,mean_available_candidates,11.476190476190476,21
20260909,vlwm_h15,15,recursive,carrier_mse,0.006321505049896387,21
20260909,vlwm_h15,15,recursive,history_available_mse,0.04421779435360387,21
20260909,vlwm_h15,15,recursive,prior_elapsed_seconds_mse,0.00029157582930212694,21
20260909,vlwm_h15,15,recursive,availability_bits_mse,0.011936055185155994,21
20260909,vlwm_h15,15,recursive,presence_available_values,18.0,21
20260909,vlwm_h15,15,recursive,presence_mse,0.0033853351706140313,21
20260909,vlwm_h15,15,recursive,kind_available_values,36.0,21
20260909,vlwm_h15,15,recursive,kind_mse,0.0006978131709347721,21
20260909,vlwm_h15,15,recursive,position_available_values,13.992673992673994,21
20260909,vlwm_h15,15,recursive,position_mse,0.011405341172302177,21
20260909,vlwm_h15,15,recursive,motion_available_values,13.956043956043956,21
20260909,vlwm_h15,15,recursive,motion_mse,0.005033084349190013,21
20260909,vlwm_h15,15,recursive,parsed_pig_count_absolute_error,0.08565054949298989,21
20260909,vlwm_h15,15,recursive,parsed_block_count_absolute_error,0.1103129491613016,21
20260909,vlwm_h15,30,recursive,mean_available_candidates,11.476190476190476,21
20260909,vlwm_h15,30,recursive,carrier_mse,0.00643359602584919,21
20260909,vlwm_h15,30,recursive,history_available_mse,0.029023491593177457,21
20260909,vlwm_h15,30,recursive,prior_elapsed_seconds_mse,0.0006748140042445195,21
20260909,vlwm_h15,30,recursive,availability_bits_mse,0.01247351663274586,21
20260909,vlwm_h15,30,recursive,presence_available_values,18.0,21
20260909,vlwm_h15,30,recursive,presence_mse,0.004036841734038689,21
20260909,vlwm_h15,30,recursive,kind_available_values,36.0,21
20260909,vlwm_h15,30,recursive,kind_mse,0.0010295951894544182,21
20260909,vlwm_h15,30,recursive,position_available_values,14.014652014652013,21
20260909,vlwm_h15,30,recursive,position_mse,0.0116200292917041,21
20260909,vlwm_h15,30,recursive,motion_available_values,14.014652014652013,21
20260909,vlwm_h15,30,recursive,motion_mse,0.0006015014693041192,21
20260909,vlwm_h15,30,recursive,parsed_pig_count_absolute_error,0.09425213034128804,21
20260909,vlwm_h15,30,recursive,parsed_block_count_absolute_error,0.11590405765267674,21
20260909,vlwm_h15,60,recursive,mean_available_candidates,11.476190476190476,21
20260909,vlwm_h15,60,recursive,carrier_mse,0.007605349668375299,21
20260909,vlwm_h15,60,recursive,history_available_mse,0.01913359562673827,21
20260909,vlwm_h15,60,recursive,prior_elapsed_seconds_mse,0.0019227971364838901,21
20260909,vlwm_h15,60,recursive,availability_bits_mse,0.013829347738019424,21
20260909,vlwm_h15,60,recursive,presence_available_values,18.0,21
20260909,vlwm_h15,60,recursive,presence_mse,0.005437652400120564,21
20260909,vlwm_h15,60,recursive,kind_available_values,36.0,21
20260909,vlwm_h15,60,recursive,kind_mse,0.0022801122445271077,21
20260909,vlwm_h15,60,recursive,position_available_values,13.941391941391942,21
20260909,vlwm_h15,60,recursive,position_mse,0.011095241072023008,21
20260909,vlwm_h15,60,recursive,motion_available_values,13.912087912087914,21
20260909,vlwm_h15,60,recursive,motion_mse,0.0007901296925805658,21
20260909,vlwm_h15,60,recursive,parsed_pig_count_absolute_error,0.10036358970925573,21
20260909,vlwm_h15,60,recursive,parsed_block_count_absolute_error,0.10038792930534324,21
20260909,vlwm_h15,150,recursive,mean_available_candidates,11.476190476190476,21
20260909,vlwm_h15,150,recursive,carrier_mse,0.0204045450289621,21
20260909,vlwm_h15,150,recursive,history_available_mse,0.006941236168961324,21
20260909,vlwm_h15,150,recursive,prior_elapsed_seconds_mse,0.007370178585575091,21
20260909,vlwm_h15,150,recursive,availability_bits_mse,0.030169727475635903,21
20260909,vlwm_h15,150,recursive,presence_available_values,18.0,21
20260909,vlwm_h15,150,recursive,presence_mse,0.021478836106316797,21
20260909,vlwm_h15,150,recursive,kind_available_values,36.0,21
20260909,vlwm_h15,150,recursive,kind_mse,0.011711256434160024,21
20260909,vlwm_h15,150,recursive,position_available_values,13.834757834757832,21
20260909,vlwm_h15,150,recursive,position_mse,0.02220164692958991,21
20260909,vlwm_h15,150,recursive,motion_available_values,13.787545787545788,21
20260909,vlwm_h15,150,recursive,motion_mse,0.004583798976700588,21
20260909,vlwm_h15,150,recursive,parsed_pig_count_absolute_error,0.11571121054810779,21
20260909,vlwm_h15,150,recursive,parsed_block_count_absolute_error,0.19540234703577358,21
20260909,vlwm_h15,225,recursive,mean_available_candidates,11.476190476190476,21
20260909,vlwm_h15,225,recursive,carrier_mse,0.04938517620897776,21
20260909,vlwm_h15,225,recursive,history_available_mse,0.003553089744576508,21
20260909,vlwm_h15,225,recursive,prior_elapsed_seconds_mse,0.01144031251373927,21
20260909,vlwm_h15,225,recursive,availability_bits_mse,0.06421495737892433,21
20260909,vlwm_h15,225,recursive,presence_available_values,18.0,21
20260909,vlwm_h15,225,recursive,presence_mse,0.05941407330165751,21
20260909,vlwm_h15,225,recursive,kind_available_values,36.0,21
20260909,vlwm_h15,225,recursive,kind_mse,0.036899166233061866,21
20260909,vlwm_h15,225,recursive,position_available_values,13.776149776149778,21
20260909,vlwm_h15,225,recursive,position_mse,0.0490573694409219,21
20260909,vlwm_h15,225,recursive,motion_available_values,13.746845746845747,21
20260909,vlwm_h15,225,recursive,motion_mse,0.006506944447352429,21
20260909,vlwm_h15,225,recursive,parsed_pig_count_absolute_error,0.12903059321425436,21
20260909,vlwm_h15,225,recursive,parsed_block_count_absolute_error,0.28438704468771075,21
20260909,vlwm_h15,600,recursive,mean_available_candidates,11.476190476190476,21
20260909,vlwm_h15,600,recursive,carrier_mse,28.32760832485888,21
20260909,vlwm_h15,600,recursive,history_available_mse,49.542524324148154,21
20260909,vlwm_h15,600,recursive,prior_elapsed_seconds_mse,14.805023400676177,21
20260909,vlwm_h15,600,recursive,availability_bits_mse,34.037361442903816,21
20260909,vlwm_h15,600,recursive,presence_available_values,18.0,21
20260909,vlwm_h15,600,recursive,presence_mse,35.49027194786968,21
20260909,vlwm_h15,600,recursive,kind_available_values,36.0,21
20260909,vlwm_h15,600,recursive,kind_mse,25.834617509664433,21
20260909,vlwm_h15,600,recursive,position_available_values,13.383394383394384,21
20260909,vlwm_h15,600,recursive,position_mse,28.883865307556583,21
20260909,vlwm_h15,600,recursive,motion_available_values,13.368742368742367,21
20260909,vlwm_h15,600,recursive,motion_mse,3.1804336588523063,21
20260909,vlwm_h15,600,recursive,parsed_pig_count_absolute_error,0.4741972781624118,21
20260909,vlwm_h15,600,recursive,parsed_block_count_absolute_error,1.3515230386640995,21
20260909,vlwm_h15,15,local,mean_available_candidates,11.476190476190476,21
20260909,vlwm_h15,15,local,carrier_mse,0.006321505049896387,21
20260909,vlwm_h15,15,local,history_available_mse,0.04421779435360387,21
20260909,vlwm_h15,15,local,prior_elapsed_seconds_mse,0.00029157582930212694,21
20260909,vlwm_h15,15,local,availability_bits_mse,0.011936055185155994,21
20260909,vlwm_h15,15,local,presence_available_values,18.0,21
20260909,vlwm_h15,15,local,presence_mse,0.0033853351706140313,21
20260909,vlwm_h15,15,local,kind_available_values,36.0,21
20260909,vlwm_h15,15,local,kind_mse,0.0006978131709347721,21
20260909,vlwm_h15,15,local,position_available_values,13.992673992673994,21
20260909,vlwm_h15,15,local,position_mse,0.011405341172302177,21
20260909,vlwm_h15,15,local,motion_available_values,13.956043956043956,21
20260909,vlwm_h15,15,local,motion_mse,0.005033084349190013,21
20260909,vlwm_h15,15,local,parsed_pig_count_absolute_error,0.08565054949298989,21
20260909,vlwm_h15,15,local,parsed_block_count_absolute_error,0.1103129491613016,21
20260909,vlwm_h15,30,local,mean_available_candidates,11.476190476190476,21
20260909,vlwm_h15,30,local,carrier_mse,0.001133353676851073,21
20260909,vlwm_h15,30,local,history_available_mse,0.0002068118448430988,21
20260909,vlwm_h15,30,local,prior_elapsed_seconds_mse,4.271441930171148e-05,21
20260909,vlwm_h15,30,local,availability_bits_mse,0.0021886869538288076,21
20260909,vlwm_h15,30,local,presence_available_values,18.0,21
20260909,vlwm_h15,30,local,presence_mse,0.0003354053737112776,21
20260909,vlwm_h15,30,local,kind_available_values,36.0,21
20260909,vlwm_h15,30,local,kind_mse,0.00014854318567212056,21
20260909,vlwm_h15,30,local,position_available_values,14.014652014652013,21
20260909,vlwm_h15,30,local,position_mse,0.001813391930612298,21
20260909,vlwm_h15,30,local,motion_available_values,14.014652014652013,21
20260909,vlwm_h15,30,local,motion_mse,0.0004834027501215721,21
20260909,vlwm_h15,30,local,parsed_pig_count_absolute_error,0.015928734377019388,21
20260909,vlwm_h15,30,local,parsed_block_count_absolute_error,0.03852688262098024,21
20260909,vlwm_h15,60,local,mean_available_candidates,11.476190476190476,21
20260909,vlwm_h15,60,local,carrier_mse,0.0009661808093475539,21
20260909,vlwm_h15,60,local,history_available_mse,0.00014400986006809496,21
20260909,vlwm_h15,60,local,prior_elapsed_seconds_mse,4.2969865103418516e-05,21
20260909,vlwm_h15,60,local,availability_bits_mse,0.001788139281353757,21
20260909,vlwm_h15,60,local,presence_available_values,18.0,21
20260909,vlwm_h15,60,local,presence_mse,0.0003242739183994252,21
20260909,vlwm_h15,60,local,kind_available_values,36.0,21
20260909,vlwm_h15,60,local,kind_mse,0.0002153996600926011,21
20260909,vlwm_h15,60,local,position_available_values,13.941391941391942,21
20260909,vlwm_h15,60,local,position_mse,0.0006589208965589838,21
20260909,vlwm_h15,60,local,motion_available_values,13.912087912087914,21
20260909,vlwm_h15,60,local,motion_mse,0.0006148217182646843,21
20260909,vlwm_h15,60,local,parsed_pig_count_absolute_error,0.013081499080606443,21
20260909,vlwm_h15,60,local,parsed_block_count_absolute_error,0.03906975126991606,21
20260909,vlwm_h15,150,local,mean_available_candidates,11.476190476190476,21
20260909,vlwm_h15,150,local,carrier_mse,0.0015043490884708761,21
20260909,vlwm_h15,150,local,history_available_mse,0.00014723737358242664,21
20260909,vlwm_h15,150,local,prior_elapsed_seconds_mse,4.4124871590931786e-05,21
20260909,vlwm_h15,150,local,availability_bits_mse,0.00252195066664772,21
20260909,vlwm_h15,150,local,presence_available_values,18.0,21
20260909,vlwm_h15,150,local,presence_mse,0.0006846710054337653,21
20260909,vlwm_h15,150,local,kind_available_values,36.0,21
20260909,vlwm_h15,150,local,kind_mse,0.0001802557286815842,21
20260909,vlwm_h15,150,local,position_available_values,13.834757834757832,21
20260909,vlwm_h15,150,local,position_mse,0.0014486189140273985,21
20260909,vlwm_h15,150,local,motion_available_values,13.787545787545788,21
20260909,vlwm_h15,150,local,motion_mse,0.0038286029503838857,21
20260909,vlwm_h15,150,local,parsed_pig_count_absolute_error,0.016306793170713672,21
20260909,vlwm_h15,150,local,parsed_block_count_absolute_error,0.048525020995662124,21
20260909,vlwm_h15,225,local,mean_available_candidates,11.476190476190476,21
20260909,vlwm_h15,225,local,carrier_mse,0.0022594249944231934,21
20260909,vlwm_h15,225,local,history_available_mse,0.00015382240441381322,21
20260909,vlwm_h15,225,local,prior_elapsed_seconds_mse,4.474108119920166e-05,21
20260909,vlwm_h15,225,local,availability_bits_mse,0.003963985491173178,21
20260909,vlwm_h15,225,local,presence_available_values,18.0,21
20260909,vlwm_h15,225,local,presence_mse,0.0013890005406590204,21
20260909,vlwm_h15,225,local,kind_available_values,36.0,21
20260909,vlwm_h15,225,local,kind_mse,0.00042012365390691093,21
20260909,vlwm_h15,225,local,position_available_values,13.776149776149778,21
20260909,vlwm_h15,225,local,position_mse,0.001691887878647066,21
20260909,vlwm_h15,225,local,motion_available_values,13.746845746845747,21
20260909,vlwm_h15,225,local,motion_mse,0.0025386967694359893,21
20260909,vlwm_h15,225,local,parsed_pig_count_absolute_error,0.025461550141379508,21
20260909,vlwm_h15,225,local,parsed_block_count_absolute_error,0.08008134406432552,21
20260909,vlwm_h15,600,local,mean_available_candidates,11.476190476190476,21
20260909,vlwm_h15,600,local,carrier_mse,0.008425750747544312,21
20260909,vlwm_h15,600,local,history_available_mse,0.0008047373217277109,21
20260909,vlwm_h15,600,local,prior_elapsed_seconds_mse,0.0010244648086089425,21
20260909,vlwm_h15,600,local,availability_bits_mse,0.0011330217562957438,21
20260909,vlwm_h15,600,local,presence_available_values,18.0,21
20260909,vlwm_h15,600,local,presence_mse,0.0006700661657367842,21
20260909,vlwm_h15,600,local,kind_available_values,36.0,21
20260909,vlwm_h15,600,local,kind_mse,0.0004970263519754548,21
20260909,vlwm_h15,600,local,position_available_values,13.383394383394384,21
20260909,vlwm_h15,600,local,position_mse,0.0008808516287432138,21
20260909,vlwm_h15,600,local,motion_available_values,13.368742368742367,21
20260909,vlwm_h15,600,local,motion_mse,0.14091122457027128,21
20260909,vlwm_h15,600,local,parsed_pig_count_absolute_error,0.013174850253524953,21
20260909,vlwm_h15,600,local,parsed_block_count_absolute_error,0.022532221365835953,21
20260910,tawm_h1,15,recursive,mean_available_candidates,11.476190476190476,21
20260910,tawm_h1,15,recursive,carrier_mse,0.02206697387586141,21
20260910,tawm_h1,15,recursive,history_available_mse,0.01291405413101223,21
20260910,tawm_h1,15,recursive,prior_elapsed_seconds_mse,0.0025474391592824643,21
20260910,tawm_h1,15,recursive,availability_bits_mse,0.03259111967697394,21
20260910,tawm_h1,15,recursive,presence_available_values,18.0,21
20260910,tawm_h1,15,recursive,presence_mse,0.03605527049285281,21
20260910,tawm_h1,15,recursive,kind_available_values,36.0,21
20260910,tawm_h1,15,recursive,kind_mse,0.011945483113420965,21
20260910,tawm_h1,15,recursive,position_available_values,13.992673992673994,21
20260910,tawm_h1,15,recursive,position_mse,0.0316682613592974,21
20260910,tawm_h1,15,recursive,motion_available_values,13.956043956043956,21
20260910,tawm_h1,15,recursive,motion_mse,0.007186961769697841,21
20260910,tawm_h1,15,recursive,parsed_pig_count_absolute_error,0.42442744718826314,21
20260910,tawm_h1,15,recursive,parsed_block_count_absolute_error,0.16622281961084298,21
20260910,tawm_h1,30,recursive,mean_available_candidates,11.476190476190476,21
20260910,tawm_h1,30,recursive,carrier_mse,0.08333473286901981,21
20260910,tawm_h1,30,recursive,history_available_mse,0.047115513062820705,21
20260910,tawm_h1,30,recursive,prior_elapsed_seconds_mse,0.018467704792118192,21
20260910,tawm_h1,30,recursive,availability_bits_mse,0.1106610031687593,21
20260910,tawm_h1,30,recursive,presence_available_values,18.0,21
20260910,tawm_h1,30,recursive,presence_mse,0.13176332991896217,21
20260910,tawm_h1,30,recursive,kind_available_values,36.0,21
20260910,tawm_h1,30,recursive,kind_mse,0.06398085308871035,21
20260910,tawm_h1,30,recursive,position_available_values,14.014652014652013,21
20260910,tawm_h1,30,recursive,position_mse,0.08783012203073169,21
20260910,tawm_h1,30,recursive,motion_available_values,14.014652014652013,21
20260910,tawm_h1,30,recursive,motion_mse,0.015532309519934798,21
20260910,tawm_h1,30,recursive,parsed_pig_count_absolute_error,0.6266002878095301,21
20260910,tawm_h1,30,recursive,parsed_block_count_absolute_error,0.3774126870254082,21
20260910,tawm_h1,60,recursive,mean_available_candidates,11.476190476190476,21
20260910,tawm_h1,60,recursive,carrier_mse,1.8020238681950076,21
20260910,tawm_h1,60,recursive,history_available_mse,0.25343789564848657,21
20260910,tawm_h1,60,recursive,prior_elapsed_seconds_mse,0.20539967098413955,21
20260910,tawm_h1,60,recursive,availability_bits_mse,1.8043822781716425,21
20260910,tawm_h1,60,recursive,presence_available_values,18.0,21
20260910,tawm_h1,60,recursive,presence_mse,1.5435070790937342,21
20260910,tawm_h1,60,recursive,kind_available_values,36.0,21
20260910,tawm_h1,60,recursive,kind_mse,2.3861564440353553,21
20260910,tawm_h1,60,recursive,position_available_values,13.941391941391942,21
20260910,tawm_h1,60,recursive,position_mse,1.886766701539754,21
20260910,tawm_h1,60,recursive,motion_available_values,13.912087912087914,21
20260910,tawm_h1,60,recursive,motion_mse,0.6470639554705618,21
20260910,tawm_h1,60,recursive,parsed_pig_count_absolute_error,0.46553033731267746,21
20260910,tawm_h1,60,recursive,parsed_block_count_absolute_error,0.5438918126912071,21
20260910,tawm_h1,150,recursive,mean_available_candidates,11.476190476190476,21
20260910,tawm_h1,150,recursive,carrier_mse,1389.5037410641658,21
20260910,tawm_h1,150,recursive,history_available_mse,315.11968085122345,21
20260910,tawm_h1,150,recursive,prior_elapsed_seconds_mse,235.94617640619168,21
20260910,tawm_h1,150,recursive,availability_bits_mse,1506.941853014607,21
20260910,tawm_h1,150,recursive,presence_available_values,18.0,21
20260910,tawm_h1,150,recursive,presence_mse,2087.865061180094,21
20260910,tawm_h1,150,recursive,kind_available_values,36.0,21
20260910,tawm_h1,150,recursive,kind_mse,1396.9245035879558,21
20260910,tawm_h1,150,recursive,position_available_values,13.834757834757832,21
20260910,tawm_h1,150,recursive,position_mse,1625.3641045380853,21
20260910,tawm_h1,150,recursive,motion_available_values,13.787545787545788,21
20260910,tawm_h1,150,recursive,motion_mse,395.3312443555974,21
20260910,tawm_h1,150,recursive,parsed_pig_count_absolute_error,0.34883733086609,21
20260910,tawm_h1,150,recursive,parsed_block_count_absolute_error,0.5760995359078855,21
20260910,tawm_h1,225,recursive,mean_available_candidates,11.476190476190476,21
20260910,tawm_h1,225,recursive,carrier_mse,5045.9828914846,21
20260910,tawm_h1,225,recursive,history_available_mse,1206.875608334887,21
20260910,tawm_h1,225,recursive,prior_elapsed_seconds_mse,1827.567995027445,21
20260910,tawm_h1,225,recursive,availability_bits_mse,5293.611405191849,21
20260910,tawm_h1,225,recursive,presence_available_values,18.0,21
20260910,tawm_h1,225,recursive,presence_mse,8449.230387058145,21
20260910,tawm_h1,225,recursive,kind_available_values,36.0,21
20260910,tawm_h1,225,recursive,kind_mse,4376.081516054294,21
20260910,tawm_h1,225,recursive,position_available_values,13.776149776149778,21
20260910,tawm_h1,225,recursive,position_mse,5658.8495013152005,21
20260910,tawm_h1,225,recursive,motion_available_values,13.746845746845747,21
20260910,tawm_h1,225,recursive,motion_mse,1759.7217164639646,21
20260910,tawm_h1,225,recursive,parsed_pig_count_absolute_error,0.3542519611080679,21
20260910,tawm_h1,225,recursive,parsed_block_count_absolute_error,0.5284587751715492,21
20260910,tawm_h1,600,recursive,mean_available_candidates,11.476190476190476,21
20260910,tawm_h1,600,recursive,carrier_mse,56256.57173613425,21
20260910,tawm_h1,600,recursive,history_available_mse,17105.92598951918,21
20260910,tawm_h1,600,recursive,prior_elapsed_seconds_mse,33001.828226256664,21
20260910,tawm_h1,600,recursive,availability_bits_mse,57850.678666168904,21
20260910,tawm_h1,600,recursive,presence_available_values,18.0,21
20260910,tawm_h1,600,recursive,presence_mse,80763.17837407097,21
20260910,tawm_h1,600,recursive,kind_available_values,36.0,21
20260910,tawm_h1,600,recursive,kind_mse,46685.84097293766,21
20260910,tawm_h1,600,recursive,position_available_values,13.383394383394384,21
20260910,tawm_h1,600,recursive,position_mse,58087.03711175976,21
20260910,tawm_h1,600,recursive,motion_available_values,13.368742368742367,21
20260910,tawm_h1,600,recursive,motion_mse,26571.747588891147,21
20260910,tawm_h1,600,recursive,parsed_pig_count_absolute_error,0.39739617126382776,21
20260910,tawm_h1,600,recursive,parsed_block_count_absolute_error,0.5377803379561239,21
20260910,tawm_h1,15,local,mean_available_candidates,11.476190476190476,21
20260910,tawm_h1,15,local,carrier_mse,0.0008860182184712516,21
20260910,tawm_h1,15,local,history_available_mse,0.0001526513310384581,21
20260910,tawm_h1,15,local,prior_elapsed_seconds_mse,1.2555773143493945e-05,21
20260910,tawm_h1,15,local,availability_bits_mse,0.0011840308116653224,21
20260910,tawm_h1,15,local,presence_available_values,18.0,21
20260910,tawm_h1,15,local,presence_mse,0.0002627275141318775,21
20260910,tawm_h1,15,local,kind_available_values,36.0,21
20260910,tawm_h1,15,local,kind_mse,0.00011955290347333312,21
20260910,tawm_h1,15,local,position_available_values,13.992673992673994,21
20260910,tawm_h1,15,local,position_mse,0.0009577496827824659,21
20260910,tawm_h1,15,local,motion_available_values,13.956043956043956,21
20260910,tawm_h1,15,local,motion_mse,0.004181837555571556,21
20260910,tawm_h1,15,local,parsed_pig_count_absolute_error,0.03594300319627189,21
20260910,tawm_h1,15,local,parsed_block_count_absolute_error,0.01931660566424523,21
20260910,tawm_h1,30,local,mean_available_candidates,11.476190476190476,21
20260910,tawm_h1,30,local,carrier_mse,0.00028458650769639125,21
20260910,tawm_h1,30,local,history_available_mse,8.075385290514461e-05,21
20260910,tawm_h1,30,local,prior_elapsed_seconds_mse,9.776392455116801e-06,21
20260910,tawm_h1,30,local,availability_bits_mse,0.0004275246056657116,21
20260910,tawm_h1,30,local,presence_available_values,18.0,21
20260910,tawm_h1,30,local,presence_mse,0.00020579675014407693,21
20260910,tawm_h1,30,local,kind_available_values,36.0,21
20260910,tawm_h1,30,local,kind_mse,7.545514011642256e-05,21
20260910,tawm_h1,30,local,position_available_values,14.014652014652013,21
20260910,tawm_h1,30,local,position_mse,0.00026680865856922405,21
20260910,tawm_h1,30,local,motion_available_values,14.014652014652013,21
20260910,tawm_h1,30,local,motion_mse,0.000557233387756981,21
20260910,tawm_h1,30,local,parsed_pig_count_absolute_error,0.03413158726217576,21
20260910,tawm_h1,30,local,parsed_block_count_absolute_error,0.009501667749287616,21
20260910,tawm_h1,60,local,mean_available_candidates,11.476190476190476,21
20260910,tawm_h1,60,local,carrier_mse,0.0004115554438380022,21
20260910,tawm_h1,60,local,history_available_mse,7.998817863331751e-05,21
20260910,tawm_h1,60,local,prior_elapsed_seconds_mse,1.0363796152964385e-05,21
20260910,tawm_h1,60,local,availability_bits_mse,0.000648755420330068,21
20260910,tawm_h1,60,local,presence_available_values,18.0,21
20260910,tawm_h1,60,local,presence_mse,0.00021556300165504025,21
20260910,tawm_h1,60,local,kind_available_values,36.0,21
20260910,tawm_h1,60,local,kind_mse,7.57663995086871e-05,21
20260910,tawm_h1,60,local,position_available_values,13.941391941391942,21
20260910,tawm_h1,60,local,position_mse,0.0005238341430854265,21
20260910,tawm_h1,60,local,motion_available_values,13.912087912087914,21
20260910,tawm_h1,60,local,motion_mse,0.0008187284544691246,21
20260910,tawm_h1,60,local,parsed_pig_count_absolute_error,0.03522088380249498,21
20260910,tawm_h1,60,local,parsed_block_count_absolute_error,0.011123490145218183,21
20260910,tawm_h1,150,local,mean_available_candidates,11.476190476190476,21
20260910,tawm_h1,150,local,carrier_mse,0.0006414896076271714,21
20260910,tawm_h1,150,local,history_available_mse,8.405890000994582e-05,21
20260910,tawm_h1,150,local,prior_elapsed_seconds_mse,1.174131689570202e-05,21
20260910,tawm_h1,150,local,availability_bits_mse,0.0006866209860916626,21
20260910,tawm_h1,150,local,presence_available_values,18.0,21
20260910,tawm_h1,150,local,presence_mse,0.00030033523122714083,21
20260910,tawm_h1,150,local,kind_available_values,36.0,21
20260910,tawm_h1,150,local,kind_mse,8.355916151279571e-05,21
20260910,tawm_h1,150,local,position_available_values,13.834757834757832,21
20260910,tawm_h1,150,local,position_mse,0.0009322756858094588,21
20260910,tawm_h1,150,local,motion_available_values,13.787545787545788,21
20260910,tawm_h1,150,local,motion_mse,0.004590907814653763,21
20260910,tawm_h1,150,local,parsed_pig_count_absolute_error,0.03624149035287085,21
20260910,tawm_h1,150,local,parsed_block_count_absolute_error,0.014249478754644572,21
20260910,tawm_h1,225,local,mean_available_candidates,11.476190476190476,21
20260910,tawm_h1,225,local,carrier_mse,0.0006337674772151427,21
20260910,tawm_h1,225,local,history_available_mse,8.857596652310669e-05,21
20260910,tawm_h1,225,local,prior_elapsed_seconds_mse,1.2060364427908926e-05,21
20260910,tawm_h1,225,local,availability_bits_mse,0.0007589808019523524,21
20260910,tawm_h1,225,local,presence_available_values,18.0,21
20260910,tawm_h1,225,local,presence_mse,0.00026524391556666016,21
20260910,tawm_h1,225,local,kind_available_values,36.0,21
20260910,tawm_h1,225,local,kind_mse,0.000201815931503825,21
20260910,tawm_h1,225,local,position_available_values,13.776149776149778,21
20260910,tawm_h1,225,local,position_mse,0.0006692582436047421,21
20260910,tawm_h1,225,local,motion_available_values,13.746845746845747,21
20260910,tawm_h1,225,local,motion_mse,0.002855759429098171,21
20260910,tawm_h1,225,local,parsed_pig_count_absolute_error,0.03380647497741981,21
20260910,tawm_h1,225,local,parsed_block_count_absolute_error,0.02460318361168657,21
20260910,tawm_h1,600,local,mean_available_candidates,11.476190476190476,21
20260910,tawm_h1,600,local,carrier_mse,0.005491085426281194,21
20260910,tawm_h1,600,local,history_available_mse,0.0002987631214608147,21
20260910,tawm_h1,600,local,prior_elapsed_seconds_mse,0.00033794096872223015,21
20260910,tawm_h1,600,local,availability_bits_mse,0.001082055466871661,21
20260910,tawm_h1,600,local,presence_available_values,18.0,21
20260910,tawm_h1,600,local,presence_mse,0.0008901951313811251,21
20260910,tawm_h1,600,local,kind_available_values,36.0,21
20260910,tawm_h1,600,local,kind_mse,0.0005882395394292284,21
20260910,tawm_h1,600,local,position_available_values,13.383394383394384,21
20260910,tawm_h1,600,local,position_mse,0.0008175901436277251,21
20260910,tawm_h1,600,local,motion_available_values,13.368742368742367,21
20260910,tawm_h1,600,local,motion_mse,0.08287728639393997,21
20260910,tawm_h1,600,local,parsed_pig_count_absolute_error,0.03508523335782295,21
20260910,tawm_h1,600,local,parsed_block_count_absolute_error,0.017118403089383023,21
20260910,tawm_h5,15,recursive,mean_available_candidates,11.476190476190476,21
20260910,tawm_h5,15,recursive,carrier_mse,0.006589847774309439,21
20260910,tawm_h5,15,recursive,history_available_mse,0.016276299001977863,21
20260910,tawm_h5,15,recursive,prior_elapsed_seconds_mse,0.00021261974917575623,21
20260910,tawm_h5,15,recursive,availability_bits_mse,0.012147562419068376,21
20260910,tawm_h5,15,recursive,presence_available_values,18.0,21
20260910,tawm_h5,15,recursive,presence_mse,0.005180307236720381,21
20260910,tawm_h5,15,recursive,kind_available_values,36.0,21
20260910,tawm_h5,15,recursive,kind_mse,0.0010150880563015244,21
20260910,tawm_h5,15,recursive,position_available_values,13.992673992673994,21
20260910,tawm_h5,15,recursive,position_mse,0.012590595777076956,21
20260910,tawm_h5,15,recursive,motion_available_values,13.956043956043956,21
20260910,tawm_h5,15,recursive,motion_mse,0.00468308353976462,21
20260910,tawm_h5,15,recursive,parsed_pig_count_absolute_error,0.15729088285064646,21
20260910,tawm_h5,15,recursive,parsed_block_count_absolute_error,0.11859091518037915,21
20260910,tawm_h5,30,recursive,mean_available_candidates,11.476190476190476,21
20260910,tawm_h5,30,recursive,carrier_mse,0.00880847217765938,21
20260910,tawm_h5,30,recursive,history_available_mse,0.013536205445662136,21
20260910,tawm_h5,30,recursive,prior_elapsed_seconds_mse,0.0005145487455310418,21
20260910,tawm_h5,30,recursive,availability_bits_mse,0.01554001196354061,21
20260910,tawm_h5,30,recursive,presence_available_values,18.0,21
20260910,tawm_h5,30,recursive,presence_mse,0.010149966547741382,21
20260910,tawm_h5,30,recursive,kind_available_values,36.0,21
20260910,tawm_h5,30,recursive,kind_mse,0.0024101544317145806,21
20260910,tawm_h5,30,recursive,position_available_values,14.014652014652013,21
20260910,tawm_h5,30,recursive,position_mse,0.015895000760488547,21
20260910,tawm_h5,30,recursive,motion_available_values,14.014652014652013,21
20260910,tawm_h5,30,recursive,motion_mse,0.0011896640047030216,21
20260910,tawm_h5,30,recursive,parsed_pig_count_absolute_error,0.23571365936077435,21
20260910,tawm_h5,30,recursive,parsed_block_count_absolute_error,0.10607717828775838,21
20260910,tawm_h5,60,recursive,mean_available_candidates,11.476190476190476,21
20260910,tawm_h5,60,recursive,carrier_mse,0.0170424403378777,21
20260910,tawm_h5,60,recursive,history_available_mse,0.01216593397148528,21
20260910,tawm_h5,60,recursive,prior_elapsed_seconds_mse,0.0014726442928368296,21
20260910,tawm_h5,60,recursive,availability_bits_mse,0.026390478856709695,21
20260910,tawm_h5,60,recursive,presence_available_values,18.0,21
20260910,tawm_h5,60,recursive,presence_mse,0.026736450066501424,21
20260910,tawm_h5,60,recursive,kind_available_values,36.0,21
20260910,tawm_h5,60,recursive,kind_mse,0.007939823540208616,21
20260910,tawm_h5,60,recursive,position_available_values,13.941391941391942,21
20260910,tawm_h5,60,recursive,position_mse,0.02648103389209195,21
20260910,tawm_h5,60,recursive,motion_available_values,13.912087912087914,21
20260910,tawm_h5,60,recursive,motion_mse,0.0026162492625153725,21
20260910,tawm_h5,60,recursive,parsed_pig_count_absolute_error,0.37990188894056454,21
20260910,tawm_h5,60,recursive,parsed_block_count_absolute_error,0.10236294268150328,21
20260910,tawm_h5,150,recursive,mean_available_candidates,11.476190476190476,21
20260910,tawm_h5,150,recursive,carrier_mse,0.08897583251168084,21
20260910,tawm_h5,150,recursive,history_available_mse,0.05153132960318573,21
20260910,tawm_h5,150,recursive,prior_elapsed_seconds_mse,0.01520792606157884,21
20260910,tawm_h5,150,recursive,availability_bits_mse,0.11682241009314331,21
20260910,tawm_h5,150,recursive,presence_available_values,18.0,21
20260910,tawm_h5,150,recursive,presence_mse,0.1423555916485997,21
20260910,tawm_h5,150,recursive,kind_available_values,36.0,21
20260910,tawm_h5,150,recursive,kind_mse,0.06865993477882408,21
20260910,tawm_h5,150,recursive,position_available_values,13.834757834757832,21
20260910,tawm_h5,150,recursive,position_mse,0.09337422140543611,21
20260910,tawm_h5,150,recursive,motion_available_values,13.787545787545788,21
20260910,tawm_h5,150,recursive,motion_mse,0.018881771861686054,21
20260910,tawm_h5,150,recursive,parsed_pig_count_absolute_error,0.6314279879832218,21
20260910,tawm_h5,150,recursive,parsed_block_count_absolute_error,0.27889442688092836,21
20260910,tawm_h5,225,recursive,mean_available_candidates,11.476190476190476,21
20260910,tawm_h5,225,recursive,carrier_mse,0.3583342157516279,21
20260910,tawm_h5,225,recursive,history_available_mse,0.10737398213816303,21
20260910,tawm_h5,225,recursive,prior_elapsed_seconds_mse,0.0552866931183057,21
20260910,tawm_h5,225,recursive,availability_bits_mse,0.40375630252947353,21
20260910,tawm_h5,225,recursive,presence_available_values,18.0,21
20260910,tawm_h5,225,recursive,presence_mse,0.40411880939375183,21
20260910,tawm_h5,225,recursive,kind_available_values,36.0,21
20260910,tawm_h5,225,recursive,kind_mse,0.37810688994516956,21
20260910,tawm_h5,225,recursive,position_available_values,13.776149776149778,21
20260910,tawm_h5,225,recursive,position_mse,0.36541325121133295,21
20260910,tawm_h5,225,recursive,motion_available_values,13.746845746845747,21
20260910,tawm_h5,225,recursive,motion_mse,0.11081800418366114,21
20260910,tawm_h5,225,recursive,parsed_pig_count_absolute_error,0.6287537243576086,21
20260910,tawm_h5,225,recursive,parsed_block_count_absolute_error,0.6180862652063237,21
20260910,tawm_h5,600,recursive,mean_available_candidates,11.476190476190476,21
20260910,tawm_h5,600,recursive,carrier_mse,585.3134318054742,21
20260910,tawm_h5,600,recursive,history_available_mse,111.80918978823294,21
20260910,tawm_h5,600,recursive,prior_elapsed_seconds_mse,64.42264419455614,21
20260910,tawm_h5,600,recursive,availability_bits_mse,655.6708058335256,21
20260910,tawm_h5,600,recursive,presence_available_values,18.0,21
20260910,tawm_h5,600,recursive,presence_mse,797.8327159076367,21
20260910,tawm_h5,600,recursive,kind_available_values,36.0,21
20260910,tawm_h5,600,recursive,kind_mse,637.2441830991635,21
20260910,tawm_h5,600,recursive,position_available_values,13.383394383394384,21
20260910,tawm_h5,600,recursive,position_mse,692.9359018311197,21
20260910,tawm_h5,600,recursive,motion_available_values,13.368742368742367,21
20260910,tawm_h5,600,recursive,motion_mse,143.932150915248,21
20260910,tawm_h5,600,recursive,parsed_pig_count_absolute_error,0.39739617126382776,21
20260910,tawm_h5,600,recursive,parsed_block_count_absolute_error,0.7200503007515328,21
20260910,tawm_h5,15,local,mean_available_candidates,11.476190476190476,21
20260910,tawm_h5,15,local,carrier_mse,0.0024458358178916506,21
20260910,tawm_h5,15,local,history_available_mse,0.00014374907061227922,21
20260910,tawm_h5,15,local,prior_elapsed_seconds_mse,2.6940852294574617e-05,21
20260910,tawm_h5,15,local,availability_bits_mse,0.003481193519886712,21
20260910,tawm_h5,15,local,presence_available_values,18.0,21
20260910,tawm_h5,15,local,presence_mse,0.0010667270544178864,21
20260910,tawm_h5,15,local,kind_available_values,36.0,21
20260910,tawm_h5,15,local,kind_mse,0.00028335562783780334,21
20260910,tawm_h5,15,local,position_available_values,13.992673992673994,21
20260910,tawm_h5,15,local,position_mse,0.002823999716646614,21
20260910,tawm_h5,15,local,motion_available_values,13.956043956043956,21
20260910,tawm_h5,15,local,motion_mse,0.0099493001623519,21
20260910,tawm_h5,15,local,parsed_pig_count_absolute_error,0.048253770856489374,21
20260910,tawm_h5,15,local,parsed_block_count_absolute_error,0.05926409070983237,21
20260910,tawm_h5,30,local,mean_available_candidates,11.476190476190476,21
20260910,tawm_h5,30,local,carrier_mse,0.0004723203180115285,21
20260910,tawm_h5,30,local,history_available_mse,8.07324471793768e-05,21
20260910,tawm_h5,30,local,prior_elapsed_seconds_mse,1.051312292874452e-05,21
20260910,tawm_h5,30,local,availability_bits_mse,0.0007933635082163803,21
20260910,tawm_h5,30,local,presence_available_values,18.0,21
20260910,tawm_h5,30,local,presence_mse,0.0002619618415265875,21
20260910,tawm_h5,30,local,kind_available_values,36.0,21
20260910,tawm_h5,30,local,kind_mse,0.00012269425239636638,21
20260910,tawm_h5,30,local,position_available_values,14.014652014652013,21
20260910,tawm_h5,30,local,position_mse,0.00046411330411182133,21
20260910,tawm_h5,30,local,motion_available_values,14.014652014652013,21
20260910,tawm_h5,30,local,motion_mse,0.000677359495938208,21
20260910,tawm_h5,30,local,parsed_pig_count_absolute_error,0.038214935729196105,21
20260910,tawm_h5,30,local,parsed_block_count_absolute_error,0.018363895966324165,21
20260910,tawm_h5,60,local,mean_available_candidates,11.476190476190476,21
20260910,tawm_h5,60,local,carrier_mse,0.0004459025250728111,21
20260910,tawm_h5,60,local,history_available_mse,8.442462716363972e-05,21
20260910,tawm_h5,60,local,prior_elapsed_seconds_mse,1.0347090904973349e-05,21
20260910,tawm_h5,60,local,availability_bits_mse,0.0007300343069343081,21
20260910,tawm_h5,60,local,presence_available_values,18.0,21
20260910,tawm_h5,60,local,presence_mse,0.000248253667900141,21
20260910,tawm_h5,60,local,kind_available_values,36.0,21
20260910,tawm_h5,60,local,kind_mse,0.00011715728189293235,21
20260910,tawm_h5,60,local,position_available_values,13.941391941391942,21
20260910,tawm_h5,60,local,position_mse,0.00045576427406110345,21
20260910,tawm_h5,60,local,motion_available_values,13.912087912087914,21
20260910,tawm_h5,60,local,motion_mse,0.0007469380553005422,21
20260910,tawm_h5,60,local,parsed_pig_count_absolute_error,0.036160938460947034,21
20260910,tawm_h5,60,local,parsed_block_count_absolute_error,0.024008884199514153,21
20260910,tawm_h5,150,local,mean_available_candidates,11.476190476190476,21
20260910,tawm_h5,150,local,carrier_mse,0.0009992664296524295,21
20260910,tawm_h5,150,local,history_available_mse,0.00013932796443737492,21
20260910,tawm_h5,150,local,prior_elapsed_seconds_mse,1.2163126009782609e-05,21
20260910,tawm_h5,150,local,availability_bits_mse,0.0014299044661752623,21
20260910,tawm_h5,150,local,presence_available_values,18.0,21
20260910,tawm_h5,150,local,presence_mse,0.0004729176235147243,21
20260910,tawm_h5,150,local,kind_available_values,36.0,21
20260910,tawm_h5,150,local,kind_mse,0.00012942692978350464,21
20260910,tawm_h5,150,local,position_available_values,13.834757834757832,21
20260910,tawm_h5,150,local,position_mse,0.0013209001729875918,21
20260910,tawm_h5,150,local,motion_available_values,13.787545787545788,21
20260910,tawm_h5,150,local,motion_mse,0.003830700438677114,21
20260910,tawm_h5,150,local,parsed_pig_count_absolute_error,0.03898591636409047,21
20260910,tawm_h5,150,local,parsed_block_count_absolute_error,0.03245773895046099,21
20260910,tawm_h5,225,local,mean_available_candidates,11.476190476190476,21
20260910,tawm_h5,225,local,carrier_mse,0.001037616581793504,21
20260910,tawm_h5,225,local,history_available_mse,9.262004264593224e-05,21
20260910,tawm_h5,225,local,prior_elapsed_seconds_mse,1.2185092870358442e-05,21
20260910,tawm_h5,225,local,availability_bits_mse,0.0015813913383214064,21
20260910,tawm_h5,225,local,presence_available_values,18.0,21
20260910,tawm_h5,225,local,presence_mse,0.0005943202264827157,21
20260910,tawm_h5,225,local,kind_available_values,36.0,21
20260910,tawm_h5,225,local,kind_mse,0.00018863921935682643,21
20260910,tawm_h5,225,local,position_available_values,13.776149776149778,21
20260910,tawm_h5,225,local,position_mse,0.0009088023414476173,21
20260910,tawm_h5,225,local,motion_available_values,13.746845746845747,21
20260910,tawm_h5,225,local,motion_mse,0.00272543190141784,21
20260910,tawm_h5,225,local,parsed_pig_count_absolute_error,0.03949258537474336,21
20260910,tawm_h5,225,local,parsed_block_count_absolute_error,0.04970148071780668,21
20260910,tawm_h5,600,local,mean_available_candidates,11.476190476190476,21
20260910,tawm_h5,600,local,carrier_mse,0.005846885947586976,21
20260910,tawm_h5,600,local,history_available_mse,0.00028796286037965175,21
20260910,tawm_h5,600,local,prior_elapsed_seconds_mse,0.00037166022188583187,21
20260910,tawm_h5,600,local,availability_bits_mse,0.0012377591586440317,21
20260910,tawm_h5,600,local,presence_available_values,18.0,21
20260910,tawm_h5,600,local,presence_mse,0.0009682300725976866,21
20260910,tawm_h5,600,local,kind_available_values,36.0,21
20260910,tawm_h5,600,local,kind_mse,0.0006341874995560356,21
20260910,tawm_h5,600,local,position_available_values,13.383394383394384,21
20260910,tawm_h5,600,local,position_mse,0.000886673957412213,21
20260910,tawm_h5,600,local,motion_available_values,13.368742368742367,21
20260910,tawm_h5,600,local,motion_mse,0.08702361428833642,21
20260910,tawm_h5,600,local,parsed_pig_count_absolute_error,0.03807811079106492,21
20260910,tawm_h5,600,local,parsed_block_count_absolute_error,0.023442489013743503,21
20260910,tawm_h15,15,recursive,mean_available_candidates,11.476190476190476,21
20260910,tawm_h15,15,recursive,carrier_mse,0.006101242164743802,21
20260910,tawm_h15,15,recursive,history_available_mse,0.02181982498416574,21
20260910,tawm_h15,15,recursive,prior_elapsed_seconds_mse,7.713684215257673e-05,21
20260910,tawm_h15,15,recursive,availability_bits_mse,0.011666455679035813,21
20260910,tawm_h15,15,recursive,presence_available_values,18.0,21
20260910,tawm_h15,15,recursive,presence_mse,0.003450420386005389,21
20260910,tawm_h15,15,recursive,kind_available_values,36.0,21
20260910,tawm_h15,15,recursive,kind_mse,0.0005886896918872275,21
20260910,tawm_h15,15,recursive,position_available_values,13.992673992673994,21
20260910,tawm_h15,15,recursive,position_mse,0.01230522200806787,21
20260910,tawm_h15,15,recursive,motion_available_values,13.956043956043956,21
20260910,tawm_h15,15,recursive,motion_mse,0.00486801866362886,21
20260910,tawm_h15,15,recursive,parsed_pig_count_absolute_error,0.10407788347177621,21
20260910,tawm_h15,15,recursive,parsed_block_count_absolute_error,0.12985998970133641,21
20260910,tawm_h15,30,recursive,mean_available_candidates,11.476190476190476,21
20260910,tawm_h15,30,recursive,carrier_mse,0.0061419338261199255,21
20260910,tawm_h15,30,recursive,history_available_mse,0.017592730897508305,21
20260910,tawm_h15,30,recursive,prior_elapsed_seconds_mse,0.00016602871218684376,21
20260910,tawm_h15,30,recursive,availability_bits_mse,0.012083695998236974,21
20260910,tawm_h15,30,recursive,presence_available_values,18.0,21
20260910,tawm_h15,30,recursive,presence_mse,0.004252842542837187,21
20260910,tawm_h15,30,recursive,kind_available_values,36.0,21
20260910,tawm_h15,30,recursive,kind_mse,0.0007188243872169551,21
20260910,tawm_h15,30,recursive,position_available_values,14.014652014652013,21
20260910,tawm_h15,30,recursive,position_mse,0.01239882564126788,21
20260910,tawm_h15,30,recursive,motion_available_values,14.014652014652013,21
20260910,tawm_h15,30,recursive,motion_mse,0.000795617271740966,21
20260910,tawm_h15,30,recursive,parsed_pig_count_absolute_error,0.13668525275648627,21
20260910,tawm_h15,30,recursive,parsed_block_count_absolute_error,0.12084904098394299,21
20260910,tawm_h15,60,recursive,mean_available_candidates,11.476190476190476,21
20260910,tawm_h15,60,recursive,carrier_mse,0.006971429594528539,21
20260910,tawm_h15,60,recursive,history_available_mse,0.01461626257327662,21
20260910,tawm_h15,60,recursive,prior_elapsed_seconds_mse,0.0003599865668996537,21
20260910,tawm_h15,60,recursive,availability_bits_mse,0.012887337473559595,21
20260910,tawm_h15,60,recursive,presence_available_values,18.0,21
20260910,tawm_h15,60,recursive,presence_mse,0.00666388040635555,21
20260910,tawm_h15,60,recursive,kind_available_values,36.0,21
20260910,tawm_h15,60,recursive,kind_mse,0.0014234068270161273,21
20260910,tawm_h15,60,recursive,position_available_values,13.941391941391942,21
20260910,tawm_h15,60,recursive,position_mse,0.012570868619174428,21
20260910,tawm_h15,60,recursive,motion_available_values,13.912087912087914,21
20260910,tawm_h15,60,recursive,motion_mse,0.0011937842183910592,21
20260910,tawm_h15,60,recursive,parsed_pig_count_absolute_error,0.18567776706429595,21
20260910,tawm_h15,60,recursive,parsed_block_count_absolute_error,0.08267958669598607,21
20260910,tawm_h15,150,recursive,mean_available_candidates,11.476190476190476,21
20260910,tawm_h15,150,recursive,carrier_mse,0.016708564078042817,21
20260910,tawm_h15,150,recursive,history_available_mse,0.012667170644995998,21
20260910,tawm_h15,150,recursive,prior_elapsed_seconds_mse,0.0009263605553819381,21
20260910,tawm_h15,150,recursive,availability_bits_mse,0.0265527705436384,21
20260910,tawm_h15,150,recursive,presence_available_values,18.0,21
20260910,tawm_h15,150,recursive,presence_mse,0.025519293287533117,21
20260910,tawm_h15,150,recursive,kind_available_values,36.0,21
20260910,tawm_h15,150,recursive,kind_mse,0.006381023872627377,21
20260910,tawm_h15,150,recursive,position_available_values,13.834757834757832,21
20260910,tawm_h15,150,recursive,position_mse,0.02658986094361803,21
20260910,tawm_h15,150,recursive,motion_available_values,13.787545787545788,21
20260910,tawm_h15,150,recursive,motion_mse,0.005191604144250482,21
20260910,tawm_h15,150,recursive,parsed_pig_count_absolute_error,0.34634058944562285,21
20260910,tawm_h15,150,recursive,parsed_block_count_absolute_error,0.11704381900322035,21
20260910,tawm_h15,225,recursive,mean_available_candidates,11.476190476190476,21
20260910,tawm_h15,225,recursive,carrier_mse,0.029714372713569786,21
20260910,tawm_h15,225,recursive,history_available_mse,0.015629761838849204,21
20260910,tawm_h15,225,recursive,prior_elapsed_seconds_mse,0.0016945549744951211,21
20260910,tawm_h15,225,recursive,availability_bits_mse,0.04438737548761816,21
20260910,tawm_h15,225,recursive,presence_available_values,18.0,21
20260910,tawm_h15,225,recursive,presence_mse,0.05312008754852898,21
20260910,tawm_h15,225,recursive,kind_available_values,36.0,21
20260910,tawm_h15,225,recursive,kind_mse,0.014847228888975111,21
20260910,tawm_h15,225,recursive,position_available_values,13.776149776149778,21
20260910,tawm_h15,225,recursive,position_mse,0.04294133541346976,21
20260910,tawm_h15,225,recursive,motion_available_values,13.746845746845747,21
20260910,tawm_h15,225,recursive,motion_mse,0.005072343666605515,21
20260910,tawm_h15,225,recursive,parsed_pig_count_absolute_error,0.45781651882763297,21
20260910,tawm_h15,225,recursive,parsed_block_count_absolute_error,0.15678540462548132,21
20260910,tawm_h15,600,recursive,mean_available_candidates,11.476190476190476,21
20260910,tawm_h15,600,recursive,carrier_mse,0.31708949597483294,21
20260910,tawm_h15,600,recursive,history_available_mse,0.16463413861291323,21
20260910,tawm_h15,600,recursive,prior_elapsed_seconds_mse,0.015340823349709497,21
20260910,tawm_h15,600,recursive,availability_bits_mse,0.32698302864769246,21
20260910,tawm_h15,600,recursive,presence_available_values,18.0,21
20260910,tawm_h15,600,recursive,presence_mse,0.3620267694612479,21
20260910,tawm_h15,600,recursive,kind_available_values,36.0,21
20260910,tawm_h15,600,recursive,kind_mse,0.2971256986215204,21
20260910,tawm_h15,600,recursive,position_available_values,13.383394383394384,21
20260910,tawm_h15,600,recursive,position_mse,0.29916627057241,21
20260910,tawm_h15,600,recursive,motion_available_values,13.368742368742367,21
20260910,tawm_h15,600,recursive,motion_mse,0.7435894923877139,21
20260910,tawm_h15,600,recursive,parsed_pig_count_absolute_error,0.5871803873826555,21
20260910,tawm_h15,600,recursive,parsed_block_count_absolute_error,0.6008145804354841,21
20260910,tawm_h15,15,local,mean_available_candidates,11.476190476190476,21
20260910,tawm_h15,15,local,carrier_mse,0.006101242164743802,21
20260910,tawm_h15,15,local,history_available_mse,0.02181982498416574,21
20260910,tawm_h15,15,local,prior_elapsed_seconds_mse,7.713684215257673e-05,21
20260910,tawm_h15,15,local,availability_bits_mse,0.011666455679035813,21
20260910,tawm_h15,15,local,presence_available_values,18.0,21
20260910,tawm_h15,15,local,presence_mse,0.003450420386005389,21
20260910,tawm_h15,15,local,kind_available_values,36.0,21
20260910,tawm_h15,15,local,kind_mse,0.0005886896918872275,21
20260910,tawm_h15,15,local,position_available_values,13.992673992673994,21
20260910,tawm_h15,15,local,position_mse,0.01230522200806787,21
20260910,tawm_h15,15,local,motion_available_values,13.956043956043956,21
20260910,tawm_h15,15,local,motion_mse,0.00486801866362886,21
20260910,tawm_h15,15,local,parsed_pig_count_absolute_error,0.10407788347177621,21
20260910,tawm_h15,15,local,parsed_block_count_absolute_error,0.12985998970133641,21
20260910,tawm_h15,30,local,mean_available_candidates,11.476190476190476,21
20260910,tawm_h15,30,local,carrier_mse,0.0012941471923177507,21
20260910,tawm_h15,30,local,history_available_mse,0.00019620332524923606,21
20260910,tawm_h15,30,local,prior_elapsed_seconds_mse,1.6654285940797034e-05,21
20260910,tawm_h15,30,local,availability_bits_mse,0.0023560808687879535,21
20260910,tawm_h15,30,local,presence_available_values,18.0,21
20260910,tawm_h15,30,local,presence_mse,0.0005783703892152753,21
20260910,tawm_h15,30,local,kind_available_values,36.0,21
20260910,tawm_h15,30,local,kind_mse,0.00016657070369270656,21
20260910,tawm_h15,30,local,position_available_values,14.014652014652013,21
20260910,tawm_h15,30,local,position_mse,0.0020871525865251983,21
20260910,tawm_h15,30,local,motion_available_values,14.014652014652013,21
20260910,tawm_h15,30,local,motion_mse,0.0011797915272201958,21
20260910,tawm_h15,30,local,parsed_pig_count_absolute_error,0.04618085813636412,21
20260910,tawm_h15,30,local,parsed_block_count_absolute_error,0.03797228358079217,21
20260910,tawm_h15,60,local,mean_available_candidates,11.476190476190476,21
20260910,tawm_h15,60,local,carrier_mse,0.0010745289039549501,21
20260910,tawm_h15,60,local,history_available_mse,0.00010800252659448885,21
20260910,tawm_h15,60,local,prior_elapsed_seconds_mse,1.0044768925698239e-05,21
20260910,tawm_h15,60,local,availability_bits_mse,0.001930319595762391,21
20260910,tawm_h15,60,local,presence_available_values,18.0,21
20260910,tawm_h15,60,local,presence_mse,0.0005680055729594479,21
20260910,tawm_h15,60,local,kind_available_values,36.0,21
20260910,tawm_h15,60,local,kind_mse,0.00022073716863366973,21
20260910,tawm_h15,60,local,position_available_values,13.941391941391942,21
20260910,tawm_h15,60,local,position_mse,0.0009525120489620982,21
20260910,tawm_h15,60,local,motion_available_values,13.912087912087914,21
20260910,tawm_h15,60,local,motion_mse,0.0007580467561332122,21
20260910,tawm_h15,60,local,parsed_pig_count_absolute_error,0.04031522268539736,21
20260910,tawm_h15,60,local,parsed_block_count_absolute_error,0.05494310873442309,21
20260910,tawm_h15,150,local,mean_available_candidates,11.476190476190476,21
20260910,tawm_h15,150,local,carrier_mse,0.0016030750664542536,21
20260910,tawm_h15,150,local,history_available_mse,0.00011101291933741338,21
20260910,tawm_h15,150,local,prior_elapsed_seconds_mse,1.1584427027077273e-05,21
20260910,tawm_h15,150,local,availability_bits_mse,0.0026153258715093455,21
20260910,tawm_h15,150,local,presence_available_values,18.0,21
20260910,tawm_h15,150,local,presence_mse,0.0008841111768213535,21
20260910,tawm_h15,150,local,kind_available_values,36.0,21
20260910,tawm_h15,150,local,kind_mse,0.0001793157304077655,21
20260910,tawm_h15,150,local,position_available_values,13.834757834757832,21
20260910,tawm_h15,150,local,position_mse,0.00168236059240898,21
20260910,tawm_h15,150,local,motion_available_values,13.787545787545788,21
20260910,tawm_h15,150,local,motion_mse,0.004317197755827511,21
20260910,tawm_h15,150,local,parsed_pig_count_absolute_error,0.043736748302036804,21
20260910,tawm_h15,150,local,parsed_block_count_absolute_error,0.048313120986590775,21
20260910,tawm_h15,225,local,mean_available_candidates,11.476190476190476,21
20260910,tawm_h15,225,local,carrier_mse,0.0023859749586172354,21
20260910,tawm_h15,225,local,history_available_mse,0.00011773914477145148,21
20260910,tawm_h15,225,local,prior_elapsed_seconds_mse,1.507480090040185e-05,21
20260910,tawm_h15,225,local,availability_bits_mse,0.004071046683802719,21
20260910,tawm_h15,225,local,presence_available_values,18.0,21
20260910,tawm_h15,225,local,presence_mse,0.0016362189307614007,21
20260910,tawm_h15,225,local,kind_available_values,36.0,21
20260910,tawm_h15,225,local,kind_mse,0.00042631355593761864,21
20260910,tawm_h15,225,local,position_available_values,13.776149776149778,21
20260910,tawm_h15,225,local,position_mse,0.0019506487555212624,21
20260910,tawm_h15,225,local,motion_available_values,13.746845746845747,21
20260910,tawm_h15,225,local,motion_mse,0.0030794526289935936,21
20260910,tawm_h15,225,local,parsed_pig_count_absolute_error,0.052726024468998135,21
20260910,tawm_h15,225,local,parsed_block_count_absolute_error,0.08360665889397118,21
20260910,tawm_h15,600,local,mean_available_candidates,11.476190476190476,21
20260910,tawm_h15,600,local,carrier_mse,0.006711678400155059,21
20260910,tawm_h15,600,local,history_available_mse,0.00031128588903899256,21
20260910,tawm_h15,600,local,prior_elapsed_seconds_mse,0.0004604183060457172,21
20260910,tawm_h15,600,local,availability_bits_mse,0.0017143610613313221,21
20260910,tawm_h15,600,local,presence_available_values,18.0,21
20260910,tawm_h15,600,local,presence_mse,0.0011963989251349426,21
20260910,tawm_h15,600,local,kind_available_values,36.0,21
20260910,tawm_h15,600,local,kind_mse,0.0007244573231735781,21
20260910,tawm_h15,600,local,position_available_values,13.383394383394384,21
20260910,tawm_h15,600,local,position_mse,0.0012441511440329286,21
20260910,tawm_h15,600,local,motion_available_values,13.368742368742367,21
20260910,tawm_h15,600,local,motion_mse,0.09629453630787783,21
20260910,tawm_h15,600,local,parsed_pig_count_absolute_error,0.04259553188376418,21
20260910,tawm_h15,600,local,parsed_block_count_absolute_error,0.02933270206359496,21
20260910,vlwm_h1,15,recursive,mean_available_candidates,11.476190476190476,21
20260910,vlwm_h1,15,recursive,carrier_mse,0.06210164734825967,21
20260910,vlwm_h1,15,recursive,history_available_mse,0.11156076220550509,21
20260910,vlwm_h1,15,recursive,prior_elapsed_seconds_mse,0.22149889391295646,21
20260910,vlwm_h1,15,recursive,availability_bits_mse,0.07498099091019476,21
20260910,vlwm_h1,15,recursive,presence_available_values,18.0,21
20260910,vlwm_h1,15,recursive,presence_mse,0.06040087594140108,21
20260910,vlwm_h1,15,recursive,kind_available_values,36.0,21
20260910,vlwm_h1,15,recursive,kind_mse,0.060493566132975775,21
20260910,vlwm_h1,15,recursive,position_available_values,13.992673992673994,21
20260910,vlwm_h1,15,recursive,position_mse,0.06639624821312229,21
20260910,vlwm_h1,15,recursive,motion_available_values,13.956043956043956,21
20260910,vlwm_h1,15,recursive,motion_mse,0.008938118274597142,21
20260910,vlwm_h1,15,recursive,parsed_pig_count_absolute_error,0.1281531841556893,21
20260910,vlwm_h1,15,recursive,parsed_block_count_absolute_error,0.2368644249323678,21
20260910,vlwm_h1,30,recursive,mean_available_candidates,11.476190476190476,21
20260910,vlwm_h1,30,recursive,carrier_mse,4.5795634373905045,21
20260910,vlwm_h1,30,recursive,history_available_mse,1.3901184949331675,21
20260910,vlwm_h1,30,recursive,prior_elapsed_seconds_mse,6.175198639726456,21
20260910,vlwm_h1,30,recursive,availability_bits_mse,5.641074586202192,21
20260910,vlwm_h1,30,recursive,presence_available_values,18.0,21
20260910,vlwm_h1,30,recursive,presence_mse,3.8446200103814814,21
20260910,vlwm_h1,30,recursive,kind_available_values,36.0,21
20260910,vlwm_h1,30,recursive,kind_mse,4.567453758265452,21
20260910,vlwm_h1,30,recursive,position_available_values,14.014652014652013,21
20260910,vlwm_h1,30,recursive,position_mse,4.515283072784747,21
20260910,vlwm_h1,30,recursive,motion_available_values,14.014652014652013,21
20260910,vlwm_h1,30,recursive,motion_mse,0.39951584349159763,21
20260910,vlwm_h1,30,recursive,parsed_pig_count_absolute_error,0.16211743122876093,21
20260910,vlwm_h1,30,recursive,parsed_block_count_absolute_error,1.859090683386532,21
20260910,vlwm_h1,60,recursive,mean_available_candidates,11.476190476190476,21
20260910,vlwm_h1,60,recursive,carrier_mse,271.55269102362683,21
20260910,vlwm_h1,60,recursive,history_available_mse,25.75820290756983,21
20260910,vlwm_h1,60,recursive,prior_elapsed_seconds_mse,41.72292849373148,21
20260910,vlwm_h1,60,recursive,availability_bits_mse,342.39958666855335,21
20260910,vlwm_h1,60,recursive,presence_available_values,18.0,21
20260910,vlwm_h1,60,recursive,presence_mse,219.81250206126614,21
20260910,vlwm_h1,60,recursive,kind_available_values,36.0,21
20260910,vlwm_h1,60,recursive,kind_mse,266.2133420610479,21
20260910,vlwm_h1,60,recursive,position_available_values,13.941391941391942,21
20260910,vlwm_h1,60,recursive,position_mse,224.877949514695,21
20260910,vlwm_h1,60,recursive,motion_available_values,13.912087912087914,21
20260910,vlwm_h1,60,recursive,motion_mse,25.39720556153509,21
20260910,vlwm_h1,60,recursive,parsed_pig_count_absolute_error,0.2994741666984167,21
20260910,vlwm_h1,60,recursive,parsed_block_count_absolute_error,1.2541348341766005,21
20260910,vlwm_h1,150,recursive,mean_available_candidates,11.476190476190476,21
20260910,vlwm_h1,150,recursive,carrier_mse,3758.5886318587727,21
20260910,vlwm_h1,150,recursive,history_available_mse,519.5759000426486,21
20260910,vlwm_h1,150,recursive,prior_elapsed_seconds_mse,796.6788874008055,21
20260910,vlwm_h1,150,recursive,availability_bits_mse,4347.952160347791,21
20260910,vlwm_h1,150,recursive,presence_available_values,18.0,21
20260910,vlwm_h1,150,recursive,presence_mse,3769.555263039821,21
20260910,vlwm_h1,150,recursive,kind_available_values,36.0,21
20260910,vlwm_h1,150,recursive,kind_mse,3459.3460856657266,21
20260910,vlwm_h1,150,recursive,position_available_values,13.834757834757832,21
20260910,vlwm_h1,150,recursive,position_mse,3047.4200780998876,21
20260910,vlwm_h1,150,recursive,motion_available_values,13.787545787545788,21
20260910,vlwm_h1,150,recursive,motion_mse,409.4204495554516,21
20260910,vlwm_h1,150,recursive,parsed_pig_count_absolute_error,0.34883733086609,21
20260910,vlwm_h1,150,recursive,parsed_block_count_absolute_error,1.20599718442674,21
20260910,vlwm_h1,225,recursive,mean_available_candidates,11.476190476190476,21
20260910,vlwm_h1,225,recursive,carrier_mse,9767.497293758035,21
20260910,vlwm_h1,225,recursive,history_available_mse,1387.8207197995969,21
20260910,vlwm_h1,225,recursive,prior_elapsed_seconds_mse,1591.4348307896184,21
20260910,vlwm_h1,225,recursive,availability_bits_mse,10926.31796805625,21
20260910,vlwm_h1,225,recursive,presence_available_values,18.0,21
20260910,vlwm_h1,225,recursive,presence_mse,10386.93483479592,21
20260910,vlwm_h1,225,recursive,kind_available_values,36.0,21
20260910,vlwm_h1,225,recursive,kind_mse,9017.56626603648,21
20260910,vlwm_h1,225,recursive,position_available_values,13.776149776149778,21
20260910,vlwm_h1,225,recursive,position_mse,8154.0767976598045,21
20260910,vlwm_h1,225,recursive,motion_available_values,13.746845746845747,21
20260910,vlwm_h1,225,recursive,motion_mse,1085.3761022709386,21
20260910,vlwm_h1,225,recursive,parsed_pig_count_absolute_error,0.3542519611080679,21
20260910,vlwm_h1,225,recursive,parsed_block_count_absolute_error,1.201170137799284,21
20260910,vlwm_h1,600,recursive,mean_available_candidates,11.476190476190476,21
20260910,vlwm_h1,600,recursive,carrier_mse,83829.975817802,21
20260910,vlwm_h1,600,recursive,history_available_mse,18042.512461920152,21
20260910,vlwm_h1,600,recursive,prior_elapsed_seconds_mse,5355.791162603266,21
20260910,vlwm_h1,600,recursive,availability_bits_mse,88497.61353497487,21
20260910,vlwm_h1,600,recursive,presence_available_values,18.0,21
20260910,vlwm_h1,600,recursive,presence_mse,92655.08662366279,21
20260910,vlwm_h1,600,recursive,kind_available_values,36.0,21
20260910,vlwm_h1,600,recursive,kind_mse,82112.19365335186,21
20260910,vlwm_h1,600,recursive,position_available_values,13.383394383394384,21
20260910,vlwm_h1,600,recursive,position_mse,73822.52419245974,21
20260910,vlwm_h1,600,recursive,motion_available_values,13.368742368742367,21
20260910,vlwm_h1,600,recursive,motion_mse,9535.041396311663,21
20260910,vlwm_h1,600,recursive,parsed_pig_count_absolute_error,0.39739617126382776,21
20260910,vlwm_h1,600,recursive,parsed_block_count_absolute_error,1.2308679838955423,21
20260910,vlwm_h1,15,local,mean_available_candidates,11.476190476190476,21
20260910,vlwm_h1,15,local,carrier_mse,0.0008174497993341914,21
20260910,vlwm_h1,15,local,history_available_mse,5.369222495418194e-05,21
20260910,vlwm_h1,15,local,prior_elapsed_seconds_mse,7.859693063711344e-06,21
20260910,vlwm_h1,15,local,availability_bits_mse,0.0010667726479720793,21
20260910,vlwm_h1,15,local,presence_available_values,18.0,21
20260910,vlwm_h1,15,local,presence_mse,0.00017463462165908744,21
20260910,vlwm_h1,15,local,kind_available_values,36.0,21
20260910,vlwm_h1,15,local,kind_mse,0.00013193608251862665,21
20260910,vlwm_h1,15,local,position_available_values,13.992673992673994,21
20260910,vlwm_h1,15,local,position_mse,0.0008455347194834312,21
20260910,vlwm_h1,15,local,motion_available_values,13.956043956043956,21
20260910,vlwm_h1,15,local,motion_mse,0.0038892400745131465,21
20260910,vlwm_h1,15,local,parsed_pig_count_absolute_error,0.014707645538849895,21
20260910,vlwm_h1,15,local,parsed_block_count_absolute_error,0.01976567242035005,21
20260910,vlwm_h1,30,local,mean_available_candidates,11.476190476190476,21
20260910,vlwm_h1,30,local,carrier_mse,0.00021163341402079055,21
20260910,vlwm_h1,30,local,history_available_mse,1.8796285856278292e-05,21
20260910,vlwm_h1,30,local,prior_elapsed_seconds_mse,5.809460709751784e-06,21
20260910,vlwm_h1,30,local,availability_bits_mse,0.0003066743999071502,21
20260910,vlwm_h1,30,local,presence_available_values,18.0,21
20260910,vlwm_h1,30,local,presence_mse,0.00011458875391763592,21
20260910,vlwm_h1,30,local,kind_available_values,36.0,21
20260910,vlwm_h1,30,local,kind_mse,8.345737368477947e-05,21
20260910,vlwm_h1,30,local,position_available_values,14.014652014652013,21
20260910,vlwm_h1,30,local,position_mse,0.00013254475930734775,21
20260910,vlwm_h1,30,local,motion_available_values,14.014652014652013,21
20260910,vlwm_h1,30,local,motion_mse,0.00028082156191166054,21
20260910,vlwm_h1,30,local,parsed_pig_count_absolute_error,0.011222751762766343,21
20260910,vlwm_h1,30,local,parsed_block_count_absolute_error,0.013883513202500333,21
20260910,vlwm_h1,60,local,mean_available_candidates,11.476190476190476,21
20260910,vlwm_h1,60,local,carrier_mse,0.0003345945823159034,21
20260910,vlwm_h1,60,local,history_available_mse,2.1412247190089904e-05,21
20260910,vlwm_h1,60,local,prior_elapsed_seconds_mse,5.413781976298555e-06,21
20260910,vlwm_h1,60,local,availability_bits_mse,0.0005260613983048027,21
20260910,vlwm_h1,60,local,presence_available_values,18.0,21
20260910,vlwm_h1,60,local,presence_mse,0.00012063718066619631,21
20260910,vlwm_h1,60,local,kind_available_values,36.0,21
20260910,vlwm_h1,60,local,kind_mse,8.520147293309872e-05,21
20260910,vlwm_h1,60,local,position_available_values,13.941391941391942,21
20260910,vlwm_h1,60,local,position_mse,0.0003802379300695406,21
20260910,vlwm_h1,60,local,motion_available_values,13.912087912087914,21
20260910,vlwm_h1,60,local,motion_mse,0.00047005020225920717,21
20260910,vlwm_h1,60,local,parsed_pig_count_absolute_error,0.012077356264212675,21
20260910,vlwm_h1,60,local,parsed_block_count_absolute_error,0.014472824781907053,21
20260910,vlwm_h1,150,local,mean_available_candidates,11.476190476190476,21
20260910,vlwm_h1,150,local,carrier_mse,0.0005443006607687871,21
20260910,vlwm_h1,150,local,history_available_mse,2.2953060653086112e-05,21
20260910,vlwm_h1,150,local,prior_elapsed_seconds_mse,5.523925802270475e-06,21
20260910,vlwm_h1,150,local,availability_bits_mse,0.0005764177506441659,21
20260910,vlwm_h1,150,local,presence_available_values,18.0,21
20260910,vlwm_h1,150,local,presence_mse,0.00021232017831521885,21
20260910,vlwm_h1,150,local,kind_available_values,36.0,21
20260910,vlwm_h1,150,local,kind_mse,9.036311894369918e-05,21
20260910,vlwm_h1,150,local,position_available_values,13.834757834757832,21
20260910,vlwm_h1,150,local,position_mse,0.000803941842494717,21
20260910,vlwm_h1,150,local,motion_available_values,13.787545787545788,21
20260910,vlwm_h1,150,local,motion_mse,0.0035590145357559553,21
20260910,vlwm_h1,150,local,parsed_pig_count_absolute_error,0.013600288540061213,21
20260910,vlwm_h1,150,local,parsed_block_count_absolute_error,0.018056567050810195,21
20260910,vlwm_h1,225,local,mean_available_candidates,11.476190476190476,21
20260910,vlwm_h1,225,local,carrier_mse,0.0005440910690429819,21
20260910,vlwm_h1,225,local,history_available_mse,2.2794749904853833e-05,21
20260910,vlwm_h1,225,local,prior_elapsed_seconds_mse,7.496302048265906e-06,21
20260910,vlwm_h1,225,local,availability_bits_mse,0.0006532061862434848,21
20260910,vlwm_h1,225,local,presence_available_values,18.0,21
20260910,vlwm_h1,225,local,presence_mse,0.00019578477768962115,21
20260910,vlwm_h1,225,local,kind_available_values,36.0,21
20260910,vlwm_h1,225,local,kind_mse,0.00020284651314263634,21
20260910,vlwm_h1,225,local,position_available_values,13.776149776149778,21
20260910,vlwm_h1,225,local,position_mse,0.000544258069686006,21
20260910,vlwm_h1,225,local,motion_available_values,13.746845746845747,21
20260910,vlwm_h1,225,local,motion_mse,0.002252885843321391,21
20260910,vlwm_h1,225,local,parsed_pig_count_absolute_error,0.012470293381832132,21
20260910,vlwm_h1,225,local,parsed_block_count_absolute_error,0.02640388091171463,21
20260910,vlwm_h1,600,local,mean_available_candidates,11.476190476190476,21
20260910,vlwm_h1,600,local,carrier_mse,0.007968261869709191,21
20260910,vlwm_h1,600,local,history_available_mse,0.00023049879396081925,21
20260910,vlwm_h1,600,local,prior_elapsed_seconds_mse,0.0009627628634369329,21
20260910,vlwm_h1,600,local,availability_bits_mse,0.000741126280126266,21
20260910,vlwm_h1,600,local,presence_available_values,18.0,21
20260910,vlwm_h1,600,local,presence_mse,0.0004558023128725699,21
20260910,vlwm_h1,600,local,kind_available_values,36.0,21
20260910,vlwm_h1,600,local,kind_mse,0.00043276598343133343,21
20260910,vlwm_h1,600,local,position_available_values,13.383394383394384,21
20260910,vlwm_h1,600,local,position_mse,0.000587623617773263,21
20260910,vlwm_h1,600,local,motion_available_values,13.368742368742367,21
20260910,vlwm_h1,600,local,motion_mse,0.13741326479165492,21
20260910,vlwm_h1,600,local,parsed_pig_count_absolute_error,0.01304104440081008,21
20260910,vlwm_h1,600,local,parsed_block_count_absolute_error,0.018327128374647582,21
20260910,vlwm_h5,15,recursive,mean_available_candidates,11.476190476190476,21
20260910,vlwm_h5,15,recursive,carrier_mse,0.006983557671946517,21
20260910,vlwm_h5,15,recursive,history_available_mse,0.02300850453857524,21
20260910,vlwm_h5,15,recursive,prior_elapsed_seconds_mse,0.00042085302512555485,21
20260910,vlwm_h5,15,recursive,availability_bits_mse,0.012369330361353873,21
20260910,vlwm_h5,15,recursive,presence_available_values,18.0,21
20260910,vlwm_h5,15,recursive,presence_mse,0.004431770505861789,21
20260910,vlwm_h5,15,recursive,kind_available_values,36.0,21
20260910,vlwm_h5,15,recursive,kind_mse,0.0019199353035878944,21
20260910,vlwm_h5,15,recursive,position_available_values,13.992673992673994,21
20260910,vlwm_h5,15,recursive,position_mse,0.011988967114748122,21
20260910,vlwm_h5,15,recursive,motion_available_values,13.956043956043956,21
20260910,vlwm_h5,15,recursive,motion_mse,0.004281263622142795,21
20260910,vlwm_h5,15,recursive,parsed_pig_count_absolute_error,0.10652748573493291,21
20260910,vlwm_h5,15,recursive,parsed_block_count_absolute_error,0.09616985058539249,21
20260910,vlwm_h5,30,recursive,mean_available_candidates,11.476190476190476,21
20260910,vlwm_h5,30,recursive,carrier_mse,0.009990922374916927,21
20260910,vlwm_h5,30,recursive,history_available_mse,0.024657675307530484,21
20260910,vlwm_h5,30,recursive,prior_elapsed_seconds_mse,0.0044170761454839875,21
20260910,vlwm_h5,30,recursive,availability_bits_mse,0.015892905747815603,21
20260910,vlwm_h5,30,recursive,presence_available_values,18.0,21
20260910,vlwm_h5,30,recursive,presence_mse,0.007942216575687623,21
20260910,vlwm_h5,30,recursive,kind_available_values,36.0,21
20260910,vlwm_h5,30,recursive,kind_mse,0.005687349498678196,21
20260910,vlwm_h5,30,recursive,position_available_values,14.014652014652013,21
20260910,vlwm_h5,30,recursive,position_mse,0.014220208236481251,21
20260910,vlwm_h5,30,recursive,motion_available_values,14.014652014652013,21
20260910,vlwm_h5,30,recursive,motion_mse,0.0006515255291914718,21
20260910,vlwm_h5,30,recursive,parsed_pig_count_absolute_error,0.12745384102042925,21
20260910,vlwm_h5,30,recursive,parsed_block_count_absolute_error,0.10368006002445589,21
20260910,vlwm_h5,60,recursive,mean_available_candidates,11.476190476190476,21
20260910,vlwm_h5,60,recursive,carrier_mse,0.031088048726082913,21
20260910,vlwm_h5,60,recursive,history_available_mse,0.057576741917457784,21
20260910,vlwm_h5,60,recursive,prior_elapsed_seconds_mse,0.07726436298207616,21
20260910,vlwm_h5,60,recursive,availability_bits_mse,0.039669433937562025,21
20260910,vlwm_h5,60,recursive,presence_available_values,18.0,21
20260910,vlwm_h5,60,recursive,presence_mse,0.02813051534012971,21
20260910,vlwm_h5,60,recursive,kind_available_values,36.0,21
20260910,vlwm_h5,60,recursive,kind_mse,0.029533292999589712,21
20260910,vlwm_h5,60,recursive,position_available_values,13.941391941391942,21
20260910,vlwm_h5,60,recursive,position_mse,0.033662343360391644,21
20260910,vlwm_h5,60,recursive,motion_available_values,13.912087912087914,21
20260910,vlwm_h5,60,recursive,motion_mse,0.0028932520525908204,21
20260910,vlwm_h5,60,recursive,parsed_pig_count_absolute_error,0.13656932261150848,21
20260910,vlwm_h5,60,recursive,parsed_block_count_absolute_error,0.16909524893996217,21
20260910,vlwm_h5,150,recursive,mean_available_candidates,11.476190476190476,21
20260910,vlwm_h5,150,recursive,carrier_mse,4.866153944068837,21
20260910,vlwm_h5,150,recursive,history_available_mse,1.390271940154896,21
20260910,vlwm_h5,150,recursive,prior_elapsed_seconds_mse,6.127747087196437,21
20260910,vlwm_h5,150,recursive,availability_bits_mse,6.007835927364471,21
20260910,vlwm_h5,150,recursive,presence_available_values,18.0,21
20260910,vlwm_h5,150,recursive,presence_mse,4.085606906210873,21
20260910,vlwm_h5,150,recursive,kind_available_values,36.0,21
20260910,vlwm_h5,150,recursive,kind_mse,4.879748430091348,21
20260910,vlwm_h5,150,recursive,position_available_values,13.834757834757832,21
20260910,vlwm_h5,150,recursive,position_mse,4.8751472291095315,21
20260910,vlwm_h5,150,recursive,motion_available_values,13.787545787545788,21
20260910,vlwm_h5,150,recursive,motion_mse,0.43641938859268864,21
20260910,vlwm_h5,150,recursive,parsed_pig_count_absolute_error,0.20424760305726047,21
20260910,vlwm_h5,150,recursive,parsed_block_count_absolute_error,1.8904367220028173,21
20260910,vlwm_h5,225,recursive,mean_available_candidates,11.476190476190476,21
20260910,vlwm_h5,225,recursive,carrier_mse,82.68777169029893,21
20260910,vlwm_h5,225,recursive,history_available_mse,3.659460594543693,21
20260910,vlwm_h5,225,recursive,prior_elapsed_seconds_mse,6.599268387402414,21
20260910,vlwm_h5,225,recursive,availability_bits_mse,106.13046177195652,21
20260910,vlwm_h5,225,recursive,presence_available_values,18.0,21
20260910,vlwm_h5,225,recursive,presence_mse,62.46409405094231,21
20260910,vlwm_h5,225,recursive,kind_available_values,36.0,21
20260910,vlwm_h5,225,recursive,kind_mse,83.62593959280895,21
20260910,vlwm_h5,225,recursive,position_available_values,13.776149776149778,21
20260910,vlwm_h5,225,recursive,position_mse,74.34214360588605,21
20260910,vlwm_h5,225,recursive,motion_available_values,13.746845746845747,21
20260910,vlwm_h5,225,recursive,motion_mse,6.753635508664709,21
20260910,vlwm_h5,225,recursive,parsed_pig_count_absolute_error,0.18282209430144913,21
20260910,vlwm_h5,225,recursive,parsed_block_count_absolute_error,1.2951759003839096,21
20260910,vlwm_h5,600,recursive,mean_available_candidates,11.476190476190476,21
20260910,vlwm_h5,600,recursive,carrier_mse,2153.4084426699783,21
20260910,vlwm_h5,600,recursive,history_available_mse,311.3196412578303,21
20260910,vlwm_h5,600,recursive,prior_elapsed_seconds_mse,551.6011145933269,21
20260910,vlwm_h5,600,recursive,availability_bits_mse,2548.3279070421404,21
20260910,vlwm_h5,600,recursive,presence_available_values,18.0,21
20260910,vlwm_h5,600,recursive,presence_mse,2070.672461519691,21
20260910,vlwm_h5,600,recursive,kind_available_values,36.0,21
20260910,vlwm_h5,600,recursive,kind_mse,1982.888079091906,21
20260910,vlwm_h5,600,recursive,position_available_values,13.383394383394384,21
20260910,vlwm_h5,600,recursive,position_mse,1736.8133136496479,21
20260910,vlwm_h5,600,recursive,motion_available_values,13.368742368742367,21
20260910,vlwm_h5,600,recursive,motion_mse,231.03955095273992,21
20260910,vlwm_h5,600,recursive,parsed_pig_count_absolute_error,0.39739617126382776,21
20260910,vlwm_h5,600,recursive,parsed_block_count_absolute_error,1.2436861518300297,21
20260910,vlwm_h5,15,local,mean_available_candidates,11.476190476190476,21
20260910,vlwm_h5,15,local,carrier_mse,0.0020839525521475473,21
20260910,vlwm_h5,15,local,history_available_mse,4.807987968191133e-05,21
20260910,vlwm_h5,15,local,prior_elapsed_seconds_mse,1.640959334468169e-05,21
20260910,vlwm_h5,15,local,availability_bits_mse,0.0033815965860540024,21
20260910,vlwm_h5,15,local,presence_available_values,18.0,21
20260910,vlwm_h5,15,local,presence_mse,0.0009647368649886636,21
20260910,vlwm_h5,15,local,kind_available_values,36.0,21
20260910,vlwm_h5,15,local,kind_mse,0.00028540381895372823,21
20260910,vlwm_h5,15,local,position_available_values,13.992673992673994,21
20260910,vlwm_h5,15,local,position_mse,0.002705041688746702,21
20260910,vlwm_h5,15,local,motion_available_values,13.956043956043956,21
20260910,vlwm_h5,15,local,motion_mse,0.004524571429464004,21
20260910,vlwm_h5,15,local,parsed_pig_count_absolute_error,0.028946097605885606,21
20260910,vlwm_h5,15,local,parsed_block_count_absolute_error,0.058550171062014496,21
20260910,vlwm_h5,30,local,mean_available_candidates,11.476190476190476,21
20260910,vlwm_h5,30,local,carrier_mse,0.00037353081255656225,21
20260910,vlwm_h5,30,local,history_available_mse,1.8329396066636807e-05,21
20260910,vlwm_h5,30,local,prior_elapsed_seconds_mse,5.3744682699015784e-06,21
20260910,vlwm_h5,30,local,availability_bits_mse,0.0006448608606535604,21
20260910,vlwm_h5,30,local,presence_available_values,18.0,21
20260910,vlwm_h5,30,local,presence_mse,0.00012462608369040402,21
20260910,vlwm_h5,30,local,kind_available_values,36.0,21
20260910,vlwm_h5,30,local,kind_mse,0.00012539004620134604,21
20260910,vlwm_h5,30,local,position_available_values,14.014652014652013,21
20260910,vlwm_h5,30,local,position_mse,0.00028529867546032625,21
20260910,vlwm_h5,30,local,motion_available_values,14.014652014652013,21
20260910,vlwm_h5,30,local,motion_mse,0.0003189270078830628,21
20260910,vlwm_h5,30,local,parsed_pig_count_absolute_error,0.0130821361078319,21
20260910,vlwm_h5,30,local,parsed_block_count_absolute_error,0.01789797028995237,21
20260910,vlwm_h5,60,local,mean_available_candidates,11.476190476190476,21
20260910,vlwm_h5,60,local,carrier_mse,0.000357056066594053,21
20260910,vlwm_h5,60,local,history_available_mse,2.162906570195413e-05,21
20260910,vlwm_h5,60,local,prior_elapsed_seconds_mse,5.2093298621666744e-06,21
20260910,vlwm_h5,60,local,availability_bits_mse,0.0005845122947949427,21
20260910,vlwm_h5,60,local,presence_available_values,18.0,21
20260910,vlwm_h5,60,local,presence_mse,0.00013290097725743896,21
20260910,vlwm_h5,60,local,kind_available_values,36.0,21
20260910,vlwm_h5,60,local,kind_mse,0.00011650306331082336,21
20260910,vlwm_h5,60,local,position_available_values,13.941391941391942,21
20260910,vlwm_h5,60,local,position_mse,0.0002767914426815566,21
20260910,vlwm_h5,60,local,motion_available_values,13.912087912087914,21
20260910,vlwm_h5,60,local,motion_mse,0.0004713791380649321,21
20260910,vlwm_h5,60,local,parsed_pig_count_absolute_error,0.012816828337249939,21
20260910,vlwm_h5,60,local,parsed_block_count_absolute_error,0.022817845543379983,21
20260910,vlwm_h5,150,local,mean_available_candidates,11.476190476190476,21
20260910,vlwm_h5,150,local,carrier_mse,0.0009109591413002383,21
20260910,vlwm_h5,150,local,history_available_mse,4.152916451066281e-05,21
20260910,vlwm_h5,150,local,prior_elapsed_seconds_mse,6.511548821348848e-06,21
20260910,vlwm_h5,150,local,availability_bits_mse,0.001302394115843676,21
20260910,vlwm_h5,150,local,presence_available_values,18.0,21
20260910,vlwm_h5,150,local,presence_mse,0.0003555363980991385,21
20260910,vlwm_h5,150,local,kind_available_values,36.0,21
20260910,vlwm_h5,150,local,kind_mse,0.00013653900370954144,21
20260910,vlwm_h5,150,local,position_available_values,13.834757834757832,21
20260910,vlwm_h5,150,local,position_mse,0.0011513037094550789,21
20260910,vlwm_h5,150,local,motion_available_values,13.787545787545788,21
20260910,vlwm_h5,150,local,motion_mse,0.003581044919705443,21
20260910,vlwm_h5,150,local,parsed_pig_count_absolute_error,0.015146810817104091,21
20260910,vlwm_h5,150,local,parsed_block_count_absolute_error,0.03219116424382423,21
20260910,vlwm_h5,225,local,mean_available_candidates,11.476190476190476,21
20260910,vlwm_h5,225,local,carrier_mse,0.0009533017561668746,21
20260910,vlwm_h5,225,local,history_available_mse,2.3625382579599245e-05,21
20260910,vlwm_h5,225,local,prior_elapsed_seconds_mse,5.921161668002112e-06,21
20260910,vlwm_h5,225,local,availability_bits_mse,0.0014795438260863688,21
20260910,vlwm_h5,225,local,presence_available_values,18.0,21
20260910,vlwm_h5,225,local,presence_mse,0.0004728931244345067,21
20260910,vlwm_h5,225,local,kind_available_values,36.0,21
20260910,vlwm_h5,225,local,kind_mse,0.00018624512377601624,21
20260910,vlwm_h5,225,local,position_available_values,13.776149776149778,21
20260910,vlwm_h5,225,local,position_mse,0.0007562830595848063,21
20260910,vlwm_h5,225,local,motion_available_values,13.746845746845747,21
20260910,vlwm_h5,225,local,motion_mse,0.002277934018048147,21
20260910,vlwm_h5,225,local,parsed_pig_count_absolute_error,0.016567671054900937,21
20260910,vlwm_h5,225,local,parsed_block_count_absolute_error,0.04932659295990496,21
20260910,vlwm_h5,600,local,mean_available_candidates,11.476190476190476,21
20260910,vlwm_h5,600,local,carrier_mse,0.008079448870292036,21
20260910,vlwm_h5,600,local,history_available_mse,0.00023502794798611437,21
20260910,vlwm_h5,600,local,prior_elapsed_seconds_mse,0.0009556042985192719,21
20260910,vlwm_h5,600,local,availability_bits_mse,0.00084365575117486,21
20260910,vlwm_h5,600,local,presence_available_values,18.0,21
20260910,vlwm_h5,600,local,presence_mse,0.0004612713900414882,21
20260910,vlwm_h5,600,local,kind_available_values,36.0,21
20260910,vlwm_h5,600,local,kind_mse,0.00045309293929034103,21
20260910,vlwm_h5,600,local,position_available_values,13.383394383394384,21
20260910,vlwm_h5,600,local,position_mse,0.0006002739156255139,21
20260910,vlwm_h5,600,local,motion_available_values,13.368742368742367,21
20260910,vlwm_h5,600,local,motion_mse,0.13848656091583708,21
20260910,vlwm_h5,600,local,parsed_pig_count_absolute_error,0.013811736178738807,21
20260910,vlwm_h5,600,local,parsed_block_count_absolute_error,0.019893864105829908,21
20260910,vlwm_h15,15,recursive,mean_available_candidates,11.476190476190476,21
20260910,vlwm_h15,15,recursive,carrier_mse,0.006374966000885672,21
20260910,vlwm_h15,15,recursive,history_available_mse,0.02712671617809293,21
20260910,vlwm_h15,15,recursive,prior_elapsed_seconds_mse,3.6811765586388336e-05,21
20260910,vlwm_h15,15,recursive,availability_bits_mse,0.011975172098478846,21
20260910,vlwm_h15,15,recursive,presence_available_values,18.0,21
20260910,vlwm_h15,15,recursive,presence_mse,0.0031609640094408635,21
20260910,vlwm_h15,15,recursive,kind_available_values,36.0,21
20260910,vlwm_h15,15,recursive,kind_mse,0.000805139173067374,21
20260910,vlwm_h15,15,recursive,position_available_values,13.992673992673994,21
20260910,vlwm_h15,15,recursive,position_mse,0.012222391157616122,21
20260910,vlwm_h15,15,recursive,motion_available_values,13.956043956043956,21
20260910,vlwm_h15,15,recursive,motion_mse,0.005185455348770835,21
20260910,vlwm_h15,15,recursive,parsed_pig_count_absolute_error,0.0874350794360169,21
20260910,vlwm_h15,15,recursive,parsed_block_count_absolute_error,0.09729991582031278,21
20260910,vlwm_h15,30,recursive,mean_available_candidates,11.476190476190476,21
20260910,vlwm_h15,30,recursive,carrier_mse,0.006541912935846279,21
20260910,vlwm_h15,30,recursive,history_available_mse,0.023784991394996756,21
20260910,vlwm_h15,30,recursive,prior_elapsed_seconds_mse,0.00010773190365522326,21
20260910,vlwm_h15,30,recursive,availability_bits_mse,0.012544082651812116,21
20260910,vlwm_h15,30,recursive,presence_available_values,18.0,21
20260910,vlwm_h15,30,recursive,presence_mse,0.00375480889022483,21
20260910,vlwm_h15,30,recursive,kind_available_values,36.0,21
20260910,vlwm_h15,30,recursive,kind_mse,0.0012590553614296822,21
20260910,vlwm_h15,30,recursive,position_available_values,14.014652014652013,21
20260910,vlwm_h15,30,recursive,position_mse,0.012445400462532204,21
20260910,vlwm_h15,30,recursive,motion_available_values,14.014652014652013,21
20260910,vlwm_h15,30,recursive,motion_mse,0.0005505718398292227,21
20260910,vlwm_h15,30,recursive,parsed_pig_count_absolute_error,0.10185833160342347,21
20260910,vlwm_h15,30,recursive,parsed_block_count_absolute_error,0.09387245771622656,21
20260910,vlwm_h15,60,recursive,mean_available_candidates,11.476190476190476,21
20260910,vlwm_h15,60,recursive,carrier_mse,0.007678001146334997,21
20260910,vlwm_h15,60,recursive,history_available_mse,0.02320560750229536,21
20260910,vlwm_h15,60,recursive,prior_elapsed_seconds_mse,0.0009252673577274734,21
20260910,vlwm_h15,60,recursive,availability_bits_mse,0.013419391013761817,21
20260910,vlwm_h15,60,recursive,presence_available_values,18.0,21
20260910,vlwm_h15,60,recursive,presence_mse,0.0050220385805189345,21
20260910,vlwm_h15,60,recursive,kind_available_values,36.0,21
20260910,vlwm_h15,60,recursive,kind_mse,0.0030217682855136143,21
20260910,vlwm_h15,60,recursive,position_available_values,13.941391941391942,21
20260910,vlwm_h15,60,recursive,position_mse,0.0121094569409623,21
20260910,vlwm_h15,60,recursive,motion_available_values,13.912087912087914,21
20260910,vlwm_h15,60,recursive,motion_mse,0.0007610334205359677,21
20260910,vlwm_h15,60,recursive,parsed_pig_count_absolute_error,0.11910101422050991,21
20260910,vlwm_h15,60,recursive,parsed_block_count_absolute_error,0.07560190073582045,21
20260910,vlwm_h15,150,recursive,mean_available_candidates,11.476190476190476,21
20260910,vlwm_h15,150,recursive,carrier_mse,0.02273908037150338,21
20260910,vlwm_h15,150,recursive,history_available_mse,0.04259907994524091,21
20260910,vlwm_h15,150,recursive,prior_elapsed_seconds_mse,0.03477918869668386,21
20260910,vlwm_h15,150,recursive,availability_bits_mse,0.03089340418542494,21
20260910,vlwm_h15,150,recursive,presence_available_values,18.0,21
20260910,vlwm_h15,150,recursive,presence_mse,0.01964996583762128,21
20260910,vlwm_h15,150,recursive,kind_available_values,36.0,21
20260910,vlwm_h15,150,recursive,kind_mse,0.019620285274667807,21
20260910,vlwm_h15,150,recursive,position_available_values,13.834757834757832,21
20260910,vlwm_h15,150,recursive,position_mse,0.025039674093282855,21
20260910,vlwm_h15,150,recursive,motion_available_values,13.787545787545788,21
20260910,vlwm_h15,150,recursive,motion_mse,0.00479242702212009,21
20260910,vlwm_h15,150,recursive,parsed_pig_count_absolute_error,0.1591735026741699,21
20260910,vlwm_h15,150,recursive,parsed_block_count_absolute_error,0.14345609115042257,21
20260910,vlwm_h15,225,recursive,mean_available_candidates,11.476190476190476,21
20260910,vlwm_h15,225,recursive,carrier_mse,0.07222172130765836,21
20260910,vlwm_h15,225,recursive,history_available_mse,0.13223124223119603,21
20260910,vlwm_h15,225,recursive,prior_elapsed_seconds_mse,0.22235011865332532,21
20260910,vlwm_h15,225,recursive,availability_bits_mse,0.08906635242655009,21
20260910,vlwm_h15,225,recursive,presence_available_values,18.0,21
20260910,vlwm_h15,225,recursive,presence_mse,0.07143649313289153,21
20260910,vlwm_h15,225,recursive,kind_available_values,36.0,21
20260910,vlwm_h15,225,recursive,kind_mse,0.0722269192047156,21
20260910,vlwm_h15,225,recursive,position_available_values,13.776149776149778,21
20260910,vlwm_h15,225,recursive,position_mse,0.07824447372048249,21
20260910,vlwm_h15,225,recursive,motion_available_values,13.746845746845747,21
20260910,vlwm_h15,225,recursive,motion_mse,0.00803258676784962,21
20260910,vlwm_h15,225,recursive,parsed_pig_count_absolute_error,0.19055403558451287,21
20260910,vlwm_h15,225,recursive,parsed_block_count_absolute_error,0.2836218141883575,21
20260910,vlwm_h15,600,recursive,mean_available_candidates,11.476190476190476,21
20260910,vlwm_h15,600,recursive,carrier_mse,47.964109126773536,21
20260910,vlwm_h15,600,recursive,history_available_mse,1.5242591044893221,21
20260910,vlwm_h15,600,recursive,prior_elapsed_seconds_mse,6.866572023835428,21
20260910,vlwm_h15,600,recursive,availability_bits_mse,61.72334666521545,21
20260910,vlwm_h15,600,recursive,presence_available_values,18.0,21
20260910,vlwm_h15,600,recursive,presence_mse,35.39854688224858,21
20260910,vlwm_h15,600,recursive,kind_available_values,36.0,21
20260910,vlwm_h15,600,recursive,kind_mse,48.85896224081439,21
20260910,vlwm_h15,600,recursive,position_available_values,13.383394383394384,21
20260910,vlwm_h15,600,recursive,position_mse,46.2410310933737,21
20260910,vlwm_h15,600,recursive,motion_available_values,13.368742368742367,21
20260910,vlwm_h15,600,recursive,motion_mse,4.331780087832284,21
20260910,vlwm_h15,600,recursive,parsed_pig_count_absolute_error,0.19893247748186832,21
20260910,vlwm_h15,600,recursive,parsed_block_count_absolute_error,1.4398402065346332,21
20260910,vlwm_h15,15,local,mean_available_candidates,11.476190476190476,21
20260910,vlwm_h15,15,local,carrier_mse,0.006374966000885672,21
20260910,vlwm_h15,15,local,history_available_mse,0.02712671617809293,21
20260910,vlwm_h15,15,local,prior_elapsed_seconds_mse,3.6811765586388336e-05,21
20260910,vlwm_h15,15,local,availability_bits_mse,0.011975172098478846,21
20260910,vlwm_h15,15,local,presence_available_values,18.0,21
20260910,vlwm_h15,15,local,presence_mse,0.0031609640094408635,21
20260910,vlwm_h15,15,local,kind_available_values,36.0,21
20260910,vlwm_h15,15,local,kind_mse,0.000805139173067374,21
20260910,vlwm_h15,15,local,position_available_values,13.992673992673994,21
20260910,vlwm_h15,15,local,position_mse,0.012222391157616122,21
20260910,vlwm_h15,15,local,motion_available_values,13.956043956043956,21
20260910,vlwm_h15,15,local,motion_mse,0.005185455348770835,21
20260910,vlwm_h15,15,local,parsed_pig_count_absolute_error,0.0874350794360169,21
20260910,vlwm_h15,15,local,parsed_block_count_absolute_error,0.09729991582031278,21
20260910,vlwm_h15,30,local,mean_available_candidates,11.476190476190476,21
20260910,vlwm_h15,30,local,carrier_mse,0.0011158641549828946,21
20260910,vlwm_h15,30,local,history_available_mse,6.948744470852046e-05,21
20260910,vlwm_h15,30,local,prior_elapsed_seconds_mse,8.461355593070703e-06,21
20260910,vlwm_h15,30,local,availability_bits_mse,0.002152849572892568,21
20260910,vlwm_h15,30,local,presence_available_values,18.0,21
20260910,vlwm_h15,30,local,presence_mse,0.0003052734352026997,21
20260910,vlwm_h15,30,local,kind_available_values,36.0,21
20260910,vlwm_h15,30,local,kind_mse,0.0001514032835081768,21
20260910,vlwm_h15,30,local,position_available_values,14.014652014652013,21
20260910,vlwm_h15,30,local,position_mse,0.0018032097389656444,21
20260910,vlwm_h15,30,local,motion_available_values,14.014652014652013,21
20260910,vlwm_h15,30,local,motion_mse,0.0003180838678169742,21
20260910,vlwm_h15,30,local,parsed_pig_count_absolute_error,0.020898031013936676,21
20260910,vlwm_h15,30,local,parsed_block_count_absolute_error,0.03808289705443321,21
20260910,vlwm_h15,60,local,mean_available_candidates,11.476190476190476,21
20260910,vlwm_h15,60,local,carrier_mse,0.0009483776402050869,21
20260910,vlwm_h15,60,local,history_available_mse,2.0235270654030585e-05,21
20260910,vlwm_h15,60,local,prior_elapsed_seconds_mse,7.510810801557128e-06,21
20260910,vlwm_h15,60,local,availability_bits_mse,0.001734499326448558,21
20260910,vlwm_h15,60,local,presence_available_values,18.0,21
20260910,vlwm_h15,60,local,presence_mse,0.0003558985403988494,21
20260910,vlwm_h15,60,local,kind_available_values,36.0,21
20260910,vlwm_h15,60,local,kind_mse,0.00020560998611196242,21
20260910,vlwm_h15,60,local,position_available_values,13.941391941391942,21
20260910,vlwm_h15,60,local,position_mse,0.0006612952711953041,21
20260910,vlwm_h15,60,local,motion_available_values,13.912087912087914,21
20260910,vlwm_h15,60,local,motion_mse,0.0004858245260077969,21
20260910,vlwm_h15,60,local,parsed_pig_count_absolute_error,0.016587191630751265,21
20260910,vlwm_h15,60,local,parsed_block_count_absolute_error,0.0538426398906767,21
20260910,vlwm_h15,150,local,mean_available_candidates,11.476190476190476,21
20260910,vlwm_h15,150,local,carrier_mse,0.0014793105383081383,21
20260910,vlwm_h15,150,local,history_available_mse,2.137660587991043e-05,21
20260910,vlwm_h15,150,local,prior_elapsed_seconds_mse,8.157433965538458e-06,21
20260910,vlwm_h15,150,local,availability_bits_mse,0.0024689551228654913,21
20260910,vlwm_h15,150,local,presence_available_values,18.0,21
20260910,vlwm_h15,150,local,presence_mse,0.0006747081375185886,21
20260910,vlwm_h15,150,local,kind_available_values,36.0,21
20260910,vlwm_h15,150,local,kind_mse,0.00016987099060566415,21
20260910,vlwm_h15,150,local,position_available_values,13.834757834757832,21
20260910,vlwm_h15,150,local,position_mse,0.0014247222938824512,21
20260910,vlwm_h15,150,local,motion_available_values,13.787545787545788,21
20260910,vlwm_h15,150,local,motion_mse,0.0036453338839863483,21
20260910,vlwm_h15,150,local,parsed_pig_count_absolute_error,0.0197535357141853,21
20260910,vlwm_h15,150,local,parsed_block_count_absolute_error,0.04745356415094112,21
20260910,vlwm_h15,225,local,mean_available_candidates,11.476190476190476,21
20260910,vlwm_h15,225,local,carrier_mse,0.0022391602203732314,21
20260910,vlwm_h15,225,local,history_available_mse,3.0111597057898598e-05,21
20260910,vlwm_h15,225,local,prior_elapsed_seconds_mse,1.1170330258159234e-05,21
20260910,vlwm_h15,225,local,availability_bits_mse,0.003912342579014618,21
20260910,vlwm_h15,225,local,presence_available_values,18.0,21
20260910,vlwm_h15,225,local,presence_mse,0.001399586546459546,21
20260910,vlwm_h15,225,local,kind_available_values,36.0,21
20260910,vlwm_h15,225,local,kind_mse,0.00041682541791692324,21
20260910,vlwm_h15,225,local,position_available_values,13.776149776149778,21
20260910,vlwm_h15,225,local,position_mse,0.0016841328204143708,21
20260910,vlwm_h15,225,local,motion_available_values,13.746845746845747,21
20260910,vlwm_h15,225,local,motion_mse,0.002374618020692432,21
20260910,vlwm_h15,225,local,parsed_pig_count_absolute_error,0.030088416012981616,21
20260910,vlwm_h15,225,local,parsed_block_count_absolute_error,0.08324256506043638,21
20260910,vlwm_h15,600,local,mean_available_candidates,11.476190476190476,21
20260910,vlwm_h15,600,local,carrier_mse,0.008376891211669422,21
20260910,vlwm_h15,600,local,history_available_mse,0.0002574331729239773,21
20260910,vlwm_h15,600,local,prior_elapsed_seconds_mse,0.0009382681020473785,21
20260910,vlwm_h15,600,local,availability_bits_mse,0.0011347006460595953,21
20260910,vlwm_h15,600,local,presence_available_values,18.0,21
20260910,vlwm_h15,600,local,presence_mse,0.0005010450627432133,21
20260910,vlwm_h15,600,local,kind_available_values,36.0,21
20260910,vlwm_h15,600,local,kind_mse,0.00047585476691463044,21
20260910,vlwm_h15,600,local,position_available_values,13.383394383394384,21
20260910,vlwm_h15,600,local,position_mse,0.0007883787040480533,21
20260910,vlwm_h15,600,local,motion_available_values,13.368742368742367,21
20260910,vlwm_h15,600,local,motion_mse,0.1412482474428834,21
20260910,vlwm_h15,600,local,parsed_pig_count_absolute_error,0.016281645694453218,21
20260910,vlwm_h15,600,local,parsed_block_count_absolute_error,0.024746021319737726,21

seed,system,mean_regret,top1_fraction,top3_fraction,prediction_failure_states,transition_linear_macs
20260908,tawm_h1,0.3997805318361801,0.19047619047619047,0.42857142857142855,0,267828120000
20260908,tawm_h5,0.3997805318361801,0.19047619047619047,0.42857142857142855,0,53565624000
20260908,tawm_h15,0.650034410065264,0.047619047619047616,0.42857142857142855,0,17855208000
20260908,vlwm_h1,0.46890346384661247,0.19047619047619047,0.42857142857142855,0,267828120000
20260908,vlwm_h5,0.44739957945522785,0.14285714285714285,0.42857142857142855,0,53565624000
20260908,vlwm_h15,0.5364666954415969,0.19047619047619047,0.42857142857142855,0,17855208000
20260908,tawm_adaptive,0.3997805318361801,0.19047619047619047,0.42857142857142855,0,82728087680
20260909,tawm_h1,0.3997805318361801,0.19047619047619047,0.42857142857142855,0,267828120000
20260909,tawm_h5,0.3997805318361801,0.19047619047619047,0.42857142857142855,0,53565624000
20260909,tawm_h15,0.5895352357890866,0.09523809523809523,0.23809523809523808,0,17855208000
20260909,vlwm_h1,0.4112254855346934,0.19047619047619047,0.38095238095238093,0,267828120000
20260909,vlwm_h5,0.4021088890562724,0.19047619047619047,0.38095238095238093,0,53565624000
20260909,vlwm_h15,0.48539560433115203,0.19047619047619047,0.38095238095238093,0,17855208000
20260909,tawm_adaptive,0.3997805318361801,0.19047619047619047,0.42857142857142855,0,210505900220
20260910,tawm_h1,0.3997805318361801,0.19047619047619047,0.42857142857142855,0,267828120000
20260910,tawm_h5,0.3997805318361801,0.19047619047619047,0.42857142857142855,0,53565624000
20260910,tawm_h15,0.6357639676890772,0.09523809523809523,0.19047619047619047,0,17855208000
20260910,vlwm_h1,0.3997805318361801,0.19047619047619047,0.42857142857142855,0,267828120000
20260910,vlwm_h5,0.3997805318361801,0.19047619047619047,0.42857142857142855,0,53565624000
20260910,vlwm_h15,0.43525260057565873,0.14285714285714285,0.38095238095238093,0,17855208000
20260910,tawm_adaptive,0.3997805318361801,0.19047619047619047,0.42857142857142855,0,202456191980

contrast_tested,reference,kind,corpus,mean_regret_difference,interval_low,interval_high,paired_states,scope
tawm_h1,continuous_h1,external_vs_fixed,pooled,0.06688304859745191,0.018290322775894128,0.12058281148453473,21,descriptive paired bootstrap over states
tawm_h1,continuous_h1,external_vs_fixed,issue-77-n1-diagnostic-v1,0.08100224279534701,0.0,0.205144804288327,4,descriptive paired bootstrap over states
tawm_h1,continuous_h1,external_vs_fixed,issue-77-n2-eval-v1,0.06356088525677071,0.010574579773691375,0.12294478069919584,17,descriptive paired bootstrap over states
tawm_h5,continuous_h5,external_vs_fixed,pooled,0.06637750385649067,-0.022044564354645597,0.17001942787457258,21,descriptive paired bootstrap; continuous_h5 comparator retains issue-74 selection optimism
tawm_h5,continuous_h5,external_vs_fixed,issue-77-n1-diagnostic-v1,0.032543606977081745,0.0,0.09763082093124523,4,descriptive paired bootstrap; continuous_h5 comparator retains issue-74 selection optimism
tawm_h5,continuous_h5,external_vs_fixed,issue-77-n2-eval-v1,0.07433842076929277,-0.033317106066208135,0.19794728288175825,17,descriptive paired bootstrap; continuous_h5 comparator retains issue-74 selection optimism
tawm_h15,continuous_h15,external_vs_fixed,pooled,0.0020634048136551194,-0.09754342237662371,0.10240096417129607,21,descriptive paired bootstrap over states
tawm_h15,continuous_h15,external_vs_fixed,issue-77-n1-diagnostic-v1,0.09049763260351987,-0.06237360231970998,0.25173480399469583,4,descriptive paired bootstrap over states
tawm_h15,continuous_h15,external_vs_fixed,issue-77-n2-eval-v1,-0.018744648783960118,-0.13552789841576962,0.10228432199092427,17,descriptive paired bootstrap over states
vlwm_h1,continuous_h1,external_vs_fixed,pooled,0.0400270866944701,-0.02830853072739778,0.10794302709734584,21,descriptive paired bootstrap over states
vlwm_h1,continuous_h1,external_vs_fixed,issue-77-n1-diagnostic-v1,0.08100224279534701,0.0,0.205144804288327,4,descriptive paired bootstrap over states
vlwm_h1,continuous_h1,external_vs_fixed,issue-77-n2-eval-v1,0.030385873494263773,-0.049789078622194394,0.1072619582036324,17,descriptive paired bootstrap over states
vlwm_h5,continuous_h5,external_vs_fixed,pooled,0.04972836891011072,-0.028235011133333064,0.13944304750593023,21,descriptive paired bootstrap; continuous_h5 comparator retains issue-74 selection optimism
vlwm_h5,continuous_h5,external_vs_fixed,issue-77-n1-diagnostic-v1,0.032543606977081745,0.0,0.09763082093124523,4,descriptive paired bootstrap; continuous_h5 comparator retains issue-74 selection optimism
vlwm_h5,continuous_h5,external_vs_fixed,issue-77-n2-eval-v1,0.05377184230611755,-0.0430342309887421,0.16093665082769776,17,descriptive paired bootstrap; continuous_h5 comparator retains issue-74 selection optimism
vlwm_h15,continuous_h15,external_vs_fixed,pooled,0.1414696425453285,-0.014414574079233447,0.28547432042578363,21,descriptive paired bootstrap over states
vlwm_h15,continuous_h15,external_vs_fixed,issue-77-n1-diagnostic-v1,0.2480705065156067,0.03177500393783965,0.4643660090933737,4,descriptive paired bootstrap over states
vlwm_h15,continuous_h15,external_vs_fixed,issue-77-n2-eval-v1,0.11638708631702777,-0.05684488991528006,0.2830542683821022,17,descriptive paired bootstrap over states
tawm_h1,tawm_h15,decay_signature,pooled,0.22533067267829582,0.08164096790515915,0.3716098488083159,21,descriptive paired bootstrap over states
tawm_h1,tawm_h15,decay_signature,issue-77-n1-diagnostic-v1,0.2576031116169581,-0.0703115524390567,0.6384632482209605,4,descriptive paired bootstrap over states
tawm_h1,tawm_h15,decay_signature,issue-77-n2-eval-v1,0.21773715763390464,0.061137460088613704,0.3712251334675358,17,descriptive paired bootstrap over states
vlwm_h1,vlwm_h15,decay_signature,pooled,0.05906847304364056,-0.02509436623392871,0.14815742424883155,21,descriptive paired bootstrap over states
vlwm_h1,vlwm_h15,decay_signature,issue-77-n1-diagnostic-v1,0.10003023770487127,-0.0072245505180474155,0.20728502592778997,4,descriptive paired bootstrap over states
vlwm_h1,vlwm_h15,decay_signature,issue-77-n2-eval-v1,0.0494304107704098,-0.05238330861764239,0.15371408030546224,17,descriptive paired bootstrap over states
continuous_h1,continuous_h15,decay_signature_reference,pooled,0.160511028894499,-0.012520978834569667,0.32557981591278523,21,descriptive paired bootstrap over states
continuous_h1,continuous_h15,decay_signature_reference,issue-77-n1-diagnostic-v1,0.267098501425131,0.05926796100902492,0.4269732083160621,4,descriptive paired bootstrap over states
continuous_h1,continuous_h15,decay_signature_reference,issue-77-n2-eval-v1,0.13543162359317382,-0.06574307070958055,0.33356256914249305,17,descriptive paired bootstrap over states
tawm_adaptive,continuous_h5,work_reported_comparison,pooled,0.06637750385649067,-0.022044564354645597,0.17001942787457258,21,descriptive paired bootstrap; continuous_h5 comparator retains issue-74 selection optimism
tawm_adaptive,continuous_h5,work_reported_comparison,issue-77-n1-diagnostic-v1,0.032543606977081745,0.0,0.09763082093124523,4,descriptive paired bootstrap; continuous_h5 comparator retains issue-74 selection optimism
tawm_adaptive,continuous_h5,work_reported_comparison,issue-77-n2-eval-v1,0.07433842076929277,-0.033317106066208135,0.19794728288175825,17,descriptive paired bootstrap; continuous_h5 comparator retains issue-74 selection optimism
tawm_h1,continuous_h5,work_reported_comparison,pooled,0.06637750385649067,-0.022044564354645597,0.17001942787457258,21,descriptive paired bootstrap; continuous_h5 comparator retains issue-74 selection optimism
tawm_h1,continuous_h5,work_reported_comparison,issue-77-n1-diagnostic-v1,0.032543606977081745,0.0,0.09763082093124523,4,descriptive paired bootstrap; continuous_h5 comparator retains issue-74 selection optimism
tawm_h1,continuous_h5,work_reported_comparison,issue-77-n2-eval-v1,0.07433842076929277,-0.033317106066208135,0.19794728288175825,17,descriptive paired bootstrap; continuous_h5 comparator retains issue-74 selection optimism
tawm_h15,continuous_h5,work_reported_comparison,pooled,-0.15895316882180507,-0.2917174383349512,-0.032865919602402684,21,descriptive paired bootstrap; continuous_h5 comparator retains issue-74 selection optimism
tawm_h15,continuous_h5,work_reported_comparison,issue-77-n1-diagnostic-v1,-0.22505950463987634,-0.6384632482209605,0.0703115524390567,4,descriptive paired bootstrap; continuous_h5 comparator retains issue-74 selection optimism
tawm_h15,continuous_h5,work_reported_comparison,issue-77-n2-eval-v1,-0.14339873686461185,-0.27614797295925,-0.011248801744412073,17,descriptive paired bootstrap; continuous_h5 comparator retains issue-74 selection optimism
tawm_h5,continuous_h5,work_reported_comparison,pooled,0.06637750385649067,-0.022044564354645597,0.17001942787457258,21,descriptive paired bootstrap; continuous_h5 comparator retains issue-74 selection optimism
tawm_h5,continuous_h5,work_reported_comparison,issue-77-n1-diagnostic-v1,0.032543606977081745,0.0,0.09763082093124523,4,descriptive paired bootstrap; continuous_h5 comparator retains issue-74 selection optimism
tawm_h5,continuous_h5,work_reported_comparison,issue-77-n2-eval-v1,0.07433842076929277,-0.033317106066208135,0.19794728288175825,17,descriptive paired bootstrap; continuous_h5 comparator retains issue-74 selection optimism
vlwm_h1,continuous_h5,work_reported_comparison,pooled,0.03952154195350886,-0.053176895770387464,0.14922058376669484,21,descriptive paired bootstrap; continuous_h5 comparator retains issue-74 selection optimism
vlwm_h1,continuous_h5,work_reported_comparison,issue-77-n1-diagnostic-v1,0.032543606977081745,0.0,0.09763082093124523,4,descriptive paired bootstrap; continuous_h5 comparator retains issue-74 selection optimism
vlwm_h1,continuous_h5,work_reported_comparison,issue-77-n2-eval-v1,0.041163409006785834,-0.07160879727574795,0.17355149587714017,17,descriptive paired bootstrap; continuous_h5 comparator retains issue-74 selection optimism
vlwm_h15,continuous_h5,work_reported_comparison,pooled,-0.019546931090131683,-0.12282992281684062,0.0898327742823001,21,descriptive paired bootstrap; continuous_h5 comparator retains issue-74 selection optimism
vlwm_h15,continuous_h5,work_reported_comparison,issue-77-n1-diagnostic-v1,-0.06748663072778954,-0.20728502592778997,0.07506271651257901,4,descriptive paired bootstrap; continuous_h5 comparator retains issue-74 selection optimism
vlwm_h15,continuous_h5,work_reported_comparison,issue-77-n2-eval-v1,-0.008267001763623948,-0.129990106919768,0.11983083177802378,17,descriptive paired bootstrap; continuous_h5 comparator retains issue-74 selection optimism
vlwm_h5,continuous_h5,work_reported_comparison,pooled,0.04972836891011072,-0.028235011133333064,0.13944304750593023,21,descriptive paired bootstrap; continuous_h5 comparator retains issue-74 selection optimism
vlwm_h5,continuous_h5,work_reported_comparison,issue-77-n1-diagnostic-v1,0.032543606977081745,0.0,0.09763082093124523,4,descriptive paired bootstrap; continuous_h5 comparator retains issue-74 selection optimism
vlwm_h5,continuous_h5,work_reported_comparison,issue-77-n2-eval-v1,0.05377184230611755,-0.0430342309887421,0.16093665082769776,17,descriptive paired bootstrap; continuous_h5 comparator retains issue-74 selection optimism
tawm_h1,continuous_h1,training_effect_analog,pooled,0.06688304859745191,0.018290322775894128,0.12058281148453473,21,descriptive paired bootstrap over states
tawm_h1,continuous_h1,training_effect_analog,issue-77-n1-diagnostic-v1,0.08100224279534701,0.0,0.205144804288327,4,descriptive paired bootstrap over states
tawm_h1,continuous_h1,training_effect_analog,issue-77-n2-eval-v1,0.06356088525677071,0.010574579773691375,0.12294478069919584,17,descriptive paired bootstrap over states
vlwm_h1,continuous_h1,training_effect_analog,pooled,0.0400270866944701,-0.02830853072739778,0.10794302709734584,21,descriptive paired bootstrap over states
vlwm_h1,continuous_h1,training_effect_analog,issue-77-n1-diagnostic-v1,0.08100224279534701,0.0,0.205144804288327,4,descriptive paired bootstrap over states
vlwm_h1,continuous_h1,training_effect_analog,issue-77-n2-eval-v1,0.030385873494263773,-0.049789078622194394,0.1072619582036324,17,descriptive paired bootstrap over states

disposition_question,token
q1_method_class,readiness_or_precision_insufficient
q2_work_reported,supported
q3_training_effect,supported
