id,cohort,inventory,cost,unit,statistic,value,interval_low,interval_high,clusters,label
lolo:grid:tie_free:B:F-1-continuous,lolo,grid,tie_free,B:F-1-continuous,auc,0.568110,0.500361,0.634273,11,EXPLORATORY
lolo:grid:tie_free:B:F-1-micro,lolo,grid,tie_free,B:F-1-micro,auc,0.514069,0.428499,0.598413,11,EXPLORATORY
lolo:grid:tie_free:B:F-1-macro,lolo,grid,tie_free,B:F-1-macro,auc,0.537662,0.459881,0.623667,11,EXPLORATORY
lolo:grid:tie_free:B:F-5-continuous,lolo,grid,tie_free,B:F-5-continuous,auc,0.480808,0.442713,0.527994,11,EXPLORATORY
lolo:grid:tie_free:B:F-5-micro,lolo,grid,tie_free,B:F-5-micro,auc,0.517532,0.472294,0.563999,11,EXPLORATORY
lolo:grid:tie_free:B:F-5-macro,lolo,grid,tie_free,B:F-5-macro,auc,0.505700,0.464141,0.548992,11,EXPLORATORY
lolo:grid:tie_free:B:F-15-continuous,lolo,grid,tie_free,B:F-15-continuous,auc,0.502814,0.452309,0.547258,11,EXPLORATORY
lolo:grid:tie_free:B:F-15-micro,lolo,grid,tie_free,B:F-15-micro,auc,0.509307,0.449567,0.562121,11,EXPLORATORY
lolo:grid:tie_free:B:F-15-macro,lolo,grid,tie_free,B:F-15-macro,auc,0.495960,0.426840,0.567828,11,EXPLORATORY
lolo:grid:tie_free:B:C-F-1,lolo,grid,tie_free,B:C-F-1,auc,0.484127,0.427125,0.544307,11,EXPLORATORY
lolo:grid:tie_free:B:C-F-5,lolo,grid,tie_free,B:C-F-5,auc,0.461616,0.413203,0.505772,11,EXPLORATORY
lolo:grid:tie_free:B:C-F-15,lolo,grid,tie_free,B:C-F-15,auc,0.457720,0.385640,0.537377,11,EXPLORATORY
lolo:grid:tie_free:L:F-1-continuous,lolo,grid,tie_free,L:F-1-continuous,auc,0.477561,0.386364,0.551659,11,EXPLORATORY
lolo:grid:tie_free:L:F-1-micro,lolo,grid,tie_free,L:F-1-micro,auc,0.448773,0.355915,0.531605,11,EXPLORATORY
lolo:grid:tie_free:L:F-1-macro,lolo,grid,tie_free,L:F-1-macro,auc,0.490909,0.409450,0.568472,11,EXPLORATORY
lolo:grid:tie_free:L:F-5-continuous,lolo,grid,tie_free,L:F-5-continuous,auc,0.462338,0.409232,0.520350,11,EXPLORATORY
lolo:grid:tie_free:L:F-5-micro,lolo,grid,tie_free,L:F-5-micro,auc,0.452525,0.402886,0.505916,11,EXPLORATORY
lolo:grid:tie_free:L:F-5-macro,lolo,grid,tie_free,L:F-5-macro,auc,0.518687,0.456925,0.594228,11,EXPLORATORY
lolo:grid:tie_free:L:F-15-continuous,lolo,grid,tie_free,L:F-15-continuous,auc,0.466450,0.431239,0.507938,11,EXPLORATORY
lolo:grid:tie_free:L:F-15-micro,lolo,grid,tie_free,L:F-15-micro,auc,0.461400,0.422655,0.506782,11,EXPLORATORY
lolo:grid:tie_free:L:F-15-macro,lolo,grid,tie_free,L:F-15-macro,auc,0.529365,0.466521,0.602020,11,EXPLORATORY
lolo:grid:tie_free:L:C-F-1,lolo,grid,tie_free,L:C-F-1,auc,0.538528,0.454472,0.619775,11,EXPLORATORY
lolo:grid:tie_free:L:C-F-5,lolo,grid,tie_free,L:C-F-5,auc,0.514466,0.455519,0.577204,11,EXPLORATORY
lolo:grid:tie_free:L:C-F-15,lolo,grid,tie_free,L:C-F-15,auc,0.459740,0.397403,0.526697,11,EXPLORATORY
lolo:grid:tie_free:C:F-1-continuous,lolo,grid,tie_free,C:F-1-continuous,auc,0.687590,0.601223,0.779004,11,EXPLORATORY
lolo:grid:tie_free:C:F-1-micro,lolo,grid,tie_free,C:F-1-micro,auc,0.686291,0.604113,0.771645,11,EXPLORATORY
lolo:grid:tie_free:C:F-1-macro,lolo,grid,tie_free,C:F-1-macro,auc,0.683983,0.592852,0.780377,11,EXPLORATORY
lolo:grid:tie_free:C:F-5-continuous,lolo,grid,tie_free,C:F-5-continuous,auc,0.688456,0.587224,0.787808,11,EXPLORATORY
lolo:grid:tie_free:C:F-5-micro,lolo,grid,tie_free,C:F-5-micro,auc,0.684127,0.582897,0.789394,11,EXPLORATORY
lolo:grid:tie_free:C:F-5-macro,lolo,grid,tie_free,C:F-5-macro,auc,0.665801,0.564717,0.768470,11,EXPLORATORY
lolo:grid:tie_free:C:F-15-continuous,lolo,grid,tie_free,C:F-15-continuous,auc,0.680231,0.583689,0.777201,11,EXPLORATORY
lolo:grid:tie_free:C:F-15-micro,lolo,grid,tie_free,C:F-15-micro,auc,0.681025,0.592136,0.770853,11,EXPLORATORY
lolo:grid:tie_free:C:F-15-macro,lolo,grid,tie_free,C:F-15-macro,auc,0.661760,0.557426,0.764578,11,EXPLORATORY
lolo:grid:tie_free:C:C-F-1,lolo,grid,tie_free,C:C-F-1,auc,0.635209,0.534271,0.736151,11,EXPLORATORY
lolo:grid:tie_free:C:C-F-5,lolo,grid,tie_free,C:C-F-5,auc,0.622799,0.532251,0.711834,11,EXPLORATORY
lolo:grid:tie_free:C:C-F-15,lolo,grid,tie_free,C:C-F-15,auc,0.651371,0.561254,0.741558,11,EXPLORATORY
lolo:grid:tie_free:LC:F-1-continuous,lolo,grid,tie_free,LC:F-1-continuous,auc,0.589141,0.478746,0.679438,11,EXPLORATORY
lolo:grid:tie_free:LC:F-1-micro,lolo,grid,tie_free,LC:F-1-micro,auc,0.557431,0.443503,0.658442,11,EXPLORATORY
lolo:grid:tie_free:LC:F-1-macro,lolo,grid,tie_free,LC:F-1-macro,auc,0.566811,0.453387,0.666162,11,EXPLORATORY
lolo:grid:tie_free:LC:F-5-continuous,lolo,grid,tie_free,LC:F-5-continuous,auc,0.662843,0.557718,0.750690,11,EXPLORATORY
lolo:grid:tie_free:LC:F-5-micro,lolo,grid,tie_free,LC:F-5-micro,auc,0.702706,0.583261,0.814650,11,EXPLORATORY
lolo:grid:tie_free:LC:F-5-macro,lolo,grid,tie_free,LC:F-5-macro,auc,0.662698,0.550431,0.765804,11,EXPLORATORY
lolo:grid:tie_free:LC:F-15-continuous,lolo,grid,tie_free,LC:F-15-continuous,auc,0.702489,0.614423,0.785933,11,EXPLORATORY
lolo:grid:tie_free:LC:F-15-micro,lolo,grid,tie_free,LC:F-15-micro,auc,0.698846,0.623377,0.769264,11,EXPLORATORY
lolo:grid:tie_free:LC:F-15-macro,lolo,grid,tie_free,LC:F-15-macro,auc,0.696645,0.619156,0.769303,11,EXPLORATORY
lolo:grid:tie_free:LC:C-F-1,lolo,grid,tie_free,LC:C-F-1,auc,0.629145,0.542455,0.720723,9,EXPLORATORY
lolo:grid:tie_free:LC:C-F-5,lolo,grid,tie_free,LC:C-F-5,auc,0.696737,0.623192,0.778047,9,EXPLORATORY
lolo:grid:tie_free:LC:C-F-15,lolo,grid,tie_free,LC:C-F-15,auc,0.771737,0.686728,0.853792,9,EXPLORATORY
lolo:grid:tie_free:L-B:request_mean,lolo,grid,tie_free,L-B:request_mean,paired_auc_difference,-0.023993,-0.075416,0.016608,11,EXPLORATORY
lolo:grid:tie_free:L-B:F-1-continuous,lolo,grid,tie_free,L-B:F-1-continuous,paired_auc_difference,-0.083478,-0.181315,0.013570,11,EXPLORATORY
lolo:grid:tie_free:L-B:F-1-micro,lolo,grid,tie_free,L-B:F-1-micro,paired_auc_difference,-0.058225,-0.197839,0.078283,11,EXPLORATORY
lolo:grid:tie_free:L-B:F-1-macro,lolo,grid,tie_free,L-B:F-1-macro,paired_auc_difference,-0.037662,-0.108732,0.033840,11,EXPLORATORY
lolo:grid:tie_free:L-B:F-5-continuous,lolo,grid,tie_free,L-B:F-5-continuous,paired_auc_difference,0.005772,-0.070418,0.084419,11,EXPLORATORY
lolo:grid:tie_free:L-B:F-5-micro,lolo,grid,tie_free,L-B:F-5-micro,paired_auc_difference,-0.040765,-0.106281,0.025180,11,EXPLORATORY
lolo:grid:tie_free:L-B:F-5-macro,lolo,grid,tie_free,L-B:F-5-macro,paired_auc_difference,0.017027,-0.057215,0.090909,11,EXPLORATORY
lolo:grid:tie_free:L-B:F-15-continuous,lolo,grid,tie_free,L-B:F-15-continuous,paired_auc_difference,-0.009091,-0.064791,0.065152,11,EXPLORATORY
lolo:grid:tie_free:L-B:F-15-micro,lolo,grid,tie_free,L-B:F-15-micro,paired_auc_difference,-0.020635,-0.100869,0.082540,11,EXPLORATORY
lolo:grid:tie_free:L-B:F-15-macro,lolo,grid,tie_free,L-B:F-15-macro,paired_auc_difference,0.052597,-0.057505,0.203326,11,EXPLORATORY
lolo:grid:tie_free:L-B:C-F-1,lolo,grid,tie_free,L-B:C-F-1,paired_auc_difference,0.070022,-0.045780,0.188176,11,EXPLORATORY
lolo:grid:tie_free:L-B:C-F-5,lolo,grid,tie_free,L-B:C-F-5,paired_auc_difference,0.083189,-0.030451,0.203687,11,EXPLORATORY
lolo:grid:tie_free:L-B:C-F-15,lolo,grid,tie_free,L-B:C-F-15,paired_auc_difference,0.022403,-0.098919,0.146645,11,EXPLORATORY
lolo:grid:tie_free:LC-C:request_mean,lolo,grid,tie_free,LC-C:request_mean,paired_auc_difference,-0.007782,-0.086499,0.070756,9,EXPLORATORY
lolo:grid:tie_free:LC-C:F-1-continuous,lolo,grid,tie_free,LC-C:F-1-continuous,paired_auc_difference,-0.103427,-0.225977,0.022261,11,EXPLORATORY
lolo:grid:tie_free:LC-C:F-1-micro,lolo,grid,tie_free,LC-C:F-1-micro,paired_auc_difference,-0.112554,-0.261402,0.028140,11,EXPLORATORY
lolo:grid:tie_free:LC-C:F-1-macro,lolo,grid,tie_free,LC-C:F-1-macro,paired_auc_difference,-0.115152,-0.249787,0.021356,11,EXPLORATORY
lolo:grid:tie_free:LC-C:F-5-continuous,lolo,grid,tie_free,LC-C:F-5-continuous,paired_auc_difference,-0.024026,-0.111906,0.062486,11,EXPLORATORY
lolo:grid:tie_free:LC-C:F-5-micro,lolo,grid,tie_free,LC-C:F-5-micro,paired_auc_difference,0.017857,-0.075544,0.097730,11,EXPLORATORY
lolo:grid:tie_free:LC-C:F-5-macro,lolo,grid,tie_free,LC-C:F-5-macro,paired_auc_difference,-0.006999,-0.106715,0.093795,11,EXPLORATORY
lolo:grid:tie_free:LC-C:F-15-continuous,lolo,grid,tie_free,LC-C:F-15-continuous,paired_auc_difference,0.026515,-0.051335,0.094372,11,EXPLORATORY
lolo:grid:tie_free:LC-C:F-15-micro,lolo,grid,tie_free,LC-C:F-15-micro,paired_auc_difference,0.014394,-0.057612,0.079978,11,EXPLORATORY
lolo:grid:tie_free:LC-C:F-15-macro,lolo,grid,tie_free,LC-C:F-15-macro,paired_auc_difference,0.036039,-0.017389,0.085863,11,EXPLORATORY
lolo:grid:tie_free:LC-C:C-F-1,lolo,grid,tie_free,LC-C:C-F-1,paired_auc_difference,0.022222,-0.113933,0.165961,9,EXPLORATORY
lolo:grid:tie_free:LC-C:C-F-5,lolo,grid,tie_free,LC-C:C-F-5,paired_auc_difference,0.098369,-0.058598,0.249743,9,EXPLORATORY
lolo:grid:tie_free:LC-C:C-F-15,lolo,grid,tie_free,LC-C:C-F-15,paired_auc_difference,0.126852,0.015999,0.238228,9,EXPLORATORY
lolo:grid:tie_free:C-B:request_mean,lolo,grid,tie_free,C-B:request_mean,paired_auc_difference,0.166101,0.076972,0.252596,11,EXPLORATORY
lolo:grid:tie_free:C-B:F-1-continuous,lolo,grid,tie_free,C-B:F-1-continuous,paired_auc_difference,0.119481,0.023088,0.221645,11,EXPLORATORY
lolo:grid:tie_free:C-B:F-1-micro,lolo,grid,tie_free,C-B:F-1-micro,paired_auc_difference,0.172222,0.044156,0.296975,11,EXPLORATORY
lolo:grid:tie_free:C-B:F-1-macro,lolo,grid,tie_free,C-B:F-1-macro,paired_auc_difference,0.146320,0.034488,0.268694,11,EXPLORATORY
lolo:grid:tie_free:C-B:F-5-continuous,lolo,grid,tie_free,C-B:F-5-continuous,paired_auc_difference,0.207648,0.103387,0.308303,11,EXPLORATORY
lolo:grid:tie_free:C-B:F-5-micro,lolo,grid,tie_free,C-B:F-5-micro,paired_auc_difference,0.166595,0.069839,0.264502,11,EXPLORATORY
lolo:grid:tie_free:C-B:F-5-macro,lolo,grid,tie_free,C-B:F-5-macro,paired_auc_difference,0.160101,0.062771,0.258225,11,EXPLORATORY
lolo:grid:tie_free:C-B:F-15-continuous,lolo,grid,tie_free,C-B:F-15-continuous,paired_auc_difference,0.177417,0.070635,0.281674,11,EXPLORATORY
lolo:grid:tie_free:C-B:F-15-micro,lolo,grid,tie_free,C-B:F-15-micro,paired_auc_difference,0.171717,0.076335,0.267897,11,EXPLORATORY
lolo:grid:tie_free:C-B:F-15-macro,lolo,grid,tie_free,C-B:F-15-macro,paired_auc_difference,0.165801,0.036939,0.276338,11,EXPLORATORY
lolo:grid:tie_free:C-B:C-F-1,lolo,grid,tie_free,C-B:C-F-1,paired_auc_difference,0.151082,0.044372,0.260967,11,EXPLORATORY
lolo:grid:tie_free:C-B:C-F-5,lolo,grid,tie_free,C-B:C-F-5,paired_auc_difference,0.161183,0.041266,0.283191,11,EXPLORATORY
lolo:grid:tie_free:C-B:C-F-15,lolo,grid,tie_free,C-B:C-F-15,paired_auc_difference,0.193651,0.058730,0.324969,11,EXPLORATORY
lolo:grid:tie_free:LC-L:request_mean,lolo,grid,tie_free,LC-L:request_mean,paired_auc_difference,0.205828,0.115055,0.306386,8,EXPLORATORY
lolo:grid:tie_free:LC-L:F-1-continuous,lolo,grid,tie_free,LC-L:F-1-continuous,paired_auc_difference,0.182756,-0.006219,0.373201,11,EXPLORATORY
lolo:grid:tie_free:LC-L:F-1-micro,lolo,grid,tie_free,LC-L:F-1-micro,paired_auc_difference,0.178968,-0.021800,0.377994,11,EXPLORATORY
lolo:grid:tie_free:LC-L:F-1-macro,lolo,grid,tie_free,LC-L:F-1-macro,paired_auc_difference,0.126876,-0.058731,0.304837,11,EXPLORATORY
lolo:grid:tie_free:LC-L:F-5-continuous,lolo,grid,tie_free,LC-L:F-5-continuous,paired_auc_difference,0.210065,0.053352,0.356821,11,EXPLORATORY
lolo:grid:tie_free:LC-L:F-5-micro,lolo,grid,tie_free,LC-L:F-5-micro,paired_auc_difference,0.250253,0.097869,0.413279,11,EXPLORATORY
lolo:grid:tie_free:LC-L:F-5-macro,lolo,grid,tie_free,LC-L:F-5-macro,paired_auc_difference,0.201046,0.061039,0.353826,11,EXPLORATORY
lolo:grid:tie_free:LC-L:F-15-continuous,lolo,grid,tie_free,LC-L:F-15-continuous,paired_auc_difference,0.245058,0.098557,0.412486,11,EXPLORATORY
lolo:grid:tie_free:LC-L:F-15-micro,lolo,grid,tie_free,LC-L:F-15-micro,paired_auc_difference,0.221212,0.070996,0.376483,11,EXPLORATORY
lolo:grid:tie_free:LC-L:F-15-macro,lolo,grid,tie_free,LC-L:F-15-macro,paired_auc_difference,0.176299,0.084452,0.282180,11,EXPLORATORY
lolo:grid:tie_free:LC-L:C-F-1,lolo,grid,tie_free,LC-L:C-F-1,paired_auc_difference,0.075882,-0.041138,0.221252,9,EXPLORATORY
lolo:grid:tie_free:LC-L:C-F-5,lolo,grid,tie_free,LC-L:C-F-5,paired_auc_difference,0.207848,0.072134,0.362966,9,EXPLORATORY
lolo:grid:tie_free:LC-L:C-F-15,lolo,grid,tie_free,LC-L:C-F-15,paired_auc_difference,0.382496,0.249206,0.522575,9,EXPLORATORY
lolo:grid:tie_free:LC-B:request_mean,lolo,grid,tie_free,LC-B:request_mean,paired_auc_difference,0.130423,0.029373,0.237092,9,EXPLORATORY
lolo:grid:tie_free:LC-B:F-1-continuous,lolo,grid,tie_free,LC-B:F-1-continuous,paired_auc_difference,0.026299,-0.061838,0.112951,11,EXPLORATORY
lolo:grid:tie_free:LC-B:F-1-micro,lolo,grid,tie_free,LC-B:F-1-micro,paired_auc_difference,0.045851,-0.022260,0.120785,11,EXPLORATORY
lolo:grid:tie_free:LC-B:F-1-macro,lolo,grid,tie_free,LC-B:F-1-macro,paired_auc_difference,0.020527,-0.105343,0.143764,11,EXPLORATORY
lolo:grid:tie_free:LC-B:F-5-continuous,lolo,grid,tie_free,LC-B:F-5-continuous,paired_auc_difference,0.170887,0.080372,0.255667,11,EXPLORATORY
lolo:grid:tie_free:LC-B:F-5-micro,lolo,grid,tie_free,LC-B:F-5-micro,paired_auc_difference,0.175902,0.072762,0.306603,11,EXPLORATORY
lolo:grid:tie_free:LC-B:F-5-macro,lolo,grid,tie_free,LC-B:F-5-macro,paired_auc_difference,0.168398,0.074603,0.266163,11,EXPLORATORY
lolo:grid:tie_free:LC-B:F-15-continuous,lolo,grid,tie_free,LC-B:F-15-continuous,paired_auc_difference,0.228355,0.096030,0.383838,11,EXPLORATORY
lolo:grid:tie_free:LC-B:F-15-micro,lolo,grid,tie_free,LC-B:F-15-micro,paired_auc_difference,0.215043,0.098807,0.354116,11,EXPLORATORY
lolo:grid:tie_free:LC-B:F-15-macro,lolo,grid,tie_free,LC-B:F-15-macro,paired_auc_difference,0.236905,0.102881,0.382252,11,EXPLORATORY
lolo:grid:tie_free:LC-B:C-F-1,lolo,grid,tie_free,LC-B:C-F-1,paired_auc_difference,0.156305,0.011108,0.329765,9,EXPLORATORY
lolo:grid:tie_free:LC-B:C-F-5,lolo,grid,tie_free,LC-B:C-F-5,paired_auc_difference,0.230467,0.160141,0.312567,9,EXPLORATORY
lolo:grid:tie_free:LC-B:C-F-15,lolo,grid,tie_free,LC-B:C-F-15,paired_auc_difference,0.322884,0.196249,0.462566,9,EXPLORATORY
lolo:grid:count:B:F-1-continuous,lolo,grid,count,B:F-1-continuous,auc,0.494733,0.454545,0.531746,11,EXPLORATORY
lolo:grid:count:B:F-1-micro,lolo,grid,count,B:F-1-micro,auc,0.499711,0.481241,0.523954,11,EXPLORATORY
lolo:grid:count:B:F-1-macro,lolo,grid,count,B:F-1-macro,auc,0.502958,0.486797,0.519192,11,EXPLORATORY
lolo:grid:count:B:F-5-continuous,lolo,grid,count,B:F-5-continuous,auc,0.469841,0.369693,0.580595,11,EXPLORATORY
lolo:grid:count:B:F-5-micro,lolo,grid,count,B:F-5-micro,auc,0.513528,0.445924,0.601227,11,EXPLORATORY
lolo:grid:count:B:F-5-macro,lolo,grid,count,B:F-5-macro,auc,0.486219,0.402018,0.582038,11,EXPLORATORY
lolo:grid:count:B:F-15-continuous,lolo,grid,count,B:F-15-continuous,auc,0.453391,0.374024,0.522872,11,EXPLORATORY
lolo:grid:count:B:F-15-micro,lolo,grid,count,B:F-15-micro,auc,0.472006,0.397540,0.537374,11,EXPLORATORY
lolo:grid:count:B:F-15-macro,lolo,grid,count,B:F-15-macro,auc,0.439466,0.365649,0.507361,11,EXPLORATORY
lolo:grid:count:B:C-F-1,lolo,grid,count,B:C-F-1,auc,0.484343,0.445094,0.519048,11,EXPLORATORY
lolo:grid:count:B:C-F-5,lolo,grid,count,B:C-F-5,auc,0.500216,0.448773,0.564935,11,EXPLORATORY
lolo:grid:count:B:C-F-15,lolo,grid,count,B:C-F-15,auc,0.484199,0.393288,0.568039,11,EXPLORATORY
lolo:grid:count:L:F-1-continuous,lolo,grid,count,L:F-1-continuous,auc,0.456277,0.386576,0.519336,11,EXPLORATORY
lolo:grid:count:L:F-1-micro,lolo,grid,count,L:F-1-micro,auc,0.392352,0.288023,0.484848,11,EXPLORATORY
lolo:grid:count:L:F-1-macro,lolo,grid,count,L:F-1-macro,auc,0.530592,0.478999,0.581962,11,EXPLORATORY
lolo:grid:count:L:F-5-continuous,lolo,grid,count,L:F-5-continuous,auc,0.458586,0.371645,0.540767,11,EXPLORATORY
lolo:grid:count:L:F-5-micro,lolo,grid,count,L:F-5-micro,auc,0.471501,0.419407,0.525328,11,EXPLORATORY
lolo:grid:count:L:F-5-macro,lolo,grid,count,L:F-5-macro,auc,0.526551,0.447330,0.594735,11,EXPLORATORY
lolo:grid:count:L:F-15-continuous,lolo,grid,count,L:F-15-continuous,auc,0.463709,0.380375,0.547403,11,EXPLORATORY
lolo:grid:count:L:F-15-micro,lolo,grid,count,L:F-15-micro,auc,0.494372,0.403317,0.578501,11,EXPLORATORY
lolo:grid:count:L:F-15-macro,lolo,grid,count,L:F-15-macro,auc,0.523232,0.429868,0.609091,11,EXPLORATORY
lolo:grid:count:L:C-F-1,lolo,grid,count,L:C-F-1,auc,0.408802,0.306053,0.496104,11,EXPLORATORY
lolo:grid:count:L:C-F-5,lolo,grid,count,L:C-F-5,auc,0.456854,0.350786,0.531890,11,EXPLORATORY
lolo:grid:count:L:C-F-15,lolo,grid,count,L:C-F-15,auc,0.416919,0.313919,0.500649,11,EXPLORATORY
lolo:grid:count:C:F-1-continuous,lolo,grid,count,C:F-1-continuous,auc,0.509199,0.500000,0.522186,11,EXPLORATORY
lolo:grid:count:C:F-1-micro,lolo,grid,count,C:F-1-micro,auc,0.495671,0.477273,0.509740,11,EXPLORATORY
lolo:grid:count:C:F-1-macro,lolo,grid,count,C:F-1-macro,auc,0.509235,0.500000,0.523377,11,EXPLORATORY
lolo:grid:count:C:F-5-continuous,lolo,grid,count,C:F-5-continuous,auc,0.501948,0.399928,0.588456,11,EXPLORATORY
lolo:grid:count:C:F-5-micro,lolo,grid,count,C:F-5-micro,auc,0.488492,0.411255,0.559163,11,EXPLORATORY
lolo:grid:count:C:F-5-macro,lolo,grid,count,C:F-5-macro,auc,0.468110,0.402597,0.530592,11,EXPLORATORY
lolo:grid:count:C:F-15-continuous,lolo,grid,count,C:F-15-continuous,auc,0.510029,0.415224,0.601732,11,EXPLORATORY
lolo:grid:count:C:F-15-micro,lolo,grid,count,C:F-15-micro,auc,0.533333,0.433189,0.623815,11,EXPLORATORY
lolo:grid:count:C:F-15-macro,lolo,grid,count,C:F-15-macro,auc,0.522078,0.450794,0.595673,11,EXPLORATORY
lolo:grid:count:C:C-F-1,lolo,grid,count,C:C-F-1,auc,0.500000,0.500000,0.500000,11,EXPLORATORY
lolo:grid:count:C:C-F-5,lolo,grid,count,C:C-F-5,auc,0.492208,0.396465,0.581097,11,EXPLORATORY
lolo:grid:count:C:C-F-15,lolo,grid,count,C:C-F-15,auc,0.517244,0.418613,0.606854,11,EXPLORATORY
lolo:grid:count:LC:F-1-continuous,lolo,grid,count,LC:F-1-continuous,auc,0.484596,0.383755,0.566852,11,EXPLORATORY
lolo:grid:count:LC:F-1-micro,lolo,grid,count,LC:F-1-micro,auc,0.494012,0.379401,0.601479,11,EXPLORATORY
lolo:grid:count:LC:F-1-macro,lolo,grid,count,LC:F-1-macro,auc,0.510390,0.440909,0.582256,11,EXPLORATORY
lolo:grid:count:LC:F-5-continuous,lolo,grid,count,LC:F-5-continuous,auc,0.621032,0.530984,0.712699,11,EXPLORATORY
lolo:grid:count:LC:F-5-micro,lolo,grid,count,LC:F-5-micro,auc,0.611472,0.524313,0.698704,11,EXPLORATORY
lolo:grid:count:LC:F-5-macro,lolo,grid,count,LC:F-5-macro,auc,0.666270,0.576764,0.759309,11,EXPLORATORY
lolo:grid:count:LC:F-15-continuous,lolo,grid,count,LC:F-15-continuous,auc,0.632395,0.555267,0.714653,11,EXPLORATORY
lolo:grid:count:LC:F-15-micro,lolo,grid,count,LC:F-15-micro,auc,0.619661,0.529618,0.709704,11,EXPLORATORY
lolo:grid:count:LC:F-15-macro,lolo,grid,count,LC:F-15-macro,auc,0.668975,0.603608,0.729149,11,EXPLORATORY
lolo:grid:count:LC:C-F-1,lolo,grid,count,LC:C-F-1,auc,0.579718,0.439418,0.706173,9,EXPLORATORY
lolo:grid:count:LC:C-F-5,lolo,grid,count,LC:C-F-5,auc,0.693915,0.620370,0.775132,9,EXPLORATORY
lolo:grid:count:LC:C-F-15,lolo,grid,count,LC:C-F-15,auc,0.720062,0.625787,0.814815,9,EXPLORATORY
lolo:grid:count:L-B:request_mean,lolo,grid,count,L-B:request_mean,paired_auc_difference,-0.008682,-0.115681,0.080015,11,EXPLORATORY
lolo:grid:count:L-B:F-1-continuous,lolo,grid,count,L-B:F-1-continuous,paired_auc_difference,-0.034416,-0.105343,0.030375,11,EXPLORATORY
lolo:grid:count:L-B:F-1-micro,lolo,grid,count,L-B:F-1-micro,paired_auc_difference,-0.106349,-0.207866,-0.017172,11,EXPLORATORY
lolo:grid:count:L-B:F-1-macro,lolo,grid,count,L-B:F-1-macro,paired_auc_difference,0.028139,-0.032469,0.089398,11,EXPLORATORY
lolo:grid:count:L-B:F-5-continuous,lolo,grid,count,L-B:F-5-continuous,paired_auc_difference,0.009957,-0.146032,0.155415,11,EXPLORATORY
lolo:grid:count:L-B:F-5-micro,lolo,grid,count,L-B:F-5-micro,paired_auc_difference,-0.033947,-0.156478,0.068362,11,EXPLORATORY
lolo:grid:count:L-B:F-5-macro,lolo,grid,count,L-B:F-5-macro,paired_auc_difference,0.044372,-0.122664,0.183409,11,EXPLORATORY
lolo:grid:count:L-B:F-15-continuous,lolo,grid,count,L-B:F-15-continuous,paired_auc_difference,0.034560,-0.077201,0.144814,11,EXPLORATORY
lolo:grid:count:L-B:F-15-micro,lolo,grid,count,L-B:F-15-micro,paired_auc_difference,0.040548,-0.059814,0.138315,11,EXPLORATORY
lolo:grid:count:L-B:F-15-macro,lolo,grid,count,L-B:F-15-macro,paired_auc_difference,0.108009,-0.063061,0.278440,11,EXPLORATORY
lolo:grid:count:L-B:C-F-1,lolo,grid,count,L-B:C-F-1,paired_auc_difference,-0.082323,-0.191775,0.016668,11,EXPLORATORY
lolo:grid:count:L-B:C-F-5,lolo,grid,count,L-B:C-F-5,paired_auc_difference,-0.011508,-0.140911,0.104657,11,EXPLORATORY
lolo:grid:count:L-B:C-F-15,lolo,grid,count,L-B:C-F-15,paired_auc_difference,-0.045815,-0.137303,0.047260,11,EXPLORATORY
lolo:grid:count:LC-C:request_mean,lolo,grid,count,LC-C:request_mean,paired_auc_difference,0.091882,0.057704,0.132566,9,EXPLORATORY
lolo:grid:count:LC-C:F-1-continuous,lolo,grid,count,LC-C:F-1-continuous,paired_auc_difference,-0.020815,-0.122657,0.062410,11,EXPLORATORY
lolo:grid:count:LC-C:F-1-micro,lolo,grid,count,LC-C:F-1-micro,paired_auc_difference,0.002128,-0.119085,0.115658,11,EXPLORATORY
lolo:grid:count:LC-C:F-1-macro,lolo,grid,count,LC-C:F-1-macro,paired_auc_difference,0.008225,-0.063853,0.081602,11,EXPLORATORY
lolo:grid:count:LC-C:F-5-continuous,lolo,grid,count,LC-C:F-5-continuous,paired_auc_difference,0.108622,-0.000976,0.225081,11,EXPLORATORY
lolo:grid:count:LC-C:F-5-micro,lolo,grid,count,LC-C:F-5-micro,paired_auc_difference,0.099892,0.030625,0.165839,11,EXPLORATORY
lolo:grid:count:LC-C:F-5-macro,lolo,grid,count,LC-C:F-5-macro,paired_auc_difference,0.203608,0.081636,0.336473,11,EXPLORATORY
lolo:grid:count:LC-C:F-15-continuous,lolo,grid,count,LC-C:F-15-continuous,paired_auc_difference,0.124675,0.016231,0.224280,11,EXPLORATORY
lolo:grid:count:LC-C:F-15-micro,lolo,grid,count,LC-C:F-15-micro,paired_auc_difference,0.072835,-0.069996,0.228837,11,EXPLORATORY
lolo:grid:count:LC-C:F-15-macro,lolo,grid,count,LC-C:F-15-macro,paired_auc_difference,0.154401,0.041847,0.274026,11,EXPLORATORY
lolo:grid:count:LC-C:C-F-1,lolo,grid,count,LC-C:C-F-1,paired_auc_difference,0.079718,-0.060582,0.206173,9,EXPLORATORY
lolo:grid:count:LC-C:C-F-5,lolo,grid,count,LC-C:C-F-5,paired_auc_difference,0.225397,0.126448,0.357143,9,EXPLORATORY
lolo:grid:count:LC-C:C-F-15,lolo,grid,count,LC-C:C-F-15,paired_auc_difference,0.197840,0.080774,0.342019,9,EXPLORATORY
lolo:grid:count:C-B:request_mean,lolo,grid,count,C-B:request_mean,paired_auc_difference,0.020578,-0.027798,0.063850,11,EXPLORATORY
lolo:grid:count:C-B:F-1-continuous,lolo,grid,count,C-B:F-1-continuous,paired_auc_difference,0.014466,-0.018975,0.050613,11,EXPLORATORY
lolo:grid:count:C-B:F-1-micro,lolo,grid,count,C-B:F-1-micro,paired_auc_difference,-0.004040,-0.033694,0.020276,11,EXPLORATORY
lolo:grid:count:C-B:F-1-macro,lolo,grid,count,C-B:F-1-macro,paired_auc_difference,0.006277,-0.015873,0.030303,11,EXPLORATORY
lolo:grid:count:C-B:F-5-continuous,lolo,grid,count,C-B:F-5-continuous,paired_auc_difference,0.032107,-0.133333,0.184199,11,EXPLORATORY
lolo:grid:count:C-B:F-5-micro,lolo,grid,count,C-B:F-5-micro,paired_auc_difference,-0.025036,-0.150542,0.082324,11,EXPLORATORY
lolo:grid:count:C-B:F-5-macro,lolo,grid,count,C-B:F-5-macro,paired_auc_difference,-0.018110,-0.139829,0.091055,11,EXPLORATORY
lolo:grid:count:C-B:F-15-continuous,lolo,grid,count,C-B:F-15-continuous,paired_auc_difference,0.056638,-0.070494,0.200294,11,EXPLORATORY
lolo:grid:count:C-B:F-15-micro,lolo,grid,count,C-B:F-15-micro,paired_auc_difference,0.061328,-0.064069,0.197186,11,EXPLORATORY
lolo:grid:count:C-B:F-15-macro,lolo,grid,count,C-B:F-15-macro,paired_auc_difference,0.082612,-0.027348,0.189033,11,EXPLORATORY
lolo:grid:count:C-B:C-F-1,lolo,grid,count,C-B:C-F-1,paired_auc_difference,0.015657,-0.019048,0.054906,11,EXPLORATORY
lolo:grid:count:C-B:C-F-5,lolo,grid,count,C-B:C-F-5,paired_auc_difference,-0.008009,-0.119266,0.099278,11,EXPLORATORY
lolo:grid:count:C-B:C-F-15,lolo,grid,count,C-B:C-F-15,paired_auc_difference,0.033045,-0.134199,0.201663,11,EXPLORATORY
lolo:grid:count:LC-L:request_mean,lolo,grid,count,LC-L:request_mean,paired_auc_difference,0.118738,0.045461,0.206560,8,EXPLORATORY
lolo:grid:count:LC-L:F-1-continuous,lolo,grid,count,LC-L:F-1-continuous,paired_auc_difference,0.094661,0.010462,0.187447,11,EXPLORATORY
lolo:grid:count:LC-L:F-1-micro,lolo,grid,count,LC-L:F-1-micro,paired_auc_difference,0.182179,0.051046,0.370960,11,EXPLORATORY
lolo:grid:count:LC-L:F-1-macro,lolo,grid,count,LC-L:F-1-macro,paired_auc_difference,0.024964,-0.066089,0.119192,11,EXPLORATORY
lolo:grid:count:LC-L:F-5-continuous,lolo,grid,count,LC-L:F-5-continuous,paired_auc_difference,0.167208,0.040255,0.304655,11,EXPLORATORY
lolo:grid:count:LC-L:F-5-micro,lolo,grid,count,LC-L:F-5-micro,paired_auc_difference,0.109307,-0.019482,0.248054,11,EXPLORATORY
lolo:grid:count:LC-L:F-5-macro,lolo,grid,count,LC-L:F-5-macro,paired_auc_difference,0.120635,0.034632,0.204545,11,EXPLORATORY
lolo:grid:count:LC-L:F-15-continuous,lolo,grid,count,LC-L:F-15-continuous,paired_auc_difference,0.178680,0.081710,0.289755,11,EXPLORATORY
lolo:grid:count:LC-L:F-15-micro,lolo,grid,count,LC-L:F-15-micro,paired_auc_difference,0.087518,-0.047691,0.243218,11,EXPLORATORY
lolo:grid:count:LC-L:F-15-macro,lolo,grid,count,LC-L:F-15-macro,paired_auc_difference,0.130267,0.018037,0.250723,11,EXPLORATORY
lolo:grid:count:LC-L:C-F-1,lolo,grid,count,LC-L:C-F-1,paired_auc_difference,0.144004,-0.088139,0.389683,9,EXPLORATORY
lolo:grid:count:LC-L:C-F-5,lolo,grid,count,LC-L:C-F-5,paired_auc_difference,0.240079,0.078042,0.428439,9,EXPLORATORY
lolo:grid:count:LC-L:C-F-15,lolo,grid,count,LC-L:C-F-15,paired_auc_difference,0.394929,0.211637,0.589780,9,EXPLORATORY
lolo:grid:count:LC-B:request_mean,lolo,grid,count,LC-B:request_mean,paired_auc_difference,0.042609,-0.034821,0.133102,9,EXPLORATORY
lolo:grid:count:LC-B:F-1-continuous,lolo,grid,count,LC-B:F-1-continuous,paired_auc_difference,-0.024098,-0.151155,0.079154,11,EXPLORATORY
lolo:grid:count:LC-B:F-1-micro,lolo,grid,count,LC-B:F-1-micro,paired_auc_difference,-0.006133,-0.119228,0.100080,11,EXPLORATORY
lolo:grid:count:LC-B:F-1-macro,lolo,grid,count,LC-B:F-1-macro,paired_auc_difference,0.007431,-0.058874,0.076198,11,EXPLORATORY
lolo:grid:count:LC-B:F-5-continuous,lolo,grid,count,LC-B:F-5-continuous,paired_auc_difference,0.086977,-0.058383,0.228285,11,EXPLORATORY
lolo:grid:count:LC-B:F-5-micro,lolo,grid,count,LC-B:F-5-micro,paired_auc_difference,0.058387,-0.059566,0.172442,11,EXPLORATORY
lolo:grid:count:LC-B:F-5-macro,lolo,grid,count,LC-B:F-5-macro,paired_auc_difference,0.147367,0.030336,0.249498,11,EXPLORATORY
lolo:grid:count:LC-B:F-15-continuous,lolo,grid,count,LC-B:F-15-continuous,paired_auc_difference,0.150902,0.039466,0.271573,11,EXPLORATORY
lolo:grid:count:LC-B:F-15-micro,lolo,grid,count,LC-B:F-15-micro,paired_auc_difference,0.122727,-0.002922,0.258303,11,EXPLORATORY
lolo:grid:count:LC-B:F-15-macro,lolo,grid,count,LC-B:F-15-macro,paired_auc_difference,0.205303,0.104762,0.306241,11,EXPLORATORY
lolo:grid:count:LC-B:C-F-1,lolo,grid,count,LC-B:C-F-1,paired_auc_difference,0.075617,-0.056614,0.211336,9,EXPLORATORY
lolo:grid:count:LC-B:C-F-5,lolo,grid,count,LC-B:C-F-5,paired_auc_difference,0.183377,0.068871,0.293212,9,EXPLORATORY
lolo:grid:count:LC-B:C-F-15,lolo,grid,count,LC-B:C-F-15,paired_auc_difference,0.234392,0.093728,0.412354,9,EXPLORATORY
lolo:offset:tie_free:B:F-1-continuous,lolo,offset,tie_free,B:F-1-continuous,auc,0.508333,0.444444,0.575000,6,EXPLORATORY
lolo:offset:tie_free:B:F-1-micro,lolo,offset,tie_free,B:F-1-micro,auc,0.505556,0.450000,0.566667,6,EXPLORATORY
lolo:offset:tie_free:B:F-1-macro,lolo,offset,tie_free,B:F-1-macro,auc,0.500000,0.411111,0.572222,6,EXPLORATORY
lolo:offset:tie_free:B:F-5-continuous,lolo,offset,tie_free,B:F-5-continuous,auc,0.544444,0.505556,0.583333,6,EXPLORATORY
lolo:offset:tie_free:B:F-5-micro,lolo,offset,tie_free,B:F-5-micro,auc,0.497222,0.444444,0.550000,6,EXPLORATORY
lolo:offset:tie_free:B:F-5-macro,lolo,offset,tie_free,B:F-5-macro,auc,0.566667,0.511111,0.622222,6,EXPLORATORY
lolo:offset:tie_free:B:F-15-continuous,lolo,offset,tie_free,B:F-15-continuous,auc,0.438889,0.388889,0.483333,6,EXPLORATORY
lolo:offset:tie_free:B:F-15-micro,lolo,offset,tie_free,B:F-15-micro,auc,0.472222,0.433333,0.505556,6,EXPLORATORY
lolo:offset:tie_free:B:F-15-macro,lolo,offset,tie_free,B:F-15-macro,auc,0.472222,0.433333,0.505556,6,EXPLORATORY
lolo:offset:tie_free:B:C-F-1,lolo,offset,tie_free,B:C-F-1,auc,0.538889,0.488889,0.588889,6,EXPLORATORY
lolo:offset:tie_free:B:C-F-5,lolo,offset,tie_free,B:C-F-5,auc,0.500000,0.438889,0.555556,6,EXPLORATORY
lolo:offset:tie_free:B:C-F-15,lolo,offset,tie_free,B:C-F-15,auc,0.516667,0.477778,0.561111,6,EXPLORATORY
lolo:offset:tie_free:L:F-1-continuous,lolo,offset,tie_free,L:F-1-continuous,auc,0.530556,0.458333,0.611111,6,EXPLORATORY
lolo:offset:tie_free:L:F-1-micro,lolo,offset,tie_free,L:F-1-micro,auc,0.519444,0.458333,0.577778,6,EXPLORATORY
lolo:offset:tie_free:L:F-1-macro,lolo,offset,tie_free,L:F-1-macro,auc,0.461111,0.322222,0.600000,6,EXPLORATORY
lolo:offset:tie_free:L:F-5-continuous,lolo,offset,tie_free,L:F-5-continuous,auc,0.533333,0.455556,0.600000,6,EXPLORATORY
lolo:offset:tie_free:L:F-5-micro,lolo,offset,tie_free,L:F-5-micro,auc,0.558333,0.516667,0.608333,6,EXPLORATORY
lolo:offset:tie_free:L:F-5-macro,lolo,offset,tie_free,L:F-5-macro,auc,0.505556,0.444444,0.577778,6,EXPLORATORY
lolo:offset:tie_free:L:F-15-continuous,lolo,offset,tie_free,L:F-15-continuous,auc,0.486111,0.411111,0.555556,6,EXPLORATORY
lolo:offset:tie_free:L:F-15-micro,lolo,offset,tie_free,L:F-15-micro,auc,0.522222,0.488889,0.561111,6,EXPLORATORY
lolo:offset:tie_free:L:F-15-macro,lolo,offset,tie_free,L:F-15-macro,auc,0.505556,0.400000,0.611111,6,EXPLORATORY
lolo:offset:tie_free:L:C-F-1,lolo,offset,tie_free,L:C-F-1,auc,0.494444,0.400000,0.588889,6,EXPLORATORY
lolo:offset:tie_free:L:C-F-5,lolo,offset,tie_free,L:C-F-5,auc,0.538889,0.488889,0.600000,6,EXPLORATORY
lolo:offset:tie_free:L:C-F-15,lolo,offset,tie_free,L:C-F-15,auc,0.555556,0.488889,0.655556,6,EXPLORATORY
lolo:offset:tie_free:C:F-1-continuous,lolo,offset,tie_free,C:F-1-continuous,auc,0.438889,0.333333,0.527778,6,EXPLORATORY
lolo:offset:tie_free:C:F-1-micro,lolo,offset,tie_free,C:F-1-micro,auc,0.438889,0.333333,0.527778,6,EXPLORATORY
lolo:offset:tie_free:C:F-1-macro,lolo,offset,tie_free,C:F-1-macro,auc,0.438889,0.333333,0.527778,6,EXPLORATORY
lolo:offset:tie_free:C:F-5-continuous,lolo,offset,tie_free,C:F-5-continuous,auc,0.438889,0.333333,0.527778,6,EXPLORATORY
lolo:offset:tie_free:C:F-5-micro,lolo,offset,tie_free,C:F-5-micro,auc,0.438889,0.333333,0.527778,6,EXPLORATORY
lolo:offset:tie_free:C:F-5-macro,lolo,offset,tie_free,C:F-5-macro,auc,0.438889,0.333333,0.527778,6,EXPLORATORY
lolo:offset:tie_free:C:F-15-continuous,lolo,offset,tie_free,C:F-15-continuous,auc,0.438889,0.333333,0.527778,6,EXPLORATORY
lolo:offset:tie_free:C:F-15-micro,lolo,offset,tie_free,C:F-15-micro,auc,0.438889,0.333333,0.527778,6,EXPLORATORY
lolo:offset:tie_free:C:F-15-macro,lolo,offset,tie_free,C:F-15-macro,auc,0.438889,0.333333,0.527778,6,EXPLORATORY
lolo:offset:tie_free:C:C-F-1,lolo,offset,tie_free,C:C-F-1,auc,0.461111,0.338889,0.566667,6,EXPLORATORY
lolo:offset:tie_free:C:C-F-5,lolo,offset,tie_free,C:C-F-5,auc,0.450000,0.338889,0.533333,6,EXPLORATORY
lolo:offset:tie_free:C:C-F-15,lolo,offset,tie_free,C:C-F-15,auc,0.455556,0.350000,0.522222,6,EXPLORATORY
lolo:offset:tie_free:LC:F-1-continuous,lolo,offset,tie_free,LC:F-1-continuous,auc,0.600000,0.522222,0.688889,6,EXPLORATORY
lolo:offset:tie_free:LC:F-1-micro,lolo,offset,tie_free,LC:F-1-micro,auc,0.583333,0.527778,0.644444,6,EXPLORATORY
lolo:offset:tie_free:LC:F-1-macro,lolo,offset,tie_free,LC:F-1-macro,auc,0.600000,0.516667,0.727778,6,EXPLORATORY
lolo:offset:tie_free:LC:F-5-continuous,lolo,offset,tie_free,LC:F-5-continuous,auc,0.619444,0.575000,0.661111,6,EXPLORATORY
lolo:offset:tie_free:LC:F-5-micro,lolo,offset,tie_free,LC:F-5-micro,auc,0.622222,0.522222,0.744583,6,EXPLORATORY
lolo:offset:tie_free:LC:F-5-macro,lolo,offset,tie_free,LC:F-5-macro,auc,0.577778,0.522222,0.633333,6,EXPLORATORY
lolo:offset:tie_free:LC:F-15-continuous,lolo,offset,tie_free,LC:F-15-continuous,auc,0.561111,0.444444,0.694444,6,EXPLORATORY
lolo:offset:tie_free:LC:F-15-micro,lolo,offset,tie_free,LC:F-15-micro,auc,0.544444,0.455556,0.633333,6,EXPLORATORY
lolo:offset:tie_free:LC:F-15-macro,lolo,offset,tie_free,LC:F-15-macro,auc,0.600000,0.455556,0.772222,6,EXPLORATORY
lolo:offset:tie_free:LC:C-F-1,lolo,offset,tie_free,LC:C-F-1,auc,0.813333,0.716667,0.930000,5,EXPLORATORY
lolo:offset:tie_free:LC:C-F-5,lolo,offset,tie_free,LC:C-F-5,auc,0.760000,0.610000,0.900000,5,EXPLORATORY
lolo:offset:tie_free:LC:C-F-15,lolo,offset,tie_free,LC:C-F-15,auc,0.740000,0.640000,0.840000,5,EXPLORATORY
lolo:offset:tie_free:L-B:request_mean,lolo,offset,tie_free,L-B:request_mean,paired_auc_difference,0.017361,-0.036806,0.066204,6,EXPLORATORY
lolo:offset:tie_free:L-B:F-1-continuous,lolo,offset,tie_free,L-B:F-1-continuous,paired_auc_difference,0.022222,-0.105556,0.161111,6,EXPLORATORY
lolo:offset:tie_free:L-B:F-1-micro,lolo,offset,tie_free,L-B:F-1-micro,paired_auc_difference,0.013889,-0.072222,0.105556,6,EXPLORATORY
lolo:offset:tie_free:L-B:F-1-macro,lolo,offset,tie_free,L-B:F-1-macro,paired_auc_difference,-0.038889,-0.194444,0.072222,6,EXPLORATORY
lolo:offset:tie_free:L-B:F-5-continuous,lolo,offset,tie_free,L-B:F-5-continuous,paired_auc_difference,-0.011111,-0.094444,0.077778,6,EXPLORATORY
lolo:offset:tie_free:L-B:F-5-micro,lolo,offset,tie_free,L-B:F-5-micro,paired_auc_difference,0.061111,-0.022222,0.150000,6,EXPLORATORY
lolo:offset:tie_free:L-B:F-5-macro,lolo,offset,tie_free,L-B:F-5-macro,paired_auc_difference,-0.061111,-0.161111,0.066667,6,EXPLORATORY
lolo:offset:tie_free:L-B:F-15-continuous,lolo,offset,tie_free,L-B:F-15-continuous,paired_auc_difference,0.047222,-0.038889,0.127778,6,EXPLORATORY
lolo:offset:tie_free:L-B:F-15-micro,lolo,offset,tie_free,L-B:F-15-micro,paired_auc_difference,0.050000,0.011111,0.100000,6,EXPLORATORY
lolo:offset:tie_free:L-B:F-15-macro,lolo,offset,tie_free,L-B:F-15-macro,paired_auc_difference,0.033333,-0.044444,0.111111,6,EXPLORATORY
lolo:offset:tie_free:L-B:C-F-1,lolo,offset,tie_free,L-B:C-F-1,paired_auc_difference,-0.061111,-0.155556,0.050000,6,EXPLORATORY
lolo:offset:tie_free:L-B:C-F-5,lolo,offset,tie_free,L-B:C-F-5,paired_auc_difference,0.033333,0.000000,0.066667,6,EXPLORATORY
lolo:offset:tie_free:L-B:C-F-15,lolo,offset,tie_free,L-B:C-F-15,paired_auc_difference,0.033333,0.000000,0.100000,6,EXPLORATORY
lolo:offset:tie_free:LC-C:request_mean,lolo,offset,tie_free,LC-C:request_mean,paired_auc_difference,0.166667,0.069167,0.264167,5,EXPLORATORY
lolo:offset:tie_free:LC-C:F-1-continuous,lolo,offset,tie_free,LC-C:F-1-continuous,paired_auc_difference,0.161111,0.011111,0.350000,6,EXPLORATORY
lolo:offset:tie_free:LC-C:F-1-micro,lolo,offset,tie_free,LC-C:F-1-micro,paired_auc_difference,0.144444,0.005556,0.316667,6,EXPLORATORY
lolo:offset:tie_free:LC-C:F-1-macro,lolo,offset,tie_free,LC-C:F-1-macro,paired_auc_difference,0.161111,0.000000,0.394444,6,EXPLORATORY
lolo:offset:tie_free:LC-C:F-5-continuous,lolo,offset,tie_free,LC-C:F-5-continuous,paired_auc_difference,0.180556,0.058333,0.313889,6,EXPLORATORY
lolo:offset:tie_free:LC-C:F-5-micro,lolo,offset,tie_free,LC-C:F-5-micro,paired_auc_difference,0.183333,0.038889,0.327778,6,EXPLORATORY
lolo:offset:tie_free:LC-C:F-5-macro,lolo,offset,tie_free,LC-C:F-5-macro,paired_auc_difference,0.138889,0.005556,0.300000,6,EXPLORATORY
lolo:offset:tie_free:LC-C:F-15-continuous,lolo,offset,tie_free,LC-C:F-15-continuous,paired_auc_difference,0.122222,0.000000,0.266667,6,EXPLORATORY
lolo:offset:tie_free:LC-C:F-15-micro,lolo,offset,tie_free,LC-C:F-15-micro,paired_auc_difference,0.105556,0.000000,0.211111,6,EXPLORATORY
lolo:offset:tie_free:LC-C:F-15-macro,lolo,offset,tie_free,LC-C:F-15-macro,paired_auc_difference,0.161111,0.027778,0.338889,6,EXPLORATORY
lolo:offset:tie_free:LC-C:C-F-1,lolo,offset,tie_free,LC-C:C-F-1,paired_auc_difference,0.313333,0.143333,0.563333,5,EXPLORATORY
lolo:offset:tie_free:LC-C:C-F-5,lolo,offset,tie_free,LC-C:C-F-5,paired_auc_difference,0.280000,0.070000,0.550000,5,EXPLORATORY
lolo:offset:tie_free:LC-C:C-F-15,lolo,offset,tie_free,LC-C:C-F-15,paired_auc_difference,0.250000,0.100000,0.430000,5,EXPLORATORY
lolo:offset:tie_free:C-B:request_mean,lolo,offset,tie_free,C-B:request_mean,paired_auc_difference,-0.062037,-0.168519,0.023623,6,EXPLORATORY
lolo:offset:tie_free:C-B:F-1-continuous,lolo,offset,tie_free,C-B:F-1-continuous,paired_auc_difference,-0.069444,-0.144444,0.033333,6,EXPLORATORY
lolo:offset:tie_free:C-B:F-1-micro,lolo,offset,tie_free,C-B:F-1-micro,paired_auc_difference,-0.066667,-0.133333,-0.000000,6,EXPLORATORY
lolo:offset:tie_free:C-B:F-1-macro,lolo,offset,tie_free,C-B:F-1-macro,paired_auc_difference,-0.061111,-0.211111,0.050000,6,EXPLORATORY
lolo:offset:tie_free:C-B:F-5-continuous,lolo,offset,tie_free,C-B:F-5-continuous,paired_auc_difference,-0.105556,-0.244444,0.016667,6,EXPLORATORY
lolo:offset:tie_free:C-B:F-5-micro,lolo,offset,tie_free,C-B:F-5-micro,paired_auc_difference,-0.058333,-0.136111,0.033333,6,EXPLORATORY
lolo:offset:tie_free:C-B:F-5-macro,lolo,offset,tie_free,C-B:F-5-macro,paired_auc_difference,-0.127778,-0.255556,0.000000,6,EXPLORATORY
lolo:offset:tie_free:C-B:F-15-continuous,lolo,offset,tie_free,C-B:F-15-continuous,paired_auc_difference,-0.000000,-0.100000,0.122222,6,EXPLORATORY
lolo:offset:tie_free:C-B:F-15-micro,lolo,offset,tie_free,C-B:F-15-micro,paired_auc_difference,-0.033333,-0.111111,0.022222,6,EXPLORATORY
lolo:offset:tie_free:C-B:F-15-macro,lolo,offset,tie_free,C-B:F-15-macro,paired_auc_difference,-0.033333,-0.111111,0.022222,6,EXPLORATORY
lolo:offset:tie_free:C-B:C-F-1,lolo,offset,tie_free,C-B:C-F-1,paired_auc_difference,-0.077778,-0.222222,0.066667,6,EXPLORATORY
lolo:offset:tie_free:C-B:C-F-5,lolo,offset,tie_free,C-B:C-F-5,paired_auc_difference,-0.050000,-0.205556,0.077778,6,EXPLORATORY
lolo:offset:tie_free:C-B:C-F-15,lolo,offset,tie_free,C-B:C-F-15,paired_auc_difference,-0.061111,-0.205556,0.044444,6,EXPLORATORY
lolo:offset:tie_free:LC-L:request_mean,lolo,offset,tie_free,LC-L:request_mean,paired_auc_difference,0.045833,-0.062500,0.179167,4,EXPLORATORY
lolo:offset:tie_free:LC-L:F-1-continuous,lolo,offset,tie_free,LC-L:F-1-continuous,paired_auc_difference,0.069444,-0.008333,0.158333,6,EXPLORATORY
lolo:offset:tie_free:LC-L:F-1-micro,lolo,offset,tie_free,LC-L:F-1-micro,paired_auc_difference,0.063889,-0.005556,0.133333,6,EXPLORATORY
lolo:offset:tie_free:LC-L:F-1-macro,lolo,offset,tie_free,LC-L:F-1-macro,paired_auc_difference,0.138889,-0.061111,0.400000,6,EXPLORATORY
lolo:offset:tie_free:LC-L:F-5-continuous,lolo,offset,tie_free,LC-L:F-5-continuous,paired_auc_difference,0.086111,-0.005556,0.177778,6,EXPLORATORY
lolo:offset:tie_free:LC-L:F-5-micro,lolo,offset,tie_free,LC-L:F-5-micro,paired_auc_difference,0.063889,-0.072222,0.219444,6,EXPLORATORY
lolo:offset:tie_free:LC-L:F-5-macro,lolo,offset,tie_free,LC-L:F-5-macro,paired_auc_difference,0.072222,-0.033333,0.183333,6,EXPLORATORY
lolo:offset:tie_free:LC-L:F-15-continuous,lolo,offset,tie_free,LC-L:F-15-continuous,paired_auc_difference,0.075000,-0.102778,0.250000,6,EXPLORATORY
lolo:offset:tie_free:LC-L:F-15-micro,lolo,offset,tie_free,LC-L:F-15-micro,paired_auc_difference,0.022222,-0.088889,0.133333,6,EXPLORATORY
lolo:offset:tie_free:LC-L:F-15-macro,lolo,offset,tie_free,LC-L:F-15-macro,paired_auc_difference,0.050000,-0.189028,0.338889,6,EXPLORATORY
lolo:offset:tie_free:LC-L:C-F-1,lolo,offset,tie_free,LC-L:C-F-1,paired_auc_difference,0.430000,0.210000,0.640000,5,EXPLORATORY
lolo:offset:tie_free:LC-L:C-F-5,lolo,offset,tie_free,LC-L:C-F-5,paired_auc_difference,0.240000,-0.020000,0.540000,5,EXPLORATORY
lolo:offset:tie_free:LC-L:C-F-15,lolo,offset,tie_free,LC-L:C-F-15,paired_auc_difference,0.120000,-0.030000,0.300000,5,EXPLORATORY
lolo:offset:tie_free:LC-B:request_mean,lolo,offset,tie_free,LC-B:request_mean,paired_auc_difference,0.145000,0.090833,0.220833,5,EXPLORATORY
lolo:offset:tie_free:LC-B:F-1-continuous,lolo,offset,tie_free,LC-B:F-1-continuous,paired_auc_difference,0.113889,0.005556,0.227778,6,EXPLORATORY
lolo:offset:tie_free:LC-B:F-1-micro,lolo,offset,tie_free,LC-B:F-1-micro,paired_auc_difference,0.100000,0.022222,0.200000,6,EXPLORATORY
lolo:offset:tie_free:LC-B:F-1-macro,lolo,offset,tie_free,LC-B:F-1-macro,paired_auc_difference,0.105556,0.000000,0.222222,6,EXPLORATORY
lolo:offset:tie_free:LC-B:F-5-continuous,lolo,offset,tie_free,LC-B:F-5-continuous,paired_auc_difference,0.091667,0.055556,0.138889,6,EXPLORATORY
lolo:offset:tie_free:LC-B:F-5-micro,lolo,offset,tie_free,LC-B:F-5-micro,paired_auc_difference,0.136111,0.038889,0.258333,6,EXPLORATORY
lolo:offset:tie_free:LC-B:F-5-macro,lolo,offset,tie_free,LC-B:F-5-macro,paired_auc_difference,0.038889,0.016667,0.061111,6,EXPLORATORY
lolo:offset:tie_free:LC-B:F-15-continuous,lolo,offset,tie_free,LC-B:F-15-continuous,paired_auc_difference,0.122222,-0.000000,0.266667,6,EXPLORATORY
lolo:offset:tie_free:LC-B:F-15-micro,lolo,offset,tie_free,LC-B:F-15-micro,paired_auc_difference,0.072222,-0.011111,0.166667,6,EXPLORATORY
lolo:offset:tie_free:LC-B:F-15-macro,lolo,offset,tie_free,LC-B:F-15-macro,paired_auc_difference,0.127778,-0.000000,0.311111,6,EXPLORATORY
lolo:offset:tie_free:LC-B:C-F-1,lolo,offset,tie_free,LC-B:C-F-1,paired_auc_difference,0.256667,0.130000,0.370000,5,EXPLORATORY
lolo:offset:tie_free:LC-B:C-F-5,lolo,offset,tie_free,LC-B:C-F-5,paired_auc_difference,0.250000,0.100000,0.420000,5,EXPLORATORY
lolo:offset:tie_free:LC-B:C-F-15,lolo,offset,tie_free,LC-B:C-F-15,paired_auc_difference,0.200000,0.060000,0.340000,5,EXPLORATORY
lolo:offset:count:B:F-1-continuous,lolo,offset,count,B:F-1-continuous,auc,0.513889,0.500000,0.541667,6,EXPLORATORY
lolo:offset:count:B:F-1-micro,lolo,offset,count,B:F-1-micro,auc,0.470833,0.426389,0.500000,6,EXPLORATORY
lolo:offset:count:B:F-1-macro,lolo,offset,count,B:F-1-macro,auc,0.488889,0.458333,0.516667,6,EXPLORATORY
lolo:offset:count:B:F-5-continuous,lolo,offset,count,B:F-5-continuous,auc,0.516667,0.411111,0.644444,6,EXPLORATORY
lolo:offset:count:B:F-5-micro,lolo,offset,count,B:F-5-micro,auc,0.555556,0.461111,0.672222,6,EXPLORATORY
lolo:offset:count:B:F-5-macro,lolo,offset,count,B:F-5-macro,auc,0.522222,0.411111,0.655556,6,EXPLORATORY
lolo:offset:count:B:F-15-continuous,lolo,offset,count,B:F-15-continuous,auc,0.516667,0.377778,0.655556,6,EXPLORATORY
lolo:offset:count:B:F-15-micro,lolo,offset,count,B:F-15-micro,auc,0.522222,0.410972,0.655556,6,EXPLORATORY
lolo:offset:count:B:F-15-macro,lolo,offset,count,B:F-15-macro,auc,0.483333,0.400000,0.561111,6,EXPLORATORY
lolo:offset:count:B:C-F-1,lolo,offset,count,B:C-F-1,auc,0.527778,0.500000,0.566667,6,EXPLORATORY
lolo:offset:count:B:C-F-5,lolo,offset,count,B:C-F-5,auc,0.488889,0.411111,0.577778,6,EXPLORATORY
lolo:offset:count:B:C-F-15,lolo,offset,count,B:C-F-15,auc,0.533333,0.505556,0.566667,6,EXPLORATORY
lolo:offset:count:L:F-1-continuous,lolo,offset,count,L:F-1-continuous,auc,0.522222,0.466667,0.588889,6,EXPLORATORY
lolo:offset:count:L:F-1-micro,lolo,offset,count,L:F-1-micro,auc,0.544444,0.455556,0.633333,6,EXPLORATORY
lolo:offset:count:L:F-1-macro,lolo,offset,count,L:F-1-macro,auc,0.447222,0.333333,0.541667,6,EXPLORATORY
lolo:offset:count:L:F-5-continuous,lolo,offset,count,L:F-5-continuous,auc,0.505556,0.427778,0.561111,6,EXPLORATORY
lolo:offset:count:L:F-5-micro,lolo,offset,count,L:F-5-micro,auc,0.566667,0.516667,0.627778,6,EXPLORATORY
lolo:offset:count:L:F-5-macro,lolo,offset,count,L:F-5-macro,auc,0.516667,0.416667,0.611111,6,EXPLORATORY
lolo:offset:count:L:F-15-continuous,lolo,offset,count,L:F-15-continuous,auc,0.538889,0.477778,0.611111,6,EXPLORATORY
lolo:offset:count:L:F-15-micro,lolo,offset,count,L:F-15-micro,auc,0.575000,0.525000,0.630556,6,EXPLORATORY
lolo:offset:count:L:F-15-macro,lolo,offset,count,L:F-15-macro,auc,0.544444,0.472222,0.611111,6,EXPLORATORY
lolo:offset:count:L:C-F-1,lolo,offset,count,L:C-F-1,auc,0.469444,0.386111,0.538889,6,EXPLORATORY
lolo:offset:count:L:C-F-5,lolo,offset,count,L:C-F-5,auc,0.530556,0.455556,0.605556,6,EXPLORATORY
lolo:offset:count:L:C-F-15,lolo,offset,count,L:C-F-15,auc,0.569444,0.472222,0.683333,6,EXPLORATORY
lolo:offset:count:C:F-1-continuous,lolo,offset,count,C:F-1-continuous,auc,0.500000,0.500000,0.500000,6,EXPLORATORY
lolo:offset:count:C:F-1-micro,lolo,offset,count,C:F-1-micro,auc,0.500000,0.500000,0.500000,6,EXPLORATORY
lolo:offset:count:C:F-1-macro,lolo,offset,count,C:F-1-macro,auc,0.500000,0.500000,0.500000,6,EXPLORATORY
lolo:offset:count:C:F-5-continuous,lolo,offset,count,C:F-5-continuous,auc,0.527778,0.455556,0.600000,6,EXPLORATORY
lolo:offset:count:C:F-5-micro,lolo,offset,count,C:F-5-micro,auc,0.494444,0.444444,0.544444,6,EXPLORATORY
lolo:offset:count:C:F-5-macro,lolo,offset,count,C:F-5-macro,auc,0.522222,0.455556,0.588889,6,EXPLORATORY
lolo:offset:count:C:F-15-continuous,lolo,offset,count,C:F-15-continuous,auc,0.472222,0.433333,0.505556,6,EXPLORATORY
lolo:offset:count:C:F-15-micro,lolo,offset,count,C:F-15-micro,auc,0.494444,0.422222,0.555556,6,EXPLORATORY
lolo:offset:count:C:F-15-macro,lolo,offset,count,C:F-15-macro,auc,0.505556,0.455556,0.572222,6,EXPLORATORY
lolo:offset:count:C:C-F-1,lolo,offset,count,C:C-F-1,auc,0.500000,0.500000,0.500000,6,EXPLORATORY
lolo:offset:count:C:C-F-5,lolo,offset,count,C:C-F-5,auc,0.522222,0.477778,0.566667,6,EXPLORATORY
lolo:offset:count:C:C-F-15,lolo,offset,count,C:C-F-15,auc,0.563889,0.500000,0.652778,6,EXPLORATORY
lolo:offset:count:LC:F-1-continuous,lolo,offset,count,LC:F-1-continuous,auc,0.527778,0.488889,0.588889,6,EXPLORATORY
lolo:offset:count:LC:F-1-micro,lolo,offset,count,LC:F-1-micro,auc,0.513889,0.444444,0.583333,6,EXPLORATORY
lolo:offset:count:LC:F-1-macro,lolo,offset,count,LC:F-1-macro,auc,0.533333,0.455556,0.611111,6,EXPLORATORY
lolo:offset:count:LC:F-5-continuous,lolo,offset,count,LC:F-5-continuous,auc,0.544444,0.494444,0.605556,6,EXPLORATORY
lolo:offset:count:LC:F-5-micro,lolo,offset,count,LC:F-5-micro,auc,0.531944,0.472222,0.593056,6,EXPLORATORY
lolo:offset:count:LC:F-5-macro,lolo,offset,count,LC:F-5-macro,auc,0.486111,0.425000,0.533333,6,EXPLORATORY
lolo:offset:count:LC:F-15-continuous,lolo,offset,count,LC:F-15-continuous,auc,0.522222,0.461111,0.588889,6,EXPLORATORY
lolo:offset:count:LC:F-15-micro,lolo,offset,count,LC:F-15-micro,auc,0.550000,0.466667,0.633333,6,EXPLORATORY
lolo:offset:count:LC:F-15-macro,lolo,offset,count,LC:F-15-macro,auc,0.515278,0.455556,0.572222,6,EXPLORATORY
lolo:offset:count:LC:C-F-1,lolo,offset,count,LC:C-F-1,auc,0.616667,0.506667,0.730000,5,EXPLORATORY
lolo:offset:count:LC:C-F-5,lolo,offset,count,LC:C-F-5,auc,0.760000,0.610000,0.900000,5,EXPLORATORY
lolo:offset:count:LC:C-F-15,lolo,offset,count,LC:C-F-15,auc,0.710000,0.580000,0.820000,5,EXPLORATORY
lolo:offset:count:L-B:request_mean,lolo,offset,count,L-B:request_mean,paired_auc_difference,0.022917,-0.030671,0.076505,6,EXPLORATORY
lolo:offset:count:L-B:F-1-continuous,lolo,offset,count,L-B:F-1-continuous,paired_auc_difference,0.008333,-0.055556,0.083333,6,EXPLORATORY
lolo:offset:count:L-B:F-1-micro,lolo,offset,count,L-B:F-1-micro,paired_auc_difference,0.073611,-0.016667,0.162500,6,EXPLORATORY
lolo:offset:count:L-B:F-1-macro,lolo,offset,count,L-B:F-1-macro,paired_auc_difference,-0.041667,-0.161111,0.047222,6,EXPLORATORY
lolo:offset:count:L-B:F-5-continuous,lolo,offset,count,L-B:F-5-continuous,paired_auc_difference,-0.011111,-0.105556,0.077778,6,EXPLORATORY
lolo:offset:count:L-B:F-5-micro,lolo,offset,count,L-B:F-5-micro,paired_auc_difference,0.011111,-0.122361,0.144444,6,EXPLORATORY
lolo:offset:count:L-B:F-5-macro,lolo,offset,count,L-B:F-5-macro,paired_auc_difference,-0.005556,-0.222222,0.161111,6,EXPLORATORY
lolo:offset:count:L-B:F-15-continuous,lolo,offset,count,L-B:F-15-continuous,paired_auc_difference,0.022222,-0.111111,0.211111,6,EXPLORATORY
lolo:offset:count:L-B:F-15-micro,lolo,offset,count,L-B:F-15-micro,paired_auc_difference,0.052778,-0.094444,0.213889,6,EXPLORATORY
lolo:offset:count:L-B:F-15-macro,lolo,offset,count,L-B:F-15-macro,paired_auc_difference,0.061111,-0.038889,0.150000,6,EXPLORATORY
lolo:offset:count:L-B:C-F-1,lolo,offset,count,L-B:C-F-1,paired_auc_difference,-0.062500,-0.131944,-0.012500,6,EXPLORATORY
lolo:offset:count:L-B:C-F-5,lolo,offset,count,L-B:C-F-5,paired_auc_difference,0.041667,-0.080556,0.152778,6,EXPLORATORY
lolo:offset:count:L-B:C-F-15,lolo,offset,count,L-B:C-F-15,paired_auc_difference,0.025000,-0.055556,0.116667,6,EXPLORATORY
lolo:offset:count:LC-C:request_mean,lolo,offset,count,LC-C:request_mean,paired_auc_difference,-0.009583,-0.117917,0.095417,5,EXPLORATORY
lolo:offset:count:LC-C:F-1-continuous,lolo,offset,count,LC-C:F-1-continuous,paired_auc_difference,0.027778,-0.011111,0.088889,6,EXPLORATORY
lolo:offset:count:LC-C:F-1-micro,lolo,offset,count,LC-C:F-1-micro,paired_auc_difference,0.013889,-0.055556,0.083333,6,EXPLORATORY
lolo:offset:count:LC-C:F-1-macro,lolo,offset,count,LC-C:F-1-macro,paired_auc_difference,0.033333,-0.044444,0.111111,6,EXPLORATORY
lolo:offset:count:LC-C:F-5-continuous,lolo,offset,count,LC-C:F-5-continuous,paired_auc_difference,0.016667,-0.088889,0.122222,6,EXPLORATORY
lolo:offset:count:LC-C:F-5-micro,lolo,offset,count,LC-C:F-5-micro,paired_auc_difference,0.037500,-0.045833,0.137500,6,EXPLORATORY
lolo:offset:count:LC-C:F-5-macro,lolo,offset,count,LC-C:F-5-macro,paired_auc_difference,-0.036111,-0.125000,0.055556,6,EXPLORATORY
lolo:offset:count:LC-C:F-15-continuous,lolo,offset,count,LC-C:F-15-continuous,paired_auc_difference,0.050000,0.011111,0.094444,6,EXPLORATORY
lolo:offset:count:LC-C:F-15-micro,lolo,offset,count,LC-C:F-15-micro,paired_auc_difference,0.055556,-0.072222,0.200000,6,EXPLORATORY
lolo:offset:count:LC-C:F-15-macro,lolo,offset,count,LC-C:F-15-macro,paired_auc_difference,0.009722,-0.093056,0.094444,6,EXPLORATORY
lolo:offset:count:LC-C:C-F-1,lolo,offset,count,LC-C:C-F-1,paired_auc_difference,0.116667,0.006667,0.230000,5,EXPLORATORY
lolo:offset:count:LC-C:C-F-5,lolo,offset,count,LC-C:C-F-5,paired_auc_difference,0.180000,0.090000,0.240000,5,EXPLORATORY
lolo:offset:count:LC-C:C-F-15,lolo,offset,count,LC-C:C-F-15,paired_auc_difference,0.140000,0.010000,0.270000,5,EXPLORATORY
lolo:offset:count:C-B:request_mean,lolo,offset,count,C-B:request_mean,paired_auc_difference,-0.003125,-0.049884,0.034259,6,EXPLORATORY
lolo:offset:count:C-B:F-1-continuous,lolo,offset,count,C-B:F-1-continuous,paired_auc_difference,-0.013889,-0.041667,0.000000,6,EXPLORATORY
lolo:offset:count:C-B:F-1-micro,lolo,offset,count,C-B:F-1-micro,paired_auc_difference,0.029167,0.000000,0.073611,6,EXPLORATORY
lolo:offset:count:C-B:F-1-macro,lolo,offset,count,C-B:F-1-macro,paired_auc_difference,0.011111,-0.016667,0.041667,6,EXPLORATORY
lolo:offset:count:C-B:F-5-continuous,lolo,offset,count,C-B:F-5-continuous,paired_auc_difference,0.011111,-0.133333,0.155833,6,EXPLORATORY
lolo:offset:count:C-B:F-5-micro,lolo,offset,count,C-B:F-5-micro,paired_auc_difference,-0.061111,-0.216667,0.066667,6,EXPLORATORY
lolo:offset:count:C-B:F-5-macro,lolo,offset,count,C-B:F-5-macro,paired_auc_difference,-0.000000,-0.133333,0.144444,6,EXPLORATORY
lolo:offset:count:C-B:F-15-continuous,lolo,offset,count,C-B:F-15-continuous,paired_auc_difference,-0.044444,-0.211111,0.088889,6,EXPLORATORY
lolo:offset:count:C-B:F-15-micro,lolo,offset,count,C-B:F-15-micro,paired_auc_difference,-0.027778,-0.144444,0.105556,6,EXPLORATORY
lolo:offset:count:C-B:F-15-macro,lolo,offset,count,C-B:F-15-macro,paired_auc_difference,0.022222,-0.083333,0.122222,6,EXPLORATORY
lolo:offset:count:C-B:C-F-1,lolo,offset,count,C-B:C-F-1,paired_auc_difference,-0.027778,-0.066667,0.000000,6,EXPLORATORY
lolo:offset:count:C-B:C-F-5,lolo,offset,count,C-B:C-F-5,paired_auc_difference,0.033333,-0.083333,0.144444,6,EXPLORATORY
lolo:offset:count:C-B:C-F-15,lolo,offset,count,C-B:C-F-15,paired_auc_difference,0.030556,-0.022222,0.091667,6,EXPLORATORY
lolo:offset:count:LC-L:request_mean,lolo,offset,count,LC-L:request_mean,paired_auc_difference,-0.041146,-0.235937,0.084375,4,EXPLORATORY
lolo:offset:count:LC-L:F-1-continuous,lolo,offset,count,LC-L:F-1-continuous,paired_auc_difference,0.005556,-0.038889,0.044444,6,EXPLORATORY
lolo:offset:count:LC-L:F-1-micro,lolo,offset,count,LC-L:F-1-micro,paired_auc_difference,-0.030556,-0.163889,0.100000,6,EXPLORATORY
lolo:offset:count:LC-L:F-1-macro,lolo,offset,count,LC-L:F-1-macro,paired_auc_difference,0.086111,-0.044444,0.252778,6,EXPLORATORY
lolo:offset:count:LC-L:F-5-continuous,lolo,offset,count,LC-L:F-5-continuous,paired_auc_difference,0.044444,-0.005556,0.111111,6,EXPLORATORY
lolo:offset:count:LC-L:F-5-micro,lolo,offset,count,LC-L:F-5-micro,paired_auc_difference,-0.034722,-0.144444,0.062500,6,EXPLORATORY
lolo:offset:count:LC-L:F-5-macro,lolo,offset,count,LC-L:F-5-macro,paired_auc_difference,-0.075000,-0.241667,0.100000,6,EXPLORATORY
lolo:offset:count:LC-L:F-15-continuous,lolo,offset,count,LC-L:F-15-continuous,paired_auc_difference,-0.016667,-0.122222,0.088889,6,EXPLORATORY
lolo:offset:count:LC-L:F-15-micro,lolo,offset,count,LC-L:F-15-micro,paired_auc_difference,-0.025000,-0.097222,0.041667,6,EXPLORATORY
lolo:offset:count:LC-L:F-15-macro,lolo,offset,count,LC-L:F-15-macro,paired_auc_difference,-0.029167,-0.141667,0.088889,6,EXPLORATORY
lolo:offset:count:LC-L:C-F-1,lolo,offset,count,LC-L:C-F-1,paired_auc_difference,0.000000,-0.220000,0.160000,5,EXPLORATORY
lolo:offset:count:LC-L:C-F-5,lolo,offset,count,LC-L:C-F-5,paired_auc_difference,0.170000,0.000000,0.340000,5,EXPLORATORY
lolo:offset:count:LC-L:C-F-15,lolo,offset,count,LC-L:C-F-15,paired_auc_difference,0.120000,-0.020000,0.280000,5,EXPLORATORY
lolo:offset:count:LC-B:request_mean,lolo,offset,count,LC-B:request_mean,paired_auc_difference,-0.006667,-0.194167,0.127500,5,EXPLORATORY
lolo:offset:count:LC-B:F-1-continuous,lolo,offset,count,LC-B:F-1-continuous,paired_auc_difference,0.027778,-0.011111,0.088889,6,EXPLORATORY
lolo:offset:count:LC-B:F-1-micro,lolo,offset,count,LC-B:F-1-micro,paired_auc_difference,0.020833,-0.041667,0.083333,6,EXPLORATORY
lolo:offset:count:LC-B:F-1-macro,lolo,offset,count,LC-B:F-1-macro,paired_auc_difference,0.036111,-0.058333,0.122222,6,EXPLORATORY
lolo:offset:count:LC-B:F-5-continuous,lolo,offset,count,LC-B:F-5-continuous,paired_auc_difference,0.027778,-0.044444,0.094444,6,EXPLORATORY
lolo:offset:count:LC-B:F-5-micro,lolo,offset,count,LC-B:F-5-micro,paired_auc_difference,-0.023611,-0.090278,0.026389,6,EXPLORATORY
lolo:offset:count:LC-B:F-5-macro,lolo,offset,count,LC-B:F-5-macro,paired_auc_difference,-0.036111,-0.136111,0.063889,6,EXPLORATORY
lolo:offset:count:LC-B:F-15-continuous,lolo,offset,count,LC-B:F-15-continuous,paired_auc_difference,0.005556,-0.177778,0.166667,6,EXPLORATORY
lolo:offset:count:LC-B:F-15-micro,lolo,offset,count,LC-B:F-15-micro,paired_auc_difference,0.022222,-0.172222,0.205556,6,EXPLORATORY
lolo:offset:count:LC-B:F-15-macro,lolo,offset,count,LC-B:F-15-macro,paired_auc_difference,0.076389,-0.076389,0.244444,6,EXPLORATORY
lolo:offset:count:LC-B:C-F-1,lolo,offset,count,LC-B:C-F-1,paired_auc_difference,0.046667,-0.023333,0.150000,5,EXPLORATORY
lolo:offset:count:LC-B:C-F-5,lolo,offset,count,LC-B:C-F-5,paired_auc_difference,0.256667,0.180000,0.360000,5,EXPLORATORY
lolo:offset:count:LC-B:C-F-15,lolo,offset,count,LC-B:C-F-15,paired_auc_difference,0.160000,0.020000,0.300000,5,EXPLORATORY
lolo:angle:tie_free:B:F-1-continuous,lolo,angle,tie_free,B:F-1-continuous,auc,0.547475,0.488889,0.600000,5,EXPLORATORY
lolo:angle:tie_free:B:F-1-micro,lolo,angle,tie_free,B:F-1-micro,auc,0.592424,0.505556,0.720202,5,EXPLORATORY
lolo:angle:tie_free:B:F-1-macro,lolo,angle,tie_free,B:F-1-macro,auc,0.503030,0.458586,0.547475,5,EXPLORATORY
lolo:angle:tie_free:B:F-5-continuous,lolo,angle,tie_free,B:F-5-continuous,auc,0.541414,0.513131,0.566667,5,EXPLORATORY
lolo:angle:tie_free:B:F-5-micro,lolo,angle,tie_free,B:F-5-micro,auc,0.530303,0.493939,0.566667,5,EXPLORATORY
lolo:angle:tie_free:B:F-5-macro,lolo,angle,tie_free,B:F-5-macro,auc,0.552525,0.505051,0.600000,5,EXPLORATORY
lolo:angle:tie_free:B:F-15-continuous,lolo,angle,tie_free,B:F-15-continuous,auc,0.453030,0.416667,0.486869,5,EXPLORATORY
lolo:angle:tie_free:B:F-15-micro,lolo,angle,tie_free,B:F-15-micro,auc,0.458586,0.422222,0.492424,5,EXPLORATORY
lolo:angle:tie_free:B:F-15-macro,lolo,angle,tie_free,B:F-15-macro,auc,0.453030,0.416667,0.486869,5,EXPLORATORY
lolo:angle:tie_free:B:C-F-1,lolo,angle,tie_free,B:C-F-1,auc,0.480808,0.416667,0.536364,5,EXPLORATORY
lolo:angle:tie_free:B:C-F-5,lolo,angle,tie_free,B:C-F-5,auc,0.553030,0.528283,0.583333,5,EXPLORATORY
lolo:angle:tie_free:B:C-F-15,lolo,angle,tie_free,B:C-F-15,auc,0.553030,0.528283,0.583333,5,EXPLORATORY
lolo:angle:tie_free:L:F-1-continuous,lolo,angle,tie_free,L:F-1-continuous,auc,0.496465,0.427778,0.588889,5,EXPLORATORY
lolo:angle:tie_free:L:F-1-micro,lolo,angle,tie_free,L:F-1-micro,auc,0.459596,0.394444,0.524747,5,EXPLORATORY
lolo:angle:tie_free:L:F-1-macro,lolo,angle,tie_free,L:F-1-macro,auc,0.410606,0.288889,0.537374,5,EXPLORATORY
lolo:angle:tie_free:L:F-5-continuous,lolo,angle,tie_free,L:F-5-continuous,auc,0.478283,0.407071,0.544444,5,EXPLORATORY
lolo:angle:tie_free:L:F-5-micro,lolo,angle,tie_free,L:F-5-micro,auc,0.496465,0.427778,0.588889,5,EXPLORATORY
lolo:angle:tie_free:L:F-5-macro,lolo,angle,tie_free,L:F-5-macro,auc,0.426768,0.344444,0.524747,5,EXPLORATORY
lolo:angle:tie_free:L:F-15-continuous,lolo,angle,tie_free,L:F-15-continuous,auc,0.456566,0.413131,0.500000,5,EXPLORATORY
lolo:angle:tie_free:L:F-15-micro,lolo,angle,tie_free,L:F-15-micro,auc,0.468687,0.422222,0.515152,5,EXPLORATORY
lolo:angle:tie_free:L:F-15-macro,lolo,angle,tie_free,L:F-15-macro,auc,0.391919,0.333333,0.459091,5,EXPLORATORY
lolo:angle:tie_free:L:C-F-1,lolo,angle,tie_free,L:C-F-1,auc,0.509091,0.461111,0.545960,5,EXPLORATORY
lolo:angle:tie_free:L:C-F-5,lolo,angle,tie_free,L:C-F-5,auc,0.531313,0.466667,0.594444,5,EXPLORATORY
lolo:angle:tie_free:L:C-F-15,lolo,angle,tie_free,L:C-F-15,auc,0.483333,0.461111,0.505556,5,EXPLORATORY
lolo:angle:tie_free:C:F-1-continuous,lolo,angle,tie_free,C:F-1-continuous,auc,0.631818,0.550000,0.715152,5,EXPLORATORY
lolo:angle:tie_free:C:F-1-micro,lolo,angle,tie_free,C:F-1-micro,auc,0.631313,0.540404,0.725758,5,EXPLORATORY
lolo:angle:tie_free:C:F-1-macro,lolo,angle,tie_free,C:F-1-macro,auc,0.642929,0.550000,0.748485,5,EXPLORATORY
lolo:angle:tie_free:C:F-5-continuous,lolo,angle,tie_free,C:F-5-continuous,auc,0.637374,0.550000,0.731818,5,EXPLORATORY
lolo:angle:tie_free:C:F-5-micro,lolo,angle,tie_free,C:F-5-micro,auc,0.631313,0.540404,0.725758,5,EXPLORATORY
lolo:angle:tie_free:C:F-5-macro,lolo,angle,tie_free,C:F-5-macro,auc,0.648485,0.550000,0.765152,5,EXPLORATORY
lolo:angle:tie_free:C:F-15-continuous,lolo,angle,tie_free,C:F-15-continuous,auc,0.636869,0.540404,0.742424,5,EXPLORATORY
lolo:angle:tie_free:C:F-15-micro,lolo,angle,tie_free,C:F-15-micro,auc,0.642424,0.540404,0.759091,5,EXPLORATORY
lolo:angle:tie_free:C:F-15-macro,lolo,angle,tie_free,C:F-15-macro,auc,0.636869,0.540404,0.742424,5,EXPLORATORY
lolo:angle:tie_free:C:C-F-1,lolo,angle,tie_free,C:C-F-1,auc,0.638384,0.537879,0.761111,5,EXPLORATORY
lolo:angle:tie_free:C:C-F-5,lolo,angle,tie_free,C:C-F-5,auc,0.661111,0.550000,0.766667,5,EXPLORATORY
lolo:angle:tie_free:C:C-F-15,lolo,angle,tie_free,C:C-F-15,auc,0.677778,0.583333,0.783333,5,EXPLORATORY
lolo:angle:tie_free:LC:F-1-continuous,lolo,angle,tie_free,LC:F-1-continuous,auc,0.674242,0.556061,0.766667,5,EXPLORATORY
lolo:angle:tie_free:LC:F-1-micro,lolo,angle,tie_free,LC:F-1-micro,auc,0.708586,0.609091,0.805556,5,EXPLORATORY
lolo:angle:tie_free:LC:F-1-macro,lolo,angle,tie_free,LC:F-1-macro,auc,0.638131,0.526263,0.750000,5,EXPLORATORY
lolo:angle:tie_free:LC:F-5-continuous,lolo,angle,tie_free,LC:F-5-continuous,auc,0.726263,0.635859,0.816667,5,EXPLORATORY
lolo:angle:tie_free:LC:F-5-micro,lolo,angle,tie_free,LC:F-5-micro,auc,0.685859,0.555051,0.816667,5,EXPLORATORY
lolo:angle:tie_free:LC:F-5-macro,lolo,angle,tie_free,LC:F-5-macro,auc,0.670202,0.593939,0.761111,5,EXPLORATORY
lolo:angle:tie_free:LC:F-15-continuous,lolo,angle,tie_free,LC:F-15-continuous,auc,0.755556,0.666667,0.866667,5,EXPLORATORY
lolo:angle:tie_free:LC:F-15-micro,lolo,angle,tie_free,LC:F-15-micro,auc,0.751010,0.678788,0.823232,5,EXPLORATORY
lolo:angle:tie_free:LC:F-15-macro,lolo,angle,tie_free,LC:F-15-macro,auc,0.772727,0.672727,0.900000,5,EXPLORATORY
lolo:angle:tie_free:LC:C-F-1,lolo,angle,tie_free,LC:C-F-1,auc,0.697601,0.590278,0.804924,4,EXPLORATORY
lolo:angle:tie_free:LC:C-F-5,lolo,angle,tie_free,LC:C-F-5,auc,0.693182,0.625000,0.761364,4,EXPLORATORY
lolo:angle:tie_free:LC:C-F-15,lolo,angle,tie_free,LC:C-F-15,auc,0.737689,0.666667,0.848485,4,EXPLORATORY
lolo:angle:tie_free:L-B:request_mean,lolo,angle,tie_free,L-B:request_mean,paired_auc_difference,-0.053157,-0.099537,-0.006776,5,EXPLORATORY
lolo:angle:tie_free:L-B:F-1-continuous,lolo,angle,tie_free,L-B:F-1-continuous,paired_auc_difference,-0.073232,-0.183333,0.077778,5,EXPLORATORY
lolo:angle:tie_free:L-B:F-1-micro,lolo,angle,tie_free,L-B:F-1-micro,paired_auc_difference,-0.155051,-0.311111,-0.037374,5,EXPLORATORY
lolo:angle:tie_free:L-B:F-1-macro,lolo,angle,tie_free,L-B:F-1-macro,paired_auc_difference,-0.114646,-0.183333,0.006061,5,EXPLORATORY
lolo:angle:tie_free:L-B:F-5-continuous,lolo,angle,tie_free,L-B:F-5-continuous,paired_auc_difference,-0.085354,-0.157576,-0.005556,5,EXPLORATORY
lolo:angle:tie_free:L-B:F-5-micro,lolo,angle,tie_free,L-B:F-5-micro,paired_auc_difference,-0.056061,-0.161111,0.071717,5,EXPLORATORY
lolo:angle:tie_free:L-B:F-5-macro,lolo,angle,tie_free,L-B:F-5-macro,paired_auc_difference,-0.156313,-0.319444,0.006061,5,EXPLORATORY
lolo:angle:tie_free:L-B:F-15-continuous,lolo,angle,tie_free,L-B:F-15-continuous,paired_auc_difference,-0.007576,-0.067172,0.033333,5,EXPLORATORY
lolo:angle:tie_free:L-B:F-15-micro,lolo,angle,tie_free,L-B:F-15-micro,paired_auc_difference,0.004545,-0.036364,0.050000,5,EXPLORATORY
lolo:angle:tie_free:L-B:F-15-macro,lolo,angle,tie_free,L-B:F-15-macro,paired_auc_difference,-0.072222,-0.133333,-0.011111,5,EXPLORATORY
lolo:angle:tie_free:L-B:C-F-1,lolo,angle,tie_free,L-B:C-F-1,paired_auc_difference,0.031313,-0.057576,0.118232,5,EXPLORATORY
lolo:angle:tie_free:L-B:C-F-5,lolo,angle,tie_free,L-B:C-F-5,paired_auc_difference,-0.018687,-0.116667,0.062626,5,EXPLORATORY
lolo:angle:tie_free:L-B:C-F-15,lolo,angle,tie_free,L-B:C-F-15,paired_auc_difference,-0.066667,-0.116667,-0.016667,5,EXPLORATORY
lolo:angle:tie_free:LC-C:request_mean,lolo,angle,tie_free,LC-C:request_mean,paired_auc_difference,0.070865,-0.008681,0.203993,4,EXPLORATORY
lolo:angle:tie_free:LC-C:F-1-continuous,lolo,angle,tie_free,LC-C:F-1-continuous,paired_auc_difference,0.047980,-0.056061,0.166667,5,EXPLORATORY
lolo:angle:tie_free:LC-C:F-1-micro,lolo,angle,tie_free,LC-C:F-1-micro,paired_auc_difference,0.080051,-0.003788,0.166667,5,EXPLORATORY
lolo:angle:tie_free:LC-C:F-1-macro,lolo,angle,tie_free,LC-C:F-1-macro,paired_auc_difference,0.003535,-0.064394,0.047222,5,EXPLORATORY
lolo:angle:tie_free:LC-C:F-5-continuous,lolo,angle,tie_free,LC-C:F-5-continuous,paired_auc_difference,0.091667,0.033333,0.150000,5,EXPLORATORY
lolo:angle:tie_free:LC-C:F-5-micro,lolo,angle,tie_free,LC-C:F-5-micro,paired_auc_difference,0.057323,-0.011364,0.122222,5,EXPLORATORY
lolo:angle:tie_free:LC-C:F-5-macro,lolo,angle,tie_free,LC-C:F-5-macro,paired_auc_difference,0.027273,-0.018182,0.100000,5,EXPLORATORY
lolo:angle:tie_free:LC-C:F-15-continuous,lolo,angle,tie_free,LC-C:F-15-continuous,paired_auc_difference,0.118687,0.000000,0.307576,5,EXPLORATORY
lolo:angle:tie_free:LC-C:F-15-micro,lolo,angle,tie_free,LC-C:F-15-micro,paired_auc_difference,0.105808,-0.016667,0.261364,5,EXPLORATORY
lolo:angle:tie_free:LC-C:F-15-macro,lolo,angle,tie_free,LC-C:F-15-macro,paired_auc_difference,0.135859,0.000000,0.346970,5,EXPLORATORY
lolo:angle:tie_free:LC-C:C-F-1,lolo,angle,tie_free,LC-C:C-F-1,paired_auc_difference,0.016730,-0.097222,0.130682,4,EXPLORATORY
lolo:angle:tie_free:LC-C:C-F-5,lolo,angle,tie_free,LC-C:C-F-5,paired_auc_difference,0.011364,-0.083333,0.106061,4,EXPLORATORY
lolo:angle:tie_free:LC-C:C-F-15,lolo,angle,tie_free,LC-C:C-F-15,paired_auc_difference,0.024621,-0.104167,0.136364,4,EXPLORATORY
lolo:angle:tie_free:C-B:request_mean,lolo,angle,tie_free,C-B:request_mean,paired_auc_difference,0.124832,0.028241,0.225295,5,EXPLORATORY
lolo:angle:tie_free:C-B:F-1-continuous,lolo,angle,tie_free,C-B:F-1-continuous,paired_auc_difference,0.084343,-0.027778,0.177778,5,EXPLORATORY
lolo:angle:tie_free:C-B:F-1-micro,lolo,angle,tie_free,C-B:F-1-micro,paired_auc_difference,0.038889,-0.044444,0.133333,5,EXPLORATORY
lolo:angle:tie_free:C-B:F-1-macro,lolo,angle,tie_free,C-B:F-1-macro,paired_auc_difference,0.139899,0.057576,0.223232,5,EXPLORATORY
lolo:angle:tie_free:C-B:F-5-continuous,lolo,angle,tie_free,C-B:F-5-continuous,paired_auc_difference,0.095960,0.011111,0.173737,5,EXPLORATORY
lolo:angle:tie_free:C-B:F-5-micro,lolo,angle,tie_free,C-B:F-5-micro,paired_auc_difference,0.101010,0.044444,0.167677,5,EXPLORATORY
lolo:angle:tie_free:C-B:F-5-macro,lolo,angle,tie_free,C-B:F-5-macro,paired_auc_difference,0.095960,-0.027778,0.244444,5,EXPLORATORY
lolo:angle:tie_free:C-B:F-15-continuous,lolo,angle,tie_free,C-B:F-15-continuous,paired_auc_difference,0.183838,0.056566,0.317172,5,EXPLORATORY
lolo:angle:tie_free:C-B:F-15-micro,lolo,angle,tie_free,C-B:F-15-micro,paired_auc_difference,0.183838,0.051010,0.333838,5,EXPLORATORY
lolo:angle:tie_free:C-B:F-15-macro,lolo,angle,tie_free,C-B:F-15-macro,paired_auc_difference,0.183838,0.056566,0.317172,5,EXPLORATORY
lolo:angle:tie_free:C-B:C-F-1,lolo,angle,tie_free,C-B:C-F-1,paired_auc_difference,0.157576,0.013131,0.344444,5,EXPLORATORY
lolo:angle:tie_free:C-B:C-F-5,lolo,angle,tie_free,C-B:C-F-5,paired_auc_difference,0.108081,0.019192,0.177778,5,EXPLORATORY
lolo:angle:tie_free:C-B:C-F-15,lolo,angle,tie_free,C-B:C-F-15,paired_auc_difference,0.124747,0.052525,0.194444,5,EXPLORATORY
lolo:angle:tie_free:LC-L:request_mean,lolo,angle,tie_free,LC-L:request_mean,paired_auc_difference,0.310448,0.136206,0.506944,4,EXPLORATORY
lolo:angle:tie_free:LC-L:F-1-continuous,lolo,angle,tie_free,LC-L:F-1-continuous,paired_auc_difference,0.355556,0.122222,0.588889,5,EXPLORATORY
lolo:angle:tie_free:LC-L:F-1-micro,lolo,angle,tie_free,LC-L:F-1-micro,paired_auc_difference,0.365657,0.131313,0.600000,5,EXPLORATORY
lolo:angle:tie_free:LC-L:F-1-macro,lolo,angle,tie_free,LC-L:F-1-macro,paired_auc_difference,0.346970,0.074242,0.600000,5,EXPLORATORY
lolo:angle:tie_free:LC-L:F-5-continuous,lolo,angle,tie_free,LC-L:F-5-continuous,paired_auc_difference,0.295202,0.150000,0.475000,5,EXPLORATORY
lolo:angle:tie_free:LC-L:F-5-micro,lolo,angle,tie_free,LC-L:F-5-micro,paired_auc_difference,0.244949,0.023232,0.472727,5,EXPLORATORY
lolo:angle:tie_free:LC-L:F-5-macro,lolo,angle,tie_free,LC-L:F-5-macro,paired_auc_difference,0.287879,0.096970,0.500000,5,EXPLORATORY
lolo:angle:tie_free:LC-L:F-15-continuous,lolo,angle,tie_free,LC-L:F-15-continuous,paired_auc_difference,0.362879,0.237879,0.508333,5,EXPLORATORY
lolo:angle:tie_free:LC-L:F-15-micro,lolo,angle,tie_free,LC-L:F-15-micro,paired_auc_difference,0.348990,0.227778,0.515657,5,EXPLORATORY
lolo:angle:tie_free:LC-L:F-15-macro,lolo,angle,tie_free,LC-L:F-15-macro,paired_auc_difference,0.419697,0.272727,0.583333,5,EXPLORATORY
lolo:angle:tie_free:LC-L:C-F-1,lolo,angle,tie_free,LC-L:C-F-1,paired_auc_difference,0.283775,0.131944,0.435606,4,EXPLORATORY
lolo:angle:tie_free:LC-L:C-F-5,lolo,angle,tie_free,LC-L:C-F-5,paired_auc_difference,0.184659,0.000000,0.369318,4,EXPLORATORY
lolo:angle:tie_free:LC-L:C-F-15,lolo,angle,tie_free,LC-L:C-F-15,paired_auc_difference,0.274937,0.138889,0.410985,4,EXPLORATORY
lolo:angle:tie_free:LC-B:request_mean,lolo,angle,tie_free,LC-B:request_mean,paired_auc_difference,0.189157,0.138731,0.239583,4,EXPLORATORY
lolo:angle:tie_free:LC-B:F-1-continuous,lolo,angle,tie_free,LC-B:F-1-continuous,paired_auc_difference,0.148990,0.030303,0.261111,5,EXPLORATORY
lolo:angle:tie_free:LC-B:F-1-micro,lolo,angle,tie_free,LC-B:F-1-micro,paired_auc_difference,0.113384,0.015152,0.211111,5,EXPLORATORY
lolo:angle:tie_free:LC-B:F-1-macro,lolo,angle,tie_free,LC-B:F-1-macro,paired_auc_difference,0.146212,0.030303,0.258333,5,EXPLORATORY
lolo:angle:tie_free:LC-B:F-5-continuous,lolo,angle,tie_free,LC-B:F-5-continuous,paired_auc_difference,0.132071,0.065404,0.236364,5,EXPLORATORY
lolo:angle:tie_free:LC-B:F-5-micro,lolo,angle,tie_free,LC-B:F-5-micro,paired_auc_difference,0.094444,0.011111,0.183333,5,EXPLORATORY
lolo:angle:tie_free:LC-B:F-5-macro,lolo,angle,tie_free,LC-B:F-5-macro,paired_auc_difference,0.089899,0.034343,0.145455,5,EXPLORATORY
lolo:angle:tie_free:LC-B:F-15-continuous,lolo,angle,tie_free,LC-B:F-15-continuous,paired_auc_difference,0.291414,0.190909,0.388889,5,EXPLORATORY
lolo:angle:tie_free:LC-B:F-15-micro,lolo,angle,tie_free,LC-B:F-15-micro,paired_auc_difference,0.278535,0.209091,0.347222,5,EXPLORATORY
lolo:angle:tie_free:LC-B:F-15-macro,lolo,angle,tie_free,LC-B:F-15-macro,paired_auc_difference,0.308586,0.203030,0.419697,5,EXPLORATORY
lolo:angle:tie_free:LC-B:C-F-1,lolo,angle,tie_free,LC-B:C-F-1,paired_auc_difference,0.171402,0.056818,0.281250,4,EXPLORATORY
lolo:angle:tie_free:LC-B:C-F-5,lolo,angle,tie_free,LC-B:C-F-5,paired_auc_difference,0.179293,0.083333,0.261364,4,EXPLORATORY
lolo:angle:tie_free:LC-B:C-F-15,lolo,angle,tie_free,LC-B:C-F-15,paired_auc_difference,0.223801,0.135417,0.348485,4,EXPLORATORY
lolo:angle:count:B:F-1-continuous,lolo,angle,count,B:F-1-continuous,auc,0.511111,0.500000,0.533333,5,EXPLORATORY
lolo:angle:count:B:F-1-micro,lolo,angle,count,B:F-1-micro,auc,0.508333,0.500000,0.525000,5,EXPLORATORY
lolo:angle:count:B:F-1-macro,lolo,angle,count,B:F-1-macro,auc,0.486111,0.458333,0.500000,5,EXPLORATORY
lolo:angle:count:B:F-5-continuous,lolo,angle,count,B:F-5-continuous,auc,0.462121,0.407576,0.522222,5,EXPLORATORY
lolo:angle:count:B:F-5-micro,lolo,angle,count,B:F-5-micro,auc,0.497475,0.472222,0.530808,5,EXPLORATORY
lolo:angle:count:B:F-5-macro,lolo,angle,count,B:F-5-macro,auc,0.529293,0.460101,0.605556,5,EXPLORATORY
lolo:angle:count:B:F-15-continuous,lolo,angle,count,B:F-15-continuous,auc,0.485859,0.400000,0.563636,5,EXPLORATORY
lolo:angle:count:B:F-15-micro,lolo,angle,count,B:F-15-micro,auc,0.502525,0.441414,0.566667,5,EXPLORATORY
lolo:angle:count:B:F-15-macro,lolo,angle,count,B:F-15-macro,auc,0.494444,0.400000,0.572222,5,EXPLORATORY
lolo:angle:count:B:C-F-1,lolo,angle,count,B:C-F-1,auc,0.473232,0.383333,0.536364,5,EXPLORATORY
lolo:angle:count:B:C-F-5,lolo,angle,count,B:C-F-5,auc,0.591414,0.513131,0.716667,5,EXPLORATORY
lolo:angle:count:B:C-F-15,lolo,angle,count,B:C-F-15,auc,0.613636,0.516162,0.733333,5,EXPLORATORY
lolo:angle:count:L:F-1-continuous,lolo,angle,count,L:F-1-continuous,auc,0.516162,0.404545,0.627778,5,EXPLORATORY
lolo:angle:count:L:F-1-micro,lolo,angle,count,L:F-1-micro,auc,0.435354,0.300000,0.550505,5,EXPLORATORY
lolo:angle:count:L:F-1-macro,lolo,angle,count,L:F-1-macro,auc,0.537626,0.477778,0.597475,5,EXPLORATORY
lolo:angle:count:L:F-5-continuous,lolo,angle,count,L:F-5-continuous,auc,0.545455,0.464141,0.627778,5,EXPLORATORY
lolo:angle:count:L:F-5-micro,lolo,angle,count,L:F-5-micro,auc,0.524242,0.470707,0.577778,5,EXPLORATORY
lolo:angle:count:L:F-5-macro,lolo,angle,count,L:F-5-macro,auc,0.441414,0.374747,0.508081,5,EXPLORATORY
lolo:angle:count:L:F-15-continuous,lolo,angle,count,L:F-15-continuous,auc,0.550505,0.457071,0.627778,5,EXPLORATORY
lolo:angle:count:L:F-15-micro,lolo,angle,count,L:F-15-micro,auc,0.540909,0.489394,0.588889,5,EXPLORATORY
lolo:angle:count:L:F-15-macro,lolo,angle,count,L:F-15-macro,auc,0.513636,0.493939,0.538889,5,EXPLORATORY
lolo:angle:count:L:C-F-1,lolo,angle,count,L:C-F-1,auc,0.466667,0.422222,0.505556,5,EXPLORATORY
lolo:angle:count:L:C-F-5,lolo,angle,count,L:C-F-5,auc,0.470202,0.331313,0.588889,5,EXPLORATORY
lolo:angle:count:L:C-F-15,lolo,angle,count,L:C-F-15,auc,0.555556,0.461111,0.638889,5,EXPLORATORY
lolo:angle:count:C:F-1-continuous,lolo,angle,count,C:F-1-continuous,auc,0.500000,0.500000,0.500000,5,EXPLORATORY
lolo:angle:count:C:F-1-micro,lolo,angle,count,C:F-1-micro,auc,0.500000,0.500000,0.500000,5,EXPLORATORY
lolo:angle:count:C:F-1-macro,lolo,angle,count,C:F-1-macro,auc,0.511111,0.500000,0.533333,5,EXPLORATORY
lolo:angle:count:C:F-5-continuous,lolo,angle,count,C:F-5-continuous,auc,0.574495,0.505051,0.638384,5,EXPLORATORY
lolo:angle:count:C:F-5-micro,lolo,angle,count,C:F-5-micro,auc,0.554545,0.511111,0.591414,5,EXPLORATORY
lolo:angle:count:C:F-5-macro,lolo,angle,count,C:F-5-macro,auc,0.482323,0.388889,0.564646,5,EXPLORATORY
lolo:angle:count:C:F-15-continuous,lolo,angle,count,C:F-15-continuous,auc,0.591414,0.493939,0.696970,5,EXPLORATORY
lolo:angle:count:C:F-15-micro,lolo,angle,count,C:F-15-micro,auc,0.569192,0.499495,0.638889,5,EXPLORATORY
lolo:angle:count:C:F-15-macro,lolo,angle,count,C:F-15-macro,auc,0.553535,0.503535,0.616667,5,EXPLORATORY
lolo:angle:count:C:C-F-1,lolo,angle,count,C:C-F-1,auc,0.500000,0.500000,0.500000,5,EXPLORATORY
lolo:angle:count:C:C-F-5,lolo,angle,count,C:C-F-5,auc,0.513636,0.372222,0.641414,5,EXPLORATORY
lolo:angle:count:C:C-F-15,lolo,angle,count,C:C-F-15,auc,0.563636,0.480303,0.644444,5,EXPLORATORY
lolo:angle:count:LC:F-1-continuous,lolo,angle,count,LC:F-1-continuous,auc,0.466919,0.308333,0.569697,5,EXPLORATORY
lolo:angle:count:LC:F-1-micro,lolo,angle,count,LC:F-1-micro,auc,0.448737,0.291667,0.593182,5,EXPLORATORY
lolo:angle:count:LC:F-1-macro,lolo,angle,count,LC:F-1-macro,auc,0.464141,0.300000,0.597475,5,EXPLORATORY
lolo:angle:count:LC:F-5-continuous,lolo,angle,count,LC:F-5-continuous,auc,0.522475,0.330732,0.700000,5,EXPLORATORY
lolo:angle:count:LC:F-5-micro,lolo,angle,count,LC:F-5-micro,auc,0.483586,0.369697,0.597475,5,EXPLORATORY
lolo:angle:count:LC:F-5-macro,lolo,angle,count,LC:F-5-macro,auc,0.586364,0.522727,0.650000,5,EXPLORATORY
lolo:angle:count:LC:F-15-continuous,lolo,angle,count,LC:F-15-continuous,auc,0.582828,0.522222,0.643434,5,EXPLORATORY
lolo:angle:count:LC:F-15-micro,lolo,angle,count,LC:F-15-micro,auc,0.581566,0.386111,0.746465,5,EXPLORATORY
lolo:angle:count:LC:F-15-macro,lolo,angle,count,LC:F-15-macro,auc,0.588889,0.522222,0.655556,5,EXPLORATORY
lolo:angle:count:LC:C-F-1,lolo,angle,count,LC:C-F-1,auc,0.565657,0.405303,0.708333,4,EXPLORATORY
lolo:angle:count:LC:C-F-5,lolo,angle,count,LC:C-F-5,auc,0.578598,0.395833,0.761364,4,EXPLORATORY
lolo:angle:count:LC:C-F-15,lolo,angle,count,LC:C-F-15,auc,0.716856,0.614583,0.848485,4,EXPLORATORY
lolo:angle:count:L-B:request_mean,lolo,angle,count,L-B:request_mean,paired_auc_difference,-0.007513,-0.054398,0.036827,5,EXPLORATORY
lolo:angle:count:L-B:F-1-continuous,lolo,angle,count,L-B:F-1-continuous,paired_auc_difference,-0.000505,-0.106061,0.110606,5,EXPLORATORY
lolo:angle:count:L-B:F-1-micro,lolo,angle,count,L-B:F-1-micro,paired_auc_difference,-0.064646,-0.200000,0.050505,5,EXPLORATORY
lolo:angle:count:L-B:F-1-macro,lolo,angle,count,L-B:F-1-macro,paired_auc_difference,0.051515,0.005556,0.097475,5,EXPLORATORY
lolo:angle:count:L-B:F-5-continuous,lolo,angle,count,L-B:F-5-continuous,paired_auc_difference,0.061111,0.000000,0.138889,5,EXPLORATORY
lolo:angle:count:L-B:F-5-micro,lolo,angle,count,L-B:F-5-micro,paired_auc_difference,0.004545,-0.090909,0.100000,5,EXPLORATORY
lolo:angle:count:L-B:F-5-macro,lolo,angle,count,L-B:F-5-macro,paired_auc_difference,-0.121212,-0.321212,0.040909,5,EXPLORATORY
lolo:angle:count:L-B:F-15-continuous,lolo,angle,count,L-B:F-15-continuous,paired_auc_difference,0.053535,-0.059596,0.177778,5,EXPLORATORY
lolo:angle:count:L-B:F-15-micro,lolo,angle,count,L-B:F-15-micro,paired_auc_difference,0.049495,-0.012121,0.122222,5,EXPLORATORY
lolo:angle:count:L-B:F-15-macro,lolo,angle,count,L-B:F-15-macro,paired_auc_difference,0.008081,-0.044444,0.079798,5,EXPLORATORY
lolo:angle:count:L-B:C-F-1,lolo,angle,count,L-B:C-F-1,paired_auc_difference,-0.012626,-0.064141,0.044444,5,EXPLORATORY
lolo:angle:count:L-B:C-F-5,lolo,angle,count,L-B:C-F-5,paired_auc_difference,-0.115152,-0.370707,0.075253,5,EXPLORATORY
lolo:angle:count:L-B:C-F-15,lolo,angle,count,L-B:C-F-15,paired_auc_difference,-0.052020,-0.250000,0.075758,5,EXPLORATORY
lolo:angle:count:LC-C:request_mean,lolo,angle,count,LC-C:request_mean,paired_auc_difference,0.055122,-0.014757,0.138021,4,EXPLORATORY
lolo:angle:count:LC-C:F-1-continuous,lolo,angle,count,LC-C:F-1-continuous,paired_auc_difference,-0.033081,-0.191667,0.069697,5,EXPLORATORY
lolo:angle:count:LC-C:F-1-micro,lolo,angle,count,LC-C:F-1-micro,paired_auc_difference,-0.051263,-0.208333,0.093182,5,EXPLORATORY
lolo:angle:count:LC-C:F-1-macro,lolo,angle,count,LC-C:F-1-macro,paired_auc_difference,-0.035859,-0.200000,0.097475,5,EXPLORATORY
lolo:angle:count:LC-C:F-5-continuous,lolo,angle,count,LC-C:F-5-continuous,paired_auc_difference,-0.031187,-0.173485,0.117424,5,EXPLORATORY
lolo:angle:count:LC-C:F-5-micro,lolo,angle,count,LC-C:F-5-micro,paired_auc_difference,-0.057071,-0.184848,0.077778,5,EXPLORATORY
lolo:angle:count:LC-C:F-5-macro,lolo,angle,count,LC-C:F-5-macro,paired_auc_difference,0.109596,0.006566,0.166667,5,EXPLORATORY
lolo:angle:count:LC-C:F-15-continuous,lolo,angle,count,LC-C:F-15-continuous,paired_auc_difference,0.008081,-0.169697,0.132828,5,EXPLORATORY
lolo:angle:count:LC-C:F-15-micro,lolo,angle,count,LC-C:F-15-micro,paired_auc_difference,0.045707,-0.226515,0.241414,5,EXPLORATORY
lolo:angle:count:LC-C:F-15-macro,lolo,angle,count,LC-C:F-15-macro,paired_auc_difference,0.077020,0.024242,0.129798,5,EXPLORATORY
lolo:angle:count:LC-C:C-F-1,lolo,angle,count,LC-C:C-F-1,paired_auc_difference,0.065657,-0.094697,0.208333,4,EXPLORATORY
lolo:angle:count:LC-C:C-F-5,lolo,angle,count,LC-C:C-F-5,paired_auc_difference,0.105114,-0.052083,0.242424,4,EXPLORATORY
lolo:angle:count:LC-C:C-F-15,lolo,angle,count,LC-C:C-F-15,paired_auc_difference,0.192551,0.010417,0.358902,4,EXPLORATORY
lolo:angle:count:C-B:request_mean,lolo,angle,count,C-B:request_mean,paired_auc_difference,0.021528,-0.009491,0.052546,5,EXPLORATORY
lolo:angle:count:C-B:F-1-continuous,lolo,angle,count,C-B:F-1-continuous,paired_auc_difference,-0.011111,-0.033333,0.000000,5,EXPLORATORY
lolo:angle:count:C-B:F-1-micro,lolo,angle,count,C-B:F-1-micro,paired_auc_difference,-0.008333,-0.025000,0.000000,5,EXPLORATORY
lolo:angle:count:C-B:F-1-macro,lolo,angle,count,C-B:F-1-macro,paired_auc_difference,0.025000,0.000000,0.052778,5,EXPLORATORY
lolo:angle:count:C-B:F-5-continuous,lolo,angle,count,C-B:F-5-continuous,paired_auc_difference,0.112374,0.005556,0.198232,5,EXPLORATORY
lolo:angle:count:C-B:F-5-micro,lolo,angle,count,C-B:F-5-micro,paired_auc_difference,0.057071,0.022222,0.086364,5,EXPLORATORY
lolo:angle:count:C-B:F-5-macro,lolo,angle,count,C-B:F-5-macro,paired_auc_difference,-0.046970,-0.133333,0.075758,5,EXPLORATORY
lolo:angle:count:C-B:F-15-continuous,lolo,angle,count,C-B:F-15-continuous,paired_auc_difference,0.105556,0.005556,0.205556,5,EXPLORATORY
lolo:angle:count:C-B:F-15-micro,lolo,angle,count,C-B:F-15-micro,paired_auc_difference,0.066667,-0.044444,0.155556,5,EXPLORATORY
lolo:angle:count:C-B:F-15-macro,lolo,angle,count,C-B:F-15-macro,paired_auc_difference,0.059091,-0.055556,0.173737,5,EXPLORATORY
lolo:angle:count:C-B:C-F-1,lolo,angle,count,C-B:C-F-1,paired_auc_difference,0.026768,-0.036364,0.116667,5,EXPLORATORY
lolo:angle:count:C-B:C-F-5,lolo,angle,count,C-B:C-F-5,paired_auc_difference,-0.077778,-0.205556,0.027778,5,EXPLORATORY
lolo:angle:count:C-B:C-F-15,lolo,angle,count,C-B:C-F-15,paired_auc_difference,-0.050000,-0.144722,0.044444,5,EXPLORATORY
lolo:angle:count:LC-L:request_mean,lolo,angle,count,LC-L:request_mean,paired_auc_difference,0.101010,0.038826,0.163194,4,EXPLORATORY
lolo:angle:count:LC-L:F-1-continuous,lolo,angle,count,LC-L:F-1-continuous,paired_auc_difference,0.020202,-0.058333,0.091667,5,EXPLORATORY
lolo:angle:count:LC-L:F-1-micro,lolo,angle,count,LC-L:F-1-micro,paired_auc_difference,0.130051,-0.095455,0.402778,5,EXPLORATORY
lolo:angle:count:LC-L:F-1-macro,lolo,angle,count,LC-L:F-1-macro,paired_auc_difference,0.023737,-0.181818,0.218182,5,EXPLORATORY
lolo:angle:count:LC-L:F-5-continuous,lolo,angle,count,LC-L:F-5-continuous,paired_auc_difference,-0.020202,-0.177778,0.092929,5,EXPLORATORY
lolo:angle:count:LC-L:F-5-micro,lolo,angle,count,LC-L:F-5-micro,paired_auc_difference,0.001010,-0.144444,0.178788,5,EXPLORATORY
lolo:angle:count:LC-L:F-5-macro,lolo,angle,count,LC-L:F-5-macro,paired_auc_difference,0.133838,0.039394,0.239394,5,EXPLORATORY
lolo:angle:count:LC-L:F-15-continuous,lolo,angle,count,LC-L:F-15-continuous,paired_auc_difference,0.035101,-0.069444,0.163636,5,EXPLORATORY
lolo:angle:count:LC-L:F-15-micro,lolo,angle,count,LC-L:F-15-micro,paired_auc_difference,0.107323,-0.108333,0.286869,5,EXPLORATORY
lolo:angle:count:LC-L:F-15-macro,lolo,angle,count,LC-L:F-15-macro,paired_auc_difference,0.119697,0.016667,0.236364,5,EXPLORATORY
lolo:angle:count:LC-L:C-F-1,lolo,angle,count,LC-L:C-F-1,paired_auc_difference,0.073864,-0.299242,0.437500,4,EXPLORATORY
lolo:angle:count:LC-L:C-F-5,lolo,angle,count,LC-L:C-F-5,paired_auc_difference,0.095960,-0.244318,0.428030,4,EXPLORATORY
lolo:angle:count:LC-L:C-F-15,lolo,angle,count,LC-L:C-F-15,paired_auc_difference,0.233270,0.013889,0.452652,4,EXPLORATORY
lolo:angle:count:LC-B:request_mean,lolo,angle,count,LC-B:request_mean,paired_auc_difference,0.043087,-0.134983,0.171993,4,EXPLORATORY
lolo:angle:count:LC-B:F-1-continuous,lolo,angle,count,LC-B:F-1-continuous,paired_auc_difference,-0.049747,-0.194444,0.064141,5,EXPLORATORY
lolo:angle:count:LC-B:F-1-micro,lolo,angle,count,LC-B:F-1-micro,paired_auc_difference,-0.063763,-0.223485,0.089081,5,EXPLORATORY
lolo:angle:count:LC-B:F-1-macro,lolo,angle,count,LC-B:F-1-macro,paired_auc_difference,-0.021970,-0.191667,0.103030,5,EXPLORATORY
lolo:angle:count:LC-B:F-5-continuous,lolo,angle,count,LC-B:F-5-continuous,paired_auc_difference,0.029798,-0.203535,0.205556,5,EXPLORATORY
lolo:angle:count:LC-B:F-5-micro,lolo,angle,count,LC-B:F-5-micro,paired_auc_difference,-0.038889,-0.183333,0.105556,5,EXPLORATORY
lolo:angle:count:LC-B:F-5-macro,lolo,angle,count,LC-B:F-5-macro,paired_auc_difference,0.037626,-0.050000,0.118182,5,EXPLORATORY
lolo:angle:count:LC-B:F-15-continuous,lolo,angle,count,LC-B:F-15-continuous,paired_auc_difference,0.052525,-0.177778,0.274747,5,EXPLORATORY
lolo:angle:count:LC-B:F-15-micro,lolo,angle,count,LC-B:F-15-micro,paired_auc_difference,0.034596,-0.216667,0.285859,5,EXPLORATORY
lolo:angle:count:LC-B:F-15-macro,lolo,angle,count,LC-B:F-15-macro,paired_auc_difference,0.050000,-0.183333,0.283333,5,EXPLORATORY
lolo:angle:count:LC-B:C-F-1,lolo,angle,count,LC-B:C-F-1,paired_auc_difference,0.096907,-0.094697,0.288194,4,EXPLORATORY
lolo:angle:count:LC-B:C-F-5,lolo,angle,count,LC-B:C-F-5,paired_auc_difference,-0.018624,-0.131944,0.173295,4,EXPLORATORY
lolo:angle:count:LC-B:C-F-15,lolo,angle,count,LC-B:C-F-15,paired_auc_difference,0.091856,-0.104167,0.287879,4,EXPLORATORY
lolo:power:tie_free:B:F-1-continuous,lolo,power,tie_free,B:F-1-continuous,auc,0.557644,0.459148,0.638346,5,EXPLORATORY
lolo:power:tie_free:B:F-1-micro,lolo,power,tie_free,B:F-1-micro,auc,0.609023,0.528321,0.687719,5,EXPLORATORY
lolo:power:tie_free:B:F-1-macro,lolo,power,tie_free,B:F-1-macro,auc,0.519048,0.427820,0.585464,5,EXPLORATORY
lolo:power:tie_free:B:F-5-continuous,lolo,power,tie_free,B:F-5-continuous,auc,0.602005,0.445614,0.778947,5,EXPLORATORY
lolo:power:tie_free:B:F-5-micro,lolo,power,tie_free,B:F-5-micro,auc,0.613784,0.501504,0.771930,5,EXPLORATORY
lolo:power:tie_free:B:F-5-macro,lolo,power,tie_free,B:F-5-macro,auc,0.579699,0.520050,0.642105,5,EXPLORATORY
lolo:power:tie_free:B:F-15-continuous,lolo,power,tie_free,B:F-15-continuous,auc,0.442356,0.404010,0.480952,5,EXPLORATORY
lolo:power:tie_free:B:F-15-micro,lolo,power,tie_free,B:F-15-micro,auc,0.485965,0.435088,0.547368,5,EXPLORATORY
lolo:power:tie_free:B:F-15-macro,lolo,power,tie_free,B:F-15-macro,auc,0.393985,0.280702,0.521303,5,EXPLORATORY
lolo:power:tie_free:B:C-F-1,lolo,power,tie_free,B:C-F-1,auc,0.523308,0.419048,0.610526,5,EXPLORATORY
lolo:power:tie_free:B:C-F-5,lolo,power,tie_free,B:C-F-5,auc,0.368421,0.319298,0.435088,5,EXPLORATORY
lolo:power:tie_free:B:C-F-15,lolo,power,tie_free,B:C-F-15,auc,0.303008,0.194236,0.361404,5,EXPLORATORY
lolo:power:tie_free:L:F-1-continuous,lolo,power,tie_free,L:F-1-continuous,auc,0.436591,0.387469,0.485714,5,EXPLORATORY
lolo:power:tie_free:L:F-1-micro,lolo,power,tie_free,L:F-1-micro,auc,0.392231,0.308772,0.461654,5,EXPLORATORY
lolo:power:tie_free:L:F-1-macro,lolo,power,tie_free,L:F-1-macro,auc,0.471178,0.382456,0.553885,5,EXPLORATORY
lolo:power:tie_free:L:F-5-continuous,lolo,power,tie_free,L:F-5-continuous,auc,0.407519,0.350877,0.464160,5,EXPLORATORY
lolo:power:tie_free:L:F-5-micro,lolo,power,tie_free,L:F-5-micro,auc,0.406266,0.364912,0.447619,5,EXPLORATORY
lolo:power:tie_free:L:F-5-macro,lolo,power,tie_free,L:F-5-macro,auc,0.492481,0.389474,0.603759,5,EXPLORATORY
lolo:power:tie_free:L:F-15-continuous,lolo,power,tie_free,L:F-15-continuous,auc,0.422807,0.357895,0.487719,5,EXPLORATORY
lolo:power:tie_free:L:F-15-micro,lolo,power,tie_free,L:F-15-micro,auc,0.411028,0.347368,0.474687,5,EXPLORATORY
lolo:power:tie_free:L:F-15-macro,lolo,power,tie_free,L:F-15-macro,auc,0.557895,0.449123,0.659649,5,EXPLORATORY
lolo:power:tie_free:L:C-F-1,lolo,power,tie_free,L:C-F-1,auc,0.579950,0.523810,0.616040,5,EXPLORATORY
lolo:power:tie_free:L:C-F-5,lolo,power,tie_free,L:C-F-5,auc,0.622556,0.583709,0.661404,5,EXPLORATORY
lolo:power:tie_free:L:C-F-15,lolo,power,tie_free,L:C-F-15,auc,0.642356,0.538596,0.793277,5,EXPLORATORY
lolo:power:tie_free:C:F-1-continuous,lolo,power,tie_free,C:F-1-continuous,auc,0.473935,0.228070,0.709273,5,EXPLORATORY
lolo:power:tie_free:C:F-1-micro,lolo,power,tie_free,C:F-1-micro,auc,0.461153,0.224561,0.697744,5,EXPLORATORY
lolo:power:tie_free:C:F-1-macro,lolo,power,tie_free,C:F-1-macro,auc,0.479699,0.228070,0.696241,5,EXPLORATORY
lolo:power:tie_free:C:F-5-continuous,lolo,power,tie_free,C:F-5-continuous,auc,0.503258,0.242105,0.743358,5,EXPLORATORY
lolo:power:tie_free:C:F-5-micro,lolo,power,tie_free,C:F-5-micro,auc,0.502005,0.238847,0.740852,5,EXPLORATORY
lolo:power:tie_free:C:F-5-macro,lolo,power,tie_free,C:F-5-macro,auc,0.491479,0.231579,0.723308,5,EXPLORATORY
lolo:power:tie_free:C:F-15-continuous,lolo,power,tie_free,C:F-15-continuous,auc,0.502005,0.242356,0.733835,5,EXPLORATORY
lolo:power:tie_free:C:F-15-micro,lolo,power,tie_free,C:F-15-micro,auc,0.505514,0.238847,0.744361,5,EXPLORATORY
lolo:power:tie_free:C:F-15-macro,lolo,power,tie_free,C:F-15-macro,auc,0.499749,0.235088,0.732832,5,EXPLORATORY
lolo:power:tie_free:C:C-F-1,lolo,power,tie_free,C:C-F-1,auc,0.464662,0.228070,0.690727,5,EXPLORATORY
lolo:power:tie_free:C:C-F-5,lolo,power,tie_free,C:C-F-5,auc,0.466917,0.228070,0.688221,5,EXPLORATORY
lolo:power:tie_free:C:C-F-15,lolo,power,tie_free,C:C-F-15,auc,0.466917,0.238596,0.677694,5,EXPLORATORY
lolo:power:tie_free:LC:F-1-continuous,lolo,power,tie_free,LC:F-1-continuous,auc,0.667419,0.605263,0.724311,5,EXPLORATORY
lolo:power:tie_free:LC:F-1-micro,lolo,power,tie_free,LC:F-1-micro,auc,0.648622,0.573684,0.707769,5,EXPLORATORY
lolo:power:tie_free:LC:F-1-macro,lolo,power,tie_free,LC:F-1-macro,auc,0.711779,0.632832,0.791980,5,EXPLORATORY
lolo:power:tie_free:LC:F-5-continuous,lolo,power,tie_free,LC:F-5-continuous,auc,0.630326,0.575439,0.670175,5,EXPLORATORY
lolo:power:tie_free:LC:F-5-micro,lolo,power,tie_free,LC:F-5-micro,auc,0.600251,0.463409,0.730326,5,EXPLORATORY
lolo:power:tie_free:LC:F-5-macro,lolo,power,tie_free,LC:F-5-macro,auc,0.668170,0.592481,0.743860,5,EXPLORATORY
lolo:power:tie_free:LC:F-15-continuous,lolo,power,tie_free,LC:F-15-continuous,auc,0.736591,0.605263,0.868421,5,EXPLORATORY
lolo:power:tie_free:LC:F-15-micro,lolo,power,tie_free,LC:F-15-micro,auc,0.714286,0.584461,0.847619,5,EXPLORATORY
lolo:power:tie_free:LC:F-15-macro,lolo,power,tie_free,LC:F-15-macro,auc,0.716792,0.597494,0.860652,5,EXPLORATORY
lolo:power:tie_free:LC:C-F-1,lolo,power,tie_free,LC:C-F-1,auc,0.780702,0.657895,0.903509,4,EXPLORATORY
lolo:power:tie_free:LC:C-F-5,lolo,power,tie_free,LC:C-F-5,auc,0.787281,0.657895,0.923246,4,EXPLORATORY
lolo:power:tie_free:LC:C-F-15,lolo,power,tie_free,LC:C-F-15,auc,0.780702,0.671053,0.899123,4,EXPLORATORY
lolo:power:tie_free:L-B:request_mean,lolo,power,tie_free,L-B:request_mean,paired_auc_difference,-0.006078,-0.065205,0.044277,5,EXPLORATORY
lolo:power:tie_free:L-B:F-1-continuous,lolo,power,tie_free,L-B:F-1-continuous,paired_auc_difference,-0.121053,-0.200000,-0.042105,5,EXPLORATORY
lolo:power:tie_free:L-B:F-1-micro,lolo,power,tie_free,L-B:F-1-micro,paired_auc_difference,-0.216792,-0.361404,-0.108020,5,EXPLORATORY
lolo:power:tie_free:L-B:F-1-macro,lolo,power,tie_free,L-B:F-1-macro,paired_auc_difference,-0.047870,-0.105263,0.009524,5,EXPLORATORY
lolo:power:tie_free:L-B:F-5-continuous,lolo,power,tie_free,L-B:F-5-continuous,paired_auc_difference,-0.194486,-0.375439,-0.040100,5,EXPLORATORY
lolo:power:tie_free:L-B:F-5-micro,lolo,power,tie_free,L-B:F-5-micro,paired_auc_difference,-0.207519,-0.375439,-0.084712,5,EXPLORATORY
lolo:power:tie_free:L-B:F-5-macro,lolo,power,tie_free,L-B:F-5-macro,paired_auc_difference,-0.087218,-0.235088,0.050627,5,EXPLORATORY
lolo:power:tie_free:L-B:F-15-continuous,lolo,power,tie_free,L-B:F-15-continuous,paired_auc_difference,-0.019549,-0.098246,0.048622,5,EXPLORATORY
lolo:power:tie_free:L-B:F-15-micro,lolo,power,tie_free,L-B:F-15-micro,paired_auc_difference,-0.074937,-0.168421,-0.001253,5,EXPLORATORY
lolo:power:tie_free:L-B:F-15-macro,lolo,power,tie_free,L-B:F-15-macro,paired_auc_difference,0.163910,0.064662,0.291228,5,EXPLORATORY
lolo:power:tie_free:L-B:C-F-1,lolo,power,tie_free,L-B:C-F-1,paired_auc_difference,0.039098,-0.101754,0.179950,5,EXPLORATORY
lolo:power:tie_free:L-B:C-F-5,lolo,power,tie_free,L-B:C-F-5,paired_auc_difference,0.271679,0.168421,0.352381,5,EXPLORATORY
lolo:power:tie_free:L-B:C-F-15,lolo,power,tie_free,L-B:C-F-15,paired_auc_difference,0.362155,0.190977,0.607018,5,EXPLORATORY
lolo:power:tie_free:LC-C:request_mean,lolo,power,tie_free,LC-C:request_mean,paired_auc_difference,0.308114,0.010965,0.650219,4,EXPLORATORY
lolo:power:tie_free:LC-C:F-1-continuous,lolo,power,tie_free,LC-C:F-1-continuous,paired_auc_difference,0.211028,-0.051629,0.473684,5,EXPLORATORY
lolo:power:tie_free:LC-C:F-1-micro,lolo,power,tie_free,LC-C:F-1-micro,paired_auc_difference,0.240100,-0.039098,0.519298,5,EXPLORATORY
lolo:power:tie_free:LC-C:F-1-macro,lolo,power,tie_free,LC-C:F-1-macro,paired_auc_difference,0.258396,-0.020050,0.574185,5,EXPLORATORY
lolo:power:tie_free:LC-C:F-5-continuous,lolo,power,tie_free,LC-C:F-5-continuous,paired_auc_difference,0.135840,-0.110777,0.411278,5,EXPLORATORY
lolo:power:tie_free:LC-C:F-5-micro,lolo,power,tie_free,LC-C:F-5-micro,paired_auc_difference,0.100000,-0.052632,0.266667,5,EXPLORATORY
lolo:power:tie_free:LC-C:F-5-macro,lolo,power,tie_free,LC-C:F-5-macro,paired_auc_difference,0.176692,-0.099248,0.452632,5,EXPLORATORY
lolo:power:tie_free:LC-C:F-15-continuous,lolo,power,tie_free,LC-C:F-15-continuous,paired_auc_difference,0.232832,-0.016291,0.592982,5,EXPLORATORY
lolo:power:tie_free:LC-C:F-15-micro,lolo,power,tie_free,LC-C:F-15-micro,paired_auc_difference,0.208772,-0.052632,0.577193,5,EXPLORATORY
lolo:power:tie_free:LC-C:F-15-macro,lolo,power,tie_free,LC-C:F-15-macro,paired_auc_difference,0.222306,-0.051880,0.588972,5,EXPLORATORY
lolo:power:tie_free:LC-C:C-F-1,lolo,power,tie_free,LC-C:C-F-1,paired_auc_difference,0.383772,0.070175,0.703947,4,EXPLORATORY
lolo:power:tie_free:LC-C:C-F-5,lolo,power,tie_free,LC-C:C-F-5,paired_auc_difference,0.381579,0.052632,0.714912,4,EXPLORATORY
lolo:power:tie_free:LC-C:C-F-15,lolo,power,tie_free,LC-C:C-F-15,paired_auc_difference,0.377193,0.070175,0.684211,4,EXPLORATORY
lolo:power:tie_free:C-B:request_mean,lolo,power,tie_free,C-B:request_mean,paired_auc_difference,-0.015079,-0.271930,0.212239,5,EXPLORATORY
lolo:power:tie_free:C-B:F-1-continuous,lolo,power,tie_free,C-B:F-1-continuous,paired_auc_difference,-0.083709,-0.291228,0.109774,5,EXPLORATORY
lolo:power:tie_free:C-B:F-1-micro,lolo,power,tie_free,C-B:F-1-micro,paired_auc_difference,-0.147870,-0.382456,0.069173,5,EXPLORATORY
lolo:power:tie_free:C-B:F-1-macro,lolo,power,tie_free,C-B:F-1-macro,paired_auc_difference,-0.039348,-0.232331,0.145865,5,EXPLORATORY
lolo:power:tie_free:C-B:F-5-continuous,lolo,power,tie_free,C-B:F-5-continuous,paired_auc_difference,-0.098747,-0.508772,0.244612,5,EXPLORATORY
lolo:power:tie_free:C-B:F-5-micro,lolo,power,tie_free,C-B:F-5-micro,paired_auc_difference,-0.111779,-0.522807,0.211028,5,EXPLORATORY
lolo:power:tie_free:C-B:F-5-macro,lolo,power,tie_free,C-B:F-5-macro,paired_auc_difference,-0.088221,-0.389474,0.184962,5,EXPLORATORY
lolo:power:tie_free:C-B:F-15-continuous,lolo,power,tie_free,C-B:F-15-continuous,paired_auc_difference,0.059649,-0.231579,0.294737,5,EXPLORATORY
lolo:power:tie_free:C-B:F-15-micro,lolo,power,tie_free,C-B:F-15-micro,paired_auc_difference,0.019549,-0.298246,0.265163,5,EXPLORATORY
lolo:power:tie_free:C-B:F-15-macro,lolo,power,tie_free,C-B:F-15-macro,paired_auc_difference,0.105764,-0.048622,0.260150,5,EXPLORATORY
lolo:power:tie_free:C-B:C-F-1,lolo,power,tie_free,C-B:C-F-1,paired_auc_difference,-0.058647,-0.329825,0.212531,5,EXPLORATORY
lolo:power:tie_free:C-B:C-F-5,lolo,power,tie_free,C-B:C-F-5,paired_auc_difference,0.098496,-0.168421,0.365414,5,EXPLORATORY
lolo:power:tie_free:C-B:C-F-15,lolo,power,tie_free,C-B:C-F-15,paired_auc_difference,0.163910,0.007018,0.320802,5,EXPLORATORY
lolo:power:tie_free:LC-L:request_mean,lolo,power,tie_free,LC-L:request_mean,paired_auc_difference,0.209795,0.111842,0.368421,3,EXPLORATORY
lolo:power:tie_free:LC-L:F-1-continuous,lolo,power,tie_free,LC-L:F-1-continuous,paired_auc_difference,0.265915,0.166667,0.340351,5,EXPLORATORY
lolo:power:tie_free:LC-L:F-1-micro,lolo,power,tie_free,LC-L:F-1-micro,paired_auc_difference,0.286216,0.133333,0.416040,5,EXPLORATORY
lolo:power:tie_free:LC-L:F-1-macro,lolo,power,tie_free,LC-L:F-1-macro,paired_auc_difference,0.280952,0.133835,0.428070,5,EXPLORATORY
lolo:power:tie_free:LC-L:F-5-continuous,lolo,power,tie_free,LC-L:F-5-continuous,paired_auc_difference,0.250877,0.128070,0.354386,5,EXPLORATORY
lolo:power:tie_free:LC-L:F-5-micro,lolo,power,tie_free,LC-L:F-5-micro,paired_auc_difference,0.218546,0.046617,0.381955,5,EXPLORATORY
lolo:power:tie_free:LC-L:F-5-macro,lolo,power,tie_free,LC-L:F-5-macro,paired_auc_difference,0.198496,0.023559,0.350877,5,EXPLORATORY
lolo:power:tie_free:LC-L:F-15-continuous,lolo,power,tie_free,LC-L:F-15-continuous,paired_auc_difference,0.357644,0.178697,0.536842,5,EXPLORATORY
lolo:power:tie_free:LC-L:F-15-micro,lolo,power,tie_free,LC-L:F-15-micro,paired_auc_difference,0.333083,0.178697,0.505263,5,EXPLORATORY
lolo:power:tie_free:LC-L:F-15-macro,lolo,power,tie_free,LC-L:F-15-macro,paired_auc_difference,0.143108,0.016040,0.278947,5,EXPLORATORY
lolo:power:tie_free:LC-L:C-F-1,lolo,power,tie_free,LC-L:C-F-1,paired_auc_difference,0.210526,0.052632,0.394737,4,EXPLORATORY
lolo:power:tie_free:LC-L:C-F-5,lolo,power,tie_free,LC-L:C-F-5,paired_auc_difference,0.157895,-0.006579,0.322368,4,EXPLORATORY
lolo:power:tie_free:LC-L:C-F-15,lolo,power,tie_free,LC-L:C-F-15,paired_auc_difference,0.035088,-0.026316,0.105263,4,EXPLORATORY
lolo:power:tie_free:LC-B:request_mean,lolo,power,tie_free,LC-B:request_mean,paired_auc_difference,0.250548,0.174342,0.326754,4,EXPLORATORY
lolo:power:tie_free:LC-B:F-1-continuous,lolo,power,tie_free,LC-B:F-1-continuous,paired_auc_difference,0.169424,0.039599,0.308020,5,EXPLORATORY
lolo:power:tie_free:LC-B:F-1-micro,lolo,power,tie_free,LC-B:F-1-micro,paired_auc_difference,0.072932,-0.052632,0.178195,5,EXPLORATORY
lolo:power:tie_free:LC-B:F-1-macro,lolo,power,tie_free,LC-B:F-1-macro,paired_auc_difference,0.254135,0.118797,0.400000,5,EXPLORATORY
lolo:power:tie_free:LC-B:F-5-continuous,lolo,power,tie_free,LC-B:F-5-continuous,paired_auc_difference,0.045865,-0.112030,0.179198,5,EXPLORATORY
lolo:power:tie_free:LC-B:F-5-micro,lolo,power,tie_free,LC-B:F-5-micro,paired_auc_difference,0.018045,-0.279699,0.218045,5,EXPLORATORY
lolo:power:tie_free:LC-B:F-5-macro,lolo,power,tie_free,LC-B:F-5-macro,paired_auc_difference,0.109524,0.033083,0.186717,5,EXPLORATORY
lolo:power:tie_free:LC-B:F-15-continuous,lolo,power,tie_free,LC-B:F-15-continuous,paired_auc_difference,0.334586,0.197744,0.471429,5,EXPLORATORY
lolo:power:tie_free:LC-B:F-15-micro,lolo,power,tie_free,LC-B:F-15-micro,paired_auc_difference,0.272180,0.159900,0.389474,5,EXPLORATORY
lolo:power:tie_free:LC-B:F-15-macro,lolo,power,tie_free,LC-B:F-15-macro,paired_auc_difference,0.364912,0.147368,0.600000,5,EXPLORATORY
lolo:power:tie_free:LC-B:C-F-1,lolo,power,tie_free,LC-B:C-F-1,paired_auc_difference,0.140351,-0.017544,0.328947,4,EXPLORATORY
lolo:power:tie_free:LC-B:C-F-5,lolo,power,tie_free,LC-B:C-F-5,paired_auc_difference,0.315789,0.144737,0.447368,4,EXPLORATORY
lolo:power:tie_free:LC-B:C-F-15,lolo,power,tie_free,LC-B:C-F-15,paired_auc_difference,0.475877,0.307018,0.743421,4,EXPLORATORY
lolo:power:count:B:F-1-continuous,lolo,power,count,B:F-1-continuous,auc,0.507018,0.500000,0.521053,5,EXPLORATORY
lolo:power:count:B:F-1-micro,lolo,power,count,B:F-1-micro,auc,0.480952,0.442857,0.500000,5,EXPLORATORY
lolo:power:count:B:F-1-macro,lolo,power,count,B:F-1-macro,auc,0.496491,0.492982,0.500000,5,EXPLORATORY
lolo:power:count:B:F-5-continuous,lolo,power,count,B:F-5-continuous,auc,0.664411,0.548622,0.790727,5,EXPLORATORY
lolo:power:count:B:F-5-micro,lolo,power,count,B:F-5-micro,auc,0.689223,0.555890,0.821053,5,EXPLORATORY
lolo:power:count:B:F-5-macro,lolo,power,count,B:F-5-macro,auc,0.603509,0.505263,0.666667,5,EXPLORATORY
lolo:power:count:B:F-15-continuous,lolo,power,count,B:F-15-continuous,auc,0.427318,0.326316,0.525564,5,EXPLORATORY
lolo:power:count:B:F-15-micro,lolo,power,count,B:F-15-micro,auc,0.436591,0.336842,0.533333,5,EXPLORATORY
lolo:power:count:B:F-15-macro,lolo,power,count,B:F-15-macro,auc,0.391729,0.220802,0.536842,5,EXPLORATORY
lolo:power:count:B:C-F-1,lolo,power,count,B:C-F-1,auc,0.519298,0.500000,0.557895,5,EXPLORATORY
lolo:power:count:B:C-F-5,lolo,power,count,B:C-F-5,auc,0.531078,0.403509,0.638847,5,EXPLORATORY
lolo:power:count:B:C-F-15,lolo,power,count,B:C-F-15,auc,0.384962,0.248120,0.500752,5,EXPLORATORY
lolo:power:count:L:F-1-continuous,lolo,power,count,L:F-1-continuous,auc,0.480451,0.400000,0.557393,5,EXPLORATORY
lolo:power:count:L:F-1-micro,lolo,power,count,L:F-1-micro,auc,0.429073,0.305263,0.539850,5,EXPLORATORY
lolo:power:count:L:F-1-macro,lolo,power,count,L:F-1-macro,auc,0.517043,0.347368,0.637137,5,EXPLORATORY
lolo:power:count:L:F-5-continuous,lolo,power,count,L:F-5-continuous,auc,0.479449,0.392982,0.565915,5,EXPLORATORY
lolo:power:count:L:F-5-micro,lolo,power,count,L:F-5-micro,auc,0.457143,0.371930,0.553885,5,EXPLORATORY
lolo:power:count:L:F-5-macro,lolo,power,count,L:F-5-macro,auc,0.588471,0.494737,0.667168,5,EXPLORATORY
lolo:power:count:L:F-15-continuous,lolo,power,count,L:F-15-continuous,auc,0.488972,0.396491,0.593233,5,EXPLORATORY
lolo:power:count:L:F-15-micro,lolo,power,count,L:F-15-micro,auc,0.492982,0.408772,0.585965,5,EXPLORATORY
lolo:power:count:L:F-15-macro,lolo,power,count,L:F-15-macro,auc,0.590977,0.487719,0.699248,5,EXPLORATORY
lolo:power:count:L:C-F-1,lolo,power,count,L:C-F-1,auc,0.542607,0.478195,0.607018,5,EXPLORATORY
lolo:power:count:L:C-F-5,lolo,power,count,L:C-F-5,auc,0.603258,0.554135,0.656140,5,EXPLORATORY
lolo:power:count:L:C-F-15,lolo,power,count,L:C-F-15,auc,0.450627,0.389474,0.543860,5,EXPLORATORY
lolo:power:count:C:F-1-continuous,lolo,power,count,C:F-1-continuous,auc,0.500000,0.500000,0.500000,5,EXPLORATORY
lolo:power:count:C:F-1-micro,lolo,power,count,C:F-1-micro,auc,0.496491,0.489474,0.500000,5,EXPLORATORY
lolo:power:count:C:F-1-macro,lolo,power,count,C:F-1-macro,auc,0.519048,0.500000,0.557143,5,EXPLORATORY
lolo:power:count:C:F-5-continuous,lolo,power,count,C:F-5-continuous,auc,0.482456,0.407018,0.543860,5,EXPLORATORY
lolo:power:count:C:F-5-micro,lolo,power,count,C:F-5-micro,auc,0.417293,0.350627,0.492732,5,EXPLORATORY
lolo:power:count:C:F-5-macro,lolo,power,count,C:F-5-macro,auc,0.531830,0.470175,0.584461,5,EXPLORATORY
lolo:power:count:C:F-15-continuous,lolo,power,count,C:F-15-continuous,auc,0.426065,0.228070,0.619048,5,EXPLORATORY
lolo:power:count:C:F-15-micro,lolo,power,count,C:F-15-micro,auc,0.436090,0.241779,0.628070,5,EXPLORATORY
lolo:power:count:C:F-15-macro,lolo,power,count,C:F-15-macro,auc,0.444361,0.253634,0.632080,5,EXPLORATORY
lolo:power:count:C:C-F-1,lolo,power,count,C:C-F-1,auc,0.500000,0.500000,0.500000,5,EXPLORATORY
lolo:power:count:C:C-F-5,lolo,power,count,C:C-F-5,auc,0.554386,0.508772,0.600000,5,EXPLORATORY
lolo:power:count:C:C-F-15,lolo,power,count,C:C-F-15,auc,0.650627,0.545614,0.792732,5,EXPLORATORY
lolo:power:count:LC:F-1-continuous,lolo,power,count,LC:F-1-continuous,auc,0.468672,0.345865,0.579449,5,EXPLORATORY
lolo:power:count:LC:F-1-micro,lolo,power,count,LC:F-1-micro,auc,0.567920,0.414035,0.670927,5,EXPLORATORY
lolo:power:count:LC:F-1-macro,lolo,power,count,LC:F-1-macro,auc,0.511529,0.356140,0.623058,5,EXPLORATORY
lolo:power:count:LC:F-5-continuous,lolo,power,count,LC:F-5-continuous,auc,0.568045,0.532957,0.617544,5,EXPLORATORY
lolo:power:count:LC:F-5-micro,lolo,power,count,LC:F-5-micro,auc,0.536842,0.435088,0.617632,5,EXPLORATORY
lolo:power:count:LC:F-5-macro,lolo,power,count,LC:F-5-macro,auc,0.495990,0.452632,0.536341,5,EXPLORATORY
lolo:power:count:LC:F-15-continuous,lolo,power,count,LC:F-15-continuous,auc,0.559398,0.449123,0.681704,5,EXPLORATORY
lolo:power:count:LC:F-15-micro,lolo,power,count,LC:F-15-micro,auc,0.623058,0.459649,0.826566,5,EXPLORATORY
lolo:power:count:LC:F-15-macro,lolo,power,count,LC:F-15-macro,auc,0.509524,0.445614,0.588221,5,EXPLORATORY
lolo:power:count:LC:C-F-1,lolo,power,count,LC:C-F-1,auc,0.765351,0.657895,0.910088,4,EXPLORATORY
lolo:power:count:LC:C-F-5,lolo,power,count,LC:C-F-5,auc,0.660088,0.368421,0.907895,4,EXPLORATORY
lolo:power:count:LC:C-F-15,lolo,power,count,LC:C-F-15,auc,0.607456,0.385965,0.828947,4,EXPLORATORY
lolo:power:count:L-B:request_mean,lolo,power,count,L-B:request_mean,paired_auc_difference,0.011832,-0.081287,0.104950,5,EXPLORATORY
lolo:power:count:L-B:F-1-continuous,lolo,power,count,L-B:F-1-continuous,paired_auc_difference,-0.026566,-0.110526,0.057393,5,EXPLORATORY
lolo:power:count:L-B:F-1-micro,lolo,power,count,L-B:F-1-micro,paired_auc_difference,-0.051880,-0.194737,0.096992,5,EXPLORATORY
lolo:power:count:L-B:F-1-macro,lolo,power,count,L-B:F-1-macro,paired_auc_difference,0.020551,-0.145614,0.138847,5,EXPLORATORY
lolo:power:count:L-B:F-5-continuous,lolo,power,count,L-B:F-5-continuous,paired_auc_difference,-0.184962,-0.384962,-0.029574,5,EXPLORATORY
lolo:power:count:L-B:F-5-micro,lolo,power,count,L-B:F-5-micro,paired_auc_difference,-0.232080,-0.400000,-0.098747,5,EXPLORATORY
lolo:power:count:L-B:F-5-macro,lolo,power,count,L-B:F-5-macro,paired_auc_difference,-0.015038,-0.155388,0.112782,5,EXPLORATORY
lolo:power:count:L-B:F-15-continuous,lolo,power,count,L-B:F-15-continuous,paired_auc_difference,0.061654,-0.087719,0.211028,5,EXPLORATORY
lolo:power:count:L-B:F-15-micro,lolo,power,count,L-B:F-15-micro,paired_auc_difference,0.056391,-0.101754,0.184712,5,EXPLORATORY
lolo:power:count:L-B:F-15-macro,lolo,power,count,L-B:F-15-macro,paired_auc_difference,0.199248,0.007018,0.391479,5,EXPLORATORY
lolo:power:count:L-B:C-F-1,lolo,power,count,L-B:C-F-1,paired_auc_difference,0.023308,-0.077444,0.107018,5,EXPLORATORY
lolo:power:count:L-B:C-F-5,lolo,power,count,L-B:C-F-5,paired_auc_difference,0.089724,-0.036090,0.266667,5,EXPLORATORY
lolo:power:count:L-B:C-F-15,lolo,power,count,L-B:C-F-15,paired_auc_difference,0.069173,-0.010526,0.166416,5,EXPLORATORY
lolo:power:count:LC-C:request_mean,lolo,power,count,LC-C:request_mean,paired_auc_difference,-0.019463,-0.162007,0.155702,4,EXPLORATORY
lolo:power:count:LC-C:F-1-continuous,lolo,power,count,LC-C:F-1-continuous,paired_auc_difference,-0.031328,-0.154135,0.079449,5,EXPLORATORY
lolo:power:count:LC-C:F-1-micro,lolo,power,count,LC-C:F-1-micro,paired_auc_difference,0.073183,-0.085965,0.176190,5,EXPLORATORY
lolo:power:count:LC-C:F-1-macro,lolo,power,count,LC-C:F-1-macro,paired_auc_difference,-0.007519,-0.157895,0.098997,5,EXPLORATORY
lolo:power:count:LC-C:F-5-continuous,lolo,power,count,LC-C:F-5-continuous,paired_auc_difference,0.039975,-0.023183,0.112281,5,EXPLORATORY
lolo:power:count:LC-C:F-5-micro,lolo,power,count,LC-C:F-5-micro,paired_auc_difference,0.078321,0.002632,0.168296,5,EXPLORATORY
lolo:power:count:LC-C:F-5-macro,lolo,power,count,LC-C:F-5-macro,paired_auc_difference,-0.049875,-0.082456,-0.019298,5,EXPLORATORY
lolo:power:count:LC-C:F-15-continuous,lolo,power,count,LC-C:F-15-continuous,paired_auc_difference,0.105263,-0.171930,0.382456,5,EXPLORATORY
lolo:power:count:LC-C:F-15-micro,lolo,power,count,LC-C:F-15-micro,paired_auc_difference,0.158897,-0.196491,0.579950,5,EXPLORATORY
lolo:power:count:LC-C:F-15-macro,lolo,power,count,LC-C:F-15-macro,paired_auc_difference,0.054637,-0.173684,0.310526,5,EXPLORATORY
lolo:power:count:LC-C:C-F-1,lolo,power,count,LC-C:C-F-1,paired_auc_difference,0.265351,0.157895,0.410088,4,EXPLORATORY
lolo:power:count:LC-C:C-F-5,lolo,power,count,LC-C:C-F-5,paired_auc_difference,-0.028509,-0.405702,0.236842,4,EXPLORATORY
lolo:power:count:LC-C:C-F-15,lolo,power,count,LC-C:C-F-15,paired_auc_difference,-0.061404,-0.210526,0.096491,4,EXPLORATORY
lolo:power:count:C-B:request_mean,lolo,power,count,C-B:request_mean,paired_auc_difference,-0.014495,-0.065518,0.036529,5,EXPLORATORY
lolo:power:count:C-B:F-1-continuous,lolo,power,count,C-B:F-1-continuous,paired_auc_difference,-0.007018,-0.021053,0.000000,5,EXPLORATORY
lolo:power:count:C-B:F-1-micro,lolo,power,count,C-B:F-1-micro,paired_auc_difference,0.015539,-0.010526,0.057143,5,EXPLORATORY
lolo:power:count:C-B:F-1-macro,lolo,power,count,C-B:F-1-macro,paired_auc_difference,0.022556,0.001754,0.058897,5,EXPLORATORY
lolo:power:count:C-B:F-5-continuous,lolo,power,count,C-B:F-5-continuous,paired_auc_difference,-0.181955,-0.303008,-0.094737,5,EXPLORATORY
lolo:power:count:C-B:F-5-micro,lolo,power,count,C-B:F-5-micro,paired_auc_difference,-0.271930,-0.428070,-0.140351,5,EXPLORATORY
lolo:power:count:C-B:F-5-macro,lolo,power,count,C-B:F-5-macro,paired_auc_difference,-0.071679,-0.133083,-0.017293,5,EXPLORATORY
lolo:power:count:C-B:F-15-continuous,lolo,power,count,C-B:F-15-continuous,paired_auc_difference,-0.001253,-0.222306,0.219799,5,EXPLORATORY
lolo:power:count:C-B:F-15-micro,lolo,power,count,C-B:F-15-micro,paired_auc_difference,-0.000501,-0.208020,0.220551,5,EXPLORATORY
lolo:power:count:C-B:F-15-macro,lolo,power,count,C-B:F-15-macro,paired_auc_difference,0.052632,-0.135088,0.184211,5,EXPLORATORY
lolo:power:count:C-B:C-F-1,lolo,power,count,C-B:C-F-1,paired_auc_difference,-0.019298,-0.057895,0.000000,5,EXPLORATORY
lolo:power:count:C-B:C-F-5,lolo,power,count,C-B:C-F-5,paired_auc_difference,0.023308,-0.093233,0.142105,5,EXPLORATORY
lolo:power:count:C-B:C-F-15,lolo,power,count,C-B:C-F-15,paired_auc_difference,0.265664,0.064912,0.538596,5,EXPLORATORY
lolo:power:count:LC-L:request_mean,lolo,power,count,LC-L:request_mean,paired_auc_difference,0.048977,-0.228070,0.370614,3,EXPLORATORY
lolo:power:count:LC-L:F-1-continuous,lolo,power,count,LC-L:F-1-continuous,paired_auc_difference,0.035589,-0.006015,0.078947,5,EXPLORATORY
lolo:power:count:LC-L:F-1-micro,lolo,power,count,LC-L:F-1-micro,paired_auc_difference,0.180952,0.054887,0.307018,5,EXPLORATORY
lolo:power:count:LC-L:F-1-macro,lolo,power,count,LC-L:F-1-macro,paired_auc_difference,0.020802,-0.170175,0.257644,5,EXPLORATORY
lolo:power:count:LC-L:F-5-continuous,lolo,power,count,LC-L:F-5-continuous,paired_auc_difference,0.150000,0.014912,0.284211,5,EXPLORATORY
lolo:power:count:LC-L:F-5-micro,lolo,power,count,LC-L:F-5-micro,paired_auc_difference,0.111278,0.015539,0.213033,5,EXPLORATORY
lolo:power:count:LC-L:F-5-macro,lolo,power,count,LC-L:F-5-macro,paired_auc_difference,-0.111779,-0.248622,0.052632,5,EXPLORATORY
lolo:power:count:LC-L:F-15-continuous,lolo,power,count,LC-L:F-15-continuous,paired_auc_difference,0.112531,0.000251,0.224812,5,EXPLORATORY
lolo:power:count:LC-L:F-15-micro,lolo,power,count,LC-L:F-15-micro,paired_auc_difference,0.147619,-0.024311,0.357895,5,EXPLORATORY
lolo:power:count:LC-L:F-15-macro,lolo,power,count,LC-L:F-15-macro,paired_auc_difference,-0.097243,-0.212030,0.046617,5,EXPLORATORY
lolo:power:count:LC-L:C-F-1,lolo,power,count,LC-L:C-F-1,paired_auc_difference,0.151316,-0.013158,0.355263,4,EXPLORATORY
lolo:power:count:LC-L:C-F-5,lolo,power,count,LC-L:C-F-5,paired_auc_difference,0.008772,-0.320175,0.333333,4,EXPLORATORY
lolo:power:count:LC-L:C-F-15,lolo,power,count,LC-L:C-F-15,paired_auc_difference,0.131579,-0.118421,0.342105,4,EXPLORATORY
lolo:power:count:LC-B:request_mean,lolo,power,count,LC-B:request_mean,paired_auc_difference,-0.033717,-0.258224,0.161458,4,EXPLORATORY
lolo:power:count:LC-B:F-1-continuous,lolo,power,count,LC-B:F-1-continuous,paired_auc_difference,-0.031328,-0.154135,0.079449,5,EXPLORATORY
lolo:power:count:LC-B:F-1-micro,lolo,power,count,LC-B:F-1-micro,paired_auc_difference,0.086967,-0.085965,0.213534,5,EXPLORATORY
lolo:power:count:LC-B:F-1-macro,lolo,power,count,LC-B:F-1-macro,paired_auc_difference,0.013283,-0.142105,0.126566,5,EXPLORATORY
lolo:power:count:LC-B:F-5-continuous,lolo,power,count,LC-B:F-5-continuous,paired_auc_difference,-0.119173,-0.178947,-0.063033,5,EXPLORATORY
lolo:power:count:LC-B:F-5-micro,lolo,power,count,LC-B:F-5-micro,paired_auc_difference,-0.169925,-0.366416,-0.059649,5,EXPLORATORY
lolo:power:count:LC-B:F-5-macro,lolo,power,count,LC-B:F-5-macro,paired_auc_difference,-0.125063,-0.189474,-0.065414,5,EXPLORATORY
lolo:power:count:LC-B:F-15-continuous,lolo,power,count,LC-B:F-15-continuous,paired_auc_difference,0.107519,-0.087719,0.302757,5,EXPLORATORY
lolo:power:count:LC-B:F-15-micro,lolo,power,count,LC-B:F-15-micro,paired_auc_difference,0.163659,-0.085464,0.401003,5,EXPLORATORY
lolo:power:count:LC-B:F-15-macro,lolo,power,count,LC-B:F-15-macro,paired_auc_difference,0.126566,-0.108772,0.361905,5,EXPLORATORY
lolo:power:count:LC-B:C-F-1,lolo,power,count,LC-B:C-F-1,paired_auc_difference,0.192982,0.015351,0.388158,4,EXPLORATORY
lolo:power:count:LC-B:C-F-5,lolo,power,count,LC-B:C-F-5,paired_auc_difference,0.133772,-0.355263,0.449561,4,EXPLORATORY
lolo:power:count:LC-B:C-F-15,lolo,power,count,LC-B:C-F-15,paired_auc_difference,0.210526,-0.131579,0.570175,4,EXPLORATORY
heldout:grid:tie_free:B:F-1-continuous,heldout,grid,tie_free,B:F-1-continuous,auc,0.429630,0.355556,0.533333,3,DESCRIPTIVE
heldout:grid:tie_free:B:F-1-micro,heldout,grid,tie_free,B:F-1-micro,auc,0.474074,0.466667,0.488889,3,DESCRIPTIVE
heldout:grid:tie_free:B:F-1-macro,heldout,grid,tie_free,B:F-1-macro,auc,0.407407,0.355556,0.466667,3,DESCRIPTIVE
heldout:grid:tie_free:B:F-5-continuous,heldout,grid,tie_free,B:F-5-continuous,auc,0.451852,0.400000,0.533333,3,DESCRIPTIVE
heldout:grid:tie_free:B:F-5-micro,heldout,grid,tie_free,B:F-5-micro,auc,0.511111,0.488889,0.555556,3,DESCRIPTIVE
heldout:grid:tie_free:B:F-5-macro,heldout,grid,tie_free,B:F-5-macro,auc,0.488889,0.466667,0.533333,3,DESCRIPTIVE
heldout:grid:tie_free:B:F-15-continuous,heldout,grid,tie_free,B:F-15-continuous,auc,0.562963,0.466667,0.622222,3,DESCRIPTIVE
heldout:grid:tie_free:B:F-15-micro,heldout,grid,tie_free,B:F-15-micro,auc,0.555556,0.466667,0.600000,3,DESCRIPTIVE
heldout:grid:tie_free:B:F-15-macro,heldout,grid,tie_free,B:F-15-macro,auc,0.533333,0.444444,0.600000,3,DESCRIPTIVE
heldout:grid:tie_free:B:C-F-1,heldout,grid,tie_free,B:C-F-1,auc,0.533333,0.466667,0.644444,3,DESCRIPTIVE
heldout:grid:tie_free:B:C-F-5,heldout,grid,tie_free,B:C-F-5,auc,0.340741,0.311111,0.400000,3,DESCRIPTIVE
heldout:grid:tie_free:B:C-F-15,heldout,grid,tie_free,B:C-F-15,auc,0.348148,0.311111,0.400000,3,DESCRIPTIVE
heldout:grid:tie_free:L:F-1-continuous,heldout,grid,tie_free,L:F-1-continuous,auc,0.414815,0.377778,0.444444,3,DESCRIPTIVE
heldout:grid:tie_free:L:F-1-micro,heldout,grid,tie_free,L:F-1-micro,auc,0.348148,0.244444,0.444444,3,DESCRIPTIVE
heldout:grid:tie_free:L:F-1-macro,heldout,grid,tie_free,L:F-1-macro,auc,0.503704,0.444444,0.533333,3,DESCRIPTIVE
heldout:grid:tie_free:L:F-5-continuous,heldout,grid,tie_free,L:F-5-continuous,auc,0.414815,0.400000,0.444444,3,DESCRIPTIVE
heldout:grid:tie_free:L:F-5-micro,heldout,grid,tie_free,L:F-5-micro,auc,0.429630,0.377778,0.466667,3,DESCRIPTIVE
heldout:grid:tie_free:L:F-5-macro,heldout,grid,tie_free,L:F-5-macro,auc,0.533333,0.488889,0.555556,3,DESCRIPTIVE
heldout:grid:tie_free:L:F-15-continuous,heldout,grid,tie_free,L:F-15-continuous,auc,0.459259,0.400000,0.511111,3,DESCRIPTIVE
heldout:grid:tie_free:L:F-15-micro,heldout,grid,tie_free,L:F-15-micro,auc,0.362963,0.200000,0.511111,3,DESCRIPTIVE
heldout:grid:tie_free:L:F-15-macro,heldout,grid,tie_free,L:F-15-macro,auc,0.666667,0.555556,0.733333,3,DESCRIPTIVE
heldout:grid:tie_free:L:C-F-1,heldout,grid,tie_free,L:C-F-1,auc,0.422222,0.333333,0.555556,3,DESCRIPTIVE
heldout:grid:tie_free:L:C-F-5,heldout,grid,tie_free,L:C-F-5,auc,0.414815,0.311111,0.555556,3,DESCRIPTIVE
heldout:grid:tie_free:L:C-F-15,heldout,grid,tie_free,L:C-F-15,auc,0.392593,0.355556,0.444444,3,DESCRIPTIVE
heldout:grid:tie_free:C:F-1-continuous,heldout,grid,tie_free,C:F-1-continuous,auc,0.762963,0.555556,0.888889,3,DESCRIPTIVE
heldout:grid:tie_free:C:F-1-micro,heldout,grid,tie_free,C:F-1-micro,auc,0.755556,0.555556,0.888889,3,DESCRIPTIVE
heldout:grid:tie_free:C:F-1-macro,heldout,grid,tie_free,C:F-1-macro,auc,0.770370,0.555556,0.888889,3,DESCRIPTIVE
heldout:grid:tie_free:C:F-5-continuous,heldout,grid,tie_free,C:F-5-continuous,auc,0.777778,0.555556,0.933333,3,DESCRIPTIVE
heldout:grid:tie_free:C:F-5-micro,heldout,grid,tie_free,C:F-5-micro,auc,0.762963,0.555556,0.911111,3,DESCRIPTIVE
heldout:grid:tie_free:C:F-5-macro,heldout,grid,tie_free,C:F-5-macro,auc,0.762963,0.555556,0.888889,3,DESCRIPTIVE
heldout:grid:tie_free:C:F-15-continuous,heldout,grid,tie_free,C:F-15-continuous,auc,0.770370,0.555556,0.888889,3,DESCRIPTIVE
heldout:grid:tie_free:C:F-15-micro,heldout,grid,tie_free,C:F-15-micro,auc,0.755556,0.555556,0.888889,3,DESCRIPTIVE
heldout:grid:tie_free:C:F-15-macro,heldout,grid,tie_free,C:F-15-macro,auc,0.770370,0.555556,0.888889,3,DESCRIPTIVE
heldout:grid:tie_free:C:C-F-1,heldout,grid,tie_free,C:C-F-1,auc,0.755556,0.511111,0.911111,3,DESCRIPTIVE
heldout:grid:tie_free:C:C-F-5,heldout,grid,tie_free,C:C-F-5,auc,0.748148,0.533333,0.888889,3,DESCRIPTIVE
heldout:grid:tie_free:C:C-F-15,heldout,grid,tie_free,C:C-F-15,auc,0.777778,0.577778,0.888889,3,DESCRIPTIVE
heldout:grid:tie_free:LC:F-1-continuous,heldout,grid,tie_free,LC:F-1-continuous,auc,0.614815,0.555556,0.711111,3,DESCRIPTIVE
heldout:grid:tie_free:LC:F-1-micro,heldout,grid,tie_free,LC:F-1-micro,auc,0.637037,0.577778,0.733333,3,DESCRIPTIVE
heldout:grid:tie_free:LC:F-1-macro,heldout,grid,tie_free,LC:F-1-macro,auc,0.570370,0.488889,0.733333,3,DESCRIPTIVE
heldout:grid:tie_free:LC:F-5-continuous,heldout,grid,tie_free,LC:F-5-continuous,auc,0.807407,0.711111,0.866667,3,DESCRIPTIVE
heldout:grid:tie_free:LC:F-5-micro,heldout,grid,tie_free,LC:F-5-micro,auc,0.822222,0.711111,0.888889,3,DESCRIPTIVE
heldout:grid:tie_free:LC:F-5-macro,heldout,grid,tie_free,LC:F-5-macro,auc,0.688889,0.644444,0.711111,3,DESCRIPTIVE
heldout:grid:tie_free:LC:F-15-continuous,heldout,grid,tie_free,LC:F-15-continuous,auc,0.807407,0.622222,0.911111,3,DESCRIPTIVE
heldout:grid:tie_free:LC:F-15-micro,heldout,grid,tie_free,LC:F-15-micro,auc,0.814815,0.644444,0.911111,3,DESCRIPTIVE
heldout:grid:tie_free:LC:F-15-macro,heldout,grid,tie_free,LC:F-15-macro,auc,0.785185,0.600000,0.911111,3,DESCRIPTIVE
heldout:grid:tie_free:LC:C-F-1,heldout,grid,tie_free,LC:C-F-1,auc,0.400000,0.266667,0.666667,3,DESCRIPTIVE
heldout:grid:tie_free:LC:C-F-5,heldout,grid,tie_free,LC:C-F-5,auc,0.377778,0.266667,0.600000,3,DESCRIPTIVE
heldout:grid:tie_free:LC:C-F-15,heldout,grid,tie_free,LC:C-F-15,auc,0.644444,0.466667,0.866667,3,DESCRIPTIVE
heldout:grid:tie_free:E99:F-1-continuous,heldout,grid,tie_free,E99:F-1-continuous,auc,0.400000,0.311111,0.577778,3,DESCRIPTIVE
heldout:grid:tie_free:E99:F-1-micro,heldout,grid,tie_free,E99:F-1-micro,auc,0.392593,0.288889,0.600000,3,DESCRIPTIVE
heldout:grid:tie_free:E99:F-1-macro,heldout,grid,tie_free,E99:F-1-macro,auc,0.474074,0.422222,0.555556,3,DESCRIPTIVE
heldout:grid:tie_free:E99:F-5-continuous,heldout,grid,tie_free,E99:F-5-continuous,auc,0.548148,0.533333,0.555556,3,DESCRIPTIVE
heldout:grid:tie_free:E99:F-5-micro,heldout,grid,tie_free,E99:F-5-micro,auc,0.562963,0.555556,0.577778,3,DESCRIPTIVE
heldout:grid:tie_free:E99:F-5-macro,heldout,grid,tie_free,E99:F-5-macro,auc,0.562963,0.555556,0.577778,3,DESCRIPTIVE
heldout:grid:tie_free:E99:F-15-continuous,heldout,grid,tie_free,E99:F-15-continuous,auc,0.577778,0.511111,0.622222,3,DESCRIPTIVE
heldout:grid:tie_free:E99:F-15-micro,heldout,grid,tie_free,E99:F-15-micro,auc,0.585185,0.533333,0.622222,3,DESCRIPTIVE
heldout:grid:tie_free:E99:F-15-macro,heldout,grid,tie_free,E99:F-15-macro,auc,0.540741,0.377778,0.622222,3,DESCRIPTIVE
heldout:grid:tie_free:E99:C-F-1,heldout,grid,tie_free,E99:C-F-1,auc,0.725926,0.577778,0.844444,3,DESCRIPTIVE
heldout:grid:tie_free:E99:C-F-5,heldout,grid,tie_free,E99:C-F-5,auc,0.385185,0.333333,0.466667,3,DESCRIPTIVE
heldout:grid:tie_free:E99:C-F-15,heldout,grid,tie_free,E99:C-F-15,auc,0.400000,0.400000,0.400000,3,DESCRIPTIVE
heldout:grid:tie_free:L-B:request_mean,heldout,grid,tie_free,L-B:request_mean,paired_auc_difference,-0.022840,-0.027778,-0.018519,3,DESCRIPTIVE
heldout:grid:tie_free:L-B:F-1-continuous,heldout,grid,tie_free,L-B:F-1-continuous,paired_auc_difference,-0.014815,-0.155556,0.088889,3,DESCRIPTIVE
heldout:grid:tie_free:L-B:F-1-micro,heldout,grid,tie_free,L-B:F-1-micro,paired_auc_difference,-0.125926,-0.222222,-0.022222,3,DESCRIPTIVE
heldout:grid:tie_free:L-B:F-1-macro,heldout,grid,tie_free,L-B:F-1-macro,paired_auc_difference,0.096296,-0.022222,0.177778,3,DESCRIPTIVE
heldout:grid:tie_free:L-B:F-5-continuous,heldout,grid,tie_free,L-B:F-5-continuous,paired_auc_difference,-0.037037,-0.088889,0.000000,3,DESCRIPTIVE
heldout:grid:tie_free:L-B:F-5-micro,heldout,grid,tie_free,L-B:F-5-micro,paired_auc_difference,-0.081481,-0.111111,-0.044444,3,DESCRIPTIVE
heldout:grid:tie_free:L-B:F-5-macro,heldout,grid,tie_free,L-B:F-5-macro,paired_auc_difference,0.044444,-0.044444,0.088889,3,DESCRIPTIVE
heldout:grid:tie_free:L-B:F-15-continuous,heldout,grid,tie_free,L-B:F-15-continuous,paired_auc_difference,-0.103704,-0.222222,0.044444,3,DESCRIPTIVE
heldout:grid:tie_free:L-B:F-15-micro,heldout,grid,tie_free,L-B:F-15-micro,paired_auc_difference,-0.192593,-0.400000,0.044444,3,DESCRIPTIVE
heldout:grid:tie_free:L-B:F-15-macro,heldout,grid,tie_free,L-B:F-15-macro,paired_auc_difference,0.133333,0.111111,0.177778,3,DESCRIPTIVE
heldout:grid:tie_free:L-B:C-F-1,heldout,grid,tie_free,L-B:C-F-1,paired_auc_difference,-0.111111,-0.133333,-0.088889,3,DESCRIPTIVE
heldout:grid:tie_free:L-B:C-F-5,heldout,grid,tie_free,L-B:C-F-5,paired_auc_difference,0.074074,0.000000,0.155556,3,DESCRIPTIVE
heldout:grid:tie_free:L-B:C-F-15,heldout,grid,tie_free,L-B:C-F-15,paired_auc_difference,0.044444,0.022222,0.066667,3,DESCRIPTIVE
heldout:grid:tie_free:LC-C:request_mean,heldout,grid,tie_free,LC-C:request_mean,paired_auc_difference,-0.020370,-0.122222,0.150000,3,DESCRIPTIVE
heldout:grid:tie_free:LC-C:F-1-continuous,heldout,grid,tie_free,LC-C:F-1-continuous,paired_auc_difference,-0.148148,-0.333333,0.155556,3,DESCRIPTIVE
heldout:grid:tie_free:LC-C:F-1-micro,heldout,grid,tie_free,LC-C:F-1-micro,paired_auc_difference,-0.118519,-0.288889,0.177778,3,DESCRIPTIVE
heldout:grid:tie_free:LC-C:F-1-macro,heldout,grid,tie_free,LC-C:F-1-macro,paired_auc_difference,-0.200000,-0.400000,0.177778,3,DESCRIPTIVE
heldout:grid:tie_free:LC-C:F-5-continuous,heldout,grid,tie_free,LC-C:F-5-continuous,paired_auc_difference,0.029630,-0.066667,0.155556,3,DESCRIPTIVE
heldout:grid:tie_free:LC-C:F-5-micro,heldout,grid,tie_free,LC-C:F-5-micro,paired_auc_difference,0.059259,-0.022222,0.155556,3,DESCRIPTIVE
heldout:grid:tie_free:LC-C:F-5-macro,heldout,grid,tie_free,LC-C:F-5-macro,paired_auc_difference,-0.074074,-0.177778,0.088889,3,DESCRIPTIVE
heldout:grid:tie_free:LC-C:F-15-continuous,heldout,grid,tie_free,LC-C:F-15-continuous,paired_auc_difference,0.037037,0.022222,0.066667,3,DESCRIPTIVE
heldout:grid:tie_free:LC-C:F-15-micro,heldout,grid,tie_free,LC-C:F-15-micro,paired_auc_difference,0.059259,0.000000,0.088889,3,DESCRIPTIVE
heldout:grid:tie_free:LC-C:F-15-macro,heldout,grid,tie_free,LC-C:F-15-macro,paired_auc_difference,0.014815,-0.022222,0.044444,3,DESCRIPTIVE
heldout:grid:tie_free:LC-C:C-F-1,heldout,grid,tie_free,LC-C:C-F-1,paired_auc_difference,-0.311111,-0.600000,0.200000,3,DESCRIPTIVE
heldout:grid:tie_free:LC-C:C-F-5,heldout,grid,tie_free,LC-C:C-F-5,paired_auc_difference,-0.333333,-0.600000,0.133333,3,DESCRIPTIVE
heldout:grid:tie_free:LC-C:C-F-15,heldout,grid,tie_free,LC-C:C-F-15,paired_auc_difference,-0.111111,-0.400000,0.066667,3,DESCRIPTIVE
heldout:grid:tie_free:C-B:request_mean,heldout,grid,tie_free,C-B:request_mean,paired_auc_difference,0.294444,0.057407,0.435185,3,DESCRIPTIVE
heldout:grid:tie_free:C-B:F-1-continuous,heldout,grid,tie_free,C-B:F-1-continuous,paired_auc_difference,0.333333,0.022222,0.533333,3,DESCRIPTIVE
heldout:grid:tie_free:C-B:F-1-micro,heldout,grid,tie_free,C-B:F-1-micro,paired_auc_difference,0.281481,0.066667,0.422222,3,DESCRIPTIVE
heldout:grid:tie_free:C-B:F-1-macro,heldout,grid,tie_free,C-B:F-1-macro,paired_auc_difference,0.362963,0.088889,0.511111,3,DESCRIPTIVE
heldout:grid:tie_free:C-B:F-5-continuous,heldout,grid,tie_free,C-B:F-5-continuous,paired_auc_difference,0.325926,0.022222,0.511111,3,DESCRIPTIVE
heldout:grid:tie_free:C-B:F-5-micro,heldout,grid,tie_free,C-B:F-5-micro,paired_auc_difference,0.251852,0.000000,0.422222,3,DESCRIPTIVE
heldout:grid:tie_free:C-B:F-5-macro,heldout,grid,tie_free,C-B:F-5-macro,paired_auc_difference,0.274074,0.022222,0.422222,3,DESCRIPTIVE
heldout:grid:tie_free:C-B:F-15-continuous,heldout,grid,tie_free,C-B:F-15-continuous,paired_auc_difference,0.207407,0.088889,0.266667,3,DESCRIPTIVE
heldout:grid:tie_free:C-B:F-15-micro,heldout,grid,tie_free,C-B:F-15-micro,paired_auc_difference,0.200000,0.088889,0.288889,3,DESCRIPTIVE
heldout:grid:tie_free:C-B:F-15-macro,heldout,grid,tie_free,C-B:F-15-macro,paired_auc_difference,0.237037,0.111111,0.311111,3,DESCRIPTIVE
heldout:grid:tie_free:C-B:C-F-1,heldout,grid,tie_free,C-B:C-F-1,paired_auc_difference,0.222222,-0.133333,0.422222,3,DESCRIPTIVE
heldout:grid:tie_free:C-B:C-F-5,heldout,grid,tie_free,C-B:C-F-5,paired_auc_difference,0.407407,0.133333,0.577778,3,DESCRIPTIVE
heldout:grid:tie_free:C-B:C-F-15,heldout,grid,tie_free,C-B:C-F-15,paired_auc_difference,0.429630,0.177778,0.577778,3,DESCRIPTIVE
heldout:grid:tie_free:LC-L:request_mean,heldout,grid,tie_free,LC-L:request_mean,paired_auc_difference,0.025926,-0.066667,0.194444,3,DESCRIPTIVE
heldout:grid:tie_free:LC-L:F-1-continuous,heldout,grid,tie_free,LC-L:F-1-continuous,paired_auc_difference,0.200000,0.111111,0.333333,3,DESCRIPTIVE
heldout:grid:tie_free:LC-L:F-1-micro,heldout,grid,tie_free,LC-L:F-1-micro,paired_auc_difference,0.288889,0.155556,0.377778,3,DESCRIPTIVE
heldout:grid:tie_free:LC-L:F-1-macro,heldout,grid,tie_free,LC-L:F-1-macro,paired_auc_difference,0.066667,-0.044444,0.288889,3,DESCRIPTIVE
heldout:grid:tie_free:LC-L:F-5-continuous,heldout,grid,tie_free,LC-L:F-5-continuous,paired_auc_difference,0.392593,0.266667,0.466667,3,DESCRIPTIVE
heldout:grid:tie_free:LC-L:F-5-micro,heldout,grid,tie_free,LC-L:F-5-micro,paired_auc_difference,0.392593,0.244444,0.488889,3,DESCRIPTIVE
heldout:grid:tie_free:LC-L:F-5-macro,heldout,grid,tie_free,LC-L:F-5-macro,paired_auc_difference,0.155556,0.155556,0.155556,3,DESCRIPTIVE
heldout:grid:tie_free:LC-L:F-15-continuous,heldout,grid,tie_free,LC-L:F-15-continuous,paired_auc_difference,0.348148,0.111111,0.511111,3,DESCRIPTIVE
heldout:grid:tie_free:LC-L:F-15-micro,heldout,grid,tie_free,LC-L:F-15-micro,paired_auc_difference,0.451852,0.133333,0.688889,3,DESCRIPTIVE
heldout:grid:tie_free:LC-L:F-15-macro,heldout,grid,tie_free,LC-L:F-15-macro,paired_auc_difference,0.118519,0.044444,0.200000,3,DESCRIPTIVE
heldout:grid:tie_free:LC-L:C-F-1,heldout,grid,tie_free,LC-L:C-F-1,paired_auc_difference,-0.311111,-0.600000,0.266667,3,DESCRIPTIVE
heldout:grid:tie_free:LC-L:C-F-5,heldout,grid,tie_free,LC-L:C-F-5,paired_auc_difference,-0.311111,-0.600000,0.200000,3,DESCRIPTIVE
heldout:grid:tie_free:LC-L:C-F-15,heldout,grid,tie_free,LC-L:C-F-15,paired_auc_difference,-0.022222,-0.333333,0.266667,3,DESCRIPTIVE
heldout:grid:tie_free:LC-B:request_mean,heldout,grid,tie_free,LC-B:request_mean,paired_auc_difference,0.359259,0.283333,0.416667,3,DESCRIPTIVE
heldout:grid:tie_free:LC-B:F-1-continuous,heldout,grid,tie_free,LC-B:F-1-continuous,paired_auc_difference,0.185185,0.177778,0.200000,3,DESCRIPTIVE
heldout:grid:tie_free:LC-B:F-1-micro,heldout,grid,tie_free,LC-B:F-1-micro,paired_auc_difference,0.162963,0.111111,0.244444,3,DESCRIPTIVE
heldout:grid:tie_free:LC-B:F-1-macro,heldout,grid,tie_free,LC-B:F-1-macro,paired_auc_difference,0.162963,0.088889,0.266667,3,DESCRIPTIVE
heldout:grid:tie_free:LC-B:F-5-continuous,heldout,grid,tie_free,LC-B:F-5-continuous,paired_auc_difference,0.355556,0.177778,0.444444,3,DESCRIPTIVE
heldout:grid:tie_free:LC-B:F-5-micro,heldout,grid,tie_free,LC-B:F-5-micro,paired_auc_difference,0.311111,0.155556,0.400000,3,DESCRIPTIVE
heldout:grid:tie_free:LC-B:F-5-macro,heldout,grid,tie_free,LC-B:F-5-macro,paired_auc_difference,0.200000,0.111111,0.244444,3,DESCRIPTIVE
heldout:grid:tie_free:LC-B:F-15-continuous,heldout,grid,tie_free,LC-B:F-15-continuous,paired_auc_difference,0.244444,0.155556,0.288889,3,DESCRIPTIVE
heldout:grid:tie_free:LC-B:F-15-micro,heldout,grid,tie_free,LC-B:F-15-micro,paired_auc_difference,0.259259,0.177778,0.311111,3,DESCRIPTIVE
heldout:grid:tie_free:LC-B:F-15-macro,heldout,grid,tie_free,LC-B:F-15-macro,paired_auc_difference,0.251852,0.155556,0.311111,3,DESCRIPTIVE
heldout:grid:tie_free:LC-B:C-F-1,heldout,grid,tie_free,LC-B:C-F-1,paired_auc_difference,0.066667,0.000000,0.133333,3,DESCRIPTIVE
heldout:grid:tie_free:LC-B:C-F-5,heldout,grid,tie_free,LC-B:C-F-5,paired_auc_difference,0.177778,0.133333,0.266667,3,DESCRIPTIVE
heldout:grid:tie_free:LC-B:C-F-15,heldout,grid,tie_free,LC-B:C-F-15,paired_auc_difference,0.422222,0.266667,0.733333,3,DESCRIPTIVE
heldout:grid:count:B:F-1-continuous,heldout,grid,count,B:F-1-continuous,auc,0.500000,0.500000,0.500000,3,DESCRIPTIVE
heldout:grid:count:B:F-1-micro,heldout,grid,count,B:F-1-micro,auc,0.500000,0.500000,0.500000,3,DESCRIPTIVE
heldout:grid:count:B:F-1-macro,heldout,grid,count,B:F-1-macro,auc,0.507407,0.500000,0.522222,3,DESCRIPTIVE
heldout:grid:count:B:F-5-continuous,heldout,grid,count,B:F-5-continuous,auc,0.444444,0.400000,0.466667,3,DESCRIPTIVE
heldout:grid:count:B:F-5-micro,heldout,grid,count,B:F-5-micro,auc,0.474074,0.466667,0.488889,3,DESCRIPTIVE
heldout:grid:count:B:F-5-macro,heldout,grid,count,B:F-5-macro,auc,0.496296,0.466667,0.555556,3,DESCRIPTIVE
heldout:grid:count:B:F-15-continuous,heldout,grid,count,B:F-15-continuous,auc,0.385185,0.355556,0.422222,3,DESCRIPTIVE
heldout:grid:count:B:F-15-micro,heldout,grid,count,B:F-15-micro,auc,0.400000,0.377778,0.422222,3,DESCRIPTIVE
heldout:grid:count:B:F-15-macro,heldout,grid,count,B:F-15-macro,auc,0.333333,0.311111,0.377778,3,DESCRIPTIVE
heldout:grid:count:B:C-F-1,heldout,grid,count,B:C-F-1,auc,0.488889,0.466667,0.500000,3,DESCRIPTIVE
heldout:grid:count:B:C-F-5,heldout,grid,count,B:C-F-5,auc,0.385185,0.311111,0.511111,3,DESCRIPTIVE
heldout:grid:count:B:C-F-15,heldout,grid,count,B:C-F-15,auc,0.259259,0.111111,0.355556,3,DESCRIPTIVE
heldout:grid:count:L:F-1-continuous,heldout,grid,count,L:F-1-continuous,auc,0.496296,0.444444,0.555556,3,DESCRIPTIVE
heldout:grid:count:L:F-1-micro,heldout,grid,count,L:F-1-micro,auc,0.414815,0.266667,0.488889,3,DESCRIPTIVE
heldout:grid:count:L:F-1-macro,heldout,grid,count,L:F-1-macro,auc,0.444444,0.400000,0.533333,3,DESCRIPTIVE
heldout:grid:count:L:F-5-continuous,heldout,grid,count,L:F-5-continuous,auc,0.540741,0.488889,0.600000,3,DESCRIPTIVE
heldout:grid:count:L:F-5-micro,heldout,grid,count,L:F-5-micro,auc,0.540741,0.511111,0.577778,3,DESCRIPTIVE
heldout:grid:count:L:F-5-macro,heldout,grid,count,L:F-5-macro,auc,0.518519,0.422222,0.622222,3,DESCRIPTIVE
heldout:grid:count:L:F-15-continuous,heldout,grid,count,L:F-15-continuous,auc,0.629630,0.533333,0.688889,3,DESCRIPTIVE
heldout:grid:count:L:F-15-micro,heldout,grid,count,L:F-15-micro,auc,0.488889,0.288889,0.622222,3,DESCRIPTIVE
heldout:grid:count:L:F-15-macro,heldout,grid,count,L:F-15-macro,auc,0.444444,0.400000,0.488889,3,DESCRIPTIVE
heldout:grid:count:L:C-F-1,heldout,grid,count,L:C-F-1,auc,0.362963,0.222222,0.488889,3,DESCRIPTIVE
heldout:grid:count:L:C-F-5,heldout,grid,count,L:C-F-5,auc,0.459259,0.422222,0.488889,3,DESCRIPTIVE
heldout:grid:count:L:C-F-15,heldout,grid,count,L:C-F-15,auc,0.414815,0.355556,0.444444,3,DESCRIPTIVE
heldout:grid:count:C:F-1-continuous,heldout,grid,count,C:F-1-continuous,auc,0.525926,0.500000,0.577778,3,DESCRIPTIVE
heldout:grid:count:C:F-1-micro,heldout,grid,count,C:F-1-micro,auc,0.540741,0.500000,0.622222,3,DESCRIPTIVE
heldout:grid:count:C:F-1-macro,heldout,grid,count,C:F-1-macro,auc,0.525926,0.500000,0.577778,3,DESCRIPTIVE
heldout:grid:count:C:F-5-continuous,heldout,grid,count,C:F-5-continuous,auc,0.392593,0.355556,0.422222,3,DESCRIPTIVE
heldout:grid:count:C:F-5-micro,heldout,grid,count,C:F-5-micro,auc,0.403704,0.333333,0.477778,3,DESCRIPTIVE
heldout:grid:count:C:F-5-macro,heldout,grid,count,C:F-5-macro,auc,0.403704,0.355556,0.455556,3,DESCRIPTIVE
heldout:grid:count:C:F-15-continuous,heldout,grid,count,C:F-15-continuous,auc,0.525926,0.511111,0.533333,3,DESCRIPTIVE
heldout:grid:count:C:F-15-micro,heldout,grid,count,C:F-15-micro,auc,0.518519,0.444444,0.577778,3,DESCRIPTIVE
heldout:grid:count:C:F-15-macro,heldout,grid,count,C:F-15-macro,auc,0.533333,0.488889,0.600000,3,DESCRIPTIVE
heldout:grid:count:C:C-F-1,heldout,grid,count,C:C-F-1,auc,0.500000,0.500000,0.500000,3,DESCRIPTIVE
heldout:grid:count:C:C-F-5,heldout,grid,count,C:C-F-5,auc,0.570370,0.533333,0.622222,3,DESCRIPTIVE
heldout:grid:count:C:C-F-15,heldout,grid,count,C:C-F-15,auc,0.496296,0.311111,0.600000,3,DESCRIPTIVE
heldout:grid:count:LC:F-1-continuous,heldout,grid,count,LC:F-1-continuous,auc,0.414815,0.311111,0.577778,3,DESCRIPTIVE
heldout:grid:count:LC:F-1-micro,heldout,grid,count,LC:F-1-micro,auc,0.466667,0.288889,0.711111,3,DESCRIPTIVE
heldout:grid:count:LC:F-1-macro,heldout,grid,count,LC:F-1-macro,auc,0.481481,0.377778,0.688889,3,DESCRIPTIVE
heldout:grid:count:LC:F-5-continuous,heldout,grid,count,LC:F-5-continuous,auc,0.681481,0.666667,0.711111,3,DESCRIPTIVE
heldout:grid:count:LC:F-5-micro,heldout,grid,count,LC:F-5-micro,auc,0.696296,0.688889,0.711111,3,DESCRIPTIVE
heldout:grid:count:LC:F-5-macro,heldout,grid,count,LC:F-5-macro,auc,0.592593,0.577778,0.600000,3,DESCRIPTIVE
heldout:grid:count:LC:F-15-continuous,heldout,grid,count,LC:F-15-continuous,auc,0.807407,0.622222,0.911111,3,DESCRIPTIVE
heldout:grid:count:LC:F-15-micro,heldout,grid,count,LC:F-15-micro,auc,0.814815,0.644444,0.911111,3,DESCRIPTIVE
heldout:grid:count:LC:F-15-macro,heldout,grid,count,LC:F-15-macro,auc,0.777778,0.600000,0.911111,3,DESCRIPTIVE
heldout:grid:count:LC:C-F-1,heldout,grid,count,LC:C-F-1,auc,0.444444,0.333333,0.666667,3,DESCRIPTIVE
heldout:grid:count:LC:C-F-5,heldout,grid,count,LC:C-F-5,auc,0.422222,0.333333,0.600000,3,DESCRIPTIVE
heldout:grid:count:LC:C-F-15,heldout,grid,count,LC:C-F-15,auc,0.622222,0.466667,0.800000,3,DESCRIPTIVE
heldout:grid:count:E99:F-1-continuous,heldout,grid,count,E99:F-1-continuous,auc,0.529630,0.500000,0.588889,3,DESCRIPTIVE
heldout:grid:count:E99:F-1-micro,heldout,grid,count,E99:F-1-micro,auc,0.544444,0.488889,0.644444,3,DESCRIPTIVE
heldout:grid:count:E99:F-1-macro,heldout,grid,count,E99:F-1-macro,auc,0.500000,0.500000,0.500000,3,DESCRIPTIVE
heldout:grid:count:E99:F-5-continuous,heldout,grid,count,E99:F-5-continuous,auc,0.540741,0.466667,0.622222,3,DESCRIPTIVE
heldout:grid:count:E99:F-5-micro,heldout,grid,count,E99:F-5-micro,auc,0.577778,0.466667,0.666667,3,DESCRIPTIVE
heldout:grid:count:E99:F-5-macro,heldout,grid,count,E99:F-5-macro,auc,0.585185,0.444444,0.666667,3,DESCRIPTIVE
heldout:grid:count:E99:F-15-continuous,heldout,grid,count,E99:F-15-continuous,auc,0.577778,0.466667,0.644444,3,DESCRIPTIVE
heldout:grid:count:E99:F-15-micro,heldout,grid,count,E99:F-15-micro,auc,0.562963,0.444444,0.622222,3,DESCRIPTIVE
heldout:grid:count:E99:F-15-macro,heldout,grid,count,E99:F-15-macro,auc,0.548148,0.444444,0.600000,3,DESCRIPTIVE
heldout:grid:count:E99:C-F-1,heldout,grid,count,E99:C-F-1,auc,0.500000,0.500000,0.500000,3,DESCRIPTIVE
heldout:grid:count:E99:C-F-5,heldout,grid,count,E99:C-F-5,auc,0.414815,0.377778,0.488889,3,DESCRIPTIVE
heldout:grid:count:E99:C-F-15,heldout,grid,count,E99:C-F-15,auc,0.511111,0.400000,0.577778,3,DESCRIPTIVE
heldout:grid:count:L-B:request_mean,heldout,grid,count,L-B:request_mean,paired_auc_difference,0.048457,0.036111,0.064815,3,DESCRIPTIVE
heldout:grid:count:L-B:F-1-continuous,heldout,grid,count,L-B:F-1-continuous,paired_auc_difference,-0.003704,-0.055556,0.055556,3,DESCRIPTIVE
heldout:grid:count:L-B:F-1-micro,heldout,grid,count,L-B:F-1-micro,paired_auc_difference,-0.085185,-0.233333,-0.011111,3,DESCRIPTIVE
heldout:grid:count:L-B:F-1-macro,heldout,grid,count,L-B:F-1-macro,paired_auc_difference,-0.062963,-0.122222,0.033333,3,DESCRIPTIVE
heldout:grid:count:L-B:F-5-continuous,heldout,grid,count,L-B:F-5-continuous,paired_auc_difference,0.096296,0.022222,0.133333,3,DESCRIPTIVE
heldout:grid:count:L-B:F-5-micro,heldout,grid,count,L-B:F-5-micro,paired_auc_difference,0.066667,0.022222,0.111111,3,DESCRIPTIVE
heldout:grid:count:L-B:F-5-macro,heldout,grid,count,L-B:F-5-macro,paired_auc_difference,0.022222,-0.044444,0.155556,3,DESCRIPTIVE
heldout:grid:count:L-B:F-15-continuous,heldout,grid,count,L-B:F-15-continuous,paired_auc_difference,0.244444,0.111111,0.311111,3,DESCRIPTIVE
heldout:grid:count:L-B:F-15-micro,heldout,grid,count,L-B:F-15-micro,paired_auc_difference,0.088889,-0.111111,0.244444,3,DESCRIPTIVE
heldout:grid:count:L-B:F-15-macro,heldout,grid,count,L-B:F-15-macro,paired_auc_difference,0.111111,0.088889,0.133333,3,DESCRIPTIVE
heldout:grid:count:L-B:C-F-1,heldout,grid,count,L-B:C-F-1,paired_auc_difference,-0.125926,-0.277778,-0.011111,3,DESCRIPTIVE
heldout:grid:count:L-B:C-F-5,heldout,grid,count,L-B:C-F-5,paired_auc_difference,0.074074,-0.088889,0.177778,3,DESCRIPTIVE
heldout:grid:count:L-B:C-F-15,heldout,grid,count,L-B:C-F-15,paired_auc_difference,0.155556,0.088889,0.244444,3,DESCRIPTIVE
heldout:grid:count:LC-C:request_mean,heldout,grid,count,LC-C:request_mean,paired_auc_difference,0.223148,0.097222,0.286111,3,DESCRIPTIVE
heldout:grid:count:LC-C:F-1-continuous,heldout,grid,count,LC-C:F-1-continuous,paired_auc_difference,-0.111111,-0.222222,0.077778,3,DESCRIPTIVE
heldout:grid:count:LC-C:F-1-micro,heldout,grid,count,LC-C:F-1-micro,paired_auc_difference,-0.074074,-0.222222,0.211111,3,DESCRIPTIVE
heldout:grid:count:LC-C:F-1-macro,heldout,grid,count,LC-C:F-1-macro,paired_auc_difference,-0.044444,-0.200000,0.188889,3,DESCRIPTIVE
heldout:grid:count:LC-C:F-5-continuous,heldout,grid,count,LC-C:F-5-continuous,paired_auc_difference,0.288889,0.266667,0.311111,3,DESCRIPTIVE
heldout:grid:count:LC-C:F-5-micro,heldout,grid,count,LC-C:F-5-micro,paired_auc_difference,0.292593,0.233333,0.355556,3,DESCRIPTIVE
heldout:grid:count:LC-C:F-5-macro,heldout,grid,count,LC-C:F-5-macro,paired_auc_difference,0.188889,0.122222,0.244444,3,DESCRIPTIVE
heldout:grid:count:LC-C:F-15-continuous,heldout,grid,count,LC-C:F-15-continuous,paired_auc_difference,0.281481,0.088889,0.377778,3,DESCRIPTIVE
heldout:grid:count:LC-C:F-15-micro,heldout,grid,count,LC-C:F-15-micro,paired_auc_difference,0.296296,0.066667,0.466667,3,DESCRIPTIVE
heldout:grid:count:LC-C:F-15-macro,heldout,grid,count,LC-C:F-15-macro,paired_auc_difference,0.244444,0.088889,0.333333,3,DESCRIPTIVE
heldout:grid:count:LC-C:C-F-1,heldout,grid,count,LC-C:C-F-1,paired_auc_difference,-0.055556,-0.166667,0.166667,3,DESCRIPTIVE
heldout:grid:count:LC-C:C-F-5,heldout,grid,count,LC-C:C-F-5,paired_auc_difference,-0.077778,-0.166667,0.100000,3,DESCRIPTIVE
heldout:grid:count:LC-C:C-F-15,heldout,grid,count,LC-C:C-F-15,paired_auc_difference,-0.133333,-0.400000,0.066667,3,DESCRIPTIVE
heldout:grid:count:C-B:request_mean,heldout,grid,count,C-B:request_mean,paired_auc_difference,0.063580,0.055556,0.079630,3,DESCRIPTIVE
heldout:grid:count:C-B:F-1-continuous,heldout,grid,count,C-B:F-1-continuous,paired_auc_difference,0.025926,0.000000,0.077778,3,DESCRIPTIVE
heldout:grid:count:C-B:F-1-micro,heldout,grid,count,C-B:F-1-micro,paired_auc_difference,0.040741,0.000000,0.122222,3,DESCRIPTIVE
heldout:grid:count:C-B:F-1-macro,heldout,grid,count,C-B:F-1-macro,paired_auc_difference,0.018519,0.000000,0.055556,3,DESCRIPTIVE
heldout:grid:count:C-B:F-5-continuous,heldout,grid,count,C-B:F-5-continuous,paired_auc_difference,-0.051852,-0.111111,0.000000,3,DESCRIPTIVE
heldout:grid:count:C-B:F-5-micro,heldout,grid,count,C-B:F-5-micro,paired_auc_difference,-0.070370,-0.133333,-0.011111,3,DESCRIPTIVE
heldout:grid:count:C-B:F-5-macro,heldout,grid,count,C-B:F-5-macro,paired_auc_difference,-0.092593,-0.111111,-0.066667,3,DESCRIPTIVE
heldout:grid:count:C-B:F-15-continuous,heldout,grid,count,C-B:F-15-continuous,paired_auc_difference,0.140741,0.111111,0.155556,3,DESCRIPTIVE
heldout:grid:count:C-B:F-15-micro,heldout,grid,count,C-B:F-15-micro,paired_auc_difference,0.118519,0.066667,0.155556,3,DESCRIPTIVE
heldout:grid:count:C-B:F-15-macro,heldout,grid,count,C-B:F-15-macro,paired_auc_difference,0.200000,0.133333,0.288889,3,DESCRIPTIVE
heldout:grid:count:C-B:C-F-1,heldout,grid,count,C-B:C-F-1,paired_auc_difference,0.011111,0.000000,0.033333,3,DESCRIPTIVE
heldout:grid:count:C-B:C-F-5,heldout,grid,count,C-B:C-F-5,paired_auc_difference,0.185185,0.111111,0.244444,3,DESCRIPTIVE
heldout:grid:count:C-B:C-F-15,heldout,grid,count,C-B:C-F-15,paired_auc_difference,0.237037,0.200000,0.288889,3,DESCRIPTIVE
heldout:grid:count:LC-L:request_mean,heldout,grid,count,LC-L:request_mean,paired_auc_difference,0.103704,0.072222,0.166667,3,DESCRIPTIVE
heldout:grid:count:LC-L:F-1-continuous,heldout,grid,count,LC-L:F-1-continuous,paired_auc_difference,-0.081481,-0.244444,0.133333,3,DESCRIPTIVE
heldout:grid:count:LC-L:F-1-micro,heldout,grid,count,LC-L:F-1-micro,paired_auc_difference,0.051852,-0.200000,0.222222,3,DESCRIPTIVE
heldout:grid:count:LC-L:F-1-macro,heldout,grid,count,LC-L:F-1-macro,paired_auc_difference,0.037037,-0.022222,0.155556,3,DESCRIPTIVE
heldout:grid:count:LC-L:F-5-continuous,heldout,grid,count,LC-L:F-5-continuous,paired_auc_difference,0.140741,0.066667,0.222222,3,DESCRIPTIVE
heldout:grid:count:LC-L:F-5-micro,heldout,grid,count,LC-L:F-5-micro,paired_auc_difference,0.155556,0.111111,0.200000,3,DESCRIPTIVE
heldout:grid:count:LC-L:F-5-macro,heldout,grid,count,LC-L:F-5-macro,paired_auc_difference,0.074074,-0.022222,0.177778,3,DESCRIPTIVE
heldout:grid:count:LC-L:F-15-continuous,heldout,grid,count,LC-L:F-15-continuous,paired_auc_difference,0.177778,0.088889,0.222222,3,DESCRIPTIVE
heldout:grid:count:LC-L:F-15-micro,heldout,grid,count,LC-L:F-15-micro,paired_auc_difference,0.325926,0.088889,0.600000,3,DESCRIPTIVE
heldout:grid:count:LC-L:F-15-macro,heldout,grid,count,LC-L:F-15-macro,paired_auc_difference,0.333333,0.111111,0.511111,3,DESCRIPTIVE
heldout:grid:count:LC-L:C-F-1,heldout,grid,count,LC-L:C-F-1,paired_auc_difference,0.066667,-0.133333,0.200000,3,DESCRIPTIVE
heldout:grid:count:LC-L:C-F-5,heldout,grid,count,LC-L:C-F-5,paired_auc_difference,-0.200000,-0.533333,0.066667,3,DESCRIPTIVE
heldout:grid:count:LC-L:C-F-15,heldout,grid,count,LC-L:C-F-15,paired_auc_difference,0.022222,-0.066667,0.133333,3,DESCRIPTIVE
heldout:grid:count:LC-B:request_mean,heldout,grid,count,LC-B:request_mean,paired_auc_difference,0.293519,0.255556,0.322222,3,DESCRIPTIVE
heldout:grid:count:LC-B:F-1-continuous,heldout,grid,count,LC-B:F-1-continuous,paired_auc_difference,-0.085185,-0.188889,0.077778,3,DESCRIPTIVE
heldout:grid:count:LC-B:F-1-micro,heldout,grid,count,LC-B:F-1-micro,paired_auc_difference,-0.033333,-0.211111,0.211111,3,DESCRIPTIVE
heldout:grid:count:LC-B:F-1-macro,heldout,grid,count,LC-B:F-1-macro,paired_auc_difference,-0.025926,-0.144444,0.188889,3,DESCRIPTIVE
heldout:grid:count:LC-B:F-5-continuous,heldout,grid,count,LC-B:F-5-continuous,paired_auc_difference,0.237037,0.200000,0.266667,3,DESCRIPTIVE
heldout:grid:count:LC-B:F-5-micro,heldout,grid,count,LC-B:F-5-micro,paired_auc_difference,0.222222,0.222222,0.222222,3,DESCRIPTIVE
heldout:grid:count:LC-B:F-5-macro,heldout,grid,count,LC-B:F-5-macro,paired_auc_difference,0.096296,0.022222,0.133333,3,DESCRIPTIVE
heldout:grid:count:LC-B:F-15-continuous,heldout,grid,count,LC-B:F-15-continuous,paired_auc_difference,0.422222,0.200000,0.533333,3,DESCRIPTIVE
heldout:grid:count:LC-B:F-15-micro,heldout,grid,count,LC-B:F-15-micro,paired_auc_difference,0.414815,0.222222,0.533333,3,DESCRIPTIVE
heldout:grid:count:LC-B:F-15-macro,heldout,grid,count,LC-B:F-15-macro,paired_auc_difference,0.444444,0.222222,0.600000,3,DESCRIPTIVE
heldout:grid:count:LC-B:C-F-1,heldout,grid,count,LC-B:C-F-1,paired_auc_difference,-0.022222,-0.166667,0.166667,3,DESCRIPTIVE
heldout:grid:count:LC-B:C-F-5,heldout,grid,count,LC-B:C-F-5,paired_auc_difference,0.222222,0.200000,0.266667,3,DESCRIPTIVE
heldout:grid:count:LC-B:C-F-15,heldout,grid,count,LC-B:C-F-15,paired_auc_difference,0.422222,0.200000,0.733333,3,DESCRIPTIVE
heldout:offset:tie_free:B:F-1-continuous,heldout,offset,tie_free,B:F-1-continuous,auc,0.533333,0.500000,0.600000,3,DESCRIPTIVE
heldout:offset:tie_free:B:F-1-micro,heldout,offset,tie_free,B:F-1-micro,auc,0.466667,0.400000,0.500000,3,DESCRIPTIVE
heldout:offset:tie_free:B:F-1-macro,heldout,offset,tie_free,B:F-1-macro,auc,0.533333,0.500000,0.600000,3,DESCRIPTIVE
heldout:offset:tie_free:B:F-5-continuous,heldout,offset,tie_free,B:F-5-continuous,auc,0.533333,0.500000,0.600000,3,DESCRIPTIVE
heldout:offset:tie_free:B:F-5-micro,heldout,offset,tie_free,B:F-5-micro,auc,0.533333,0.500000,0.600000,3,DESCRIPTIVE
heldout:offset:tie_free:B:F-5-macro,heldout,offset,tie_free,B:F-5-macro,auc,0.533333,0.500000,0.600000,3,DESCRIPTIVE
heldout:offset:tie_free:B:F-15-continuous,heldout,offset,tie_free,B:F-15-continuous,auc,0.466667,0.400000,0.500000,3,DESCRIPTIVE
heldout:offset:tie_free:B:F-15-micro,heldout,offset,tie_free,B:F-15-micro,auc,0.466667,0.400000,0.500000,3,DESCRIPTIVE
heldout:offset:tie_free:B:F-15-macro,heldout,offset,tie_free,B:F-15-macro,auc,0.466667,0.400000,0.500000,3,DESCRIPTIVE
heldout:offset:tie_free:B:C-F-1,heldout,offset,tie_free,B:C-F-1,auc,0.511111,0.500000,0.533333,3,DESCRIPTIVE
heldout:offset:tie_free:B:C-F-5,heldout,offset,tie_free,B:C-F-5,auc,0.533333,0.500000,0.600000,3,DESCRIPTIVE
heldout:offset:tie_free:B:C-F-15,heldout,offset,tie_free,B:C-F-15,auc,0.533333,0.500000,0.600000,3,DESCRIPTIVE
heldout:offset:tie_free:L:F-1-continuous,heldout,offset,tie_free,L:F-1-continuous,auc,0.444444,0.400000,0.533333,3,DESCRIPTIVE
heldout:offset:tie_free:L:F-1-micro,heldout,offset,tie_free,L:F-1-micro,auc,0.455556,0.366667,0.600000,3,DESCRIPTIVE
heldout:offset:tie_free:L:F-1-macro,heldout,offset,tie_free,L:F-1-macro,auc,0.466667,0.400000,0.500000,3,DESCRIPTIVE
heldout:offset:tie_free:L:F-5-continuous,heldout,offset,tie_free,L:F-5-continuous,auc,0.377778,0.333333,0.433333,3,DESCRIPTIVE
heldout:offset:tie_free:L:F-5-micro,heldout,offset,tie_free,L:F-5-micro,auc,0.444444,0.433333,0.466667,3,DESCRIPTIVE
heldout:offset:tie_free:L:F-5-macro,heldout,offset,tie_free,L:F-5-macro,auc,0.466667,0.400000,0.500000,3,DESCRIPTIVE
heldout:offset:tie_free:L:F-15-continuous,heldout,offset,tie_free,L:F-15-continuous,auc,0.455556,0.433333,0.466667,3,DESCRIPTIVE
heldout:offset:tie_free:L:F-15-micro,heldout,offset,tie_free,L:F-15-micro,auc,0.500000,0.500000,0.500000,3,DESCRIPTIVE
heldout:offset:tie_free:L:F-15-macro,heldout,offset,tie_free,L:F-15-macro,auc,0.511111,0.400000,0.566667,3,DESCRIPTIVE
heldout:offset:tie_free:L:C-F-1,heldout,offset,tie_free,L:C-F-1,auc,0.533333,0.500000,0.600000,3,DESCRIPTIVE
heldout:offset:tie_free:L:C-F-5,heldout,offset,tie_free,L:C-F-5,auc,0.533333,0.500000,0.600000,3,DESCRIPTIVE
heldout:offset:tie_free:L:C-F-15,heldout,offset,tie_free,L:C-F-15,auc,0.533333,0.500000,0.600000,3,DESCRIPTIVE
heldout:offset:tie_free:C:F-1-continuous,heldout,offset,tie_free,C:F-1-continuous,auc,0.600000,0.500000,0.800000,3,DESCRIPTIVE
heldout:offset:tie_free:C:F-1-micro,heldout,offset,tie_free,C:F-1-micro,auc,0.600000,0.500000,0.800000,3,DESCRIPTIVE
heldout:offset:tie_free:C:F-1-macro,heldout,offset,tie_free,C:F-1-macro,auc,0.600000,0.500000,0.800000,3,DESCRIPTIVE
heldout:offset:tie_free:C:F-5-continuous,heldout,offset,tie_free,C:F-5-continuous,auc,0.600000,0.500000,0.800000,3,DESCRIPTIVE
heldout:offset:tie_free:C:F-5-micro,heldout,offset,tie_free,C:F-5-micro,auc,0.600000,0.500000,0.800000,3,DESCRIPTIVE
heldout:offset:tie_free:C:F-5-macro,heldout,offset,tie_free,C:F-5-macro,auc,0.600000,0.500000,0.800000,3,DESCRIPTIVE
heldout:offset:tie_free:C:F-15-continuous,heldout,offset,tie_free,C:F-15-continuous,auc,0.600000,0.500000,0.800000,3,DESCRIPTIVE
heldout:offset:tie_free:C:F-15-micro,heldout,offset,tie_free,C:F-15-micro,auc,0.600000,0.500000,0.800000,3,DESCRIPTIVE
heldout:offset:tie_free:C:F-15-macro,heldout,offset,tie_free,C:F-15-macro,auc,0.600000,0.500000,0.800000,3,DESCRIPTIVE
heldout:offset:tie_free:C:C-F-1,heldout,offset,tie_free,C:C-F-1,auc,0.600000,0.500000,0.800000,3,DESCRIPTIVE
heldout:offset:tie_free:C:C-F-5,heldout,offset,tie_free,C:C-F-5,auc,0.600000,0.500000,0.800000,3,DESCRIPTIVE
heldout:offset:tie_free:C:C-F-15,heldout,offset,tie_free,C:C-F-15,auc,0.600000,0.500000,0.800000,3,DESCRIPTIVE
heldout:offset:tie_free:LC:F-1-continuous,heldout,offset,tie_free,LC:F-1-continuous,auc,0.711111,0.633333,0.833333,3,DESCRIPTIVE
heldout:offset:tie_free:LC:F-1-micro,heldout,offset,tie_free,LC:F-1-micro,auc,0.677778,0.666667,0.700000,3,DESCRIPTIVE
heldout:offset:tie_free:LC:F-1-macro,heldout,offset,tie_free,LC:F-1-macro,auc,0.655556,0.566667,0.833333,3,DESCRIPTIVE
heldout:offset:tie_free:LC:F-5-continuous,heldout,offset,tie_free,LC:F-5-continuous,auc,0.788889,0.733333,0.866667,3,DESCRIPTIVE
heldout:offset:tie_free:LC:F-5-micro,heldout,offset,tie_free,LC:F-5-micro,auc,0.766667,0.733333,0.833333,3,DESCRIPTIVE
heldout:offset:tie_free:LC:F-5-macro,heldout,offset,tie_free,LC:F-5-macro,auc,0.622222,0.533333,0.800000,3,DESCRIPTIVE
heldout:offset:tie_free:LC:F-15-continuous,heldout,offset,tie_free,LC:F-15-continuous,auc,0.633333,0.500000,0.800000,3,DESCRIPTIVE
heldout:offset:tie_free:LC:F-15-micro,heldout,offset,tie_free,LC:F-15-micro,auc,0.611111,0.500000,0.800000,3,DESCRIPTIVE
heldout:offset:tie_free:LC:F-15-macro,heldout,offset,tie_free,LC:F-15-macro,auc,0.711111,0.566667,0.800000,3,DESCRIPTIVE
heldout:offset:tie_free:LC:C-F-1,heldout,offset,tie_free,LC:C-F-1,auc,0.600000,0.500000,0.800000,3,DESCRIPTIVE
heldout:offset:tie_free:LC:C-F-5,heldout,offset,tie_free,LC:C-F-5,auc,0.600000,0.500000,0.800000,3,DESCRIPTIVE
heldout:offset:tie_free:LC:C-F-15,heldout,offset,tie_free,LC:C-F-15,auc,0.666667,0.500000,0.800000,3,DESCRIPTIVE
heldout:offset:tie_free:E99:F-1-continuous,heldout,offset,tie_free,E99:F-1-continuous,auc,0.644444,0.600000,0.666667,3,DESCRIPTIVE
heldout:offset:tie_free:E99:F-1-micro,heldout,offset,tie_free,E99:F-1-micro,auc,0.566667,0.500000,0.600000,3,DESCRIPTIVE
heldout:offset:tie_free:E99:F-1-macro,heldout,offset,tie_free,E99:F-1-macro,auc,0.588889,0.400000,0.700000,3,DESCRIPTIVE
heldout:offset:tie_free:E99:F-5-continuous,heldout,offset,tie_free,E99:F-5-continuous,auc,0.588889,0.533333,0.633333,3,DESCRIPTIVE
heldout:offset:tie_free:E99:F-5-micro,heldout,offset,tie_free,E99:F-5-micro,auc,0.655556,0.633333,0.666667,3,DESCRIPTIVE
heldout:offset:tie_free:E99:F-5-macro,heldout,offset,tie_free,E99:F-5-macro,auc,0.611111,0.533333,0.666667,3,DESCRIPTIVE
heldout:offset:tie_free:E99:F-15-continuous,heldout,offset,tie_free,E99:F-15-continuous,auc,0.466667,0.400000,0.500000,3,DESCRIPTIVE
heldout:offset:tie_free:E99:F-15-micro,heldout,offset,tie_free,E99:F-15-micro,auc,0.466667,0.400000,0.500000,3,DESCRIPTIVE
heldout:offset:tie_free:E99:F-15-macro,heldout,offset,tie_free,E99:F-15-macro,auc,0.466667,0.400000,0.500000,3,DESCRIPTIVE
heldout:offset:tie_free:E99:C-F-1,heldout,offset,tie_free,E99:C-F-1,auc,0.466667,0.400000,0.500000,3,DESCRIPTIVE
heldout:offset:tie_free:E99:C-F-5,heldout,offset,tie_free,E99:C-F-5,auc,0.533333,0.500000,0.600000,3,DESCRIPTIVE
heldout:offset:tie_free:E99:C-F-15,heldout,offset,tie_free,E99:C-F-15,auc,0.433333,0.366667,0.500000,3,DESCRIPTIVE
heldout:offset:tie_free:L-B:request_mean,heldout,offset,tie_free,L-B:request_mean,paired_auc_difference,-0.032407,-0.038889,-0.027778,3,DESCRIPTIVE
heldout:offset:tie_free:L-B:F-1-continuous,heldout,offset,tie_free,L-B:F-1-continuous,paired_auc_difference,-0.088889,-0.100000,-0.066667,3,DESCRIPTIVE
heldout:offset:tie_free:L-B:F-1-micro,heldout,offset,tie_free,L-B:F-1-micro,paired_auc_difference,-0.011111,-0.133333,0.200000,3,DESCRIPTIVE
heldout:offset:tie_free:L-B:F-1-macro,heldout,offset,tie_free,L-B:F-1-macro,paired_auc_difference,-0.066667,-0.200000,0.000000,3,DESCRIPTIVE
heldout:offset:tie_free:L-B:F-5-continuous,heldout,offset,tie_free,L-B:F-5-continuous,paired_auc_difference,-0.155556,-0.166667,-0.133333,3,DESCRIPTIVE
heldout:offset:tie_free:L-B:F-5-micro,heldout,offset,tie_free,L-B:F-5-micro,paired_auc_difference,-0.088889,-0.166667,-0.033333,3,DESCRIPTIVE
heldout:offset:tie_free:L-B:F-5-macro,heldout,offset,tie_free,L-B:F-5-macro,paired_auc_difference,-0.066667,-0.200000,0.000000,3,DESCRIPTIVE
heldout:offset:tie_free:L-B:F-15-continuous,heldout,offset,tie_free,L-B:F-15-continuous,paired_auc_difference,-0.011111,-0.066667,0.066667,3,DESCRIPTIVE
heldout:offset:tie_free:L-B:F-15-micro,heldout,offset,tie_free,L-B:F-15-micro,paired_auc_difference,0.033333,0.000000,0.100000,3,DESCRIPTIVE
heldout:offset:tie_free:L-B:F-15-macro,heldout,offset,tie_free,L-B:F-15-macro,paired_auc_difference,0.044444,0.000000,0.066667,3,DESCRIPTIVE
heldout:offset:tie_free:L-B:C-F-1,heldout,offset,tie_free,L-B:C-F-1,paired_auc_difference,0.022222,0.000000,0.066667,3,DESCRIPTIVE
heldout:offset:tie_free:L-B:C-F-5,heldout,offset,tie_free,L-B:C-F-5,paired_auc_difference,0.000000,0.000000,0.000000,3,DESCRIPTIVE
heldout:offset:tie_free:L-B:C-F-15,heldout,offset,tie_free,L-B:C-F-15,paired_auc_difference,0.000000,0.000000,0.000000,3,DESCRIPTIVE
heldout:offset:tie_free:LC-C:request_mean,heldout,offset,tie_free,LC-C:request_mean,paired_auc_difference,0.055556,0.016667,0.083333,3,DESCRIPTIVE
heldout:offset:tie_free:LC-C:F-1-continuous,heldout,offset,tie_free,LC-C:F-1-continuous,paired_auc_difference,0.111111,0.033333,0.166667,3,DESCRIPTIVE
heldout:offset:tie_free:LC-C:F-1-micro,heldout,offset,tie_free,LC-C:F-1-micro,paired_auc_difference,0.077778,-0.100000,0.166667,3,DESCRIPTIVE
heldout:offset:tie_free:LC-C:F-1-macro,heldout,offset,tie_free,LC-C:F-1-macro,paired_auc_difference,0.055556,0.033333,0.066667,3,DESCRIPTIVE
heldout:offset:tie_free:LC-C:F-5-continuous,heldout,offset,tie_free,LC-C:F-5-continuous,paired_auc_difference,0.188889,0.066667,0.266667,3,DESCRIPTIVE
heldout:offset:tie_free:LC-C:F-5-micro,heldout,offset,tie_free,LC-C:F-5-micro,paired_auc_difference,0.166667,0.033333,0.233333,3,DESCRIPTIVE
heldout:offset:tie_free:LC-C:F-5-macro,heldout,offset,tie_free,LC-C:F-5-macro,paired_auc_difference,0.022222,0.000000,0.033333,3,DESCRIPTIVE
heldout:offset:tie_free:LC-C:F-15-continuous,heldout,offset,tie_free,LC-C:F-15-continuous,paired_auc_difference,0.033333,0.000000,0.100000,3,DESCRIPTIVE
heldout:offset:tie_free:LC-C:F-15-micro,heldout,offset,tie_free,LC-C:F-15-micro,paired_auc_difference,0.011111,0.000000,0.033333,3,DESCRIPTIVE
heldout:offset:tie_free:LC-C:F-15-macro,heldout,offset,tie_free,LC-C:F-15-macro,paired_auc_difference,0.111111,0.000000,0.266667,3,DESCRIPTIVE
heldout:offset:tie_free:LC-C:C-F-1,heldout,offset,tie_free,LC-C:C-F-1,paired_auc_difference,0.000000,0.000000,0.000000,3,DESCRIPTIVE
heldout:offset:tie_free:LC-C:C-F-5,heldout,offset,tie_free,LC-C:C-F-5,paired_auc_difference,0.000000,0.000000,0.000000,3,DESCRIPTIVE
heldout:offset:tie_free:LC-C:C-F-15,heldout,offset,tie_free,LC-C:C-F-15,paired_auc_difference,0.066667,0.000000,0.200000,3,DESCRIPTIVE
heldout:offset:tie_free:C-B:request_mean,heldout,offset,tie_free,C-B:request_mean,paired_auc_difference,0.090741,-0.000000,0.272222,3,DESCRIPTIVE
heldout:offset:tie_free:C-B:F-1-continuous,heldout,offset,tie_free,C-B:F-1-continuous,paired_auc_difference,0.066667,0.000000,0.200000,3,DESCRIPTIVE
heldout:offset:tie_free:C-B:F-1-micro,heldout,offset,tie_free,C-B:F-1-micro,paired_auc_difference,0.133333,0.000000,0.400000,3,DESCRIPTIVE
heldout:offset:tie_free:C-B:F-1-macro,heldout,offset,tie_free,C-B:F-1-macro,paired_auc_difference,0.066667,0.000000,0.200000,3,DESCRIPTIVE
heldout:offset:tie_free:C-B:F-5-continuous,heldout,offset,tie_free,C-B:F-5-continuous,paired_auc_difference,0.066667,0.000000,0.200000,3,DESCRIPTIVE
heldout:offset:tie_free:C-B:F-5-micro,heldout,offset,tie_free,C-B:F-5-micro,paired_auc_difference,0.066667,0.000000,0.200000,3,DESCRIPTIVE
heldout:offset:tie_free:C-B:F-5-macro,heldout,offset,tie_free,C-B:F-5-macro,paired_auc_difference,0.066667,0.000000,0.200000,3,DESCRIPTIVE
heldout:offset:tie_free:C-B:F-15-continuous,heldout,offset,tie_free,C-B:F-15-continuous,paired_auc_difference,0.133333,0.000000,0.400000,3,DESCRIPTIVE
heldout:offset:tie_free:C-B:F-15-micro,heldout,offset,tie_free,C-B:F-15-micro,paired_auc_difference,0.133333,0.000000,0.400000,3,DESCRIPTIVE
heldout:offset:tie_free:C-B:F-15-macro,heldout,offset,tie_free,C-B:F-15-macro,paired_auc_difference,0.133333,0.000000,0.400000,3,DESCRIPTIVE
heldout:offset:tie_free:C-B:C-F-1,heldout,offset,tie_free,C-B:C-F-1,paired_auc_difference,0.088889,0.000000,0.266667,3,DESCRIPTIVE
heldout:offset:tie_free:C-B:C-F-5,heldout,offset,tie_free,C-B:C-F-5,paired_auc_difference,0.066667,0.000000,0.200000,3,DESCRIPTIVE
heldout:offset:tie_free:C-B:C-F-15,heldout,offset,tie_free,C-B:C-F-15,paired_auc_difference,0.066667,0.000000,0.200000,3,DESCRIPTIVE
heldout:offset:tie_free:LC-L:request_mean,heldout,offset,tie_free,LC-L:request_mean,paired_auc_difference,0.255556,0.066667,0.616667,3,DESCRIPTIVE
heldout:offset:tie_free:LC-L:F-1-continuous,heldout,offset,tie_free,LC-L:F-1-continuous,paired_auc_difference,0.266667,0.233333,0.300000,3,DESCRIPTIVE
heldout:offset:tie_free:LC-L:F-1-micro,heldout,offset,tie_free,LC-L:F-1-micro,paired_auc_difference,0.222222,0.100000,0.300000,3,DESCRIPTIVE
heldout:offset:tie_free:LC-L:F-1-macro,heldout,offset,tie_free,LC-L:F-1-macro,paired_auc_difference,0.188889,0.066667,0.433333,3,DESCRIPTIVE
heldout:offset:tie_free:LC-L:F-5-continuous,heldout,offset,tie_free,LC-L:F-5-continuous,paired_auc_difference,0.411111,0.400000,0.433333,3,DESCRIPTIVE
heldout:offset:tie_free:LC-L:F-5-micro,heldout,offset,tie_free,LC-L:F-5-micro,paired_auc_difference,0.322222,0.266667,0.400000,3,DESCRIPTIVE
heldout:offset:tie_free:LC-L:F-5-macro,heldout,offset,tie_free,LC-L:F-5-macro,paired_auc_difference,0.155556,0.033333,0.400000,3,DESCRIPTIVE
heldout:offset:tie_free:LC-L:F-15-continuous,heldout,offset,tie_free,LC-L:F-15-continuous,paired_auc_difference,0.177778,0.033333,0.333333,3,DESCRIPTIVE
heldout:offset:tie_free:LC-L:F-15-micro,heldout,offset,tie_free,LC-L:F-15-micro,paired_auc_difference,0.111111,0.000000,0.300000,3,DESCRIPTIVE
heldout:offset:tie_free:LC-L:F-15-macro,heldout,offset,tie_free,LC-L:F-15-macro,paired_auc_difference,0.200000,0.000000,0.400000,3,DESCRIPTIVE
heldout:offset:tie_free:LC-L:C-F-1,heldout,offset,tie_free,LC-L:C-F-1,paired_auc_difference,0.200000,0.000000,0.600000,3,DESCRIPTIVE
heldout:offset:tie_free:LC-L:C-F-5,heldout,offset,tie_free,LC-L:C-F-5,paired_auc_difference,0.200000,0.000000,0.600000,3,DESCRIPTIVE
heldout:offset:tie_free:LC-L:C-F-15,heldout,offset,tie_free,LC-L:C-F-15,paired_auc_difference,0.266667,0.000000,0.600000,3,DESCRIPTIVE
heldout:offset:tie_free:LC-B:request_mean,heldout,offset,tie_free,LC-B:request_mean,paired_auc_difference,0.122222,0.066667,0.216667,3,DESCRIPTIVE
heldout:offset:tie_free:LC-B:F-1-continuous,heldout,offset,tie_free,LC-B:F-1-continuous,paired_auc_difference,0.177778,0.133333,0.233333,3,DESCRIPTIVE
heldout:offset:tie_free:LC-B:F-1-micro,heldout,offset,tie_free,LC-B:F-1-micro,paired_auc_difference,0.211111,0.166667,0.300000,3,DESCRIPTIVE
heldout:offset:tie_free:LC-B:F-1-macro,heldout,offset,tie_free,LC-B:F-1-macro,paired_auc_difference,0.122222,0.066667,0.233333,3,DESCRIPTIVE
heldout:offset:tie_free:LC-B:F-5-continuous,heldout,offset,tie_free,LC-B:F-5-continuous,paired_auc_difference,0.255556,0.233333,0.266667,3,DESCRIPTIVE
heldout:offset:tie_free:LC-B:F-5-micro,heldout,offset,tie_free,LC-B:F-5-micro,paired_auc_difference,0.233333,0.233333,0.233333,3,DESCRIPTIVE
heldout:offset:tie_free:LC-B:F-5-macro,heldout,offset,tie_free,LC-B:F-5-macro,paired_auc_difference,0.088889,0.033333,0.200000,3,DESCRIPTIVE
heldout:offset:tie_free:LC-B:F-15-continuous,heldout,offset,tie_free,LC-B:F-15-continuous,paired_auc_difference,0.166667,0.000000,0.400000,3,DESCRIPTIVE
heldout:offset:tie_free:LC-B:F-15-micro,heldout,offset,tie_free,LC-B:F-15-micro,paired_auc_difference,0.144444,0.000000,0.400000,3,DESCRIPTIVE
heldout:offset:tie_free:LC-B:F-15-macro,heldout,offset,tie_free,LC-B:F-15-macro,paired_auc_difference,0.244444,0.066667,0.400000,3,DESCRIPTIVE
heldout:offset:tie_free:LC-B:C-F-1,heldout,offset,tie_free,LC-B:C-F-1,paired_auc_difference,0.000000,0.000000,0.000000,3,DESCRIPTIVE
heldout:offset:tie_free:LC-B:C-F-5,heldout,offset,tie_free,LC-B:C-F-5,paired_auc_difference,0.000000,0.000000,0.000000,3,DESCRIPTIVE
heldout:offset:tie_free:LC-B:C-F-15,heldout,offset,tie_free,LC-B:C-F-15,paired_auc_difference,0.066667,0.000000,0.200000,3,DESCRIPTIVE
heldout:offset:count:B:F-1-continuous,heldout,offset,count,B:F-1-continuous,auc,0.488889,0.466667,0.500000,3,DESCRIPTIVE
heldout:offset:count:B:F-1-micro,heldout,offset,count,B:F-1-micro,auc,0.500000,0.500000,0.500000,3,DESCRIPTIVE
heldout:offset:count:B:F-1-macro,heldout,offset,count,B:F-1-macro,auc,0.500000,0.500000,0.500000,3,DESCRIPTIVE
heldout:offset:count:B:F-5-continuous,heldout,offset,count,B:F-5-continuous,auc,0.466667,0.400000,0.500000,3,DESCRIPTIVE
heldout:offset:count:B:F-5-micro,heldout,offset,count,B:F-5-micro,auc,0.444444,0.333333,0.500000,3,DESCRIPTIVE
heldout:offset:count:B:F-5-macro,heldout,offset,count,B:F-5-macro,auc,0.544444,0.500000,0.600000,3,DESCRIPTIVE
heldout:offset:count:B:F-15-continuous,heldout,offset,count,B:F-15-continuous,auc,0.533333,0.500000,0.600000,3,DESCRIPTIVE
heldout:offset:count:B:F-15-micro,heldout,offset,count,B:F-15-micro,auc,0.600000,0.500000,0.800000,3,DESCRIPTIVE
heldout:offset:count:B:F-15-macro,heldout,offset,count,B:F-15-macro,auc,0.533333,0.500000,0.600000,3,DESCRIPTIVE
heldout:offset:count:B:C-F-1,heldout,offset,count,B:C-F-1,auc,0.500000,0.500000,0.500000,3,DESCRIPTIVE
heldout:offset:count:B:C-F-5,heldout,offset,count,B:C-F-5,auc,0.488889,0.433333,0.533333,3,DESCRIPTIVE
heldout:offset:count:B:C-F-15,heldout,offset,count,B:C-F-15,auc,0.533333,0.500000,0.600000,3,DESCRIPTIVE
heldout:offset:count:L:F-1-continuous,heldout,offset,count,L:F-1-continuous,auc,0.544444,0.500000,0.600000,3,DESCRIPTIVE
heldout:offset:count:L:F-1-micro,heldout,offset,count,L:F-1-micro,auc,0.544444,0.500000,0.600000,3,DESCRIPTIVE
heldout:offset:count:L:F-1-macro,heldout,offset,count,L:F-1-macro,auc,0.533333,0.500000,0.600000,3,DESCRIPTIVE
heldout:offset:count:L:F-5-continuous,heldout,offset,count,L:F-5-continuous,auc,0.533333,0.500000,0.600000,3,DESCRIPTIVE
heldout:offset:count:L:F-5-micro,heldout,offset,count,L:F-5-micro,auc,0.533333,0.500000,0.600000,3,DESCRIPTIVE
heldout:offset:count:L:F-5-macro,heldout,offset,count,L:F-5-macro,auc,0.511111,0.433333,0.600000,3,DESCRIPTIVE
heldout:offset:count:L:F-15-continuous,heldout,offset,count,L:F-15-continuous,auc,0.533333,0.500000,0.600000,3,DESCRIPTIVE
heldout:offset:count:L:F-15-micro,heldout,offset,count,L:F-15-micro,auc,0.533333,0.500000,0.600000,3,DESCRIPTIVE
heldout:offset:count:L:F-15-macro,heldout,offset,count,L:F-15-macro,auc,0.572222,0.416667,0.800000,3,DESCRIPTIVE
heldout:offset:count:L:C-F-1,heldout,offset,count,L:C-F-1,auc,0.488889,0.433333,0.533333,3,DESCRIPTIVE
heldout:offset:count:L:C-F-5,heldout,offset,count,L:C-F-5,auc,0.555556,0.433333,0.733333,3,DESCRIPTIVE
heldout:offset:count:L:C-F-15,heldout,offset,count,L:C-F-15,auc,0.477778,0.333333,0.600000,3,DESCRIPTIVE
heldout:offset:count:C:F-1-continuous,heldout,offset,count,C:F-1-continuous,auc,0.500000,0.500000,0.500000,3,DESCRIPTIVE
heldout:offset:count:C:F-1-micro,heldout,offset,count,C:F-1-micro,auc,0.500000,0.500000,0.500000,3,DESCRIPTIVE
heldout:offset:count:C:F-1-macro,heldout,offset,count,C:F-1-macro,auc,0.500000,0.500000,0.500000,3,DESCRIPTIVE
heldout:offset:count:C:F-5-continuous,heldout,offset,count,C:F-5-continuous,auc,0.466667,0.400000,0.500000,3,DESCRIPTIVE
heldout:offset:count:C:F-5-micro,heldout,offset,count,C:F-5-micro,auc,0.500000,0.500000,0.500000,3,DESCRIPTIVE
heldout:offset:count:C:F-5-macro,heldout,offset,count,C:F-5-macro,auc,0.455556,0.333333,0.533333,3,DESCRIPTIVE
heldout:offset:count:C:F-15-continuous,heldout,offset,count,C:F-15-continuous,auc,0.388889,0.333333,0.500000,3,DESCRIPTIVE
heldout:offset:count:C:F-15-micro,heldout,offset,count,C:F-15-micro,auc,0.488889,0.433333,0.533333,3,DESCRIPTIVE
heldout:offset:count:C:F-15-macro,heldout,offset,count,C:F-15-macro,auc,0.466667,0.466667,0.466667,3,DESCRIPTIVE
heldout:offset:count:C:C-F-1,heldout,offset,count,C:C-F-1,auc,0.500000,0.500000,0.500000,3,DESCRIPTIVE
heldout:offset:count:C:C-F-5,heldout,offset,count,C:C-F-5,auc,0.577778,0.500000,0.633333,3,DESCRIPTIVE
heldout:offset:count:C:C-F-15,heldout,offset,count,C:C-F-15,auc,0.600000,0.500000,0.800000,3,DESCRIPTIVE
heldout:offset:count:LC:F-1-continuous,heldout,offset,count,LC:F-1-continuous,auc,0.611111,0.433333,0.866667,3,DESCRIPTIVE
heldout:offset:count:LC:F-1-micro,heldout,offset,count,LC:F-1-micro,auc,0.500000,0.433333,0.566667,3,DESCRIPTIVE
heldout:offset:count:LC:F-1-macro,heldout,offset,count,LC:F-1-macro,auc,0.655556,0.566667,0.833333,3,DESCRIPTIVE
heldout:offset:count:LC:F-5-continuous,heldout,offset,count,LC:F-5-continuous,auc,0.611111,0.600000,0.633333,3,DESCRIPTIVE
heldout:offset:count:LC:F-5-micro,heldout,offset,count,LC:F-5-micro,auc,0.588889,0.566667,0.600000,3,DESCRIPTIVE
heldout:offset:count:LC:F-5-macro,heldout,offset,count,LC:F-5-macro,auc,0.622222,0.533333,0.800000,3,DESCRIPTIVE
heldout:offset:count:LC:F-15-continuous,heldout,offset,count,LC:F-15-continuous,auc,0.633333,0.500000,0.800000,3,DESCRIPTIVE
heldout:offset:count:LC:F-15-micro,heldout,offset,count,LC:F-15-micro,auc,0.611111,0.500000,0.800000,3,DESCRIPTIVE
heldout:offset:count:LC:F-15-macro,heldout,offset,count,LC:F-15-macro,auc,0.711111,0.566667,0.800000,3,DESCRIPTIVE
heldout:offset:count:LC:C-F-1,heldout,offset,count,LC:C-F-1,auc,0.600000,0.500000,0.800000,3,DESCRIPTIVE
heldout:offset:count:LC:C-F-5,heldout,offset,count,LC:C-F-5,auc,0.566667,0.400000,0.800000,3,DESCRIPTIVE
heldout:offset:count:LC:C-F-15,heldout,offset,count,LC:C-F-15,auc,0.666667,0.500000,0.800000,3,DESCRIPTIVE
heldout:offset:count:E99:F-1-continuous,heldout,offset,count,E99:F-1-continuous,auc,0.527778,0.500000,0.583333,3,DESCRIPTIVE
heldout:offset:count:E99:F-1-micro,heldout,offset,count,E99:F-1-micro,auc,0.561111,0.500000,0.600000,3,DESCRIPTIVE
heldout:offset:count:E99:F-1-macro,heldout,offset,count,E99:F-1-macro,auc,0.500000,0.500000,0.500000,3,DESCRIPTIVE
heldout:offset:count:E99:F-5-continuous,heldout,offset,count,E99:F-5-continuous,auc,0.466667,0.400000,0.500000,3,DESCRIPTIVE
heldout:offset:count:E99:F-5-micro,heldout,offset,count,E99:F-5-micro,auc,0.444444,0.333333,0.500000,3,DESCRIPTIVE
heldout:offset:count:E99:F-5-macro,heldout,offset,count,E99:F-5-macro,auc,0.522222,0.500000,0.566667,3,DESCRIPTIVE
heldout:offset:count:E99:F-15-continuous,heldout,offset,count,E99:F-15-continuous,auc,0.466667,0.400000,0.500000,3,DESCRIPTIVE
heldout:offset:count:E99:F-15-micro,heldout,offset,count,E99:F-15-micro,auc,0.466667,0.400000,0.500000,3,DESCRIPTIVE
heldout:offset:count:E99:F-15-macro,heldout,offset,count,E99:F-15-macro,auc,0.466667,0.400000,0.500000,3,DESCRIPTIVE
heldout:offset:count:E99:C-F-1,heldout,offset,count,E99:C-F-1,auc,0.500000,0.500000,0.500000,3,DESCRIPTIVE
heldout:offset:count:E99:C-F-5,heldout,offset,count,E99:C-F-5,auc,0.533333,0.500000,0.600000,3,DESCRIPTIVE
heldout:offset:count:E99:C-F-15,heldout,offset,count,E99:C-F-15,auc,0.533333,0.500000,0.600000,3,DESCRIPTIVE
heldout:offset:count:L-B:request_mean,heldout,offset,count,L-B:request_mean,paired_auc_difference,0.018981,-0.022222,0.086111,3,DESCRIPTIVE
heldout:offset:count:L-B:F-1-continuous,heldout,offset,count,L-B:F-1-continuous,paired_auc_difference,0.055556,0.000000,0.133333,3,DESCRIPTIVE
heldout:offset:count:L-B:F-1-micro,heldout,offset,count,L-B:F-1-micro,paired_auc_difference,0.044444,0.000000,0.100000,3,DESCRIPTIVE
heldout:offset:count:L-B:F-1-macro,heldout,offset,count,L-B:F-1-macro,paired_auc_difference,0.033333,0.000000,0.100000,3,DESCRIPTIVE
heldout:offset:count:L-B:F-5-continuous,heldout,offset,count,L-B:F-5-continuous,paired_auc_difference,0.066667,0.000000,0.200000,3,DESCRIPTIVE
heldout:offset:count:L-B:F-5-micro,heldout,offset,count,L-B:F-5-micro,paired_auc_difference,0.088889,0.000000,0.266667,3,DESCRIPTIVE
heldout:offset:count:L-B:F-5-macro,heldout,offset,count,L-B:F-5-macro,paired_auc_difference,-0.033333,-0.066667,0.000000,3,DESCRIPTIVE
heldout:offset:count:L-B:F-15-continuous,heldout,offset,count,L-B:F-15-continuous,paired_auc_difference,0.000000,0.000000,0.000000,3,DESCRIPTIVE
heldout:offset:count:L-B:F-15-micro,heldout,offset,count,L-B:F-15-micro,paired_auc_difference,-0.066667,-0.200000,0.000000,3,DESCRIPTIVE
heldout:offset:count:L-B:F-15-macro,heldout,offset,count,L-B:F-15-macro,paired_auc_difference,0.038889,-0.083333,0.200000,3,DESCRIPTIVE
heldout:offset:count:L-B:C-F-1,heldout,offset,count,L-B:C-F-1,paired_auc_difference,-0.011111,-0.066667,0.033333,3,DESCRIPTIVE
heldout:offset:count:L-B:C-F-5,heldout,offset,count,L-B:C-F-5,paired_auc_difference,0.066667,0.000000,0.200000,3,DESCRIPTIVE
heldout:offset:count:L-B:C-F-15,heldout,offset,count,L-B:C-F-15,paired_auc_difference,-0.055556,-0.166667,0.000000,3,DESCRIPTIVE
heldout:offset:count:LC-C:request_mean,heldout,offset,count,LC-C:request_mean,paired_auc_difference,0.180556,0.075000,0.341667,3,DESCRIPTIVE
heldout:offset:count:LC-C:F-1-continuous,heldout,offset,count,LC-C:F-1-continuous,paired_auc_difference,0.111111,-0.066667,0.366667,3,DESCRIPTIVE
heldout:offset:count:LC-C:F-1-micro,heldout,offset,count,LC-C:F-1-micro,paired_auc_difference,0.000000,-0.066667,0.066667,3,DESCRIPTIVE
heldout:offset:count:LC-C:F-1-macro,heldout,offset,count,LC-C:F-1-macro,paired_auc_difference,0.155556,0.066667,0.333333,3,DESCRIPTIVE
heldout:offset:count:LC-C:F-5-continuous,heldout,offset,count,LC-C:F-5-continuous,paired_auc_difference,0.144444,0.100000,0.200000,3,DESCRIPTIVE
heldout:offset:count:LC-C:F-5-micro,heldout,offset,count,LC-C:F-5-micro,paired_auc_difference,0.088889,0.066667,0.100000,3,DESCRIPTIVE
heldout:offset:count:LC-C:F-5-macro,heldout,offset,count,LC-C:F-5-macro,paired_auc_difference,0.166667,0.000000,0.466667,3,DESCRIPTIVE
heldout:offset:count:LC-C:F-15-continuous,heldout,offset,count,LC-C:F-15-continuous,paired_auc_difference,0.244444,0.000000,0.466667,3,DESCRIPTIVE
heldout:offset:count:LC-C:F-15-micro,heldout,offset,count,LC-C:F-15-micro,paired_auc_difference,0.122222,0.000000,0.266667,3,DESCRIPTIVE
heldout:offset:count:LC-C:F-15-macro,heldout,offset,count,LC-C:F-15-macro,paired_auc_difference,0.244444,0.100000,0.333333,3,DESCRIPTIVE
heldout:offset:count:LC-C:C-F-1,heldout,offset,count,LC-C:C-F-1,paired_auc_difference,0.100000,0.000000,0.300000,3,DESCRIPTIVE
heldout:offset:count:LC-C:C-F-5,heldout,offset,count,LC-C:C-F-5,paired_auc_difference,0.066667,-0.100000,0.300000,3,DESCRIPTIVE
heldout:offset:count:LC-C:C-F-15,heldout,offset,count,LC-C:C-F-15,paired_auc_difference,0.066667,0.000000,0.200000,3,DESCRIPTIVE
heldout:offset:count:C-B:request_mean,heldout,offset,count,C-B:request_mean,paired_auc_difference,-0.015741,-0.038889,0.008333,3,DESCRIPTIVE
heldout:offset:count:C-B:F-1-continuous,heldout,offset,count,C-B:F-1-continuous,paired_auc_difference,0.011111,0.000000,0.033333,3,DESCRIPTIVE
heldout:offset:count:C-B:F-1-micro,heldout,offset,count,C-B:F-1-micro,paired_auc_difference,0.000000,0.000000,0.000000,3,DESCRIPTIVE
heldout:offset:count:C-B:F-1-macro,heldout,offset,count,C-B:F-1-macro,paired_auc_difference,0.000000,0.000000,0.000000,3,DESCRIPTIVE
heldout:offset:count:C-B:F-5-continuous,heldout,offset,count,C-B:F-5-continuous,paired_auc_difference,0.000000,0.000000,0.000000,3,DESCRIPTIVE
heldout:offset:count:C-B:F-5-micro,heldout,offset,count,C-B:F-5-micro,paired_auc_difference,0.055556,0.000000,0.166667,3,DESCRIPTIVE
heldout:offset:count:C-B:F-5-macro,heldout,offset,count,C-B:F-5-macro,paired_auc_difference,-0.088889,-0.266667,0.000000,3,DESCRIPTIVE
heldout:offset:count:C-B:F-15-continuous,heldout,offset,count,C-B:F-15-continuous,paired_auc_difference,-0.144444,-0.266667,0.000000,3,DESCRIPTIVE
heldout:offset:count:C-B:F-15-micro,heldout,offset,count,C-B:F-15-micro,paired_auc_difference,-0.111111,-0.266667,0.000000,3,DESCRIPTIVE
heldout:offset:count:C-B:F-15-macro,heldout,offset,count,C-B:F-15-macro,paired_auc_difference,-0.066667,-0.133333,-0.033333,3,DESCRIPTIVE
heldout:offset:count:C-B:C-F-1,heldout,offset,count,C-B:C-F-1,paired_auc_difference,0.000000,0.000000,0.000000,3,DESCRIPTIVE
heldout:offset:count:C-B:C-F-5,heldout,offset,count,C-B:C-F-5,paired_auc_difference,0.088889,0.066667,0.133333,3,DESCRIPTIVE
heldout:offset:count:C-B:C-F-15,heldout,offset,count,C-B:C-F-15,paired_auc_difference,0.066667,0.000000,0.200000,3,DESCRIPTIVE
heldout:offset:count:LC-L:request_mean,heldout,offset,count,LC-L:request_mean,paired_auc_difference,0.180556,0.058333,0.408333,3,DESCRIPTIVE
heldout:offset:count:LC-L:F-1-continuous,heldout,offset,count,LC-L:F-1-continuous,paired_auc_difference,0.066667,-0.066667,0.266667,3,DESCRIPTIVE
heldout:offset:count:LC-L:F-1-micro,heldout,offset,count,LC-L:F-1-micro,paired_auc_difference,-0.044444,-0.066667,-0.033333,3,DESCRIPTIVE
heldout:offset:count:LC-L:F-1-macro,heldout,offset,count,LC-L:F-1-macro,paired_auc_difference,0.122222,0.066667,0.233333,3,DESCRIPTIVE
heldout:offset:count:LC-L:F-5-continuous,heldout,offset,count,LC-L:F-5-continuous,paired_auc_difference,0.077778,0.000000,0.133333,3,DESCRIPTIVE
heldout:offset:count:LC-L:F-5-micro,heldout,offset,count,LC-L:F-5-micro,paired_auc_difference,0.055556,0.000000,0.100000,3,DESCRIPTIVE
heldout:offset:count:LC-L:F-5-macro,heldout,offset,count,LC-L:F-5-macro,paired_auc_difference,0.111111,0.033333,0.200000,3,DESCRIPTIVE
heldout:offset:count:LC-L:F-15-continuous,heldout,offset,count,LC-L:F-15-continuous,paired_auc_difference,0.100000,0.000000,0.200000,3,DESCRIPTIVE
heldout:offset:count:LC-L:F-15-micro,heldout,offset,count,LC-L:F-15-micro,paired_auc_difference,0.077778,0.000000,0.200000,3,DESCRIPTIVE
heldout:offset:count:LC-L:F-15-macro,heldout,offset,count,LC-L:F-15-macro,paired_auc_difference,0.138889,0.000000,0.350000,3,DESCRIPTIVE
heldout:offset:count:LC-L:C-F-1,heldout,offset,count,LC-L:C-F-1,paired_auc_difference,0.000000,0.000000,0.000000,3,DESCRIPTIVE
heldout:offset:count:LC-L:C-F-5,heldout,offset,count,LC-L:C-F-5,paired_auc_difference,-0.033333,-0.100000,0.000000,3,DESCRIPTIVE
heldout:offset:count:LC-L:C-F-15,heldout,offset,count,LC-L:C-F-15,paired_auc_difference,0.066667,0.000000,0.200000,3,DESCRIPTIVE
heldout:offset:count:LC-B:request_mean,heldout,offset,count,LC-B:request_mean,paired_auc_difference,0.136111,0.058333,0.275000,3,DESCRIPTIVE
heldout:offset:count:LC-B:F-1-continuous,heldout,offset,count,LC-B:F-1-continuous,paired_auc_difference,0.122222,-0.066667,0.400000,3,DESCRIPTIVE
heldout:offset:count:LC-B:F-1-micro,heldout,offset,count,LC-B:F-1-micro,paired_auc_difference,0.000000,-0.066667,0.066667,3,DESCRIPTIVE
heldout:offset:count:LC-B:F-1-macro,heldout,offset,count,LC-B:F-1-macro,paired_auc_difference,0.155556,0.066667,0.333333,3,DESCRIPTIVE
heldout:offset:count:LC-B:F-5-continuous,heldout,offset,count,LC-B:F-5-continuous,paired_auc_difference,0.144444,0.100000,0.200000,3,DESCRIPTIVE
heldout:offset:count:LC-B:F-5-micro,heldout,offset,count,LC-B:F-5-micro,paired_auc_difference,0.144444,0.066667,0.266667,3,DESCRIPTIVE
heldout:offset:count:LC-B:F-5-macro,heldout,offset,count,LC-B:F-5-macro,paired_auc_difference,0.077778,0.000000,0.200000,3,DESCRIPTIVE
heldout:offset:count:LC-B:F-15-continuous,heldout,offset,count,LC-B:F-15-continuous,paired_auc_difference,0.100000,0.000000,0.200000,3,DESCRIPTIVE
heldout:offset:count:LC-B:F-15-micro,heldout,offset,count,LC-B:F-15-micro,paired_auc_difference,0.011111,0.000000,0.033333,3,DESCRIPTIVE
heldout:offset:count:LC-B:F-15-macro,heldout,offset,count,LC-B:F-15-macro,paired_auc_difference,0.177778,0.066667,0.266667,3,DESCRIPTIVE
heldout:offset:count:LC-B:C-F-1,heldout,offset,count,LC-B:C-F-1,paired_auc_difference,0.100000,0.000000,0.300000,3,DESCRIPTIVE
heldout:offset:count:LC-B:C-F-5,heldout,offset,count,LC-B:C-F-5,paired_auc_difference,-0.033333,-0.100000,0.000000,3,DESCRIPTIVE
heldout:offset:count:LC-B:C-F-15,heldout,offset,count,LC-B:C-F-15,paired_auc_difference,0.066667,0.000000,0.200000,3,DESCRIPTIVE
heldout:angle:tie_free:B:F-1-continuous,heldout,angle,tie_free,B:F-1-continuous,auc,0.569444,0.555556,0.583333,2,DESCRIPTIVE
heldout:angle:tie_free:B:F-1-micro,heldout,angle,tie_free,B:F-1-micro,auc,0.472222,0.444444,0.500000,2,DESCRIPTIVE
heldout:angle:tie_free:B:F-1-macro,heldout,angle,tie_free,B:F-1-macro,auc,0.569444,0.555556,0.583333,2,DESCRIPTIVE
heldout:angle:tie_free:B:F-5-continuous,heldout,angle,tie_free,B:F-5-continuous,auc,0.569444,0.555556,0.583333,2,DESCRIPTIVE
heldout:angle:tie_free:B:F-5-micro,heldout,angle,tie_free,B:F-5-micro,auc,0.597222,0.555556,0.638889,2,DESCRIPTIVE
heldout:angle:tie_free:B:F-5-macro,heldout,angle,tie_free,B:F-5-macro,auc,0.611111,0.555556,0.666667,2,DESCRIPTIVE
heldout:angle:tie_free:B:F-15-continuous,heldout,angle,tie_free,B:F-15-continuous,auc,0.430556,0.416667,0.444444,2,DESCRIPTIVE
heldout:angle:tie_free:B:F-15-micro,heldout,angle,tie_free,B:F-15-micro,auc,0.430556,0.416667,0.444444,2,DESCRIPTIVE
heldout:angle:tie_free:B:F-15-macro,heldout,angle,tie_free,B:F-15-macro,auc,0.430556,0.416667,0.444444,2,DESCRIPTIVE
heldout:angle:tie_free:B:C-F-1,heldout,angle,tie_free,B:C-F-1,auc,0.583333,0.583333,0.583333,2,DESCRIPTIVE
heldout:angle:tie_free:B:C-F-5,heldout,angle,tie_free,B:C-F-5,auc,0.569444,0.555556,0.583333,2,DESCRIPTIVE
heldout:angle:tie_free:B:C-F-15,heldout,angle,tie_free,B:C-F-15,auc,0.569444,0.555556,0.583333,2,DESCRIPTIVE
heldout:angle:tie_free:L:F-1-continuous,heldout,angle,tie_free,L:F-1-continuous,auc,0.500000,0.472222,0.527778,2,DESCRIPTIVE
heldout:angle:tie_free:L:F-1-micro,heldout,angle,tie_free,L:F-1-micro,auc,0.569444,0.555556,0.583333,2,DESCRIPTIVE
heldout:angle:tie_free:L:F-1-macro,heldout,angle,tie_free,L:F-1-macro,auc,0.388889,0.333333,0.444444,2,DESCRIPTIVE
heldout:angle:tie_free:L:F-5-continuous,heldout,angle,tie_free,L:F-5-continuous,auc,0.416667,0.388889,0.444444,2,DESCRIPTIVE
heldout:angle:tie_free:L:F-5-micro,heldout,angle,tie_free,L:F-5-micro,auc,0.430556,0.416667,0.444444,2,DESCRIPTIVE
heldout:angle:tie_free:L:F-5-macro,heldout,angle,tie_free,L:F-5-macro,auc,0.430556,0.416667,0.444444,2,DESCRIPTIVE
heldout:angle:tie_free:L:F-15-continuous,heldout,angle,tie_free,L:F-15-continuous,auc,0.444444,0.416667,0.472222,2,DESCRIPTIVE
heldout:angle:tie_free:L:F-15-micro,heldout,angle,tie_free,L:F-15-micro,auc,0.472222,0.444444,0.500000,2,DESCRIPTIVE
heldout:angle:tie_free:L:F-15-macro,heldout,angle,tie_free,L:F-15-macro,auc,0.430556,0.416667,0.444444,2,DESCRIPTIVE
heldout:angle:tie_free:L:C-F-1,heldout,angle,tie_free,L:C-F-1,auc,0.527778,0.500000,0.555556,2,DESCRIPTIVE
heldout:angle:tie_free:L:C-F-5,heldout,angle,tie_free,L:C-F-5,auc,0.527778,0.500000,0.555556,2,DESCRIPTIVE
heldout:angle:tie_free:L:C-F-15,heldout,angle,tie_free,L:C-F-15,auc,0.402778,0.250000,0.555556,2,DESCRIPTIVE
heldout:angle:tie_free:C:F-1-continuous,heldout,angle,tie_free,C:F-1-continuous,auc,0.708333,0.666667,0.750000,2,DESCRIPTIVE
heldout:angle:tie_free:C:F-1-micro,heldout,angle,tie_free,C:F-1-micro,auc,0.708333,0.666667,0.750000,2,DESCRIPTIVE
heldout:angle:tie_free:C:F-1-macro,heldout,angle,tie_free,C:F-1-macro,auc,0.708333,0.666667,0.750000,2,DESCRIPTIVE
heldout:angle:tie_free:C:F-5-continuous,heldout,angle,tie_free,C:F-5-continuous,auc,0.708333,0.666667,0.750000,2,DESCRIPTIVE
heldout:angle:tie_free:C:F-5-micro,heldout,angle,tie_free,C:F-5-micro,auc,0.708333,0.666667,0.750000,2,DESCRIPTIVE
heldout:angle:tie_free:C:F-5-macro,heldout,angle,tie_free,C:F-5-macro,auc,0.708333,0.666667,0.750000,2,DESCRIPTIVE
heldout:angle:tie_free:C:F-15-continuous,heldout,angle,tie_free,C:F-15-continuous,auc,0.708333,0.666667,0.750000,2,DESCRIPTIVE
heldout:angle:tie_free:C:F-15-micro,heldout,angle,tie_free,C:F-15-micro,auc,0.708333,0.666667,0.750000,2,DESCRIPTIVE
heldout:angle:tie_free:C:F-15-macro,heldout,angle,tie_free,C:F-15-macro,auc,0.708333,0.666667,0.750000,2,DESCRIPTIVE
heldout:angle:tie_free:C:C-F-1,heldout,angle,tie_free,C:C-F-1,auc,0.708333,0.666667,0.750000,2,DESCRIPTIVE
heldout:angle:tie_free:C:C-F-5,heldout,angle,tie_free,C:C-F-5,auc,0.708333,0.666667,0.750000,2,DESCRIPTIVE
heldout:angle:tie_free:C:C-F-15,heldout,angle,tie_free,C:C-F-15,auc,0.708333,0.666667,0.750000,2,DESCRIPTIVE
heldout:angle:tie_free:LC:F-1-continuous,heldout,angle,tie_free,LC:F-1-continuous,auc,0.805556,0.777778,0.833333,2,DESCRIPTIVE
heldout:angle:tie_free:LC:F-1-micro,heldout,angle,tie_free,LC:F-1-micro,auc,0.694444,0.638889,0.750000,2,DESCRIPTIVE
heldout:angle:tie_free:LC:F-1-macro,heldout,angle,tie_free,LC:F-1-macro,auc,0.791667,0.777778,0.805556,2,DESCRIPTIVE
heldout:angle:tie_free:LC:F-5-continuous,heldout,angle,tie_free,LC:F-5-continuous,auc,0.791667,0.750000,0.833333,2,DESCRIPTIVE
heldout:angle:tie_free:LC:F-5-micro,heldout,angle,tie_free,LC:F-5-micro,auc,0.791667,0.777778,0.805556,2,DESCRIPTIVE
heldout:angle:tie_free:LC:F-5-macro,heldout,angle,tie_free,LC:F-5-macro,auc,0.708333,0.666667,0.750000,2,DESCRIPTIVE
heldout:angle:tie_free:LC:F-15-continuous,heldout,angle,tie_free,LC:F-15-continuous,auc,0.708333,0.666667,0.750000,2,DESCRIPTIVE
heldout:angle:tie_free:LC:F-15-micro,heldout,angle,tie_free,LC:F-15-micro,auc,0.708333,0.666667,0.750000,2,DESCRIPTIVE
heldout:angle:tie_free:LC:F-15-macro,heldout,angle,tie_free,LC:F-15-macro,auc,0.708333,0.666667,0.750000,2,DESCRIPTIVE
heldout:angle:tie_free:LC:C-F-1,heldout,angle,tie_free,LC:C-F-1,auc,0.708333,0.666667,0.750000,2,DESCRIPTIVE
heldout:angle:tie_free:LC:C-F-5,heldout,angle,tie_free,LC:C-F-5,auc,0.708333,0.666667,0.750000,2,DESCRIPTIVE
heldout:angle:tie_free:LC:C-F-15,heldout,angle,tie_free,LC:C-F-15,auc,0.708333,0.666667,0.750000,2,DESCRIPTIVE
heldout:angle:tie_free:E99:F-1-continuous,heldout,angle,tie_free,E99:F-1-continuous,auc,0.611111,0.555556,0.666667,2,DESCRIPTIVE
heldout:angle:tie_free:E99:F-1-micro,heldout,angle,tie_free,E99:F-1-micro,auc,0.652778,0.555556,0.750000,2,DESCRIPTIVE
heldout:angle:tie_free:E99:F-1-macro,heldout,angle,tie_free,E99:F-1-macro,auc,0.430556,0.416667,0.444444,2,DESCRIPTIVE
heldout:angle:tie_free:E99:F-5-continuous,heldout,angle,tie_free,E99:F-5-continuous,auc,0.597222,0.555556,0.638889,2,DESCRIPTIVE
heldout:angle:tie_free:E99:F-5-micro,heldout,angle,tie_free,E99:F-5-micro,auc,0.625000,0.583333,0.666667,2,DESCRIPTIVE
heldout:angle:tie_free:E99:F-5-macro,heldout,angle,tie_free,E99:F-5-macro,auc,0.555556,0.527778,0.583333,2,DESCRIPTIVE
heldout:angle:tie_free:E99:F-15-continuous,heldout,angle,tie_free,E99:F-15-continuous,auc,0.430556,0.416667,0.444444,2,DESCRIPTIVE
heldout:angle:tie_free:E99:F-15-micro,heldout,angle,tie_free,E99:F-15-micro,auc,0.430556,0.416667,0.444444,2,DESCRIPTIVE
heldout:angle:tie_free:E99:F-15-macro,heldout,angle,tie_free,E99:F-15-macro,auc,0.430556,0.416667,0.444444,2,DESCRIPTIVE
heldout:angle:tie_free:E99:C-F-1,heldout,angle,tie_free,E99:C-F-1,auc,0.430556,0.416667,0.444444,2,DESCRIPTIVE
heldout:angle:tie_free:E99:C-F-5,heldout,angle,tie_free,E99:C-F-5,auc,0.569444,0.555556,0.583333,2,DESCRIPTIVE
heldout:angle:tie_free:E99:C-F-15,heldout,angle,tie_free,E99:C-F-15,auc,0.388889,0.333333,0.444444,2,DESCRIPTIVE
heldout:angle:tie_free:L-B:request_mean,heldout,angle,tie_free,L-B:request_mean,paired_auc_difference,-0.071759,-0.097222,-0.046296,2,DESCRIPTIVE
heldout:angle:tie_free:L-B:F-1-continuous,heldout,angle,tie_free,L-B:F-1-continuous,paired_auc_difference,-0.069444,-0.083333,-0.055556,2,DESCRIPTIVE
heldout:angle:tie_free:L-B:F-1-micro,heldout,angle,tie_free,L-B:F-1-micro,paired_auc_difference,0.097222,0.083333,0.111111,2,DESCRIPTIVE
heldout:angle:tie_free:L-B:F-1-macro,heldout,angle,tie_free,L-B:F-1-macro,paired_auc_difference,-0.180556,-0.250000,-0.111111,2,DESCRIPTIVE
heldout:angle:tie_free:L-B:F-5-continuous,heldout,angle,tie_free,L-B:F-5-continuous,paired_auc_difference,-0.152778,-0.166667,-0.138889,2,DESCRIPTIVE
heldout:angle:tie_free:L-B:F-5-micro,heldout,angle,tie_free,L-B:F-5-micro,paired_auc_difference,-0.166667,-0.194444,-0.138889,2,DESCRIPTIVE
heldout:angle:tie_free:L-B:F-5-macro,heldout,angle,tie_free,L-B:F-5-macro,paired_auc_difference,-0.180556,-0.250000,-0.111111,2,DESCRIPTIVE
heldout:angle:tie_free:L-B:F-15-continuous,heldout,angle,tie_free,L-B:F-15-continuous,paired_auc_difference,0.013889,-0.027778,0.055556,2,DESCRIPTIVE
heldout:angle:tie_free:L-B:F-15-micro,heldout,angle,tie_free,L-B:F-15-micro,paired_auc_difference,0.041667,0.000000,0.083333,2,DESCRIPTIVE
heldout:angle:tie_free:L-B:F-15-macro,heldout,angle,tie_free,L-B:F-15-macro,paired_auc_difference,0.000000,0.000000,0.000000,2,DESCRIPTIVE
heldout:angle:tie_free:L-B:C-F-1,heldout,angle,tie_free,L-B:C-F-1,paired_auc_difference,-0.055556,-0.083333,-0.027778,2,DESCRIPTIVE
heldout:angle:tie_free:L-B:C-F-5,heldout,angle,tie_free,L-B:C-F-5,paired_auc_difference,-0.041667,-0.083333,0.000000,2,DESCRIPTIVE
heldout:angle:tie_free:L-B:C-F-15,heldout,angle,tie_free,L-B:C-F-15,paired_auc_difference,-0.166667,-0.333333,0.000000,2,DESCRIPTIVE
heldout:angle:tie_free:LC-C:request_mean,heldout,angle,tie_free,LC-C:request_mean,paired_auc_difference,0.041667,0.013889,0.069444,2,DESCRIPTIVE
heldout:angle:tie_free:LC-C:F-1-continuous,heldout,angle,tie_free,LC-C:F-1-continuous,paired_auc_difference,0.097222,0.027778,0.166667,2,DESCRIPTIVE
heldout:angle:tie_free:LC-C:F-1-micro,heldout,angle,tie_free,LC-C:F-1-micro,paired_auc_difference,-0.013889,-0.111111,0.083333,2,DESCRIPTIVE
heldout:angle:tie_free:LC-C:F-1-macro,heldout,angle,tie_free,LC-C:F-1-macro,paired_auc_difference,0.083333,0.055556,0.111111,2,DESCRIPTIVE
heldout:angle:tie_free:LC-C:F-5-continuous,heldout,angle,tie_free,LC-C:F-5-continuous,paired_auc_difference,0.083333,0.083333,0.083333,2,DESCRIPTIVE
heldout:angle:tie_free:LC-C:F-5-micro,heldout,angle,tie_free,LC-C:F-5-micro,paired_auc_difference,0.083333,0.055556,0.111111,2,DESCRIPTIVE
heldout:angle:tie_free:LC-C:F-5-macro,heldout,angle,tie_free,LC-C:F-5-macro,paired_auc_difference,0.000000,0.000000,0.000000,2,DESCRIPTIVE
heldout:angle:tie_free:LC-C:F-15-continuous,heldout,angle,tie_free,LC-C:F-15-continuous,paired_auc_difference,0.000000,0.000000,0.000000,2,DESCRIPTIVE
heldout:angle:tie_free:LC-C:F-15-micro,heldout,angle,tie_free,LC-C:F-15-micro,paired_auc_difference,0.000000,0.000000,0.000000,2,DESCRIPTIVE
heldout:angle:tie_free:LC-C:F-15-macro,heldout,angle,tie_free,LC-C:F-15-macro,paired_auc_difference,0.000000,0.000000,0.000000,2,DESCRIPTIVE
heldout:angle:tie_free:LC-C:C-F-1,heldout,angle,tie_free,LC-C:C-F-1,paired_auc_difference,0.000000,0.000000,0.000000,2,DESCRIPTIVE
heldout:angle:tie_free:LC-C:C-F-5,heldout,angle,tie_free,LC-C:C-F-5,paired_auc_difference,0.000000,0.000000,0.000000,2,DESCRIPTIVE
heldout:angle:tie_free:LC-C:C-F-15,heldout,angle,tie_free,LC-C:C-F-15,paired_auc_difference,0.000000,0.000000,0.000000,2,DESCRIPTIVE
heldout:angle:tie_free:C-B:request_mean,heldout,angle,tie_free,C-B:request_mean,paired_auc_difference,0.174769,0.145833,0.203704,2,DESCRIPTIVE
heldout:angle:tie_free:C-B:F-1-continuous,heldout,angle,tie_free,C-B:F-1-continuous,paired_auc_difference,0.138889,0.111111,0.166667,2,DESCRIPTIVE
heldout:angle:tie_free:C-B:F-1-micro,heldout,angle,tie_free,C-B:F-1-micro,paired_auc_difference,0.236111,0.222222,0.250000,2,DESCRIPTIVE
heldout:angle:tie_free:C-B:F-1-macro,heldout,angle,tie_free,C-B:F-1-macro,paired_auc_difference,0.138889,0.111111,0.166667,2,DESCRIPTIVE
heldout:angle:tie_free:C-B:F-5-continuous,heldout,angle,tie_free,C-B:F-5-continuous,paired_auc_difference,0.138889,0.111111,0.166667,2,DESCRIPTIVE
heldout:angle:tie_free:C-B:F-5-micro,heldout,angle,tie_free,C-B:F-5-micro,paired_auc_difference,0.111111,0.111111,0.111111,2,DESCRIPTIVE
heldout:angle:tie_free:C-B:F-5-macro,heldout,angle,tie_free,C-B:F-5-macro,paired_auc_difference,0.097222,0.083333,0.111111,2,DESCRIPTIVE
heldout:angle:tie_free:C-B:F-15-continuous,heldout,angle,tie_free,C-B:F-15-continuous,paired_auc_difference,0.277778,0.222222,0.333333,2,DESCRIPTIVE
heldout:angle:tie_free:C-B:F-15-micro,heldout,angle,tie_free,C-B:F-15-micro,paired_auc_difference,0.277778,0.222222,0.333333,2,DESCRIPTIVE
heldout:angle:tie_free:C-B:F-15-macro,heldout,angle,tie_free,C-B:F-15-macro,paired_auc_difference,0.277778,0.222222,0.333333,2,DESCRIPTIVE
heldout:angle:tie_free:C-B:C-F-1,heldout,angle,tie_free,C-B:C-F-1,paired_auc_difference,0.125000,0.083333,0.166667,2,DESCRIPTIVE
heldout:angle:tie_free:C-B:C-F-5,heldout,angle,tie_free,C-B:C-F-5,paired_auc_difference,0.138889,0.111111,0.166667,2,DESCRIPTIVE
heldout:angle:tie_free:C-B:C-F-15,heldout,angle,tie_free,C-B:C-F-15,paired_auc_difference,0.138889,0.111111,0.166667,2,DESCRIPTIVE
heldout:angle:tie_free:LC-L:request_mean,heldout,angle,tie_free,LC-L:request_mean,paired_auc_difference,0.489583,0.402778,0.576389,2,DESCRIPTIVE
heldout:angle:tie_free:LC-L:F-1-continuous,heldout,angle,tie_free,LC-L:F-1-continuous,paired_auc_difference,0.305556,0.250000,0.361111,2,DESCRIPTIVE
heldout:angle:tie_free:LC-L:F-1-micro,heldout,angle,tie_free,LC-L:F-1-micro,paired_auc_difference,0.125000,0.055556,0.194444,2,DESCRIPTIVE
heldout:angle:tie_free:LC-L:F-1-macro,heldout,angle,tie_free,LC-L:F-1-macro,paired_auc_difference,0.402778,0.333333,0.472222,2,DESCRIPTIVE
heldout:angle:tie_free:LC-L:F-5-continuous,heldout,angle,tie_free,LC-L:F-5-continuous,paired_auc_difference,0.375000,0.361111,0.388889,2,DESCRIPTIVE
heldout:angle:tie_free:LC-L:F-5-micro,heldout,angle,tie_free,LC-L:F-5-micro,paired_auc_difference,0.361111,0.361111,0.361111,2,DESCRIPTIVE
heldout:angle:tie_free:LC-L:F-5-macro,heldout,angle,tie_free,LC-L:F-5-macro,paired_auc_difference,0.277778,0.222222,0.333333,2,DESCRIPTIVE
heldout:angle:tie_free:LC-L:F-15-continuous,heldout,angle,tie_free,LC-L:F-15-continuous,paired_auc_difference,0.263889,0.250000,0.277778,2,DESCRIPTIVE
heldout:angle:tie_free:LC-L:F-15-micro,heldout,angle,tie_free,LC-L:F-15-micro,paired_auc_difference,0.236111,0.222222,0.250000,2,DESCRIPTIVE
heldout:angle:tie_free:LC-L:F-15-macro,heldout,angle,tie_free,LC-L:F-15-macro,paired_auc_difference,0.277778,0.222222,0.333333,2,DESCRIPTIVE
heldout:angle:tie_free:LC-L:C-F-1,heldout,angle,tie_free,LC-L:C-F-1,paired_auc_difference,0.541667,0.333333,0.750000,2,DESCRIPTIVE
heldout:angle:tie_free:LC-L:C-F-5,heldout,angle,tie_free,LC-L:C-F-5,paired_auc_difference,0.541667,0.333333,0.750000,2,DESCRIPTIVE
heldout:angle:tie_free:LC-L:C-F-15,heldout,angle,tie_free,LC-L:C-F-15,paired_auc_difference,0.541667,0.333333,0.750000,2,DESCRIPTIVE
heldout:angle:tie_free:LC-B:request_mean,heldout,angle,tie_free,LC-B:request_mean,paired_auc_difference,0.170139,0.159722,0.180556,2,DESCRIPTIVE
heldout:angle:tie_free:LC-B:F-1-continuous,heldout,angle,tie_free,LC-B:F-1-continuous,paired_auc_difference,0.236111,0.194444,0.277778,2,DESCRIPTIVE
heldout:angle:tie_free:LC-B:F-1-micro,heldout,angle,tie_free,LC-B:F-1-micro,paired_auc_difference,0.222222,0.138889,0.305556,2,DESCRIPTIVE
heldout:angle:tie_free:LC-B:F-1-macro,heldout,angle,tie_free,LC-B:F-1-macro,paired_auc_difference,0.222222,0.222222,0.222222,2,DESCRIPTIVE
heldout:angle:tie_free:LC-B:F-5-continuous,heldout,angle,tie_free,LC-B:F-5-continuous,paired_auc_difference,0.222222,0.194444,0.250000,2,DESCRIPTIVE
heldout:angle:tie_free:LC-B:F-5-micro,heldout,angle,tie_free,LC-B:F-5-micro,paired_auc_difference,0.194444,0.166667,0.222222,2,DESCRIPTIVE
heldout:angle:tie_free:LC-B:F-5-macro,heldout,angle,tie_free,LC-B:F-5-macro,paired_auc_difference,0.097222,0.083333,0.111111,2,DESCRIPTIVE
heldout:angle:tie_free:LC-B:F-15-continuous,heldout,angle,tie_free,LC-B:F-15-continuous,paired_auc_difference,0.277778,0.222222,0.333333,2,DESCRIPTIVE
heldout:angle:tie_free:LC-B:F-15-micro,heldout,angle,tie_free,LC-B:F-15-micro,paired_auc_difference,0.277778,0.222222,0.333333,2,DESCRIPTIVE
heldout:angle:tie_free:LC-B:F-15-macro,heldout,angle,tie_free,LC-B:F-15-macro,paired_auc_difference,0.277778,0.222222,0.333333,2,DESCRIPTIVE
heldout:angle:tie_free:LC-B:C-F-1,heldout,angle,tie_free,LC-B:C-F-1,paired_auc_difference,0.000000,0.000000,0.000000,2,DESCRIPTIVE
heldout:angle:tie_free:LC-B:C-F-5,heldout,angle,tie_free,LC-B:C-F-5,paired_auc_difference,0.000000,0.000000,0.000000,2,DESCRIPTIVE
heldout:angle:tie_free:LC-B:C-F-15,heldout,angle,tie_free,LC-B:C-F-15,paired_auc_difference,0.000000,0.000000,0.000000,2,DESCRIPTIVE
heldout:angle:count:B:F-1-continuous,heldout,angle,count,B:F-1-continuous,auc,0.486111,0.472222,0.500000,2,DESCRIPTIVE
heldout:angle:count:B:F-1-micro,heldout,angle,count,B:F-1-micro,auc,0.500000,0.500000,0.500000,2,DESCRIPTIVE
heldout:angle:count:B:F-1-macro,heldout,angle,count,B:F-1-macro,auc,0.555556,0.486111,0.625000,2,DESCRIPTIVE
heldout:angle:count:B:F-5-continuous,heldout,angle,count,B:F-5-continuous,auc,0.527778,0.444444,0.611111,2,DESCRIPTIVE
heldout:angle:count:B:F-5-micro,heldout,angle,count,B:F-5-micro,auc,0.611111,0.388889,0.833333,2,DESCRIPTIVE
heldout:angle:count:B:F-5-macro,heldout,angle,count,B:F-5-macro,auc,0.694444,0.555556,0.833333,2,DESCRIPTIVE
heldout:angle:count:B:F-15-continuous,heldout,angle,count,B:F-15-continuous,auc,0.569444,0.555556,0.583333,2,DESCRIPTIVE
heldout:angle:count:B:F-15-micro,heldout,angle,count,B:F-15-micro,auc,0.708333,0.666667,0.750000,2,DESCRIPTIVE
heldout:angle:count:B:F-15-macro,heldout,angle,count,B:F-15-macro,auc,0.652778,0.555556,0.750000,2,DESCRIPTIVE
heldout:angle:count:B:C-F-1,heldout,angle,count,B:C-F-1,auc,0.500000,0.500000,0.500000,2,DESCRIPTIVE
heldout:angle:count:B:C-F-5,heldout,angle,count,B:C-F-5,auc,0.430556,0.388889,0.472222,2,DESCRIPTIVE
heldout:angle:count:B:C-F-15,heldout,angle,count,B:C-F-15,auc,0.444444,0.333333,0.555556,2,DESCRIPTIVE
heldout:angle:count:L:F-1-continuous,heldout,angle,count,L:F-1-continuous,auc,0.569444,0.555556,0.583333,2,DESCRIPTIVE
heldout:angle:count:L:F-1-micro,heldout,angle,count,L:F-1-micro,auc,0.569444,0.555556,0.583333,2,DESCRIPTIVE
heldout:angle:count:L:F-1-macro,heldout,angle,count,L:F-1-macro,auc,0.569444,0.555556,0.583333,2,DESCRIPTIVE
heldout:angle:count:L:F-5-continuous,heldout,angle,count,L:F-5-continuous,auc,0.569444,0.555556,0.583333,2,DESCRIPTIVE
heldout:angle:count:L:F-5-micro,heldout,angle,count,L:F-5-micro,auc,0.569444,0.555556,0.583333,2,DESCRIPTIVE
heldout:angle:count:L:F-5-macro,heldout,angle,count,L:F-5-macro,auc,0.569444,0.555556,0.583333,2,DESCRIPTIVE
heldout:angle:count:L:F-15-continuous,heldout,angle,count,L:F-15-continuous,auc,0.569444,0.555556,0.583333,2,DESCRIPTIVE
heldout:angle:count:L:F-15-micro,heldout,angle,count,L:F-15-micro,auc,0.569444,0.555556,0.583333,2,DESCRIPTIVE
heldout:angle:count:L:F-15-macro,heldout,angle,count,L:F-15-macro,auc,0.625000,0.583333,0.666667,2,DESCRIPTIVE
heldout:angle:count:L:C-F-1,heldout,angle,count,L:C-F-1,auc,0.611111,0.472222,0.750000,2,DESCRIPTIVE
heldout:angle:count:L:C-F-5,heldout,angle,count,L:C-F-5,auc,0.666667,0.583333,0.750000,2,DESCRIPTIVE
heldout:angle:count:L:C-F-15,heldout,angle,count,L:C-F-15,auc,0.652778,0.555556,0.750000,2,DESCRIPTIVE
heldout:angle:count:C:F-1-continuous,heldout,angle,count,C:F-1-continuous,auc,0.500000,0.500000,0.500000,2,DESCRIPTIVE
heldout:angle:count:C:F-1-micro,heldout,angle,count,C:F-1-micro,auc,0.500000,0.500000,0.500000,2,DESCRIPTIVE
heldout:angle:count:C:F-1-macro,heldout,angle,count,C:F-1-macro,auc,0.500000,0.500000,0.500000,2,DESCRIPTIVE
heldout:angle:count:C:F-5-continuous,heldout,angle,count,C:F-5-continuous,auc,0.555556,0.444444,0.666667,2,DESCRIPTIVE
heldout:angle:count:C:F-5-micro,heldout,angle,count,C:F-5-micro,auc,0.611111,0.555556,0.666667,2,DESCRIPTIVE
heldout:angle:count:C:F-5-macro,heldout,angle,count,C:F-5-macro,auc,0.527778,0.361111,0.694444,2,DESCRIPTIVE
heldout:angle:count:C:F-15-continuous,heldout,angle,count,C:F-15-continuous,auc,0.486111,0.361111,0.611111,2,DESCRIPTIVE
heldout:angle:count:C:F-15-micro,heldout,angle,count,C:F-15-micro,auc,0.583333,0.583333,0.583333,2,DESCRIPTIVE
heldout:angle:count:C:F-15-macro,heldout,angle,count,C:F-15-macro,auc,0.527778,0.472222,0.583333,2,DESCRIPTIVE
heldout:angle:count:C:C-F-1,heldout,angle,count,C:C-F-1,auc,0.500000,0.500000,0.500000,2,DESCRIPTIVE
heldout:angle:count:C:C-F-5,heldout,angle,count,C:C-F-5,auc,0.569444,0.555556,0.583333,2,DESCRIPTIVE
heldout:angle:count:C:C-F-15,heldout,angle,count,C:C-F-15,auc,0.708333,0.666667,0.750000,2,DESCRIPTIVE
heldout:angle:count:LC:F-1-continuous,heldout,angle,count,LC:F-1-continuous,auc,0.805556,0.777778,0.833333,2,DESCRIPTIVE
heldout:angle:count:LC:F-1-micro,heldout,angle,count,LC:F-1-micro,auc,0.583333,0.555556,0.611111,2,DESCRIPTIVE
heldout:angle:count:LC:F-1-macro,heldout,angle,count,LC:F-1-macro,auc,0.763889,0.750000,0.777778,2,DESCRIPTIVE
heldout:angle:count:LC:F-5-continuous,heldout,angle,count,LC:F-5-continuous,auc,0.583333,0.583333,0.583333,2,DESCRIPTIVE
heldout:angle:count:LC:F-5-micro,heldout,angle,count,LC:F-5-micro,auc,0.680556,0.555556,0.805556,2,DESCRIPTIVE
heldout:angle:count:LC:F-5-macro,heldout,angle,count,LC:F-5-macro,auc,0.736111,0.666667,0.805556,2,DESCRIPTIVE
heldout:angle:count:LC:F-15-continuous,heldout,angle,count,LC:F-15-continuous,auc,0.708333,0.666667,0.750000,2,DESCRIPTIVE
heldout:angle:count:LC:F-15-micro,heldout,angle,count,LC:F-15-micro,auc,0.708333,0.666667,0.750000,2,DESCRIPTIVE
heldout:angle:count:LC:F-15-macro,heldout,angle,count,LC:F-15-macro,auc,0.708333,0.666667,0.750000,2,DESCRIPTIVE
heldout:angle:count:LC:C-F-1,heldout,angle,count,LC:C-F-1,auc,0.708333,0.666667,0.750000,2,DESCRIPTIVE
heldout:angle:count:LC:C-F-5,heldout,angle,count,LC:C-F-5,auc,0.708333,0.666667,0.750000,2,DESCRIPTIVE
heldout:angle:count:LC:C-F-15,heldout,angle,count,LC:C-F-15,auc,0.708333,0.666667,0.750000,2,DESCRIPTIVE
heldout:angle:count:E99:F-1-continuous,heldout,angle,count,E99:F-1-continuous,auc,0.562500,0.500000,0.625000,2,DESCRIPTIVE
heldout:angle:count:E99:F-1-micro,heldout,angle,count,E99:F-1-micro,auc,0.472222,0.388889,0.555556,2,DESCRIPTIVE
heldout:angle:count:E99:F-1-macro,heldout,angle,count,E99:F-1-macro,auc,0.500000,0.500000,0.500000,2,DESCRIPTIVE
heldout:angle:count:E99:F-5-continuous,heldout,angle,count,E99:F-5-continuous,auc,0.347222,0.333333,0.361111,2,DESCRIPTIVE
heldout:angle:count:E99:F-5-micro,heldout,angle,count,E99:F-5-micro,auc,0.361111,0.361111,0.361111,2,DESCRIPTIVE
heldout:angle:count:E99:F-5-macro,heldout,angle,count,E99:F-5-macro,auc,0.500000,0.500000,0.500000,2,DESCRIPTIVE
heldout:angle:count:E99:F-15-continuous,heldout,angle,count,E99:F-15-continuous,auc,0.361111,0.305556,0.416667,2,DESCRIPTIVE
heldout:angle:count:E99:F-15-micro,heldout,angle,count,E99:F-15-micro,auc,0.388889,0.333333,0.444444,2,DESCRIPTIVE
heldout:angle:count:E99:F-15-macro,heldout,angle,count,E99:F-15-macro,auc,0.430556,0.416667,0.444444,2,DESCRIPTIVE
heldout:angle:count:E99:C-F-1,heldout,angle,count,E99:C-F-1,auc,0.520833,0.500000,0.541667,2,DESCRIPTIVE
heldout:angle:count:E99:C-F-5,heldout,angle,count,E99:C-F-5,auc,0.569444,0.555556,0.583333,2,DESCRIPTIVE
heldout:angle:count:E99:C-F-15,heldout,angle,count,E99:C-F-15,auc,0.569444,0.555556,0.583333,2,DESCRIPTIVE
heldout:angle:count:L-B:request_mean,heldout,angle,count,L-B:request_mean,paired_auc_difference,0.035880,0.024306,0.047454,2,DESCRIPTIVE
heldout:angle:count:L-B:F-1-continuous,heldout,angle,count,L-B:F-1-continuous,paired_auc_difference,0.083333,0.083333,0.083333,2,DESCRIPTIVE
heldout:angle:count:L-B:F-1-micro,heldout,angle,count,L-B:F-1-micro,paired_auc_difference,0.069444,0.055556,0.083333,2,DESCRIPTIVE
heldout:angle:count:L-B:F-1-macro,heldout,angle,count,L-B:F-1-macro,paired_auc_difference,0.013889,-0.041667,0.069444,2,DESCRIPTIVE
heldout:angle:count:L-B:F-5-continuous,heldout,angle,count,L-B:F-5-continuous,paired_auc_difference,0.041667,-0.027778,0.111111,2,DESCRIPTIVE
heldout:angle:count:L-B:F-5-micro,heldout,angle,count,L-B:F-5-micro,paired_auc_difference,-0.041667,-0.250000,0.166667,2,DESCRIPTIVE
heldout:angle:count:L-B:F-5-macro,heldout,angle,count,L-B:F-5-macro,paired_auc_difference,-0.125000,-0.250000,0.000000,2,DESCRIPTIVE
heldout:angle:count:L-B:F-15-continuous,heldout,angle,count,L-B:F-15-continuous,paired_auc_difference,0.000000,0.000000,0.000000,2,DESCRIPTIVE
heldout:angle:count:L-B:F-15-micro,heldout,angle,count,L-B:F-15-micro,paired_auc_difference,-0.138889,-0.166667,-0.111111,2,DESCRIPTIVE
heldout:angle:count:L-B:F-15-macro,heldout,angle,count,L-B:F-15-macro,paired_auc_difference,-0.027778,-0.166667,0.111111,2,DESCRIPTIVE
heldout:angle:count:L-B:C-F-1,heldout,angle,count,L-B:C-F-1,paired_auc_difference,0.111111,-0.027778,0.250000,2,DESCRIPTIVE
heldout:angle:count:L-B:C-F-5,heldout,angle,count,L-B:C-F-5,paired_auc_difference,0.236111,0.111111,0.361111,2,DESCRIPTIVE
heldout:angle:count:L-B:C-F-15,heldout,angle,count,L-B:C-F-15,paired_auc_difference,0.208333,0.000000,0.416667,2,DESCRIPTIVE
heldout:angle:count:LC-C:request_mean,heldout,angle,count,LC-C:request_mean,paired_auc_difference,0.152778,0.104167,0.201389,2,DESCRIPTIVE
heldout:angle:count:LC-C:F-1-continuous,heldout,angle,count,LC-C:F-1-continuous,paired_auc_difference,0.305556,0.277778,0.333333,2,DESCRIPTIVE
heldout:angle:count:LC-C:F-1-micro,heldout,angle,count,LC-C:F-1-micro,paired_auc_difference,0.083333,0.055556,0.111111,2,DESCRIPTIVE
heldout:angle:count:LC-C:F-1-macro,heldout,angle,count,LC-C:F-1-macro,paired_auc_difference,0.263889,0.250000,0.277778,2,DESCRIPTIVE
heldout:angle:count:LC-C:F-5-continuous,heldout,angle,count,LC-C:F-5-continuous,paired_auc_difference,0.027778,-0.083333,0.138889,2,DESCRIPTIVE
heldout:angle:count:LC-C:F-5-micro,heldout,angle,count,LC-C:F-5-micro,paired_auc_difference,0.069444,0.000000,0.138889,2,DESCRIPTIVE
heldout:angle:count:LC-C:F-5-macro,heldout,angle,count,LC-C:F-5-macro,paired_auc_difference,0.208333,0.111111,0.305556,2,DESCRIPTIVE
heldout:angle:count:LC-C:F-15-continuous,heldout,angle,count,LC-C:F-15-continuous,paired_auc_difference,0.222222,0.138889,0.305556,2,DESCRIPTIVE
heldout:angle:count:LC-C:F-15-micro,heldout,angle,count,LC-C:F-15-micro,paired_auc_difference,0.125000,0.083333,0.166667,2,DESCRIPTIVE
heldout:angle:count:LC-C:F-15-macro,heldout,angle,count,LC-C:F-15-macro,paired_auc_difference,0.180556,0.166667,0.194444,2,DESCRIPTIVE
heldout:angle:count:LC-C:C-F-1,heldout,angle,count,LC-C:C-F-1,paired_auc_difference,0.208333,0.166667,0.250000,2,DESCRIPTIVE
heldout:angle:count:LC-C:C-F-5,heldout,angle,count,LC-C:C-F-5,paired_auc_difference,0.208333,0.166667,0.250000,2,DESCRIPTIVE
heldout:angle:count:LC-C:C-F-15,heldout,angle,count,LC-C:C-F-15,paired_auc_difference,0.000000,0.000000,0.000000,2,DESCRIPTIVE
heldout:angle:count:C-B:request_mean,heldout,angle,count,C-B:request_mean,paired_auc_difference,-0.009259,-0.012731,-0.005787,2,DESCRIPTIVE
heldout:angle:count:C-B:F-1-continuous,heldout,angle,count,C-B:F-1-continuous,paired_auc_difference,0.013889,0.000000,0.027778,2,DESCRIPTIVE
heldout:angle:count:C-B:F-1-micro,heldout,angle,count,C-B:F-1-micro,paired_auc_difference,0.000000,0.000000,0.000000,2,DESCRIPTIVE
heldout:angle:count:C-B:F-1-macro,heldout,angle,count,C-B:F-1-macro,paired_auc_difference,-0.055556,-0.125000,0.013889,2,DESCRIPTIVE
heldout:angle:count:C-B:F-5-continuous,heldout,angle,count,C-B:F-5-continuous,paired_auc_difference,0.027778,0.000000,0.055556,2,DESCRIPTIVE
heldout:angle:count:C-B:F-5-micro,heldout,angle,count,C-B:F-5-micro,paired_auc_difference,0.000000,-0.166667,0.166667,2,DESCRIPTIVE
heldout:angle:count:C-B:F-5-macro,heldout,angle,count,C-B:F-5-macro,paired_auc_difference,-0.166667,-0.194444,-0.138889,2,DESCRIPTIVE
heldout:angle:count:C-B:F-15-continuous,heldout,angle,count,C-B:F-15-continuous,paired_auc_difference,-0.083333,-0.194444,0.027778,2,DESCRIPTIVE
heldout:angle:count:C-B:F-15-micro,heldout,angle,count,C-B:F-15-micro,paired_auc_difference,-0.125000,-0.166667,-0.083333,2,DESCRIPTIVE
heldout:angle:count:C-B:F-15-macro,heldout,angle,count,C-B:F-15-macro,paired_auc_difference,-0.125000,-0.166667,-0.083333,2,DESCRIPTIVE
heldout:angle:count:C-B:C-F-1,heldout,angle,count,C-B:C-F-1,paired_auc_difference,0.000000,0.000000,0.000000,2,DESCRIPTIVE
heldout:angle:count:C-B:C-F-5,heldout,angle,count,C-B:C-F-5,paired_auc_difference,0.138889,0.083333,0.194444,2,DESCRIPTIVE
heldout:angle:count:C-B:C-F-15,heldout,angle,count,C-B:C-F-15,paired_auc_difference,0.263889,0.111111,0.416667,2,DESCRIPTIVE
heldout:angle:count:LC-L:request_mean,heldout,angle,count,LC-L:request_mean,paired_auc_difference,0.336806,0.284722,0.388889,2,DESCRIPTIVE
heldout:angle:count:LC-L:F-1-continuous,heldout,angle,count,LC-L:F-1-continuous,paired_auc_difference,0.236111,0.222222,0.250000,2,DESCRIPTIVE
heldout:angle:count:LC-L:F-1-micro,heldout,angle,count,LC-L:F-1-micro,paired_auc_difference,0.013889,-0.027778,0.055556,2,DESCRIPTIVE
heldout:angle:count:LC-L:F-1-macro,heldout,angle,count,LC-L:F-1-macro,paired_auc_difference,0.194444,0.194444,0.194444,2,DESCRIPTIVE
heldout:angle:count:LC-L:F-5-continuous,heldout,angle,count,LC-L:F-5-continuous,paired_auc_difference,0.013889,0.000000,0.027778,2,DESCRIPTIVE
heldout:angle:count:LC-L:F-5-micro,heldout,angle,count,LC-L:F-5-micro,paired_auc_difference,0.111111,0.000000,0.222222,2,DESCRIPTIVE
heldout:angle:count:LC-L:F-5-macro,heldout,angle,count,LC-L:F-5-macro,paired_auc_difference,0.166667,0.111111,0.222222,2,DESCRIPTIVE
heldout:angle:count:LC-L:F-15-continuous,heldout,angle,count,LC-L:F-15-continuous,paired_auc_difference,0.138889,0.111111,0.166667,2,DESCRIPTIVE
heldout:angle:count:LC-L:F-15-micro,heldout,angle,count,LC-L:F-15-micro,paired_auc_difference,0.138889,0.111111,0.166667,2,DESCRIPTIVE
heldout:angle:count:LC-L:F-15-macro,heldout,angle,count,LC-L:F-15-macro,paired_auc_difference,0.083333,0.000000,0.166667,2,DESCRIPTIVE
heldout:angle:count:LC-L:C-F-1,heldout,angle,count,LC-L:C-F-1,paired_auc_difference,0.000000,0.000000,0.000000,2,DESCRIPTIVE
heldout:angle:count:LC-L:C-F-5,heldout,angle,count,LC-L:C-F-5,paired_auc_difference,0.000000,0.000000,0.000000,2,DESCRIPTIVE
heldout:angle:count:LC-L:C-F-15,heldout,angle,count,LC-L:C-F-15,paired_auc_difference,0.000000,0.000000,0.000000,2,DESCRIPTIVE
heldout:angle:count:LC-B:request_mean,heldout,angle,count,LC-B:request_mean,paired_auc_difference,0.177083,0.138889,0.215278,2,DESCRIPTIVE
heldout:angle:count:LC-B:F-1-continuous,heldout,angle,count,LC-B:F-1-continuous,paired_auc_difference,0.319444,0.305556,0.333333,2,DESCRIPTIVE
heldout:angle:count:LC-B:F-1-micro,heldout,angle,count,LC-B:F-1-micro,paired_auc_difference,0.083333,0.055556,0.111111,2,DESCRIPTIVE
heldout:angle:count:LC-B:F-1-macro,heldout,angle,count,LC-B:F-1-macro,paired_auc_difference,0.208333,0.152778,0.263889,2,DESCRIPTIVE
heldout:angle:count:LC-B:F-5-continuous,heldout,angle,count,LC-B:F-5-continuous,paired_auc_difference,0.055556,-0.027778,0.138889,2,DESCRIPTIVE
heldout:angle:count:LC-B:F-5-micro,heldout,angle,count,LC-B:F-5-micro,paired_auc_difference,0.069444,-0.027778,0.166667,2,DESCRIPTIVE
heldout:angle:count:LC-B:F-5-macro,heldout,angle,count,LC-B:F-5-macro,paired_auc_difference,0.041667,-0.027778,0.111111,2,DESCRIPTIVE
heldout:angle:count:LC-B:F-15-continuous,heldout,angle,count,LC-B:F-15-continuous,paired_auc_difference,0.138889,0.111111,0.166667,2,DESCRIPTIVE
heldout:angle:count:LC-B:F-15-micro,heldout,angle,count,LC-B:F-15-micro,paired_auc_difference,0.000000,0.000000,0.000000,2,DESCRIPTIVE
heldout:angle:count:LC-B:F-15-macro,heldout,angle,count,LC-B:F-15-macro,paired_auc_difference,0.055556,0.000000,0.111111,2,DESCRIPTIVE
heldout:angle:count:LC-B:C-F-1,heldout,angle,count,LC-B:C-F-1,paired_auc_difference,0.208333,0.166667,0.250000,2,DESCRIPTIVE
heldout:angle:count:LC-B:C-F-5,heldout,angle,count,LC-B:C-F-5,paired_auc_difference,0.000000,0.000000,0.000000,2,DESCRIPTIVE
heldout:angle:count:LC-B:C-F-15,heldout,angle,count,LC-B:C-F-15,paired_auc_difference,0.000000,0.000000,0.000000,2,DESCRIPTIVE
heldout:power:tie_free:B:F-1-continuous,heldout,power,tie_free,B:F-1-continuous,auc,0.497076,0.456140,0.561404,3,DESCRIPTIVE
heldout:power:tie_free:B:F-1-micro,heldout,power,tie_free,B:F-1-micro,auc,0.461988,0.438596,0.508772,3,DESCRIPTIVE
heldout:power:tie_free:B:F-1-macro,heldout,power,tie_free,B:F-1-macro,auc,0.461988,0.421053,0.526316,3,DESCRIPTIVE
heldout:power:tie_free:B:F-5-continuous,heldout,power,tie_free,B:F-5-continuous,auc,0.543860,0.526316,0.561404,3,DESCRIPTIVE
heldout:power:tie_free:B:F-5-micro,heldout,power,tie_free,B:F-5-micro,auc,0.567251,0.543860,0.578947,3,DESCRIPTIVE
heldout:power:tie_free:B:F-5-macro,heldout,power,tie_free,B:F-5-macro,auc,0.549708,0.526316,0.561404,3,DESCRIPTIVE
heldout:power:tie_free:B:F-15-continuous,heldout,power,tie_free,B:F-15-continuous,auc,0.502924,0.403509,0.561404,3,DESCRIPTIVE
heldout:power:tie_free:B:F-15-micro,heldout,power,tie_free,B:F-15-micro,auc,0.497076,0.421053,0.543860,3,DESCRIPTIVE
heldout:power:tie_free:B:F-15-macro,heldout,power,tie_free,B:F-15-macro,auc,0.456140,0.385965,0.491228,3,DESCRIPTIVE
heldout:power:tie_free:B:C-F-1,heldout,power,tie_free,B:C-F-1,auc,0.614035,0.596491,0.649123,3,DESCRIPTIVE
heldout:power:tie_free:B:C-F-5,heldout,power,tie_free,B:C-F-5,auc,0.350877,0.315789,0.421053,3,DESCRIPTIVE
heldout:power:tie_free:B:C-F-15,heldout,power,tie_free,B:C-F-15,auc,0.368421,0.333333,0.438596,3,DESCRIPTIVE
heldout:power:tie_free:L:F-1-continuous,heldout,power,tie_free,L:F-1-continuous,auc,0.345029,0.333333,0.350877,3,DESCRIPTIVE
heldout:power:tie_free:L:F-1-micro,heldout,power,tie_free,L:F-1-micro,auc,0.309942,0.245614,0.350877,3,DESCRIPTIVE
heldout:power:tie_free:L:F-1-macro,heldout,power,tie_free,L:F-1-macro,auc,0.456140,0.403509,0.491228,3,DESCRIPTIVE
heldout:power:tie_free:L:F-5-continuous,heldout,power,tie_free,L:F-5-continuous,auc,0.327485,0.280702,0.403509,3,DESCRIPTIVE
heldout:power:tie_free:L:F-5-micro,heldout,power,tie_free,L:F-5-micro,auc,0.333333,0.263158,0.456140,3,DESCRIPTIVE
heldout:power:tie_free:L:F-5-macro,heldout,power,tie_free,L:F-5-macro,auc,0.502924,0.456140,0.543860,3,DESCRIPTIVE
heldout:power:tie_free:L:F-15-continuous,heldout,power,tie_free,L:F-15-continuous,auc,0.409357,0.350877,0.491228,3,DESCRIPTIVE
heldout:power:tie_free:L:F-15-micro,heldout,power,tie_free,L:F-15-micro,auc,0.391813,0.245614,0.526316,3,DESCRIPTIVE
heldout:power:tie_free:L:F-15-macro,heldout,power,tie_free,L:F-15-macro,auc,0.584795,0.508772,0.631579,3,DESCRIPTIVE
heldout:power:tie_free:L:C-F-1,heldout,power,tie_free,L:C-F-1,auc,0.473684,0.368421,0.578947,3,DESCRIPTIVE
heldout:power:tie_free:L:C-F-5,heldout,power,tie_free,L:C-F-5,auc,0.467836,0.368421,0.578947,3,DESCRIPTIVE
heldout:power:tie_free:L:C-F-15,heldout,power,tie_free,L:C-F-15,auc,0.456140,0.350877,0.596491,3,DESCRIPTIVE
heldout:power:tie_free:C:F-1-continuous,heldout,power,tie_free,C:F-1-continuous,auc,0.713450,0.631579,0.754386,3,DESCRIPTIVE
heldout:power:tie_free:C:F-1-micro,heldout,power,tie_free,C:F-1-micro,auc,0.701754,0.614035,0.754386,3,DESCRIPTIVE
heldout:power:tie_free:C:F-1-macro,heldout,power,tie_free,C:F-1-macro,auc,0.713450,0.631579,0.754386,3,DESCRIPTIVE
heldout:power:tie_free:C:F-5-continuous,heldout,power,tie_free,C:F-5-continuous,auc,0.719298,0.649123,0.771930,3,DESCRIPTIVE
heldout:power:tie_free:C:F-5-micro,heldout,power,tie_free,C:F-5-micro,auc,0.713450,0.631579,0.771930,3,DESCRIPTIVE
heldout:power:tie_free:C:F-5-macro,heldout,power,tie_free,C:F-5-macro,auc,0.719298,0.666667,0.754386,3,DESCRIPTIVE
heldout:power:tie_free:C:F-15-continuous,heldout,power,tie_free,C:F-15-continuous,auc,0.725146,0.649123,0.771930,3,DESCRIPTIVE
heldout:power:tie_free:C:F-15-micro,heldout,power,tie_free,C:F-15-micro,auc,0.719298,0.631579,0.771930,3,DESCRIPTIVE
heldout:power:tie_free:C:F-15-macro,heldout,power,tie_free,C:F-15-macro,auc,0.730994,0.666667,0.771930,3,DESCRIPTIVE
heldout:power:tie_free:C:C-F-1,heldout,power,tie_free,C:C-F-1,auc,0.672515,0.631579,0.701754,3,DESCRIPTIVE
heldout:power:tie_free:C:C-F-5,heldout,power,tie_free,C:C-F-5,auc,0.707602,0.649123,0.754386,3,DESCRIPTIVE
heldout:power:tie_free:C:C-F-15,heldout,power,tie_free,C:C-F-15,auc,0.742690,0.684211,0.789474,3,DESCRIPTIVE
heldout:power:tie_free:LC:F-1-continuous,heldout,power,tie_free,LC:F-1-continuous,auc,0.678363,0.631579,0.754386,3,DESCRIPTIVE
heldout:power:tie_free:LC:F-1-micro,heldout,power,tie_free,LC:F-1-micro,auc,0.672515,0.631579,0.754386,3,DESCRIPTIVE
heldout:power:tie_free:LC:F-1-macro,heldout,power,tie_free,LC:F-1-macro,auc,0.672515,0.631579,0.754386,3,DESCRIPTIVE
heldout:power:tie_free:LC:F-5-continuous,heldout,power,tie_free,LC:F-5-continuous,auc,0.771930,0.754386,0.789474,3,DESCRIPTIVE
heldout:power:tie_free:LC:F-5-micro,heldout,power,tie_free,LC:F-5-micro,auc,0.777778,0.771930,0.789474,3,DESCRIPTIVE
heldout:power:tie_free:LC:F-5-macro,heldout,power,tie_free,LC:F-5-macro,auc,0.690058,0.649123,0.771930,3,DESCRIPTIVE
heldout:power:tie_free:LC:F-15-continuous,heldout,power,tie_free,LC:F-15-continuous,auc,0.760234,0.754386,0.771930,3,DESCRIPTIVE
heldout:power:tie_free:LC:F-15-micro,heldout,power,tie_free,LC:F-15-micro,auc,0.754386,0.736842,0.771930,3,DESCRIPTIVE
heldout:power:tie_free:LC:F-15-macro,heldout,power,tie_free,LC:F-15-macro,auc,0.754386,0.719298,0.771930,3,DESCRIPTIVE
heldout:power:tie_free:LC:C-F-1,heldout,power,tie_free,LC:C-F-1,auc,0.596491,0.526316,0.736842,3,DESCRIPTIVE
heldout:power:tie_free:LC:C-F-5,heldout,power,tie_free,LC:C-F-5,auc,0.561404,0.473684,0.736842,3,DESCRIPTIVE
heldout:power:tie_free:LC:C-F-15,heldout,power,tie_free,LC:C-F-15,auc,0.578947,0.473684,0.736842,3,DESCRIPTIVE
heldout:power:tie_free:E99:F-1-continuous,heldout,power,tie_free,E99:F-1-continuous,auc,0.567251,0.526316,0.649123,3,DESCRIPTIVE
heldout:power:tie_free:E99:F-1-micro,heldout,power,tie_free,E99:F-1-micro,auc,0.555556,0.473684,0.684211,3,DESCRIPTIVE
heldout:power:tie_free:E99:F-1-macro,heldout,power,tie_free,E99:F-1-macro,auc,0.561404,0.526316,0.578947,3,DESCRIPTIVE
heldout:power:tie_free:E99:F-5-continuous,heldout,power,tie_free,E99:F-5-continuous,auc,0.602339,0.578947,0.649123,3,DESCRIPTIVE
heldout:power:tie_free:E99:F-5-micro,heldout,power,tie_free,E99:F-5-micro,auc,0.590643,0.578947,0.596491,3,DESCRIPTIVE
heldout:power:tie_free:E99:F-5-macro,heldout,power,tie_free,E99:F-5-macro,auc,0.608187,0.578947,0.631579,3,DESCRIPTIVE
heldout:power:tie_free:E99:F-15-continuous,heldout,power,tie_free,E99:F-15-continuous,auc,0.502924,0.473684,0.526316,3,DESCRIPTIVE
heldout:power:tie_free:E99:F-15-micro,heldout,power,tie_free,E99:F-15-micro,auc,0.508772,0.456140,0.543860,3,DESCRIPTIVE
heldout:power:tie_free:E99:F-15-macro,heldout,power,tie_free,E99:F-15-macro,auc,0.450292,0.298246,0.561404,3,DESCRIPTIVE
heldout:power:tie_free:E99:C-F-1,heldout,power,tie_free,E99:C-F-1,auc,0.614035,0.578947,0.666667,3,DESCRIPTIVE
heldout:power:tie_free:E99:C-F-5,heldout,power,tie_free,E99:C-F-5,auc,0.426901,0.385965,0.473684,3,DESCRIPTIVE
heldout:power:tie_free:E99:C-F-15,heldout,power,tie_free,E99:C-F-15,auc,0.362573,0.333333,0.421053,3,DESCRIPTIVE
heldout:power:tie_free:L-B:request_mean,heldout,power,tie_free,L-B:request_mean,paired_auc_difference,-0.067739,-0.099415,-0.023392,3,DESCRIPTIVE
heldout:power:tie_free:L-B:F-1-continuous,heldout,power,tie_free,L-B:F-1-continuous,paired_auc_difference,-0.152047,-0.210526,-0.105263,3,DESCRIPTIVE
heldout:power:tie_free:L-B:F-1-micro,heldout,power,tie_free,L-B:F-1-micro,paired_auc_difference,-0.152047,-0.192982,-0.105263,3,DESCRIPTIVE
heldout:power:tie_free:L-B:F-1-macro,heldout,power,tie_free,L-B:F-1-macro,paired_auc_difference,-0.005848,-0.122807,0.070175,3,DESCRIPTIVE
heldout:power:tie_free:L-B:F-5-continuous,heldout,power,tie_free,L-B:F-5-continuous,paired_auc_difference,-0.216374,-0.245614,-0.157895,3,DESCRIPTIVE
heldout:power:tie_free:L-B:F-5-micro,heldout,power,tie_free,L-B:F-5-micro,paired_auc_difference,-0.233918,-0.298246,-0.122807,3,DESCRIPTIVE
heldout:power:tie_free:L-B:F-5-macro,heldout,power,tie_free,L-B:F-5-macro,paired_auc_difference,-0.046784,-0.070175,-0.017544,3,DESCRIPTIVE
heldout:power:tie_free:L-B:F-15-continuous,heldout,power,tie_free,L-B:F-15-continuous,paired_auc_difference,-0.093567,-0.210526,0.087719,3,DESCRIPTIVE
heldout:power:tie_free:L-B:F-15-micro,heldout,power,tie_free,L-B:F-15-micro,paired_auc_difference,-0.105263,-0.298246,0.105263,3,DESCRIPTIVE
heldout:power:tie_free:L-B:F-15-macro,heldout,power,tie_free,L-B:F-15-macro,paired_auc_difference,0.128655,0.122807,0.140351,3,DESCRIPTIVE
heldout:power:tie_free:L-B:C-F-1,heldout,power,tie_free,L-B:C-F-1,paired_auc_difference,-0.140351,-0.228070,-0.070175,3,DESCRIPTIVE
heldout:power:tie_free:L-B:C-F-5,heldout,power,tie_free,L-B:C-F-5,paired_auc_difference,0.116959,0.052632,0.157895,3,DESCRIPTIVE
heldout:power:tie_free:L-B:C-F-15,heldout,power,tie_free,L-B:C-F-15,paired_auc_difference,0.087719,0.017544,0.157895,3,DESCRIPTIVE
heldout:power:tie_free:LC-C:request_mean,heldout,power,tie_free,LC-C:request_mean,paired_auc_difference,0.020468,-0.074561,0.105263,3,DESCRIPTIVE
heldout:power:tie_free:LC-C:F-1-continuous,heldout,power,tie_free,LC-C:F-1-continuous,paired_auc_difference,-0.035088,-0.105263,0.000000,3,DESCRIPTIVE
heldout:power:tie_free:LC-C:F-1-micro,heldout,power,tie_free,LC-C:F-1-micro,paired_auc_difference,-0.029240,-0.105263,0.017544,3,DESCRIPTIVE
heldout:power:tie_free:LC-C:F-1-macro,heldout,power,tie_free,LC-C:F-1-macro,paired_auc_difference,-0.040936,-0.122807,0.000000,3,DESCRIPTIVE
heldout:power:tie_free:LC-C:F-5-continuous,heldout,power,tie_free,LC-C:F-5-continuous,paired_auc_difference,0.052632,0.017544,0.105263,3,DESCRIPTIVE
heldout:power:tie_free:LC-C:F-5-micro,heldout,power,tie_free,LC-C:F-5-micro,paired_auc_difference,0.064327,0.017544,0.140351,3,DESCRIPTIVE
heldout:power:tie_free:LC-C:F-5-macro,heldout,power,tie_free,LC-C:F-5-macro,paired_auc_difference,-0.029240,-0.105263,0.035088,3,DESCRIPTIVE
heldout:power:tie_free:LC-C:F-15-continuous,heldout,power,tie_free,LC-C:F-15-continuous,paired_auc_difference,0.035088,-0.017544,0.105263,3,DESCRIPTIVE
heldout:power:tie_free:LC-C:F-15-micro,heldout,power,tie_free,LC-C:F-15-micro,paired_auc_difference,0.035088,-0.035088,0.122807,3,DESCRIPTIVE
heldout:power:tie_free:LC-C:F-15-macro,heldout,power,tie_free,LC-C:F-15-macro,paired_auc_difference,0.023392,-0.000000,0.052632,3,DESCRIPTIVE
heldout:power:tie_free:LC-C:C-F-1,heldout,power,tie_free,LC-C:C-F-1,paired_auc_difference,-0.070175,-0.157895,0.000000,3,DESCRIPTIVE
heldout:power:tie_free:LC-C:C-F-5,heldout,power,tie_free,LC-C:C-F-5,paired_auc_difference,-0.087719,-0.263158,0.105263,3,DESCRIPTIVE
heldout:power:tie_free:LC-C:C-F-15,heldout,power,tie_free,LC-C:C-F-15,paired_auc_difference,-0.140351,-0.210526,-0.052632,3,DESCRIPTIVE
heldout:power:tie_free:C-B:request_mean,heldout,power,tie_free,C-B:request_mean,paired_auc_difference,0.225634,0.162281,0.267544,3,DESCRIPTIVE
heldout:power:tie_free:C-B:F-1-continuous,heldout,power,tie_free,C-B:F-1-continuous,paired_auc_difference,0.216374,0.157895,0.298246,3,DESCRIPTIVE
heldout:power:tie_free:C-B:F-1-micro,heldout,power,tie_free,C-B:F-1-micro,paired_auc_difference,0.239766,0.175439,0.298246,3,DESCRIPTIVE
heldout:power:tie_free:C-B:F-1-macro,heldout,power,tie_free,C-B:F-1-macro,paired_auc_difference,0.251462,0.192982,0.333333,3,DESCRIPTIVE
heldout:power:tie_free:C-B:F-5-continuous,heldout,power,tie_free,C-B:F-5-continuous,paired_auc_difference,0.175439,0.122807,0.228070,3,DESCRIPTIVE
heldout:power:tie_free:C-B:F-5-micro,heldout,power,tie_free,C-B:F-5-micro,paired_auc_difference,0.146199,0.087719,0.192982,3,DESCRIPTIVE
heldout:power:tie_free:C-B:F-5-macro,heldout,power,tie_free,C-B:F-5-macro,paired_auc_difference,0.169591,0.105263,0.210526,3,DESCRIPTIVE
heldout:power:tie_free:C-B:F-15-continuous,heldout,power,tie_free,C-B:F-15-continuous,paired_auc_difference,0.222222,0.105263,0.350877,3,DESCRIPTIVE
heldout:power:tie_free:C-B:F-15-micro,heldout,power,tie_free,C-B:F-15-micro,paired_auc_difference,0.222222,0.105263,0.333333,3,DESCRIPTIVE
heldout:power:tie_free:C-B:F-15-macro,heldout,power,tie_free,C-B:F-15-macro,paired_auc_difference,0.274854,0.175439,0.368421,3,DESCRIPTIVE
heldout:power:tie_free:C-B:C-F-1,heldout,power,tie_free,C-B:C-F-1,paired_auc_difference,0.058480,0.035088,0.087719,3,DESCRIPTIVE
heldout:power:tie_free:C-B:C-F-5,heldout,power,tie_free,C-B:C-F-5,paired_auc_difference,0.356725,0.298246,0.438596,3,DESCRIPTIVE
heldout:power:tie_free:C-B:C-F-15,heldout,power,tie_free,C-B:C-F-15,paired_auc_difference,0.374269,0.350877,0.421053,3,DESCRIPTIVE
heldout:power:tie_free:LC-L:request_mean,heldout,power,tie_free,LC-L:request_mean,paired_auc_difference,0.211988,0.092105,0.421053,3,DESCRIPTIVE
heldout:power:tie_free:LC-L:F-1-continuous,heldout,power,tie_free,LC-L:F-1-continuous,paired_auc_difference,0.333333,0.298246,0.403509,3,DESCRIPTIVE
heldout:power:tie_free:LC-L:F-1-micro,heldout,power,tie_free,LC-L:F-1-micro,paired_auc_difference,0.362573,0.298246,0.403509,3,DESCRIPTIVE
heldout:power:tie_free:LC-L:F-1-macro,heldout,power,tie_free,LC-L:F-1-macro,paired_auc_difference,0.216374,0.140351,0.350877,3,DESCRIPTIVE
heldout:power:tie_free:LC-L:F-5-continuous,heldout,power,tie_free,LC-L:F-5-continuous,paired_auc_difference,0.444444,0.368421,0.491228,3,DESCRIPTIVE
heldout:power:tie_free:LC-L:F-5-micro,heldout,power,tie_free,LC-L:F-5-micro,paired_auc_difference,0.444444,0.315789,0.508772,3,DESCRIPTIVE
heldout:power:tie_free:LC-L:F-5-macro,heldout,power,tie_free,LC-L:F-5-macro,paired_auc_difference,0.187135,0.105263,0.315789,3,DESCRIPTIVE
heldout:power:tie_free:LC-L:F-15-continuous,heldout,power,tie_free,LC-L:F-15-continuous,paired_auc_difference,0.350877,0.280702,0.403509,3,DESCRIPTIVE
heldout:power:tie_free:LC-L:F-15-micro,heldout,power,tie_free,LC-L:F-15-micro,paired_auc_difference,0.362573,0.245614,0.491228,3,DESCRIPTIVE
heldout:power:tie_free:LC-L:F-15-macro,heldout,power,tie_free,LC-L:F-15-macro,paired_auc_difference,0.169591,0.105263,0.263158,3,DESCRIPTIVE
heldout:power:tie_free:LC-L:C-F-1,heldout,power,tie_free,LC-L:C-F-1,paired_auc_difference,0.070175,-0.210526,0.473684,3,DESCRIPTIVE
heldout:power:tie_free:LC-L:C-F-5,heldout,power,tie_free,LC-L:C-F-5,paired_auc_difference,0.035088,-0.263158,0.473684,3,DESCRIPTIVE
heldout:power:tie_free:LC-L:C-F-15,heldout,power,tie_free,LC-L:C-F-15,paired_auc_difference,0.070175,-0.210526,0.473684,3,DESCRIPTIVE
heldout:power:tie_free:LC-B:request_mean,heldout,power,tie_free,LC-B:request_mean,paired_auc_difference,0.308480,0.276316,0.350877,3,DESCRIPTIVE
heldout:power:tie_free:LC-B:F-1-continuous,heldout,power,tie_free,LC-B:F-1-continuous,paired_auc_difference,0.181287,0.157895,0.192982,3,DESCRIPTIVE
heldout:power:tie_free:LC-B:F-1-micro,heldout,power,tie_free,LC-B:F-1-micro,paired_auc_difference,0.210526,0.192982,0.245614,3,DESCRIPTIVE
heldout:power:tie_free:LC-B:F-1-macro,heldout,power,tie_free,LC-B:F-1-macro,paired_auc_difference,0.210526,0.192982,0.228070,3,DESCRIPTIVE
heldout:power:tie_free:LC-B:F-5-continuous,heldout,power,tie_free,LC-B:F-5-continuous,paired_auc_difference,0.228070,0.210526,0.245614,3,DESCRIPTIVE
heldout:power:tie_free:LC-B:F-5-micro,heldout,power,tie_free,LC-B:F-5-micro,paired_auc_difference,0.210526,0.192982,0.228070,3,DESCRIPTIVE
heldout:power:tie_free:LC-B:F-5-macro,heldout,power,tie_free,LC-B:F-5-macro,paired_auc_difference,0.140351,0.087719,0.245614,3,DESCRIPTIVE
heldout:power:tie_free:LC-B:F-15-continuous,heldout,power,tie_free,LC-B:F-15-continuous,paired_auc_difference,0.257310,0.192982,0.368421,3,DESCRIPTIVE
heldout:power:tie_free:LC-B:F-15-micro,heldout,power,tie_free,LC-B:F-15-micro,paired_auc_difference,0.257310,0.192982,0.350877,3,DESCRIPTIVE
heldout:power:tie_free:LC-B:F-15-macro,heldout,power,tie_free,LC-B:F-15-macro,paired_auc_difference,0.298246,0.228070,0.385965,3,DESCRIPTIVE
heldout:power:tie_free:LC-B:C-F-1,heldout,power,tie_free,LC-B:C-F-1,paired_auc_difference,0.035088,0.000000,0.052632,3,DESCRIPTIVE
heldout:power:tie_free:LC-B:C-F-5,heldout,power,tie_free,LC-B:C-F-5,paired_auc_difference,0.245614,0.210526,0.315789,3,DESCRIPTIVE
heldout:power:tie_free:LC-B:C-F-15,heldout,power,tie_free,LC-B:C-F-15,paired_auc_difference,0.263158,0.210526,0.315789,3,DESCRIPTIVE
heldout:power:count:B:F-1-continuous,heldout,power,count,B:F-1-continuous,auc,0.500000,0.500000,0.500000,3,DESCRIPTIVE
heldout:power:count:B:F-1-micro,heldout,power,count,B:F-1-micro,auc,0.500000,0.500000,0.500000,3,DESCRIPTIVE
heldout:power:count:B:F-1-macro,heldout,power,count,B:F-1-macro,auc,0.500000,0.500000,0.500000,3,DESCRIPTIVE
heldout:power:count:B:F-5-continuous,heldout,power,count,B:F-5-continuous,auc,0.526316,0.491228,0.543860,3,DESCRIPTIVE
heldout:power:count:B:F-5-micro,heldout,power,count,B:F-5-micro,auc,0.508772,0.473684,0.543860,3,DESCRIPTIVE
heldout:power:count:B:F-5-macro,heldout,power,count,B:F-5-macro,auc,0.549708,0.526316,0.561404,3,DESCRIPTIVE
heldout:power:count:B:F-15-continuous,heldout,power,count,B:F-15-continuous,auc,0.421053,0.403509,0.438596,3,DESCRIPTIVE
heldout:power:count:B:F-15-micro,heldout,power,count,B:F-15-micro,auc,0.485380,0.456140,0.526316,3,DESCRIPTIVE
heldout:power:count:B:F-15-macro,heldout,power,count,B:F-15-macro,auc,0.368421,0.333333,0.421053,3,DESCRIPTIVE
heldout:power:count:B:C-F-1,heldout,power,count,B:C-F-1,auc,0.500000,0.500000,0.500000,3,DESCRIPTIVE
heldout:power:count:B:C-F-5,heldout,power,count,B:C-F-5,auc,0.333333,0.315789,0.350877,3,DESCRIPTIVE
heldout:power:count:B:C-F-15,heldout,power,count,B:C-F-15,auc,0.309942,0.245614,0.350877,3,DESCRIPTIVE
heldout:power:count:L:F-1-continuous,heldout,power,count,L:F-1-continuous,auc,0.491228,0.473684,0.508772,3,DESCRIPTIVE
heldout:power:count:L:F-1-micro,heldout,power,count,L:F-1-micro,auc,0.450292,0.385965,0.508772,3,DESCRIPTIVE
heldout:power:count:L:F-1-macro,heldout,power,count,L:F-1-macro,auc,0.438596,0.403509,0.456140,3,DESCRIPTIVE
heldout:power:count:L:F-5-continuous,heldout,power,count,L:F-5-continuous,auc,0.514620,0.473684,0.561404,3,DESCRIPTIVE
heldout:power:count:L:F-5-micro,heldout,power,count,L:F-5-micro,auc,0.526316,0.473684,0.614035,3,DESCRIPTIVE
heldout:power:count:L:F-5-macro,heldout,power,count,L:F-5-macro,auc,0.532164,0.456140,0.596491,3,DESCRIPTIVE
heldout:power:count:L:F-15-continuous,heldout,power,count,L:F-15-continuous,auc,0.608187,0.596491,0.631579,3,DESCRIPTIVE
heldout:power:count:L:F-15-micro,heldout,power,count,L:F-15-micro,auc,0.573099,0.491228,0.649123,3,DESCRIPTIVE
heldout:power:count:L:F-15-macro,heldout,power,count,L:F-15-macro,auc,0.444444,0.298246,0.684211,3,DESCRIPTIVE
heldout:power:count:L:C-F-1,heldout,power,count,L:C-F-1,auc,0.450292,0.280702,0.596491,3,DESCRIPTIVE
heldout:power:count:L:C-F-5,heldout,power,count,L:C-F-5,auc,0.549708,0.473684,0.614035,3,DESCRIPTIVE
heldout:power:count:L:C-F-15,heldout,power,count,L:C-F-15,auc,0.409357,0.280702,0.526316,3,DESCRIPTIVE
heldout:power:count:C:F-1-continuous,heldout,power,count,C:F-1-continuous,auc,0.497076,0.491228,0.500000,3,DESCRIPTIVE
heldout:power:count:C:F-1-micro,heldout,power,count,C:F-1-micro,auc,0.520468,0.500000,0.561404,3,DESCRIPTIVE
heldout:power:count:C:F-1-macro,heldout,power,count,C:F-1-macro,auc,0.502924,0.500000,0.508772,3,DESCRIPTIVE
heldout:power:count:C:F-5-continuous,heldout,power,count,C:F-5-continuous,auc,0.409357,0.385965,0.438596,3,DESCRIPTIVE
heldout:power:count:C:F-5-micro,heldout,power,count,C:F-5-micro,auc,0.456140,0.385965,0.561404,3,DESCRIPTIVE
heldout:power:count:C:F-5-macro,heldout,power,count,C:F-5-macro,auc,0.426901,0.421053,0.438596,3,DESCRIPTIVE
heldout:power:count:C:F-15-continuous,heldout,power,count,C:F-15-continuous,auc,0.473684,0.421053,0.526316,3,DESCRIPTIVE
heldout:power:count:C:F-15-micro,heldout,power,count,C:F-15-micro,auc,0.502924,0.438596,0.596491,3,DESCRIPTIVE
heldout:power:count:C:F-15-macro,heldout,power,count,C:F-15-macro,auc,0.502924,0.456140,0.578947,3,DESCRIPTIVE
heldout:power:count:C:C-F-1,heldout,power,count,C:C-F-1,auc,0.500000,0.500000,0.500000,3,DESCRIPTIVE
heldout:power:count:C:C-F-5,heldout,power,count,C:C-F-5,auc,0.578947,0.561404,0.596491,3,DESCRIPTIVE
heldout:power:count:C:C-F-15,heldout,power,count,C:C-F-15,auc,0.532164,0.385965,0.719298,3,DESCRIPTIVE
heldout:power:count:LC:F-1-continuous,heldout,power,count,LC:F-1-continuous,auc,0.456140,0.315789,0.631579,3,DESCRIPTIVE
heldout:power:count:LC:F-1-micro,heldout,power,count,LC:F-1-micro,auc,0.485380,0.403509,0.561404,3,DESCRIPTIVE
heldout:power:count:LC:F-1-macro,heldout,power,count,LC:F-1-macro,auc,0.450292,0.421053,0.508772,3,DESCRIPTIVE
heldout:power:count:LC:F-5-continuous,heldout,power,count,LC:F-5-continuous,auc,0.660819,0.649123,0.666667,3,DESCRIPTIVE
heldout:power:count:LC:F-5-micro,heldout,power,count,LC:F-5-micro,auc,0.701754,0.666667,0.771930,3,DESCRIPTIVE
heldout:power:count:LC:F-5-macro,heldout,power,count,LC:F-5-macro,auc,0.625731,0.543860,0.771930,3,DESCRIPTIVE
heldout:power:count:LC:F-15-continuous,heldout,power,count,LC:F-15-continuous,auc,0.760234,0.754386,0.771930,3,DESCRIPTIVE
heldout:power:count:LC:F-15-micro,heldout,power,count,LC:F-15-micro,auc,0.725146,0.666667,0.754386,3,DESCRIPTIVE
heldout:power:count:LC:F-15-macro,heldout,power,count,LC:F-15-macro,auc,0.602339,0.543860,0.631579,3,DESCRIPTIVE
heldout:power:count:LC:C-F-1,heldout,power,count,LC:C-F-1,auc,0.666667,0.631579,0.736842,3,DESCRIPTIVE
heldout:power:count:LC:C-F-5,heldout,power,count,LC:C-F-5,auc,0.684211,0.631579,0.789474,3,DESCRIPTIVE
heldout:power:count:LC:C-F-15,heldout,power,count,LC:C-F-15,auc,0.649123,0.578947,0.684211,3,DESCRIPTIVE
heldout:power:count:E99:F-1-continuous,heldout,power,count,E99:F-1-continuous,auc,0.456140,0.368421,0.500000,3,DESCRIPTIVE
heldout:power:count:E99:F-1-micro,heldout,power,count,E99:F-1-micro,auc,0.505848,0.473684,0.543860,3,DESCRIPTIVE
heldout:power:count:E99:F-1-macro,heldout,power,count,E99:F-1-macro,auc,0.500000,0.500000,0.500000,3,DESCRIPTIVE
heldout:power:count:E99:F-5-continuous,heldout,power,count,E99:F-5-continuous,auc,0.485380,0.438596,0.526316,3,DESCRIPTIVE
heldout:power:count:E99:F-5-micro,heldout,power,count,E99:F-5-micro,auc,0.485380,0.456140,0.508772,3,DESCRIPTIVE
heldout:power:count:E99:F-5-macro,heldout,power,count,E99:F-5-macro,auc,0.561404,0.421053,0.631579,3,DESCRIPTIVE
heldout:power:count:E99:F-15-continuous,heldout,power,count,E99:F-15-continuous,auc,0.514620,0.385965,0.578947,3,DESCRIPTIVE
heldout:power:count:E99:F-15-micro,heldout,power,count,E99:F-15-micro,auc,0.502924,0.368421,0.578947,3,DESCRIPTIVE
heldout:power:count:E99:F-15-macro,heldout,power,count,E99:F-15-macro,auc,0.444444,0.368421,0.508772,3,DESCRIPTIVE
heldout:power:count:E99:C-F-1,heldout,power,count,E99:C-F-1,auc,0.500000,0.500000,0.500000,3,DESCRIPTIVE
heldout:power:count:E99:C-F-5,heldout,power,count,E99:C-F-5,auc,0.450292,0.385965,0.561404,3,DESCRIPTIVE
heldout:power:count:E99:C-F-15,heldout,power,count,E99:C-F-15,auc,0.485380,0.421053,0.526316,3,DESCRIPTIVE
heldout:power:count:L-B:request_mean,heldout,power,count,L-B:request_mean,paired_auc_difference,0.040448,0.010234,0.099415,3,DESCRIPTIVE
heldout:power:count:L-B:F-1-continuous,heldout,power,count,L-B:F-1-continuous,paired_auc_difference,-0.008772,-0.026316,0.008772,3,DESCRIPTIVE
heldout:power:count:L-B:F-1-micro,heldout,power,count,L-B:F-1-micro,paired_auc_difference,-0.049708,-0.114035,0.008772,3,DESCRIPTIVE
heldout:power:count:L-B:F-1-macro,heldout,power,count,L-B:F-1-macro,paired_auc_difference,-0.061404,-0.096491,-0.043860,3,DESCRIPTIVE
heldout:power:count:L-B:F-5-continuous,heldout,power,count,L-B:F-5-continuous,paired_auc_difference,-0.011696,-0.070175,0.070175,3,DESCRIPTIVE
heldout:power:count:L-B:F-5-micro,heldout,power,count,L-B:F-5-micro,paired_auc_difference,0.017544,-0.052632,0.140351,3,DESCRIPTIVE
heldout:power:count:L-B:F-5-macro,heldout,power,count,L-B:F-5-macro,paired_auc_difference,-0.017544,-0.105263,0.035088,3,DESCRIPTIVE
heldout:power:count:L-B:F-15-continuous,heldout,power,count,L-B:F-15-continuous,paired_auc_difference,0.187135,0.157895,0.228070,3,DESCRIPTIVE
heldout:power:count:L-B:F-15-micro,heldout,power,count,L-B:F-15-micro,paired_auc_difference,0.087719,0.017544,0.122807,3,DESCRIPTIVE
heldout:power:count:L-B:F-15-macro,heldout,power,count,L-B:F-15-macro,paired_auc_difference,0.076023,-0.052632,0.263158,3,DESCRIPTIVE
heldout:power:count:L-B:C-F-1,heldout,power,count,L-B:C-F-1,paired_auc_difference,-0.049708,-0.219298,0.096491,3,DESCRIPTIVE
heldout:power:count:L-B:C-F-5,heldout,power,count,L-B:C-F-5,paired_auc_difference,0.216374,0.157895,0.280702,3,DESCRIPTIVE
heldout:power:count:L-B:C-F-15,heldout,power,count,L-B:C-F-15,paired_auc_difference,0.099415,0.035088,0.192982,3,DESCRIPTIVE
heldout:power:count:LC-C:request_mean,heldout,power,count,LC-C:request_mean,paired_auc_difference,0.258041,0.208333,0.300439,3,DESCRIPTIVE
heldout:power:count:LC-C:F-1-continuous,heldout,power,count,LC-C:F-1-continuous,paired_auc_difference,-0.040936,-0.175439,0.131579,3,DESCRIPTIVE
heldout:power:count:LC-C:F-1-micro,heldout,power,count,LC-C:F-1-micro,paired_auc_difference,-0.035088,-0.096491,0.061404,3,DESCRIPTIVE
heldout:power:count:LC-C:F-1-macro,heldout,power,count,LC-C:F-1-macro,paired_auc_difference,-0.052632,-0.087719,0.008772,3,DESCRIPTIVE
heldout:power:count:LC-C:F-5-continuous,heldout,power,count,LC-C:F-5-continuous,paired_auc_difference,0.251462,0.228070,0.263158,3,DESCRIPTIVE
heldout:power:count:LC-C:F-5-micro,heldout,power,count,LC-C:F-5-micro,paired_auc_difference,0.245614,0.210526,0.280702,3,DESCRIPTIVE
heldout:power:count:LC-C:F-5-macro,heldout,power,count,LC-C:F-5-macro,paired_auc_difference,0.198830,0.122807,0.350877,3,DESCRIPTIVE
heldout:power:count:LC-C:F-15-continuous,heldout,power,count,LC-C:F-15-continuous,paired_auc_difference,0.286550,0.228070,0.333333,3,DESCRIPTIVE
heldout:power:count:LC-C:F-15-micro,heldout,power,count,LC-C:F-15-micro,paired_auc_difference,0.222222,0.157895,0.315789,3,DESCRIPTIVE
heldout:power:count:LC-C:F-15-macro,heldout,power,count,LC-C:F-15-macro,paired_auc_difference,0.099415,-0.035088,0.175439,3,DESCRIPTIVE
heldout:power:count:LC-C:C-F-1,heldout,power,count,LC-C:C-F-1,paired_auc_difference,0.166667,0.131579,0.236842,3,DESCRIPTIVE
heldout:power:count:LC-C:C-F-5,heldout,power,count,LC-C:C-F-5,paired_auc_difference,0.184211,0.131579,0.289474,3,DESCRIPTIVE
heldout:power:count:LC-C:C-F-15,heldout,power,count,LC-C:C-F-15,paired_auc_difference,-0.035088,-0.157895,0.052632,3,DESCRIPTIVE
heldout:power:count:C-B:request_mean,heldout,power,count,C-B:request_mean,paired_auc_difference,0.033382,0.011696,0.068713,3,DESCRIPTIVE
heldout:power:count:C-B:F-1-continuous,heldout,power,count,C-B:F-1-continuous,paired_auc_difference,-0.002924,-0.008772,0.000000,3,DESCRIPTIVE
heldout:power:count:C-B:F-1-micro,heldout,power,count,C-B:F-1-micro,paired_auc_difference,0.020468,0.000000,0.061404,3,DESCRIPTIVE
heldout:power:count:C-B:F-1-macro,heldout,power,count,C-B:F-1-macro,paired_auc_difference,0.002924,0.000000,0.008772,3,DESCRIPTIVE
heldout:power:count:C-B:F-5-continuous,heldout,power,count,C-B:F-5-continuous,paired_auc_difference,-0.116959,-0.140351,-0.105263,3,DESCRIPTIVE
heldout:power:count:C-B:F-5-micro,heldout,power,count,C-B:F-5-micro,paired_auc_difference,-0.052632,-0.157895,0.087719,3,DESCRIPTIVE
heldout:power:count:C-B:F-5-macro,heldout,power,count,C-B:F-5-macro,paired_auc_difference,-0.122807,-0.140351,-0.105263,3,DESCRIPTIVE
heldout:power:count:C-B:F-15-continuous,heldout,power,count,C-B:F-15-continuous,paired_auc_difference,0.052632,0.000000,0.087719,3,DESCRIPTIVE
heldout:power:count:C-B:F-15-micro,heldout,power,count,C-B:F-15-micro,paired_auc_difference,0.017544,-0.017544,0.070175,3,DESCRIPTIVE
heldout:power:count:C-B:F-15-macro,heldout,power,count,C-B:F-15-macro,paired_auc_difference,0.134503,0.122807,0.157895,3,DESCRIPTIVE
heldout:power:count:C-B:C-F-1,heldout,power,count,C-B:C-F-1,paired_auc_difference,0.000000,0.000000,0.000000,3,DESCRIPTIVE
heldout:power:count:C-B:C-F-5,heldout,power,count,C-B:C-F-5,paired_auc_difference,0.245614,0.245614,0.245614,3,DESCRIPTIVE
heldout:power:count:C-B:C-F-15,heldout,power,count,C-B:C-F-15,paired_auc_difference,0.222222,0.140351,0.385965,3,DESCRIPTIVE
heldout:power:count:LC-L:request_mean,heldout,power,count,LC-L:request_mean,paired_auc_difference,0.201754,0.118421,0.298246,3,DESCRIPTIVE
heldout:power:count:LC-L:F-1-continuous,heldout,power,count,LC-L:F-1-continuous,paired_auc_difference,-0.035088,-0.175439,0.122807,3,DESCRIPTIVE
heldout:power:count:LC-L:F-1-micro,heldout,power,count,LC-L:F-1-micro,paired_auc_difference,0.035088,-0.052632,0.105263,3,DESCRIPTIVE
heldout:power:count:LC-L:F-1-macro,heldout,power,count,LC-L:F-1-macro,paired_auc_difference,0.011696,-0.035088,0.105263,3,DESCRIPTIVE
heldout:power:count:LC-L:F-5-continuous,heldout,power,count,LC-L:F-5-continuous,paired_auc_difference,0.146199,0.087719,0.192982,3,DESCRIPTIVE
heldout:power:count:LC-L:F-5-micro,heldout,power,count,LC-L:F-5-micro,paired_auc_difference,0.175439,0.157895,0.192982,3,DESCRIPTIVE
heldout:power:count:LC-L:F-5-macro,heldout,power,count,LC-L:F-5-macro,paired_auc_difference,0.093567,-0.052632,0.228070,3,DESCRIPTIVE
heldout:power:count:LC-L:F-15-continuous,heldout,power,count,LC-L:F-15-continuous,paired_auc_difference,0.152047,0.140351,0.157895,3,DESCRIPTIVE
heldout:power:count:LC-L:F-15-micro,heldout,power,count,LC-L:F-15-micro,paired_auc_difference,0.152047,0.105263,0.175439,3,DESCRIPTIVE
heldout:power:count:LC-L:F-15-macro,heldout,power,count,LC-L:F-15-macro,paired_auc_difference,0.157895,-0.140351,0.333333,3,DESCRIPTIVE
heldout:power:count:LC-L:C-F-1,heldout,power,count,LC-L:C-F-1,paired_auc_difference,0.122807,-0.052632,0.421053,3,DESCRIPTIVE
heldout:power:count:LC-L:C-F-5,heldout,power,count,LC-L:C-F-5,paired_auc_difference,-0.035088,-0.105263,0.052632,3,DESCRIPTIVE
heldout:power:count:LC-L:C-F-15,heldout,power,count,LC-L:C-F-15,paired_auc_difference,0.122807,0.000000,0.315789,3,DESCRIPTIVE
heldout:power:count:LC-B:request_mean,heldout,power,count,LC-B:request_mean,paired_auc_difference,0.282164,0.250000,0.337719,3,DESCRIPTIVE
heldout:power:count:LC-B:F-1-continuous,heldout,power,count,LC-B:F-1-continuous,paired_auc_difference,-0.043860,-0.184211,0.131579,3,DESCRIPTIVE
heldout:power:count:LC-B:F-1-micro,heldout,power,count,LC-B:F-1-micro,paired_auc_difference,-0.014620,-0.096491,0.061404,3,DESCRIPTIVE
heldout:power:count:LC-B:F-1-macro,heldout,power,count,LC-B:F-1-macro,paired_auc_difference,-0.049708,-0.078947,0.008772,3,DESCRIPTIVE
heldout:power:count:LC-B:F-5-continuous,heldout,power,count,LC-B:F-5-continuous,paired_auc_difference,0.134503,0.122807,0.157895,3,DESCRIPTIVE
heldout:power:count:LC-B:F-5-micro,heldout,power,count,LC-B:F-5-micro,paired_auc_difference,0.192982,0.122807,0.298246,3,DESCRIPTIVE
heldout:power:count:LC-B:F-5-macro,heldout,power,count,LC-B:F-5-macro,paired_auc_difference,0.076023,-0.017544,0.245614,3,DESCRIPTIVE
heldout:power:count:LC-B:F-15-continuous,heldout,power,count,LC-B:F-15-continuous,paired_auc_difference,0.339181,0.315789,0.368421,3,DESCRIPTIVE
heldout:power:count:LC-B:F-15-micro,heldout,power,count,LC-B:F-15-micro,paired_auc_difference,0.239766,0.192982,0.298246,3,DESCRIPTIVE
heldout:power:count:LC-B:F-15-macro,heldout,power,count,LC-B:F-15-macro,paired_auc_difference,0.233918,0.122807,0.298246,3,DESCRIPTIVE
heldout:power:count:LC-B:C-F-1,heldout,power,count,LC-B:C-F-1,paired_auc_difference,0.166667,0.131579,0.236842,3,DESCRIPTIVE
heldout:power:count:LC-B:C-F-5,heldout,power,count,LC-B:C-F-5,paired_auc_difference,0.368421,0.368421,0.368421,3,DESCRIPTIVE
heldout:power:count:LC-B:C-F-15,heldout,power,count,LC-B:C-F-15,paired_auc_difference,0.350877,0.263158,0.421053,3,DESCRIPTIVE
rollout:lolo:B:F-1-continuous:15:engine_position_mse,lolo,n1,,B:F-1-continuous:15:engine_position_mse,rollout_error,0.037466,0.027044,0.049225,12,EXPLORATORY
rollout:lolo:B:F-1-continuous:15:position_mse,lolo,n1,,B:F-1-continuous:15:position_mse,rollout_error,0.014670,0.012366,0.017101,12,EXPLORATORY
rollout:lolo:B:F-1-continuous:30:engine_position_mse,lolo,n1,,B:F-1-continuous:30:engine_position_mse,rollout_error,0.093477,0.075866,0.113480,12,EXPLORATORY
rollout:lolo:B:F-1-continuous:30:position_mse,lolo,n1,,B:F-1-continuous:30:position_mse,rollout_error,0.072823,0.059470,0.087012,12,EXPLORATORY
rollout:lolo:B:F-1-continuous:60:engine_position_mse,lolo,n1,,B:F-1-continuous:60:engine_position_mse,rollout_error,1.070758,0.731835,1.508831,12,EXPLORATORY
rollout:lolo:B:F-1-continuous:60:position_mse,lolo,n1,,B:F-1-continuous:60:position_mse,rollout_error,1.079413,0.705601,1.590539,12,EXPLORATORY
rollout:lolo:B:F-1-continuous:150:engine_position_mse,lolo,n1,,B:F-1-continuous:150:engine_position_mse,rollout_error,802.859051,687.373739,910.176455,12,EXPLORATORY
rollout:lolo:B:F-1-continuous:150:position_mse,lolo,n1,,B:F-1-continuous:150:position_mse,rollout_error,795.797303,677.398605,906.018271,12,EXPLORATORY
rollout:lolo:B:F-1-continuous:225:engine_position_mse,lolo,n1,,B:F-1-continuous:225:engine_position_mse,rollout_error,3621.730886,3150.528140,4088.621664,12,EXPLORATORY
rollout:lolo:B:F-1-continuous:225:position_mse,lolo,n1,,B:F-1-continuous:225:position_mse,rollout_error,3581.359419,3107.618509,4038.513072,12,EXPLORATORY
rollout:lolo:B:F-1-micro:15:engine_position_mse,lolo,n1,,B:F-1-micro:15:engine_position_mse,rollout_error,0.039116,0.028256,0.051242,12,EXPLORATORY
rollout:lolo:B:F-1-micro:15:position_mse,lolo,n1,,B:F-1-micro:15:position_mse,rollout_error,0.015376,0.012861,0.017996,12,EXPLORATORY
rollout:lolo:B:F-1-micro:30:engine_position_mse,lolo,n1,,B:F-1-micro:30:engine_position_mse,rollout_error,0.101215,0.082236,0.122442,12,EXPLORATORY
rollout:lolo:B:F-1-micro:30:position_mse,lolo,n1,,B:F-1-micro:30:position_mse,rollout_error,0.078493,0.064559,0.093652,12,EXPLORATORY
rollout:lolo:B:F-1-micro:60:engine_position_mse,lolo,n1,,B:F-1-micro:60:engine_position_mse,rollout_error,1.201149,0.876793,1.606049,12,EXPLORATORY
rollout:lolo:B:F-1-micro:60:position_mse,lolo,n1,,B:F-1-micro:60:position_mse,rollout_error,1.197568,0.846373,1.655945,12,EXPLORATORY
rollout:lolo:B:F-1-micro:150:engine_position_mse,lolo,n1,,B:F-1-micro:150:engine_position_mse,rollout_error,865.929547,746.376899,977.179350,12,EXPLORATORY
rollout:lolo:B:F-1-micro:150:position_mse,lolo,n1,,B:F-1-micro:150:position_mse,rollout_error,858.973700,740.906550,968.137651,12,EXPLORATORY
rollout:lolo:B:F-1-micro:225:engine_position_mse,lolo,n1,,B:F-1-micro:225:engine_position_mse,rollout_error,3775.008638,3247.936127,4267.598663,12,EXPLORATORY
rollout:lolo:B:F-1-micro:225:position_mse,lolo,n1,,B:F-1-micro:225:position_mse,rollout_error,3736.119986,3217.976984,4211.641478,12,EXPLORATORY
rollout:lolo:B:F-1-macro:15:engine_position_mse,lolo,n1,,B:F-1-macro:15:engine_position_mse,rollout_error,0.043557,0.032544,0.056073,12,EXPLORATORY
rollout:lolo:B:F-1-macro:15:position_mse,lolo,n1,,B:F-1-macro:15:position_mse,rollout_error,0.020347,0.017369,0.023230,12,EXPLORATORY
rollout:lolo:B:F-1-macro:30:engine_position_mse,lolo,n1,,B:F-1-macro:30:engine_position_mse,rollout_error,0.121198,0.101752,0.143505,12,EXPLORATORY
rollout:lolo:B:F-1-macro:30:position_mse,lolo,n1,,B:F-1-macro:30:position_mse,rollout_error,0.102922,0.086743,0.119492,12,EXPLORATORY
rollout:lolo:B:F-1-macro:60:engine_position_mse,lolo,n1,,B:F-1-macro:60:engine_position_mse,rollout_error,1.608753,1.116675,2.254450,12,EXPLORATORY
rollout:lolo:B:F-1-macro:60:position_mse,lolo,n1,,B:F-1-macro:60:position_mse,rollout_error,1.647465,1.102211,2.399348,12,EXPLORATORY
rollout:lolo:B:F-1-macro:150:engine_position_mse,lolo,n1,,B:F-1-macro:150:engine_position_mse,rollout_error,904.464223,811.408550,991.295985,12,EXPLORATORY
rollout:lolo:B:F-1-macro:150:position_mse,lolo,n1,,B:F-1-macro:150:position_mse,rollout_error,899.766974,801.291906,997.161626,12,EXPLORATORY
rollout:lolo:B:F-1-macro:225:engine_position_mse,lolo,n1,,B:F-1-macro:225:engine_position_mse,rollout_error,3881.170444,3488.064716,4252.491293,12,EXPLORATORY
rollout:lolo:B:F-1-macro:225:position_mse,lolo,n1,,B:F-1-macro:225:position_mse,rollout_error,3844.545559,3449.587881,4219.558267,12,EXPLORATORY
rollout:lolo:B:F-5-continuous:15:engine_position_mse,lolo,n1,,B:F-5-continuous:15:engine_position_mse,rollout_error,0.025674,0.014565,0.038336,12,EXPLORATORY
rollout:lolo:B:F-5-continuous:15:position_mse,lolo,n1,,B:F-5-continuous:15:position_mse,rollout_error,0.000892,0.000725,0.001072,12,EXPLORATORY
rollout:lolo:B:F-5-continuous:30:engine_position_mse,lolo,n1,,B:F-5-continuous:30:engine_position_mse,rollout_error,0.027102,0.016080,0.039406,12,EXPLORATORY
rollout:lolo:B:F-5-continuous:30:position_mse,lolo,n1,,B:F-5-continuous:30:position_mse,rollout_error,0.002798,0.002312,0.003318,12,EXPLORATORY
rollout:lolo:B:F-5-continuous:60:engine_position_mse,lolo,n1,,B:F-5-continuous:60:engine_position_mse,rollout_error,0.032122,0.021572,0.043871,12,EXPLORATORY
rollout:lolo:B:F-5-continuous:60:position_mse,lolo,n1,,B:F-5-continuous:60:position_mse,rollout_error,0.010141,0.008513,0.011885,12,EXPLORATORY
rollout:lolo:B:F-5-continuous:150:engine_position_mse,lolo,n1,,B:F-5-continuous:150:engine_position_mse,rollout_error,0.095835,0.078532,0.115507,12,EXPLORATORY
rollout:lolo:B:F-5-continuous:150:position_mse,lolo,n1,,B:F-5-continuous:150:position_mse,rollout_error,0.078804,0.064625,0.093489,12,EXPLORATORY
rollout:lolo:B:F-5-continuous:225:engine_position_mse,lolo,n1,,B:F-5-continuous:225:engine_position_mse,rollout_error,0.302720,0.234308,0.378768,12,EXPLORATORY
rollout:lolo:B:F-5-continuous:225:position_mse,lolo,n1,,B:F-5-continuous:225:position_mse,rollout_error,0.289358,0.221198,0.368798,12,EXPLORATORY
rollout:lolo:B:F-5-micro:15:engine_position_mse,lolo,n1,,B:F-5-micro:15:engine_position_mse,rollout_error,0.025802,0.014654,0.038419,12,EXPLORATORY
rollout:lolo:B:F-5-micro:15:position_mse,lolo,n1,,B:F-5-micro:15:position_mse,rollout_error,0.000902,0.000734,0.001080,12,EXPLORATORY
rollout:lolo:B:F-5-micro:30:engine_position_mse,lolo,n1,,B:F-5-micro:30:engine_position_mse,rollout_error,0.027436,0.016338,0.039837,12,EXPLORATORY
rollout:lolo:B:F-5-micro:30:position_mse,lolo,n1,,B:F-5-micro:30:position_mse,rollout_error,0.002853,0.002348,0.003380,12,EXPLORATORY
rollout:lolo:B:F-5-micro:60:engine_position_mse,lolo,n1,,B:F-5-micro:60:engine_position_mse,rollout_error,0.033102,0.022326,0.045062,12,EXPLORATORY
rollout:lolo:B:F-5-micro:60:position_mse,lolo,n1,,B:F-5-micro:60:position_mse,rollout_error,0.010431,0.008706,0.012228,12,EXPLORATORY
rollout:lolo:B:F-5-micro:150:engine_position_mse,lolo,n1,,B:F-5-micro:150:engine_position_mse,rollout_error,0.102058,0.083998,0.122382,12,EXPLORATORY
rollout:lolo:B:F-5-micro:150:position_mse,lolo,n1,,B:F-5-micro:150:position_mse,rollout_error,0.083447,0.069158,0.098644,12,EXPLORATORY
rollout:lolo:B:F-5-micro:225:engine_position_mse,lolo,n1,,B:F-5-micro:225:engine_position_mse,rollout_error,0.327877,0.262664,0.400765,12,EXPLORATORY
rollout:lolo:B:F-5-micro:225:position_mse,lolo,n1,,B:F-5-micro:225:position_mse,rollout_error,0.312435,0.248662,0.386637,12,EXPLORATORY
rollout:lolo:B:F-5-macro:15:engine_position_mse,lolo,n1,,B:F-5-macro:15:engine_position_mse,rollout_error,0.025899,0.014519,0.038877,12,EXPLORATORY
rollout:lolo:B:F-5-macro:15:position_mse,lolo,n1,,B:F-5-macro:15:position_mse,rollout_error,0.000972,0.000809,0.001140,12,EXPLORATORY
rollout:lolo:B:F-5-macro:30:engine_position_mse,lolo,n1,,B:F-5-macro:30:engine_position_mse,rollout_error,0.027449,0.016154,0.040125,12,EXPLORATORY
rollout:lolo:B:F-5-macro:30:position_mse,lolo,n1,,B:F-5-macro:30:position_mse,rollout_error,0.002909,0.002444,0.003377,12,EXPLORATORY
rollout:lolo:B:F-5-macro:60:engine_position_mse,lolo,n1,,B:F-5-macro:60:engine_position_mse,rollout_error,0.032835,0.022148,0.044810,12,EXPLORATORY
rollout:lolo:B:F-5-macro:60:position_mse,lolo,n1,,B:F-5-macro:60:position_mse,rollout_error,0.010633,0.009065,0.012176,12,EXPLORATORY
rollout:lolo:B:F-5-macro:150:engine_position_mse,lolo,n1,,B:F-5-macro:150:engine_position_mse,rollout_error,0.099808,0.083848,0.117798,12,EXPLORATORY
rollout:lolo:B:F-5-macro:150:position_mse,lolo,n1,,B:F-5-macro:150:position_mse,rollout_error,0.084530,0.071380,0.098323,12,EXPLORATORY
rollout:lolo:B:F-5-macro:225:engine_position_mse,lolo,n1,,B:F-5-macro:225:engine_position_mse,rollout_error,0.323002,0.255457,0.400241,12,EXPLORATORY
rollout:lolo:B:F-5-macro:225:position_mse,lolo,n1,,B:F-5-macro:225:position_mse,rollout_error,0.317405,0.248047,0.399088,12,EXPLORATORY
rollout:lolo:B:F-15-continuous:15:engine_position_mse,lolo,n1,,B:F-15-continuous:15:engine_position_mse,rollout_error,0.025456,0.014393,0.038043,12,EXPLORATORY
rollout:lolo:B:F-15-continuous:15:position_mse,lolo,n1,,B:F-15-continuous:15:position_mse,rollout_error,0.000273,0.000234,0.000315,12,EXPLORATORY
rollout:lolo:B:F-15-continuous:30:engine_position_mse,lolo,n1,,B:F-15-continuous:30:engine_position_mse,rollout_error,0.025576,0.014469,0.038161,12,EXPLORATORY
rollout:lolo:B:F-15-continuous:30:position_mse,lolo,n1,,B:F-15-continuous:30:position_mse,rollout_error,0.000537,0.000442,0.000640,12,EXPLORATORY
rollout:lolo:B:F-15-continuous:60:engine_position_mse,lolo,n1,,B:F-15-continuous:60:engine_position_mse,rollout_error,0.024720,0.013783,0.037091,12,EXPLORATORY
rollout:lolo:B:F-15-continuous:60:position_mse,lolo,n1,,B:F-15-continuous:60:position_mse,rollout_error,0.001432,0.001182,0.001700,12,EXPLORATORY
rollout:lolo:B:F-15-continuous:150:engine_position_mse,lolo,n1,,B:F-15-continuous:150:engine_position_mse,rollout_error,0.028229,0.018680,0.039422,12,EXPLORATORY
rollout:lolo:B:F-15-continuous:150:position_mse,lolo,n1,,B:F-15-continuous:150:position_mse,rollout_error,0.007272,0.006104,0.008521,12,EXPLORATORY
rollout:lolo:B:F-15-continuous:225:engine_position_mse,lolo,n1,,B:F-15-continuous:225:engine_position_mse,rollout_error,0.036766,0.027137,0.047713,12,EXPLORATORY
rollout:lolo:B:F-15-continuous:225:position_mse,lolo,n1,,B:F-15-continuous:225:position_mse,rollout_error,0.016229,0.013686,0.018958,12,EXPLORATORY
rollout:lolo:B:F-15-micro:15:engine_position_mse,lolo,n1,,B:F-15-micro:15:engine_position_mse,rollout_error,0.025443,0.014379,0.038010,12,EXPLORATORY
rollout:lolo:B:F-15-micro:15:position_mse,lolo,n1,,B:F-15-micro:15:position_mse,rollout_error,0.000261,0.000218,0.000305,12,EXPLORATORY
rollout:lolo:B:F-15-micro:30:engine_position_mse,lolo,n1,,B:F-15-micro:30:engine_position_mse,rollout_error,0.025546,0.014441,0.038136,12,EXPLORATORY
rollout:lolo:B:F-15-micro:30:position_mse,lolo,n1,,B:F-15-micro:30:position_mse,rollout_error,0.000496,0.000403,0.000595,12,EXPLORATORY
rollout:lolo:B:F-15-micro:60:engine_position_mse,lolo,n1,,B:F-15-micro:60:engine_position_mse,rollout_error,0.024654,0.013709,0.036960,12,EXPLORATORY
rollout:lolo:B:F-15-micro:60:position_mse,lolo,n1,,B:F-15-micro:60:position_mse,rollout_error,0.001291,0.001059,0.001532,12,EXPLORATORY
rollout:lolo:B:F-15-micro:150:engine_position_mse,lolo,n1,,B:F-15-micro:150:engine_position_mse,rollout_error,0.027966,0.018219,0.039204,12,EXPLORATORY
rollout:lolo:B:F-15-micro:150:position_mse,lolo,n1,,B:F-15-micro:150:position_mse,rollout_error,0.006541,0.005454,0.007660,12,EXPLORATORY
rollout:lolo:B:F-15-micro:225:engine_position_mse,lolo,n1,,B:F-15-micro:225:engine_position_mse,rollout_error,0.035823,0.026097,0.046785,12,EXPLORATORY
rollout:lolo:B:F-15-micro:225:position_mse,lolo,n1,,B:F-15-micro:225:position_mse,rollout_error,0.014665,0.012309,0.017142,12,EXPLORATORY
rollout:lolo:B:F-15-macro:15:engine_position_mse,lolo,n1,,B:F-15-macro:15:engine_position_mse,rollout_error,0.025174,0.014528,0.037274,12,EXPLORATORY
rollout:lolo:B:F-15-macro:15:position_mse,lolo,n1,,B:F-15-macro:15:position_mse,rollout_error,0.000615,0.000508,0.000742,12,EXPLORATORY
rollout:lolo:B:F-15-macro:30:engine_position_mse,lolo,n1,,B:F-15-macro:30:engine_position_mse,rollout_error,0.025481,0.014465,0.037943,12,EXPLORATORY
rollout:lolo:B:F-15-macro:30:position_mse,lolo,n1,,B:F-15-macro:30:position_mse,rollout_error,0.000571,0.000458,0.000674,12,EXPLORATORY
rollout:lolo:B:F-15-macro:60:engine_position_mse,lolo,n1,,B:F-15-macro:60:engine_position_mse,rollout_error,0.023941,0.013358,0.035971,12,EXPLORATORY
rollout:lolo:B:F-15-macro:60:position_mse,lolo,n1,,B:F-15-macro:60:position_mse,rollout_error,0.000946,0.000734,0.001162,12,EXPLORATORY
rollout:lolo:B:F-15-macro:150:engine_position_mse,lolo,n1,,B:F-15-macro:150:engine_position_mse,rollout_error,0.023859,0.015144,0.034003,12,EXPLORATORY
rollout:lolo:B:F-15-macro:150:position_mse,lolo,n1,,B:F-15-macro:150:position_mse,rollout_error,0.003583,0.002904,0.004276,12,EXPLORATORY
rollout:lolo:B:F-15-macro:225:engine_position_mse,lolo,n1,,B:F-15-macro:225:engine_position_mse,rollout_error,0.026558,0.018579,0.035501,12,EXPLORATORY
rollout:lolo:B:F-15-macro:225:position_mse,lolo,n1,,B:F-15-macro:225:position_mse,rollout_error,0.007717,0.006424,0.009062,12,EXPLORATORY
rollout:lolo:B:C-F-1:15:engine_position_mse,lolo,n1,,B:C-F-1:15:engine_position_mse,rollout_error,0.037896,0.030611,0.046091,12,EXPLORATORY
rollout:lolo:B:C-F-1:15:position_mse,lolo,n1,,B:C-F-1:15:position_mse,rollout_error,0.016676,0.014101,0.019162,12,EXPLORATORY
rollout:lolo:B:C-F-1:30:engine_position_mse,lolo,n1,,B:C-F-1:30:engine_position_mse,rollout_error,0.092015,0.083783,0.100404,12,EXPLORATORY
rollout:lolo:B:C-F-1:30:position_mse,lolo,n1,,B:C-F-1:30:position_mse,rollout_error,0.072174,0.061192,0.082946,12,EXPLORATORY
rollout:lolo:B:C-F-1:60:engine_position_mse,lolo,n1,,B:C-F-1:60:engine_position_mse,rollout_error,0.789355,0.641276,0.930823,12,EXPLORATORY
rollout:lolo:B:C-F-1:60:position_mse,lolo,n1,,B:C-F-1:60:position_mse,rollout_error,0.761750,0.622155,0.896234,12,EXPLORATORY
rollout:lolo:B:C-F-1:150:engine_position_mse,lolo,n1,,B:C-F-1:150:engine_position_mse,rollout_error,413.960429,372.668809,456.933029,12,EXPLORATORY
rollout:lolo:B:C-F-1:150:position_mse,lolo,n1,,B:C-F-1:150:position_mse,rollout_error,413.458750,368.728790,458.020787,12,EXPLORATORY
rollout:lolo:B:C-F-1:225:engine_position_mse,lolo,n1,,B:C-F-1:225:engine_position_mse,rollout_error,2116.040706,2005.999352,2232.619146,12,EXPLORATORY
rollout:lolo:B:C-F-1:225:position_mse,lolo,n1,,B:C-F-1:225:position_mse,rollout_error,2100.136150,1975.520000,2223.261250,12,EXPLORATORY
rollout:lolo:B:C-F-5:15:engine_position_mse,lolo,n1,,B:C-F-5:15:engine_position_mse,rollout_error,0.025410,0.015292,0.037276,12,EXPLORATORY
rollout:lolo:B:C-F-5:15:position_mse,lolo,n1,,B:C-F-5:15:position_mse,rollout_error,0.001252,0.001007,0.001502,12,EXPLORATORY
rollout:lolo:B:C-F-5:30:engine_position_mse,lolo,n1,,B:C-F-5:30:engine_position_mse,rollout_error,0.027144,0.017779,0.038161,12,EXPLORATORY
rollout:lolo:B:C-F-5:30:position_mse,lolo,n1,,B:C-F-5:30:position_mse,rollout_error,0.003805,0.003064,0.004566,12,EXPLORATORY
rollout:lolo:B:C-F-5:60:engine_position_mse,lolo,n1,,B:C-F-5:60:engine_position_mse,rollout_error,0.032821,0.024738,0.042019,12,EXPLORATORY
rollout:lolo:B:C-F-5:60:position_mse,lolo,n1,,B:C-F-5:60:position_mse,rollout_error,0.012102,0.009737,0.014569,12,EXPLORATORY
rollout:lolo:B:C-F-5:150:engine_position_mse,lolo,n1,,B:C-F-5:150:engine_position_mse,rollout_error,0.096894,0.084554,0.109358,12,EXPLORATORY
rollout:lolo:B:C-F-5:150:position_mse,lolo,n1,,B:C-F-5:150:position_mse,rollout_error,0.077336,0.062673,0.092015,12,EXPLORATORY
rollout:lolo:B:C-F-5:225:engine_position_mse,lolo,n1,,B:C-F-5:225:engine_position_mse,rollout_error,0.273068,0.224495,0.318747,12,EXPLORATORY
rollout:lolo:B:C-F-5:225:position_mse,lolo,n1,,B:C-F-5:225:position_mse,rollout_error,0.254136,0.205693,0.301606,12,EXPLORATORY
rollout:lolo:B:C-F-15:15:engine_position_mse,lolo,n1,,B:C-F-15:15:engine_position_mse,rollout_error,0.024900,0.014339,0.037428,12,EXPLORATORY
rollout:lolo:B:C-F-15:15:position_mse,lolo,n1,,B:C-F-15:15:position_mse,rollout_error,0.000239,0.000190,0.000291,12,EXPLORATORY
rollout:lolo:B:C-F-15:30:engine_position_mse,lolo,n1,,B:C-F-15:30:engine_position_mse,rollout_error,0.024782,0.014456,0.037020,12,EXPLORATORY
rollout:lolo:B:C-F-15:30:position_mse,lolo,n1,,B:C-F-15:30:position_mse,rollout_error,0.000479,0.000389,0.000577,12,EXPLORATORY
rollout:lolo:B:C-F-15:60:engine_position_mse,lolo,n1,,B:C-F-15:60:engine_position_mse,rollout_error,0.023503,0.013745,0.035129,12,EXPLORATORY
rollout:lolo:B:C-F-15:60:position_mse,lolo,n1,,B:C-F-15:60:position_mse,rollout_error,0.001265,0.001042,0.001494,12,EXPLORATORY
rollout:lolo:B:C-F-15:150:engine_position_mse,lolo,n1,,B:C-F-15:150:engine_position_mse,rollout_error,0.025474,0.017598,0.035184,12,EXPLORATORY
rollout:lolo:B:C-F-15:150:position_mse,lolo,n1,,B:C-F-15:150:position_mse,rollout_error,0.005488,0.004569,0.006361,12,EXPLORATORY
rollout:lolo:B:C-F-15:225:engine_position_mse,lolo,n1,,B:C-F-15:225:engine_position_mse,rollout_error,0.030872,0.024002,0.038717,12,EXPLORATORY
rollout:lolo:B:C-F-15:225:position_mse,lolo,n1,,B:C-F-15:225:position_mse,rollout_error,0.011124,0.009325,0.012849,12,EXPLORATORY
rollout:lolo:L:F-1-continuous:15:engine_position_mse,lolo,n1,,L:F-1-continuous:15:engine_position_mse,rollout_error,0.033458,0.022761,0.048036,12,EXPLORATORY
rollout:lolo:L:F-1-continuous:15:position_mse,lolo,n1,,L:F-1-continuous:15:position_mse,rollout_error,0.016357,0.009833,0.024032,12,EXPLORATORY
rollout:lolo:L:F-1-continuous:30:engine_position_mse,lolo,n1,,L:F-1-continuous:30:engine_position_mse,rollout_error,0.036792,0.026663,0.049526,12,EXPLORATORY
rollout:lolo:L:F-1-continuous:30:position_mse,lolo,n1,,L:F-1-continuous:30:position_mse,rollout_error,0.020827,0.013754,0.028815,12,EXPLORATORY
rollout:lolo:L:F-1-continuous:60:engine_position_mse,lolo,n1,,L:F-1-continuous:60:engine_position_mse,rollout_error,0.044875,0.032751,0.059062,12,EXPLORATORY
rollout:lolo:L:F-1-continuous:60:position_mse,lolo,n1,,L:F-1-continuous:60:position_mse,rollout_error,0.030411,0.021311,0.039811,12,EXPLORATORY
rollout:lolo:L:F-1-continuous:150:engine_position_mse,lolo,n1,,L:F-1-continuous:150:engine_position_mse,rollout_error,0.068568,0.049418,0.087350,12,EXPLORATORY
rollout:lolo:L:F-1-continuous:150:position_mse,lolo,n1,,L:F-1-continuous:150:position_mse,rollout_error,0.055027,0.039347,0.069003,12,EXPLORATORY
rollout:lolo:L:F-1-continuous:225:engine_position_mse,lolo,n1,,L:F-1-continuous:225:engine_position_mse,rollout_error,0.088056,0.062808,0.112127,12,EXPLORATORY
rollout:lolo:L:F-1-continuous:225:position_mse,lolo,n1,,L:F-1-continuous:225:position_mse,rollout_error,0.074893,0.052572,0.094543,12,EXPLORATORY
rollout:lolo:L:F-1-micro:15:engine_position_mse,lolo,n1,,L:F-1-micro:15:engine_position_mse,rollout_error,0.033368,0.022420,0.048108,12,EXPLORATORY
rollout:lolo:L:F-1-micro:15:position_mse,lolo,n1,,L:F-1-micro:15:position_mse,rollout_error,0.016311,0.009304,0.024636,12,EXPLORATORY
rollout:lolo:L:F-1-micro:30:engine_position_mse,lolo,n1,,L:F-1-micro:30:engine_position_mse,rollout_error,0.036236,0.025795,0.048735,12,EXPLORATORY
rollout:lolo:L:F-1-micro:30:position_mse,lolo,n1,,L:F-1-micro:30:position_mse,rollout_error,0.019981,0.012647,0.027958,12,EXPLORATORY
rollout:lolo:L:F-1-micro:60:engine_position_mse,lolo,n1,,L:F-1-micro:60:engine_position_mse,rollout_error,0.044410,0.031666,0.058802,12,EXPLORATORY
rollout:lolo:L:F-1-micro:60:position_mse,lolo,n1,,L:F-1-micro:60:position_mse,rollout_error,0.029521,0.020117,0.039374,12,EXPLORATORY
rollout:lolo:L:F-1-micro:150:engine_position_mse,lolo,n1,,L:F-1-micro:150:engine_position_mse,rollout_error,0.072822,0.052596,0.093463,12,EXPLORATORY
rollout:lolo:L:F-1-micro:150:position_mse,lolo,n1,,L:F-1-micro:150:position_mse,rollout_error,0.059367,0.042140,0.075674,12,EXPLORATORY
rollout:lolo:L:F-1-micro:225:engine_position_mse,lolo,n1,,L:F-1-micro:225:engine_position_mse,rollout_error,0.100938,0.071079,0.130870,12,EXPLORATORY
rollout:lolo:L:F-1-micro:225:position_mse,lolo,n1,,L:F-1-micro:225:position_mse,rollout_error,0.088678,0.061279,0.115234,12,EXPLORATORY
rollout:lolo:L:F-1-macro:15:engine_position_mse,lolo,n1,,L:F-1-macro:15:engine_position_mse,rollout_error,0.031770,0.022228,0.043779,12,EXPLORATORY
rollout:lolo:L:F-1-macro:15:position_mse,lolo,n1,,L:F-1-macro:15:position_mse,rollout_error,0.014275,0.009477,0.019440,12,EXPLORATORY
rollout:lolo:L:F-1-macro:30:engine_position_mse,lolo,n1,,L:F-1-macro:30:engine_position_mse,rollout_error,0.036677,0.026591,0.048904,12,EXPLORATORY
rollout:lolo:L:F-1-macro:30:position_mse,lolo,n1,,L:F-1-macro:30:position_mse,rollout_error,0.019503,0.013523,0.025707,12,EXPLORATORY
rollout:lolo:L:F-1-macro:60:engine_position_mse,lolo,n1,,L:F-1-macro:60:engine_position_mse,rollout_error,0.045278,0.033358,0.058301,12,EXPLORATORY
rollout:lolo:L:F-1-macro:60:position_mse,lolo,n1,,L:F-1-macro:60:position_mse,rollout_error,0.031221,0.021825,0.040440,12,EXPLORATORY
rollout:lolo:L:F-1-macro:150:engine_position_mse,lolo,n1,,L:F-1-macro:150:engine_position_mse,rollout_error,0.073551,0.051026,0.095385,12,EXPLORATORY
rollout:lolo:L:F-1-macro:150:position_mse,lolo,n1,,L:F-1-macro:150:position_mse,rollout_error,0.062297,0.041339,0.082953,12,EXPLORATORY
rollout:lolo:L:F-1-macro:225:engine_position_mse,lolo,n1,,L:F-1-macro:225:engine_position_mse,rollout_error,0.094083,0.063999,0.123984,12,EXPLORATORY
rollout:lolo:L:F-1-macro:225:position_mse,lolo,n1,,L:F-1-macro:225:position_mse,rollout_error,0.083876,0.054338,0.113650,12,EXPLORATORY
rollout:lolo:L:F-5-continuous:15:engine_position_mse,lolo,n1,,L:F-5-continuous:15:engine_position_mse,rollout_error,0.025388,0.018457,0.033771,12,EXPLORATORY
rollout:lolo:L:F-5-continuous:15:position_mse,lolo,n1,,L:F-5-continuous:15:position_mse,rollout_error,0.008021,0.005284,0.010799,12,EXPLORATORY
rollout:lolo:L:F-5-continuous:30:engine_position_mse,lolo,n1,,L:F-5-continuous:30:engine_position_mse,rollout_error,0.029967,0.019744,0.044675,12,EXPLORATORY
rollout:lolo:L:F-5-continuous:30:position_mse,lolo,n1,,L:F-5-continuous:30:position_mse,rollout_error,0.013398,0.007063,0.022214,12,EXPLORATORY
rollout:lolo:L:F-5-continuous:60:engine_position_mse,lolo,n1,,L:F-5-continuous:60:engine_position_mse,rollout_error,0.029721,0.020336,0.042166,12,EXPLORATORY
rollout:lolo:L:F-5-continuous:60:position_mse,lolo,n1,,L:F-5-continuous:60:position_mse,rollout_error,0.014402,0.008800,0.020877,12,EXPLORATORY
rollout:lolo:L:F-5-continuous:150:engine_position_mse,lolo,n1,,L:F-5-continuous:150:engine_position_mse,rollout_error,0.034235,0.024048,0.046764,12,EXPLORATORY
rollout:lolo:L:F-5-continuous:150:position_mse,lolo,n1,,L:F-5-continuous:150:position_mse,rollout_error,0.020149,0.013226,0.027710,12,EXPLORATORY
rollout:lolo:L:F-5-continuous:225:engine_position_mse,lolo,n1,,L:F-5-continuous:225:engine_position_mse,rollout_error,0.040457,0.028542,0.054915,12,EXPLORATORY
rollout:lolo:L:F-5-continuous:225:position_mse,lolo,n1,,L:F-5-continuous:225:position_mse,rollout_error,0.025779,0.017352,0.035101,12,EXPLORATORY
rollout:lolo:L:F-5-micro:15:engine_position_mse,lolo,n1,,L:F-5-micro:15:engine_position_mse,rollout_error,0.026283,0.018754,0.035752,12,EXPLORATORY
rollout:lolo:L:F-5-micro:15:position_mse,lolo,n1,,L:F-5-micro:15:position_mse,rollout_error,0.008405,0.005273,0.011816,12,EXPLORATORY
rollout:lolo:L:F-5-micro:30:engine_position_mse,lolo,n1,,L:F-5-micro:30:engine_position_mse,rollout_error,0.029542,0.019977,0.042883,12,EXPLORATORY
rollout:lolo:L:F-5-micro:30:position_mse,lolo,n1,,L:F-5-micro:30:position_mse,rollout_error,0.012718,0.006927,0.020183,12,EXPLORATORY
rollout:lolo:L:F-5-micro:60:engine_position_mse,lolo,n1,,L:F-5-micro:60:engine_position_mse,rollout_error,0.028789,0.020232,0.039253,12,EXPLORATORY
rollout:lolo:L:F-5-micro:60:position_mse,lolo,n1,,L:F-5-micro:60:position_mse,rollout_error,0.013796,0.008475,0.019566,12,EXPLORATORY
rollout:lolo:L:F-5-micro:150:engine_position_mse,lolo,n1,,L:F-5-micro:150:engine_position_mse,rollout_error,0.034546,0.023338,0.048439,12,EXPLORATORY
rollout:lolo:L:F-5-micro:150:position_mse,lolo,n1,,L:F-5-micro:150:position_mse,rollout_error,0.019915,0.012408,0.028077,12,EXPLORATORY
rollout:lolo:L:F-5-micro:225:engine_position_mse,lolo,n1,,L:F-5-micro:225:engine_position_mse,rollout_error,0.039437,0.027435,0.053186,12,EXPLORATORY
rollout:lolo:L:F-5-micro:225:position_mse,lolo,n1,,L:F-5-micro:225:position_mse,rollout_error,0.024432,0.016123,0.033070,12,EXPLORATORY
rollout:lolo:L:F-5-macro:15:engine_position_mse,lolo,n1,,L:F-5-macro:15:engine_position_mse,rollout_error,0.024572,0.018020,0.032179,12,EXPLORATORY
rollout:lolo:L:F-5-macro:15:position_mse,lolo,n1,,L:F-5-macro:15:position_mse,rollout_error,0.007690,0.005114,0.010428,12,EXPLORATORY
rollout:lolo:L:F-5-macro:30:engine_position_mse,lolo,n1,,L:F-5-macro:30:engine_position_mse,rollout_error,0.027544,0.019322,0.038078,12,EXPLORATORY
rollout:lolo:L:F-5-macro:30:position_mse,lolo,n1,,L:F-5-macro:30:position_mse,rollout_error,0.010457,0.006795,0.014264,12,EXPLORATORY
rollout:lolo:L:F-5-macro:60:engine_position_mse,lolo,n1,,L:F-5-macro:60:engine_position_mse,rollout_error,0.029021,0.019841,0.040580,12,EXPLORATORY
rollout:lolo:L:F-5-macro:60:position_mse,lolo,n1,,L:F-5-macro:60:position_mse,rollout_error,0.012997,0.008533,0.017789,12,EXPLORATORY
rollout:lolo:L:F-5-macro:150:engine_position_mse,lolo,n1,,L:F-5-macro:150:engine_position_mse,rollout_error,0.037019,0.023873,0.054798,12,EXPLORATORY
rollout:lolo:L:F-5-macro:150:position_mse,lolo,n1,,L:F-5-macro:150:position_mse,rollout_error,0.022558,0.013309,0.034211,12,EXPLORATORY
rollout:lolo:L:F-5-macro:225:engine_position_mse,lolo,n1,,L:F-5-macro:225:engine_position_mse,rollout_error,0.039242,0.028651,0.051071,12,EXPLORATORY
rollout:lolo:L:F-5-macro:225:position_mse,lolo,n1,,L:F-5-macro:225:position_mse,rollout_error,0.024310,0.017154,0.031684,12,EXPLORATORY
rollout:lolo:L:F-15-continuous:15:engine_position_mse,lolo,n1,,L:F-15-continuous:15:engine_position_mse,rollout_error,0.025546,0.015972,0.036563,12,EXPLORATORY
rollout:lolo:L:F-15-continuous:15:position_mse,lolo,n1,,L:F-15-continuous:15:position_mse,rollout_error,0.003744,0.002073,0.006093,12,EXPLORATORY
rollout:lolo:L:F-15-continuous:30:engine_position_mse,lolo,n1,,L:F-15-continuous:30:engine_position_mse,rollout_error,0.024839,0.017705,0.033195,12,EXPLORATORY
rollout:lolo:L:F-15-continuous:30:position_mse,lolo,n1,,L:F-15-continuous:30:position_mse,rollout_error,0.005932,0.003925,0.008071,12,EXPLORATORY
rollout:lolo:L:F-15-continuous:60:engine_position_mse,lolo,n1,,L:F-15-continuous:60:engine_position_mse,rollout_error,0.025225,0.017680,0.034932,12,EXPLORATORY
rollout:lolo:L:F-15-continuous:60:position_mse,lolo,n1,,L:F-15-continuous:60:position_mse,rollout_error,0.009369,0.006073,0.012858,12,EXPLORATORY
rollout:lolo:L:F-15-continuous:150:engine_position_mse,lolo,n1,,L:F-15-continuous:150:engine_position_mse,rollout_error,0.028392,0.018625,0.041353,12,EXPLORATORY
rollout:lolo:L:F-15-continuous:150:position_mse,lolo,n1,,L:F-15-continuous:150:position_mse,rollout_error,0.012429,0.008030,0.017087,12,EXPLORATORY
rollout:lolo:L:F-15-continuous:225:engine_position_mse,lolo,n1,,L:F-15-continuous:225:engine_position_mse,rollout_error,0.030253,0.020374,0.042575,12,EXPLORATORY
rollout:lolo:L:F-15-continuous:225:position_mse,lolo,n1,,L:F-15-continuous:225:position_mse,rollout_error,0.014315,0.009317,0.019676,12,EXPLORATORY
rollout:lolo:L:F-15-micro:15:engine_position_mse,lolo,n1,,L:F-15-micro:15:engine_position_mse,rollout_error,0.025997,0.016252,0.037308,12,EXPLORATORY
rollout:lolo:L:F-15-micro:15:position_mse,lolo,n1,,L:F-15-micro:15:position_mse,rollout_error,0.003783,0.002010,0.006332,12,EXPLORATORY
rollout:lolo:L:F-15-micro:30:engine_position_mse,lolo,n1,,L:F-15-micro:30:engine_position_mse,rollout_error,0.025495,0.017965,0.034386,12,EXPLORATORY
rollout:lolo:L:F-15-micro:30:position_mse,lolo,n1,,L:F-15-micro:30:position_mse,rollout_error,0.006149,0.003958,0.008587,12,EXPLORATORY
rollout:lolo:L:F-15-micro:60:engine_position_mse,lolo,n1,,L:F-15-micro:60:engine_position_mse,rollout_error,0.025832,0.017834,0.036230,12,EXPLORATORY
rollout:lolo:L:F-15-micro:60:position_mse,lolo,n1,,L:F-15-micro:60:position_mse,rollout_error,0.009497,0.006016,0.013159,12,EXPLORATORY
rollout:lolo:L:F-15-micro:150:engine_position_mse,lolo,n1,,L:F-15-micro:150:engine_position_mse,rollout_error,0.027389,0.018560,0.038386,12,EXPLORATORY
rollout:lolo:L:F-15-micro:150:position_mse,lolo,n1,,L:F-15-micro:150:position_mse,rollout_error,0.012770,0.007875,0.018029,12,EXPLORATORY
rollout:lolo:L:F-15-micro:225:engine_position_mse,lolo,n1,,L:F-15-micro:225:engine_position_mse,rollout_error,0.030142,0.020095,0.042415,12,EXPLORATORY
rollout:lolo:L:F-15-micro:225:position_mse,lolo,n1,,L:F-15-micro:225:position_mse,rollout_error,0.014567,0.009020,0.020569,12,EXPLORATORY
rollout:lolo:L:F-15-macro:15:engine_position_mse,lolo,n1,,L:F-15-macro:15:engine_position_mse,rollout_error,0.025679,0.016026,0.036454,12,EXPLORATORY
rollout:lolo:L:F-15-macro:15:position_mse,lolo,n1,,L:F-15-macro:15:position_mse,rollout_error,0.004057,0.002591,0.006077,12,EXPLORATORY
rollout:lolo:L:F-15-macro:30:engine_position_mse,lolo,n1,,L:F-15-macro:30:engine_position_mse,rollout_error,0.024764,0.017225,0.033879,12,EXPLORATORY
rollout:lolo:L:F-15-macro:30:position_mse,lolo,n1,,L:F-15-macro:30:position_mse,rollout_error,0.006149,0.003608,0.009688,12,EXPLORATORY
rollout:lolo:L:F-15-macro:60:engine_position_mse,lolo,n1,,L:F-15-macro:60:engine_position_mse,rollout_error,0.024394,0.017280,0.033162,12,EXPLORATORY
rollout:lolo:L:F-15-macro:60:position_mse,lolo,n1,,L:F-15-macro:60:position_mse,rollout_error,0.009078,0.005828,0.012698,12,EXPLORATORY
rollout:lolo:L:F-15-macro:150:engine_position_mse,lolo,n1,,L:F-15-macro:150:engine_position_mse,rollout_error,0.028846,0.018328,0.043084,12,EXPLORATORY
rollout:lolo:L:F-15-macro:150:position_mse,lolo,n1,,L:F-15-macro:150:position_mse,rollout_error,0.012659,0.007981,0.017784,12,EXPLORATORY
rollout:lolo:L:F-15-macro:225:engine_position_mse,lolo,n1,,L:F-15-macro:225:engine_position_mse,rollout_error,0.031550,0.019973,0.046805,12,EXPLORATORY
rollout:lolo:L:F-15-macro:225:position_mse,lolo,n1,,L:F-15-macro:225:position_mse,rollout_error,0.016421,0.009376,0.025262,12,EXPLORATORY
rollout:lolo:L:C-F-1:15:engine_position_mse,lolo,n1,,L:C-F-1:15:engine_position_mse,rollout_error,0.033893,0.023351,0.046035,12,EXPLORATORY
rollout:lolo:L:C-F-1:15:position_mse,lolo,n1,,L:C-F-1:15:position_mse,rollout_error,0.013505,0.007188,0.021738,12,EXPLORATORY
rollout:lolo:L:C-F-1:30:engine_position_mse,lolo,n1,,L:C-F-1:30:engine_position_mse,rollout_error,0.034893,0.023534,0.047794,12,EXPLORATORY
rollout:lolo:L:C-F-1:30:position_mse,lolo,n1,,L:C-F-1:30:position_mse,rollout_error,0.013367,0.007033,0.021515,12,EXPLORATORY
rollout:lolo:L:C-F-1:60:engine_position_mse,lolo,n1,,L:C-F-1:60:engine_position_mse,rollout_error,0.035014,0.023537,0.047598,12,EXPLORATORY
rollout:lolo:L:C-F-1:60:position_mse,lolo,n1,,L:C-F-1:60:position_mse,rollout_error,0.014173,0.007274,0.022664,12,EXPLORATORY
rollout:lolo:L:C-F-1:150:engine_position_mse,lolo,n1,,L:C-F-1:150:engine_position_mse,rollout_error,0.034030,0.022618,0.046584,12,EXPLORATORY
rollout:lolo:L:C-F-1:150:position_mse,lolo,n1,,L:C-F-1:150:position_mse,rollout_error,0.014308,0.007368,0.022755,12,EXPLORATORY
rollout:lolo:L:C-F-1:225:engine_position_mse,lolo,n1,,L:C-F-1:225:engine_position_mse,rollout_error,0.034213,0.022905,0.046575,12,EXPLORATORY
rollout:lolo:L:C-F-1:225:position_mse,lolo,n1,,L:C-F-1:225:position_mse,rollout_error,0.014391,0.007434,0.022780,12,EXPLORATORY
rollout:lolo:L:C-F-5:15:engine_position_mse,lolo,n1,,L:C-F-5:15:engine_position_mse,rollout_error,0.026839,0.020145,0.033892,12,EXPLORATORY
rollout:lolo:L:C-F-5:15:position_mse,lolo,n1,,L:C-F-5:15:position_mse,rollout_error,0.009123,0.005716,0.012967,12,EXPLORATORY
rollout:lolo:L:C-F-5:30:engine_position_mse,lolo,n1,,L:C-F-5:30:engine_position_mse,rollout_error,0.030456,0.022090,0.039957,12,EXPLORATORY
rollout:lolo:L:C-F-5:30:position_mse,lolo,n1,,L:C-F-5:30:position_mse,rollout_error,0.012192,0.007113,0.018503,12,EXPLORATORY
rollout:lolo:L:C-F-5:60:engine_position_mse,lolo,n1,,L:C-F-5:60:engine_position_mse,rollout_error,0.032305,0.021784,0.044490,12,EXPLORATORY
rollout:lolo:L:C-F-5:60:position_mse,lolo,n1,,L:C-F-5:60:position_mse,rollout_error,0.013657,0.007270,0.022061,12,EXPLORATORY
rollout:lolo:L:C-F-5:150:engine_position_mse,lolo,n1,,L:C-F-5:150:engine_position_mse,rollout_error,0.032544,0.021160,0.045217,12,EXPLORATORY
rollout:lolo:L:C-F-5:150:position_mse,lolo,n1,,L:C-F-5:150:position_mse,rollout_error,0.013524,0.006970,0.021910,12,EXPLORATORY
rollout:lolo:L:C-F-5:225:engine_position_mse,lolo,n1,,L:C-F-5:225:engine_position_mse,rollout_error,0.032890,0.021563,0.045344,12,EXPLORATORY
rollout:lolo:L:C-F-5:225:position_mse,lolo,n1,,L:C-F-5:225:position_mse,rollout_error,0.013701,0.006857,0.022267,12,EXPLORATORY
rollout:lolo:L:C-F-15:15:engine_position_mse,lolo,n1,,L:C-F-15:15:engine_position_mse,rollout_error,0.023883,0.015643,0.034107,12,EXPLORATORY
rollout:lolo:L:C-F-15:15:position_mse,lolo,n1,,L:C-F-15:15:position_mse,rollout_error,0.002297,0.001577,0.002987,12,EXPLORATORY
rollout:lolo:L:C-F-15:30:engine_position_mse,lolo,n1,,L:C-F-15:30:engine_position_mse,rollout_error,0.025789,0.018823,0.033351,12,EXPLORATORY
rollout:lolo:L:C-F-15:30:position_mse,lolo,n1,,L:C-F-15:30:position_mse,rollout_error,0.007055,0.004351,0.010135,12,EXPLORATORY
rollout:lolo:L:C-F-15:60:engine_position_mse,lolo,n1,,L:C-F-15:60:engine_position_mse,rollout_error,0.026777,0.019718,0.034400,12,EXPLORATORY
rollout:lolo:L:C-F-15:60:position_mse,lolo,n1,,L:C-F-15:60:position_mse,rollout_error,0.010420,0.006022,0.015519,12,EXPLORATORY
rollout:lolo:L:C-F-15:150:engine_position_mse,lolo,n1,,L:C-F-15:150:engine_position_mse,rollout_error,0.029726,0.019852,0.041621,12,EXPLORATORY
rollout:lolo:L:C-F-15:150:position_mse,lolo,n1,,L:C-F-15:150:position_mse,rollout_error,0.013199,0.006757,0.021552,12,EXPLORATORY
rollout:lolo:L:C-F-15:225:engine_position_mse,lolo,n1,,L:C-F-15:225:engine_position_mse,rollout_error,0.031005,0.020646,0.042926,12,EXPLORATORY
rollout:lolo:L:C-F-15:225:position_mse,lolo,n1,,L:C-F-15:225:position_mse,rollout_error,0.013185,0.006716,0.021579,12,EXPLORATORY
rollout:lolo:C:F-1-continuous:15:engine_position_mse,lolo,n1,,C:F-1-continuous:15:engine_position_mse,rollout_error,0.139365,0.079468,0.214373,12,EXPLORATORY
rollout:lolo:C:F-1-continuous:15:position_mse,lolo,n1,,C:F-1-continuous:15:position_mse,rollout_error,0.102034,0.068181,0.141325,12,EXPLORATORY
rollout:lolo:C:F-1-continuous:30:engine_position_mse,lolo,n1,,C:F-1-continuous:30:engine_position_mse,rollout_error,0.888623,0.537632,1.323392,12,EXPLORATORY
rollout:lolo:C:F-1-continuous:30:position_mse,lolo,n1,,C:F-1-continuous:30:position_mse,rollout_error,0.852960,0.543109,1.228527,12,EXPLORATORY
rollout:lolo:C:F-1-continuous:60:engine_position_mse,lolo,n1,,C:F-1-continuous:60:engine_position_mse,rollout_error,22.245610,13.195575,32.739638,12,EXPLORATORY
rollout:lolo:C:F-1-continuous:60:position_mse,lolo,n1,,C:F-1-continuous:60:position_mse,rollout_error,23.705784,13.425288,35.790657,12,EXPLORATORY
rollout:lolo:C:F-1-continuous:150:engine_position_mse,lolo,n1,,C:F-1-continuous:150:engine_position_mse,rollout_error,1350.898829,1161.089358,1541.173800,12,EXPLORATORY
rollout:lolo:C:F-1-continuous:150:position_mse,lolo,n1,,C:F-1-continuous:150:position_mse,rollout_error,1391.430085,1172.321618,1611.137633,12,EXPLORATORY
rollout:lolo:C:F-1-continuous:225:engine_position_mse,lolo,n1,,C:F-1-continuous:225:engine_position_mse,rollout_error,5070.136074,4566.155171,5568.611985,12,EXPLORATORY
rollout:lolo:C:F-1-continuous:225:position_mse,lolo,n1,,C:F-1-continuous:225:position_mse,rollout_error,5201.343240,4615.492905,5775.083894,12,EXPLORATORY
rollout:lolo:C:F-1-micro:15:engine_position_mse,lolo,n1,,C:F-1-micro:15:engine_position_mse,rollout_error,0.152613,0.081639,0.243866,12,EXPLORATORY
rollout:lolo:C:F-1-micro:15:position_mse,lolo,n1,,C:F-1-micro:15:position_mse,rollout_error,0.111199,0.069414,0.163685,12,EXPLORATORY
rollout:lolo:C:F-1-micro:30:engine_position_mse,lolo,n1,,C:F-1-micro:30:engine_position_mse,rollout_error,0.943269,0.550819,1.433561,12,EXPLORATORY
rollout:lolo:C:F-1-micro:30:position_mse,lolo,n1,,C:F-1-micro:30:position_mse,rollout_error,0.899418,0.555411,1.322800,12,EXPLORATORY
rollout:lolo:C:F-1-micro:60:engine_position_mse,lolo,n1,,C:F-1-micro:60:engine_position_mse,rollout_error,23.743676,13.622731,35.895467,12,EXPLORATORY
rollout:lolo:C:F-1-micro:60:position_mse,lolo,n1,,C:F-1-micro:60:position_mse,rollout_error,25.126342,13.771309,39.054386,12,EXPLORATORY
rollout:lolo:C:F-1-micro:150:engine_position_mse,lolo,n1,,C:F-1-micro:150:engine_position_mse,rollout_error,1456.940688,1216.953377,1676.104526,12,EXPLORATORY
rollout:lolo:C:F-1-micro:150:position_mse,lolo,n1,,C:F-1-micro:150:position_mse,rollout_error,1501.347085,1231.313620,1754.975289,12,EXPLORATORY
rollout:lolo:C:F-1-micro:225:engine_position_mse,lolo,n1,,C:F-1-micro:225:engine_position_mse,rollout_error,5332.711423,4718.720411,5906.536743,12,EXPLORATORY
rollout:lolo:C:F-1-micro:225:position_mse,lolo,n1,,C:F-1-micro:225:position_mse,rollout_error,5478.972710,4762.849952,6158.033508,12,EXPLORATORY
rollout:lolo:C:F-1-macro:15:engine_position_mse,lolo,n1,,C:F-1-macro:15:engine_position_mse,rollout_error,0.131523,0.079788,0.197490,12,EXPLORATORY
rollout:lolo:C:F-1-macro:15:position_mse,lolo,n1,,C:F-1-macro:15:position_mse,rollout_error,0.096649,0.069068,0.130643,12,EXPLORATORY
rollout:lolo:C:F-1-macro:30:engine_position_mse,lolo,n1,,C:F-1-macro:30:engine_position_mse,rollout_error,0.869017,0.510074,1.309822,12,EXPLORATORY
rollout:lolo:C:F-1-macro:30:position_mse,lolo,n1,,C:F-1-macro:30:position_mse,rollout_error,0.833545,0.517105,1.217460,12,EXPLORATORY
rollout:lolo:C:F-1-macro:60:engine_position_mse,lolo,n1,,C:F-1-macro:60:engine_position_mse,rollout_error,19.895401,12.486593,28.439876,12,EXPLORATORY
rollout:lolo:C:F-1-macro:60:position_mse,lolo,n1,,C:F-1-macro:60:position_mse,rollout_error,21.116388,12.736230,31.145306,12,EXPLORATORY
rollout:lolo:C:F-1-macro:150:engine_position_mse,lolo,n1,,C:F-1-macro:150:engine_position_mse,rollout_error,1293.499439,1097.507868,1493.284149,12,EXPLORATORY
rollout:lolo:C:F-1-macro:150:position_mse,lolo,n1,,C:F-1-macro:150:position_mse,rollout_error,1332.444672,1107.678066,1558.470549,12,EXPLORATORY
rollout:lolo:C:F-1-macro:225:engine_position_mse,lolo,n1,,C:F-1-macro:225:engine_position_mse,rollout_error,4965.267213,4490.676482,5476.793456,12,EXPLORATORY
rollout:lolo:C:F-1-macro:225:position_mse,lolo,n1,,C:F-1-macro:225:position_mse,rollout_error,5096.263927,4536.666568,5684.966862,12,EXPLORATORY
rollout:lolo:C:F-5-continuous:15:engine_position_mse,lolo,n1,,C:F-5-continuous:15:engine_position_mse,rollout_error,0.029361,0.017263,0.044536,12,EXPLORATORY
rollout:lolo:C:F-5-continuous:15:position_mse,lolo,n1,,C:F-5-continuous:15:position_mse,rollout_error,0.004037,0.003432,0.004693,12,EXPLORATORY
rollout:lolo:C:F-5-continuous:30:engine_position_mse,lolo,n1,,C:F-5-continuous:30:engine_position_mse,rollout_error,0.037784,0.024206,0.054749,12,EXPLORATORY
rollout:lolo:C:F-5-continuous:30:position_mse,lolo,n1,,C:F-5-continuous:30:position_mse,rollout_error,0.012082,0.009874,0.014500,12,EXPLORATORY
rollout:lolo:C:F-5-continuous:60:engine_position_mse,lolo,n1,,C:F-5-continuous:60:engine_position_mse,rollout_error,0.084950,0.052456,0.125178,12,EXPLORATORY
rollout:lolo:C:F-5-continuous:60:position_mse,lolo,n1,,C:F-5-continuous:60:position_mse,rollout_error,0.054153,0.040029,0.069496,12,EXPLORATORY
rollout:lolo:C:F-5-continuous:150:engine_position_mse,lolo,n1,,C:F-5-continuous:150:engine_position_mse,rollout_error,0.863568,0.523440,1.285435,12,EXPLORATORY
rollout:lolo:C:F-5-continuous:150:position_mse,lolo,n1,,C:F-5-continuous:150:position_mse,rollout_error,0.832366,0.528609,1.197944,12,EXPLORATORY
rollout:lolo:C:F-5-continuous:225:engine_position_mse,lolo,n1,,C:F-5-continuous:225:engine_position_mse,rollout_error,4.245929,2.603006,6.138597,12,EXPLORATORY
rollout:lolo:C:F-5-continuous:225:position_mse,lolo,n1,,C:F-5-continuous:225:position_mse,rollout_error,4.434587,2.646599,6.506323,12,EXPLORATORY
rollout:lolo:C:F-5-micro:15:engine_position_mse,lolo,n1,,C:F-5-micro:15:engine_position_mse,rollout_error,0.030039,0.017502,0.046002,12,EXPLORATORY
rollout:lolo:C:F-5-micro:15:position_mse,lolo,n1,,C:F-5-micro:15:position_mse,rollout_error,0.004165,0.003482,0.004888,12,EXPLORATORY
rollout:lolo:C:F-5-micro:30:engine_position_mse,lolo,n1,,C:F-5-micro:30:engine_position_mse,rollout_error,0.039196,0.024467,0.057916,12,EXPLORATORY
rollout:lolo:C:F-5-micro:30:position_mse,lolo,n1,,C:F-5-micro:30:position_mse,rollout_error,0.012394,0.010068,0.014918,12,EXPLORATORY
rollout:lolo:C:F-5-micro:60:engine_position_mse,lolo,n1,,C:F-5-micro:60:engine_position_mse,rollout_error,0.092455,0.053564,0.142363,12,EXPLORATORY
rollout:lolo:C:F-5-micro:60:position_mse,lolo,n1,,C:F-5-micro:60:position_mse,rollout_error,0.058720,0.040870,0.080193,12,EXPLORATORY
rollout:lolo:C:F-5-micro:150:engine_position_mse,lolo,n1,,C:F-5-micro:150:engine_position_mse,rollout_error,0.914652,0.531870,1.394566,12,EXPLORATORY
rollout:lolo:C:F-5-micro:150:position_mse,lolo,n1,,C:F-5-micro:150:position_mse,rollout_error,0.877408,0.540172,1.294510,12,EXPLORATORY
rollout:lolo:C:F-5-micro:225:engine_position_mse,lolo,n1,,C:F-5-micro:225:engine_position_mse,rollout_error,4.583174,2.699080,6.827071,12,EXPLORATORY
rollout:lolo:C:F-5-micro:225:position_mse,lolo,n1,,C:F-5-micro:225:position_mse,rollout_error,4.763861,2.735227,7.194015,12,EXPLORATORY
rollout:lolo:C:F-5-macro:15:engine_position_mse,lolo,n1,,C:F-5-macro:15:engine_position_mse,rollout_error,0.029576,0.017624,0.044646,12,EXPLORATORY
rollout:lolo:C:F-5-macro:15:position_mse,lolo,n1,,C:F-5-macro:15:position_mse,rollout_error,0.004381,0.003726,0.005038,12,EXPLORATORY
rollout:lolo:C:F-5-macro:30:engine_position_mse,lolo,n1,,C:F-5-macro:30:engine_position_mse,rollout_error,0.037734,0.024528,0.054536,12,EXPLORATORY
rollout:lolo:C:F-5-macro:30:position_mse,lolo,n1,,C:F-5-macro:30:position_mse,rollout_error,0.012277,0.010306,0.014300,12,EXPLORATORY
rollout:lolo:C:F-5-macro:60:engine_position_mse,lolo,n1,,C:F-5-macro:60:engine_position_mse,rollout_error,0.080771,0.052509,0.116248,12,EXPLORATORY
rollout:lolo:C:F-5-macro:60:position_mse,lolo,n1,,C:F-5-macro:60:position_mse,rollout_error,0.051750,0.040504,0.064209,12,EXPLORATORY
rollout:lolo:C:F-5-macro:150:engine_position_mse,lolo,n1,,C:F-5-macro:150:engine_position_mse,rollout_error,0.837663,0.490888,1.260957,12,EXPLORATORY
rollout:lolo:C:F-5-macro:150:position_mse,lolo,n1,,C:F-5-macro:150:position_mse,rollout_error,0.807620,0.499605,1.179413,12,EXPLORATORY
rollout:lolo:C:F-5-macro:225:engine_position_mse,lolo,n1,,C:F-5-macro:225:engine_position_mse,rollout_error,3.789521,2.369684,5.502089,12,EXPLORATORY
rollout:lolo:C:F-5-macro:225:position_mse,lolo,n1,,C:F-5-macro:225:position_mse,rollout_error,3.926455,2.434326,5.722372,12,EXPLORATORY
rollout:lolo:C:F-15-continuous:15:engine_position_mse,lolo,n1,,C:F-15-continuous:15:engine_position_mse,rollout_error,0.027163,0.015670,0.041612,12,EXPLORATORY
rollout:lolo:C:F-15-continuous:15:position_mse,lolo,n1,,C:F-15-continuous:15:position_mse,rollout_error,0.001716,0.001485,0.001936,12,EXPLORATORY
rollout:lolo:C:F-15-continuous:30:engine_position_mse,lolo,n1,,C:F-15-continuous:30:engine_position_mse,rollout_error,0.027869,0.016077,0.042742,12,EXPLORATORY
rollout:lolo:C:F-15-continuous:30:position_mse,lolo,n1,,C:F-15-continuous:30:position_mse,rollout_error,0.002599,0.002246,0.002962,12,EXPLORATORY
rollout:lolo:C:F-15-continuous:60:engine_position_mse,lolo,n1,,C:F-15-continuous:60:engine_position_mse,rollout_error,0.030099,0.017863,0.045622,12,EXPLORATORY
rollout:lolo:C:F-15-continuous:60:position_mse,lolo,n1,,C:F-15-continuous:60:position_mse,rollout_error,0.006190,0.005190,0.007272,12,EXPLORATORY
rollout:lolo:C:F-15-continuous:150:engine_position_mse,lolo,n1,,C:F-15-continuous:150:engine_position_mse,rollout_error,0.061510,0.040623,0.087822,12,EXPLORATORY
rollout:lolo:C:F-15-continuous:150:position_mse,lolo,n1,,C:F-15-continuous:150:position_mse,rollout_error,0.034261,0.026581,0.042107,12,EXPLORATORY
rollout:lolo:C:F-15-continuous:225:engine_position_mse,lolo,n1,,C:F-15-continuous:225:engine_position_mse,rollout_error,0.134060,0.077726,0.204113,12,EXPLORATORY
rollout:lolo:C:F-15-continuous:225:position_mse,lolo,n1,,C:F-15-continuous:225:position_mse,rollout_error,0.103062,0.067533,0.145013,12,EXPLORATORY
rollout:lolo:C:F-15-micro:15:engine_position_mse,lolo,n1,,C:F-15-micro:15:engine_position_mse,rollout_error,0.027615,0.015891,0.042406,12,EXPLORATORY
rollout:lolo:C:F-15-micro:15:position_mse,lolo,n1,,C:F-15-micro:15:position_mse,rollout_error,0.001882,0.001581,0.002190,12,EXPLORATORY
rollout:lolo:C:F-15-micro:30:engine_position_mse,lolo,n1,,C:F-15-micro:30:engine_position_mse,rollout_error,0.028421,0.016295,0.043873,12,EXPLORATORY
rollout:lolo:C:F-15-micro:30:position_mse,lolo,n1,,C:F-15-micro:30:position_mse,rollout_error,0.002745,0.002302,0.003205,12,EXPLORATORY
rollout:lolo:C:F-15-micro:60:engine_position_mse,lolo,n1,,C:F-15-micro:60:engine_position_mse,rollout_error,0.030920,0.018058,0.047418,12,EXPLORATORY
rollout:lolo:C:F-15-micro:60:position_mse,lolo,n1,,C:F-15-micro:60:position_mse,rollout_error,0.006345,0.005267,0.007514,12,EXPLORATORY
rollout:lolo:C:F-15-micro:150:engine_position_mse,lolo,n1,,C:F-15-micro:150:engine_position_mse,rollout_error,0.066257,0.040926,0.100162,12,EXPLORATORY
rollout:lolo:C:F-15-micro:150:position_mse,lolo,n1,,C:F-15-micro:150:position_mse,rollout_error,0.037081,0.027329,0.048451,12,EXPLORATORY
rollout:lolo:C:F-15-micro:225:engine_position_mse,lolo,n1,,C:F-15-micro:225:engine_position_mse,rollout_error,0.147052,0.078688,0.237074,12,EXPLORATORY
rollout:lolo:C:F-15-micro:225:position_mse,lolo,n1,,C:F-15-micro:225:position_mse,rollout_error,0.113649,0.068497,0.172405,12,EXPLORATORY
rollout:lolo:C:F-15-macro:15:engine_position_mse,lolo,n1,,C:F-15-macro:15:engine_position_mse,rollout_error,0.027751,0.016405,0.042084,12,EXPLORATORY
rollout:lolo:C:F-15-macro:15:position_mse,lolo,n1,,C:F-15-macro:15:position_mse,rollout_error,0.002403,0.002120,0.002692,12,EXPLORATORY
rollout:lolo:C:F-15-macro:30:engine_position_mse,lolo,n1,,C:F-15-macro:30:engine_position_mse,rollout_error,0.028128,0.016471,0.042884,12,EXPLORATORY
rollout:lolo:C:F-15-macro:30:position_mse,lolo,n1,,C:F-15-macro:30:position_mse,rollout_error,0.003019,0.002593,0.003455,12,EXPLORATORY
rollout:lolo:C:F-15-macro:60:engine_position_mse,lolo,n1,,C:F-15-macro:60:engine_position_mse,rollout_error,0.030028,0.017999,0.045317,12,EXPLORATORY
rollout:lolo:C:F-15-macro:60:position_mse,lolo,n1,,C:F-15-macro:60:position_mse,rollout_error,0.006453,0.005433,0.007472,12,EXPLORATORY
rollout:lolo:C:F-15-macro:150:engine_position_mse,lolo,n1,,C:F-15-macro:150:engine_position_mse,rollout_error,0.058983,0.040416,0.082050,12,EXPLORATORY
rollout:lolo:C:F-15-macro:150:position_mse,lolo,n1,,C:F-15-macro:150:position_mse,rollout_error,0.033284,0.027154,0.039481,12,EXPLORATORY
rollout:lolo:C:F-15-macro:225:engine_position_mse,lolo,n1,,C:F-15-macro:225:engine_position_mse,rollout_error,0.124855,0.077229,0.184846,12,EXPLORATORY
rollout:lolo:C:F-15-macro:225:position_mse,lolo,n1,,C:F-15-macro:225:position_mse,rollout_error,0.096146,0.067971,0.129721,12,EXPLORATORY
rollout:lolo:C:C-F-1:15:engine_position_mse,lolo,n1,,C:C-F-1:15:engine_position_mse,rollout_error,0.185031,0.133823,0.253818,12,EXPLORATORY
rollout:lolo:C:C-F-1:15:position_mse,lolo,n1,,C:C-F-1:15:position_mse,rollout_error,0.162256,0.117737,0.226765,12,EXPLORATORY
rollout:lolo:C:C-F-1:30:engine_position_mse,lolo,n1,,C:C-F-1:30:engine_position_mse,rollout_error,6.060229,2.455777,10.737155,12,EXPLORATORY
rollout:lolo:C:C-F-1:30:position_mse,lolo,n1,,C:C-F-1:30:position_mse,rollout_error,5.957645,2.426641,10.610618,12,EXPLORATORY
rollout:lolo:C:C-F-1:60:engine_position_mse,lolo,n1,,C:C-F-1:60:engine_position_mse,rollout_error,163.686957,116.456222,210.583705,12,EXPLORATORY
rollout:lolo:C:C-F-1:60:position_mse,lolo,n1,,C:C-F-1:60:position_mse,rollout_error,165.281569,118.182065,210.971653,12,EXPLORATORY
rollout:lolo:C:C-F-1:150:engine_position_mse,lolo,n1,,C:C-F-1:150:engine_position_mse,rollout_error,3643.038009,3368.989850,3913.499748,12,EXPLORATORY
rollout:lolo:C:C-F-1:150:position_mse,lolo,n1,,C:C-F-1:150:position_mse,rollout_error,3741.122150,3404.964314,4060.767120,12,EXPLORATORY
rollout:lolo:C:C-F-1:225:engine_position_mse,lolo,n1,,C:C-F-1:225:engine_position_mse,rollout_error,10634.861449,9843.486574,11502.600682,12,EXPLORATORY
rollout:lolo:C:C-F-1:225:position_mse,lolo,n1,,C:C-F-1:225:position_mse,rollout_error,10882.235969,9894.977312,11929.833199,12,EXPLORATORY
rollout:lolo:C:C-F-5:15:engine_position_mse,lolo,n1,,C:C-F-5:15:engine_position_mse,rollout_error,0.030960,0.020792,0.042592,12,EXPLORATORY
rollout:lolo:C:C-F-5:15:position_mse,lolo,n1,,C:C-F-5:15:position_mse,rollout_error,0.005633,0.004415,0.007188,12,EXPLORATORY
rollout:lolo:C:C-F-5:30:engine_position_mse,lolo,n1,,C:C-F-5:30:engine_position_mse,rollout_error,0.042355,0.031351,0.053991,12,EXPLORATORY
rollout:lolo:C:C-F-5:30:position_mse,lolo,n1,,C:C-F-5:30:position_mse,rollout_error,0.017945,0.014244,0.022689,12,EXPLORATORY
rollout:lolo:C:C-F-5:60:engine_position_mse,lolo,n1,,C:C-F-5:60:engine_position_mse,rollout_error,0.103675,0.079303,0.131714,12,EXPLORATORY
rollout:lolo:C:C-F-5:60:position_mse,lolo,n1,,C:C-F-5:60:position_mse,rollout_error,0.081927,0.064099,0.105259,12,EXPLORATORY
rollout:lolo:C:C-F-5:150:engine_position_mse,lolo,n1,,C:C-F-5:150:engine_position_mse,rollout_error,5.866042,2.289485,10.541292,12,EXPLORATORY
rollout:lolo:C:C-F-5:150:position_mse,lolo,n1,,C:C-F-5:150:position_mse,rollout_error,5.771134,2.272880,10.413963,12,EXPLORATORY
rollout:lolo:C:C-F-5:225:engine_position_mse,lolo,n1,,C:C-F-5:225:engine_position_mse,rollout_error,44.906504,25.053380,65.811896,12,EXPLORATORY
rollout:lolo:C:C-F-5:225:position_mse,lolo,n1,,C:C-F-5:225:position_mse,rollout_error,44.613589,25.126895,65.240703,12,EXPLORATORY
rollout:lolo:C:C-F-15:15:engine_position_mse,lolo,n1,,C:C-F-15:15:engine_position_mse,rollout_error,0.028000,0.016904,0.041395,12,EXPLORATORY
rollout:lolo:C:C-F-15:15:position_mse,lolo,n1,,C:C-F-15:15:position_mse,rollout_error,0.002037,0.001716,0.002457,12,EXPLORATORY
rollout:lolo:C:C-F-15:30:engine_position_mse,lolo,n1,,C:C-F-15:30:engine_position_mse,rollout_error,0.029084,0.018692,0.041270,12,EXPLORATORY
rollout:lolo:C:C-F-15:30:position_mse,lolo,n1,,C:C-F-15:30:position_mse,rollout_error,0.003450,0.002744,0.004351,12,EXPLORATORY
rollout:lolo:C:C-F-15:60:engine_position_mse,lolo,n1,,C:C-F-15:60:engine_position_mse,rollout_error,0.032449,0.022629,0.043457,12,EXPLORATORY
rollout:lolo:C:C-F-15:60:position_mse,lolo,n1,,C:C-F-15:60:position_mse,rollout_error,0.008850,0.007054,0.011186,12,EXPLORATORY
rollout:lolo:C:C-F-15:150:engine_position_mse,lolo,n1,,C:C-F-15:150:engine_position_mse,rollout_error,0.071704,0.056480,0.087731,12,EXPLORATORY
rollout:lolo:C:C-F-15:150:position_mse,lolo,n1,,C:C-F-15:150:position_mse,rollout_error,0.051798,0.041983,0.063630,12,EXPLORATORY
rollout:lolo:C:C-F-15:225:engine_position_mse,lolo,n1,,C:C-F-15:225:engine_position_mse,rollout_error,0.170762,0.127937,0.224939,12,EXPLORATORY
rollout:lolo:C:C-F-15:225:position_mse,lolo,n1,,C:C-F-15:225:position_mse,rollout_error,0.153880,0.115747,0.206281,12,EXPLORATORY
rollout:lolo:LC:F-1-continuous:15:engine_position_mse,lolo,n1,,LC:F-1-continuous:15:engine_position_mse,rollout_error,0.043218,0.033883,0.053903,12,EXPLORATORY
rollout:lolo:LC:F-1-continuous:15:position_mse,lolo,n1,,LC:F-1-continuous:15:position_mse,rollout_error,0.026694,0.019172,0.035469,12,EXPLORATORY
rollout:lolo:LC:F-1-continuous:30:engine_position_mse,lolo,n1,,LC:F-1-continuous:30:engine_position_mse,rollout_error,0.051983,0.040318,0.064260,12,EXPLORATORY
rollout:lolo:LC:F-1-continuous:30:position_mse,lolo,n1,,LC:F-1-continuous:30:position_mse,rollout_error,0.036120,0.025952,0.046096,12,EXPLORATORY
rollout:lolo:LC:F-1-continuous:60:engine_position_mse,lolo,n1,,LC:F-1-continuous:60:engine_position_mse,rollout_error,0.058542,0.043002,0.073465,12,EXPLORATORY
rollout:lolo:LC:F-1-continuous:60:position_mse,lolo,n1,,LC:F-1-continuous:60:position_mse,rollout_error,0.044181,0.030483,0.056924,12,EXPLORATORY
rollout:lolo:LC:F-1-continuous:150:engine_position_mse,lolo,n1,,LC:F-1-continuous:150:engine_position_mse,rollout_error,0.063365,0.045766,0.079885,12,EXPLORATORY
rollout:lolo:LC:F-1-continuous:150:position_mse,lolo,n1,,LC:F-1-continuous:150:position_mse,rollout_error,0.049870,0.033937,0.064077,12,EXPLORATORY
rollout:lolo:LC:F-1-continuous:225:engine_position_mse,lolo,n1,,LC:F-1-continuous:225:engine_position_mse,rollout_error,0.064871,0.047960,0.080815,12,EXPLORATORY
rollout:lolo:LC:F-1-continuous:225:position_mse,lolo,n1,,LC:F-1-continuous:225:position_mse,rollout_error,0.051082,0.034879,0.065261,12,EXPLORATORY
rollout:lolo:LC:F-1-micro:15:engine_position_mse,lolo,n1,,LC:F-1-micro:15:engine_position_mse,rollout_error,0.043656,0.033414,0.056245,12,EXPLORATORY
rollout:lolo:LC:F-1-micro:15:position_mse,lolo,n1,,LC:F-1-micro:15:position_mse,rollout_error,0.026475,0.018274,0.036728,12,EXPLORATORY
rollout:lolo:LC:F-1-micro:30:engine_position_mse,lolo,n1,,LC:F-1-micro:30:engine_position_mse,rollout_error,0.051063,0.039787,0.063064,12,EXPLORATORY
rollout:lolo:LC:F-1-micro:30:position_mse,lolo,n1,,LC:F-1-micro:30:position_mse,rollout_error,0.034796,0.024928,0.044608,12,EXPLORATORY
rollout:lolo:LC:F-1-micro:60:engine_position_mse,lolo,n1,,LC:F-1-micro:60:engine_position_mse,rollout_error,0.056932,0.042238,0.070980,12,EXPLORATORY
rollout:lolo:LC:F-1-micro:60:position_mse,lolo,n1,,LC:F-1-micro:60:position_mse,rollout_error,0.042422,0.029566,0.054463,12,EXPLORATORY
rollout:lolo:LC:F-1-micro:150:engine_position_mse,lolo,n1,,LC:F-1-micro:150:engine_position_mse,rollout_error,0.061377,0.044544,0.077140,12,EXPLORATORY
rollout:lolo:LC:F-1-micro:150:position_mse,lolo,n1,,LC:F-1-micro:150:position_mse,rollout_error,0.048221,0.032671,0.062191,12,EXPLORATORY
rollout:lolo:LC:F-1-micro:225:engine_position_mse,lolo,n1,,LC:F-1-micro:225:engine_position_mse,rollout_error,0.064756,0.047369,0.081343,12,EXPLORATORY
rollout:lolo:LC:F-1-micro:225:position_mse,lolo,n1,,LC:F-1-micro:225:position_mse,rollout_error,0.050588,0.034023,0.065613,12,EXPLORATORY
rollout:lolo:LC:F-1-macro:15:engine_position_mse,lolo,n1,,LC:F-1-macro:15:engine_position_mse,rollout_error,0.041373,0.031855,0.052832,12,EXPLORATORY
rollout:lolo:LC:F-1-macro:15:position_mse,lolo,n1,,LC:F-1-macro:15:position_mse,rollout_error,0.026233,0.018588,0.035618,12,EXPLORATORY
rollout:lolo:LC:F-1-macro:30:engine_position_mse,lolo,n1,,LC:F-1-macro:30:engine_position_mse,rollout_error,0.049625,0.038068,0.062495,12,EXPLORATORY
rollout:lolo:LC:F-1-macro:30:position_mse,lolo,n1,,LC:F-1-macro:30:position_mse,rollout_error,0.034756,0.024824,0.045376,12,EXPLORATORY
rollout:lolo:LC:F-1-macro:60:engine_position_mse,lolo,n1,,LC:F-1-macro:60:engine_position_mse,rollout_error,0.056057,0.042020,0.070574,12,EXPLORATORY
rollout:lolo:LC:F-1-macro:60:position_mse,lolo,n1,,LC:F-1-macro:60:position_mse,rollout_error,0.042556,0.029893,0.054882,12,EXPLORATORY
rollout:lolo:LC:F-1-macro:150:engine_position_mse,lolo,n1,,LC:F-1-macro:150:engine_position_mse,rollout_error,0.060489,0.045243,0.075806,12,EXPLORATORY
rollout:lolo:LC:F-1-macro:150:position_mse,lolo,n1,,LC:F-1-macro:150:position_mse,rollout_error,0.047432,0.032840,0.061069,12,EXPLORATORY
rollout:lolo:LC:F-1-macro:225:engine_position_mse,lolo,n1,,LC:F-1-macro:225:engine_position_mse,rollout_error,0.062573,0.047219,0.078430,12,EXPLORATORY
rollout:lolo:LC:F-1-macro:225:position_mse,lolo,n1,,LC:F-1-macro:225:position_mse,rollout_error,0.048488,0.033291,0.062891,12,EXPLORATORY
rollout:lolo:LC:F-5-continuous:15:engine_position_mse,lolo,n1,,LC:F-5-continuous:15:engine_position_mse,rollout_error,0.027946,0.021473,0.035426,12,EXPLORATORY
rollout:lolo:LC:F-5-continuous:15:position_mse,lolo,n1,,LC:F-5-continuous:15:position_mse,rollout_error,0.008673,0.006506,0.010863,12,EXPLORATORY
rollout:lolo:LC:F-5-continuous:30:engine_position_mse,lolo,n1,,LC:F-5-continuous:30:engine_position_mse,rollout_error,0.030001,0.023691,0.037110,12,EXPLORATORY
rollout:lolo:LC:F-5-continuous:30:position_mse,lolo,n1,,LC:F-5-continuous:30:position_mse,rollout_error,0.014038,0.010635,0.017619,12,EXPLORATORY
rollout:lolo:LC:F-5-continuous:60:engine_position_mse,lolo,n1,,LC:F-5-continuous:60:engine_position_mse,rollout_error,0.035896,0.028232,0.044090,12,EXPLORATORY
rollout:lolo:LC:F-5-continuous:60:position_mse,lolo,n1,,LC:F-5-continuous:60:position_mse,rollout_error,0.020352,0.014877,0.026201,12,EXPLORATORY
rollout:lolo:LC:F-5-continuous:150:engine_position_mse,lolo,n1,,LC:F-5-continuous:150:engine_position_mse,rollout_error,0.053481,0.039969,0.068273,12,EXPLORATORY
rollout:lolo:LC:F-5-continuous:150:position_mse,lolo,n1,,LC:F-5-continuous:150:position_mse,rollout_error,0.037478,0.026355,0.049380,12,EXPLORATORY
rollout:lolo:LC:F-5-continuous:225:engine_position_mse,lolo,n1,,LC:F-5-continuous:225:engine_position_mse,rollout_error,0.066573,0.050195,0.083883,12,EXPLORATORY
rollout:lolo:LC:F-5-continuous:225:position_mse,lolo,n1,,LC:F-5-continuous:225:position_mse,rollout_error,0.050304,0.035953,0.064476,12,EXPLORATORY
rollout:lolo:LC:F-5-micro:15:engine_position_mse,lolo,n1,,LC:F-5-micro:15:engine_position_mse,rollout_error,0.027966,0.021385,0.035508,12,EXPLORATORY
rollout:lolo:LC:F-5-micro:15:position_mse,lolo,n1,,LC:F-5-micro:15:position_mse,rollout_error,0.008474,0.006250,0.010736,12,EXPLORATORY
rollout:lolo:LC:F-5-micro:30:engine_position_mse,lolo,n1,,LC:F-5-micro:30:engine_position_mse,rollout_error,0.030144,0.023735,0.037320,12,EXPLORATORY
rollout:lolo:LC:F-5-micro:30:position_mse,lolo,n1,,LC:F-5-micro:30:position_mse,rollout_error,0.013634,0.010031,0.017408,12,EXPLORATORY
rollout:lolo:LC:F-5-micro:60:engine_position_mse,lolo,n1,,LC:F-5-micro:60:engine_position_mse,rollout_error,0.035690,0.027446,0.044500,12,EXPLORATORY
rollout:lolo:LC:F-5-micro:60:position_mse,lolo,n1,,LC:F-5-micro:60:position_mse,rollout_error,0.019675,0.013819,0.026195,12,EXPLORATORY
rollout:lolo:LC:F-5-micro:150:engine_position_mse,lolo,n1,,LC:F-5-micro:150:engine_position_mse,rollout_error,0.051181,0.037527,0.066390,12,EXPLORATORY
rollout:lolo:LC:F-5-micro:150:position_mse,lolo,n1,,LC:F-5-micro:150:position_mse,rollout_error,0.035016,0.023849,0.047347,12,EXPLORATORY
rollout:lolo:LC:F-5-micro:225:engine_position_mse,lolo,n1,,LC:F-5-micro:225:engine_position_mse,rollout_error,0.063135,0.047088,0.079942,12,EXPLORATORY
rollout:lolo:LC:F-5-micro:225:position_mse,lolo,n1,,LC:F-5-micro:225:position_mse,rollout_error,0.046477,0.032520,0.060563,12,EXPLORATORY
rollout:lolo:LC:F-5-macro:15:engine_position_mse,lolo,n1,,LC:F-5-macro:15:engine_position_mse,rollout_error,0.027317,0.021180,0.034470,12,EXPLORATORY
rollout:lolo:LC:F-5-macro:15:position_mse,lolo,n1,,LC:F-5-macro:15:position_mse,rollout_error,0.008293,0.006522,0.009996,12,EXPLORATORY
rollout:lolo:LC:F-5-macro:30:engine_position_mse,lolo,n1,,LC:F-5-macro:30:engine_position_mse,rollout_error,0.029945,0.024133,0.036336,12,EXPLORATORY
rollout:lolo:LC:F-5-macro:30:position_mse,lolo,n1,,LC:F-5-macro:30:position_mse,rollout_error,0.014175,0.011115,0.017340,12,EXPLORATORY
rollout:lolo:LC:F-5-macro:60:engine_position_mse,lolo,n1,,LC:F-5-macro:60:engine_position_mse,rollout_error,0.034395,0.026516,0.042665,12,EXPLORATORY
rollout:lolo:LC:F-5-macro:60:position_mse,lolo,n1,,LC:F-5-macro:60:position_mse,rollout_error,0.020180,0.014741,0.026202,12,EXPLORATORY
rollout:lolo:LC:F-5-macro:150:engine_position_mse,lolo,n1,,LC:F-5-macro:150:engine_position_mse,rollout_error,0.051945,0.036900,0.069100,12,EXPLORATORY
rollout:lolo:LC:F-5-macro:150:position_mse,lolo,n1,,LC:F-5-macro:150:position_mse,rollout_error,0.036308,0.024156,0.050215,12,EXPLORATORY
rollout:lolo:LC:F-5-macro:225:engine_position_mse,lolo,n1,,LC:F-5-macro:225:engine_position_mse,rollout_error,0.064775,0.046095,0.084580,12,EXPLORATORY
rollout:lolo:LC:F-5-macro:225:position_mse,lolo,n1,,LC:F-5-macro:225:position_mse,rollout_error,0.048177,0.032112,0.065139,12,EXPLORATORY
rollout:lolo:LC:F-15-continuous:15:engine_position_mse,lolo,n1,,LC:F-15-continuous:15:engine_position_mse,rollout_error,0.027474,0.017847,0.038303,12,EXPLORATORY
rollout:lolo:LC:F-15-continuous:15:position_mse,lolo,n1,,LC:F-15-continuous:15:position_mse,rollout_error,0.003036,0.002481,0.003613,12,EXPLORATORY
rollout:lolo:LC:F-15-continuous:30:engine_position_mse,lolo,n1,,LC:F-15-continuous:30:engine_position_mse,rollout_error,0.027684,0.020115,0.036567,12,EXPLORATORY
rollout:lolo:LC:F-15-continuous:30:position_mse,lolo,n1,,LC:F-15-continuous:30:position_mse,rollout_error,0.005680,0.004388,0.006971,12,EXPLORATORY
rollout:lolo:LC:F-15-continuous:60:engine_position_mse,lolo,n1,,LC:F-15-continuous:60:engine_position_mse,rollout_error,0.027464,0.021021,0.034816,12,EXPLORATORY
rollout:lolo:LC:F-15-continuous:60:position_mse,lolo,n1,,LC:F-15-continuous:60:position_mse,rollout_error,0.011066,0.008315,0.013945,12,EXPLORATORY
rollout:lolo:LC:F-15-continuous:150:engine_position_mse,lolo,n1,,LC:F-15-continuous:150:engine_position_mse,rollout_error,0.032686,0.025878,0.039910,12,EXPLORATORY
rollout:lolo:LC:F-15-continuous:150:position_mse,lolo,n1,,LC:F-15-continuous:150:position_mse,rollout_error,0.017845,0.013513,0.022304,12,EXPLORATORY
rollout:lolo:LC:F-15-continuous:225:engine_position_mse,lolo,n1,,LC:F-15-continuous:225:engine_position_mse,rollout_error,0.039850,0.030685,0.049807,12,EXPLORATORY
rollout:lolo:LC:F-15-continuous:225:position_mse,lolo,n1,,LC:F-15-continuous:225:position_mse,rollout_error,0.023715,0.017010,0.031214,12,EXPLORATORY
rollout:lolo:LC:F-15-micro:15:engine_position_mse,lolo,n1,,LC:F-15-micro:15:engine_position_mse,rollout_error,0.027483,0.017838,0.038347,12,EXPLORATORY
rollout:lolo:LC:F-15-micro:15:position_mse,lolo,n1,,LC:F-15-micro:15:position_mse,rollout_error,0.003000,0.002439,0.003597,12,EXPLORATORY
rollout:lolo:LC:F-15-micro:30:engine_position_mse,lolo,n1,,LC:F-15-micro:30:engine_position_mse,rollout_error,0.027512,0.019946,0.036342,12,EXPLORATORY
rollout:lolo:LC:F-15-micro:30:position_mse,lolo,n1,,LC:F-15-micro:30:position_mse,rollout_error,0.005577,0.004253,0.006897,12,EXPLORATORY
rollout:lolo:LC:F-15-micro:60:engine_position_mse,lolo,n1,,LC:F-15-micro:60:engine_position_mse,rollout_error,0.027506,0.020891,0.035010,12,EXPLORATORY
rollout:lolo:LC:F-15-micro:60:position_mse,lolo,n1,,LC:F-15-micro:60:position_mse,rollout_error,0.010839,0.007960,0.013819,12,EXPLORATORY
rollout:lolo:LC:F-15-micro:150:engine_position_mse,lolo,n1,,LC:F-15-micro:150:engine_position_mse,rollout_error,0.032451,0.025272,0.040039,12,EXPLORATORY
rollout:lolo:LC:F-15-micro:150:position_mse,lolo,n1,,LC:F-15-micro:150:position_mse,rollout_error,0.017223,0.012535,0.022080,12,EXPLORATORY
rollout:lolo:LC:F-15-micro:225:engine_position_mse,lolo,n1,,LC:F-15-micro:225:engine_position_mse,rollout_error,0.039278,0.029551,0.049754,12,EXPLORATORY
rollout:lolo:LC:F-15-micro:225:position_mse,lolo,n1,,LC:F-15-micro:225:position_mse,rollout_error,0.022873,0.015711,0.031133,12,EXPLORATORY
rollout:lolo:LC:F-15-macro:15:engine_position_mse,lolo,n1,,LC:F-15-macro:15:engine_position_mse,rollout_error,0.027311,0.017548,0.038274,12,EXPLORATORY
rollout:lolo:LC:F-15-macro:15:position_mse,lolo,n1,,LC:F-15-macro:15:position_mse,rollout_error,0.002997,0.002476,0.003561,12,EXPLORATORY
rollout:lolo:LC:F-15-macro:30:engine_position_mse,lolo,n1,,LC:F-15-macro:30:engine_position_mse,rollout_error,0.027207,0.019438,0.036220,12,EXPLORATORY
rollout:lolo:LC:F-15-macro:30:position_mse,lolo,n1,,LC:F-15-macro:30:position_mse,rollout_error,0.005403,0.004333,0.006553,12,EXPLORATORY
rollout:lolo:LC:F-15-macro:60:engine_position_mse,lolo,n1,,LC:F-15-macro:60:engine_position_mse,rollout_error,0.027222,0.021305,0.033957,12,EXPLORATORY
rollout:lolo:LC:F-15-macro:60:position_mse,lolo,n1,,LC:F-15-macro:60:position_mse,rollout_error,0.010661,0.008455,0.012821,12,EXPLORATORY
rollout:lolo:LC:F-15-macro:150:engine_position_mse,lolo,n1,,LC:F-15-macro:150:engine_position_mse,rollout_error,0.032045,0.024971,0.039564,12,EXPLORATORY
rollout:lolo:LC:F-15-macro:150:position_mse,lolo,n1,,LC:F-15-macro:150:position_mse,rollout_error,0.018173,0.013840,0.022683,12,EXPLORATORY
rollout:lolo:LC:F-15-macro:225:engine_position_mse,lolo,n1,,LC:F-15-macro:225:engine_position_mse,rollout_error,0.038589,0.029168,0.048515,12,EXPLORATORY
rollout:lolo:LC:F-15-macro:225:position_mse,lolo,n1,,LC:F-15-macro:225:position_mse,rollout_error,0.023539,0.016938,0.030953,12,EXPLORATORY
rollout:lolo:LC:C-F-1:15:engine_position_mse,lolo,n1,,LC:C-F-1:15:engine_position_mse,rollout_error,0.045771,0.035637,0.055443,10,EXPLORATORY
rollout:lolo:LC:C-F-1:15:position_mse,lolo,n1,,LC:C-F-1:15:position_mse,rollout_error,0.031572,0.022681,0.040056,10,EXPLORATORY
rollout:lolo:LC:C-F-1:30:engine_position_mse,lolo,n1,,LC:C-F-1:30:engine_position_mse,rollout_error,0.053960,0.039024,0.068657,10,EXPLORATORY
rollout:lolo:LC:C-F-1:30:position_mse,lolo,n1,,LC:C-F-1:30:position_mse,rollout_error,0.040616,0.026224,0.054464,10,EXPLORATORY
rollout:lolo:LC:C-F-1:60:engine_position_mse,lolo,n1,,LC:C-F-1:60:engine_position_mse,rollout_error,0.056737,0.039097,0.074075,10,EXPLORATORY
rollout:lolo:LC:C-F-1:60:position_mse,lolo,n1,,LC:C-F-1:60:position_mse,rollout_error,0.045603,0.028212,0.062635,10,EXPLORATORY
rollout:lolo:LC:C-F-1:150:engine_position_mse,lolo,n1,,LC:C-F-1:150:engine_position_mse,rollout_error,0.059570,0.039824,0.079328,10,EXPLORATORY
rollout:lolo:LC:C-F-1:150:position_mse,lolo,n1,,LC:C-F-1:150:position_mse,rollout_error,0.049322,0.029562,0.069327,10,EXPLORATORY
rollout:lolo:LC:C-F-1:225:engine_position_mse,lolo,n1,,LC:C-F-1:225:engine_position_mse,rollout_error,0.061001,0.041667,0.080733,10,EXPLORATORY
rollout:lolo:LC:C-F-1:225:position_mse,lolo,n1,,LC:C-F-1:225:position_mse,rollout_error,0.050141,0.029739,0.070876,10,EXPLORATORY
rollout:lolo:LC:C-F-5:15:engine_position_mse,lolo,n1,,LC:C-F-5:15:engine_position_mse,rollout_error,0.028224,0.022518,0.034290,10,EXPLORATORY
rollout:lolo:LC:C-F-5:15:position_mse,lolo,n1,,LC:C-F-5:15:position_mse,rollout_error,0.012820,0.009950,0.015824,10,EXPLORATORY
rollout:lolo:LC:C-F-5:30:engine_position_mse,lolo,n1,,LC:C-F-5:30:engine_position_mse,rollout_error,0.034094,0.027580,0.041463,10,EXPLORATORY
rollout:lolo:LC:C-F-5:30:position_mse,lolo,n1,,LC:C-F-5:30:position_mse,rollout_error,0.019459,0.014953,0.024370,10,EXPLORATORY
rollout:lolo:LC:C-F-5:60:engine_position_mse,lolo,n1,,LC:C-F-5:60:engine_position_mse,rollout_error,0.037973,0.029660,0.046684,10,EXPLORATORY
rollout:lolo:LC:C-F-5:60:position_mse,lolo,n1,,LC:C-F-5:60:position_mse,rollout_error,0.024238,0.017612,0.030888,10,EXPLORATORY
rollout:lolo:LC:C-F-5:150:engine_position_mse,lolo,n1,,LC:C-F-5:150:engine_position_mse,rollout_error,0.053724,0.039437,0.068142,10,EXPLORATORY
rollout:lolo:LC:C-F-5:150:position_mse,lolo,n1,,LC:C-F-5:150:position_mse,rollout_error,0.039909,0.027021,0.052756,10,EXPLORATORY
rollout:lolo:LC:C-F-5:225:engine_position_mse,lolo,n1,,LC:C-F-5:225:engine_position_mse,rollout_error,0.065368,0.047672,0.083817,10,EXPLORATORY
rollout:lolo:LC:C-F-5:225:position_mse,lolo,n1,,LC:C-F-5:225:position_mse,rollout_error,0.052124,0.033785,0.070258,10,EXPLORATORY
rollout:lolo:LC:C-F-15:15:engine_position_mse,lolo,n1,,LC:C-F-15:15:engine_position_mse,rollout_error,0.023625,0.015585,0.034292,10,EXPLORATORY
rollout:lolo:LC:C-F-15:15:position_mse,lolo,n1,,LC:C-F-15:15:position_mse,rollout_error,0.003931,0.002965,0.005056,10,EXPLORATORY
rollout:lolo:LC:C-F-15:30:engine_position_mse,lolo,n1,,LC:C-F-15:30:engine_position_mse,rollout_error,0.025124,0.018727,0.033016,10,EXPLORATORY
rollout:lolo:LC:C-F-15:30:position_mse,lolo,n1,,LC:C-F-15:30:position_mse,rollout_error,0.008022,0.006293,0.009764,10,EXPLORATORY
rollout:lolo:LC:C-F-15:60:engine_position_mse,lolo,n1,,LC:C-F-15:60:engine_position_mse,rollout_error,0.029107,0.023275,0.035428,10,EXPLORATORY
rollout:lolo:LC:C-F-15:60:position_mse,lolo,n1,,LC:C-F-15:60:position_mse,rollout_error,0.015734,0.012174,0.019529,10,EXPLORATORY
rollout:lolo:LC:C-F-15:150:engine_position_mse,lolo,n1,,LC:C-F-15:150:engine_position_mse,rollout_error,0.036028,0.028142,0.045098,10,EXPLORATORY
rollout:lolo:LC:C-F-15:150:position_mse,lolo,n1,,LC:C-F-15:150:position_mse,rollout_error,0.022224,0.016243,0.028623,10,EXPLORATORY
rollout:lolo:LC:C-F-15:225:engine_position_mse,lolo,n1,,LC:C-F-15:225:engine_position_mse,rollout_error,0.040593,0.031165,0.050894,10,EXPLORATORY
rollout:lolo:LC:C-F-15:225:position_mse,lolo,n1,,LC:C-F-15:225:position_mse,rollout_error,0.026081,0.018425,0.033903,10,EXPLORATORY
rollout:heldout:B:F-1-continuous:15:engine_position_mse,heldout,n1,,B:F-1-continuous:15:engine_position_mse,rollout_error,0.067174,0.031906,0.106756,4,DESCRIPTIVE
rollout:heldout:B:F-1-continuous:15:position_mse,heldout,n1,,B:F-1-continuous:15:position_mse,rollout_error,0.016319,0.015483,0.017528,4,DESCRIPTIVE
rollout:heldout:B:F-1-continuous:30:engine_position_mse,heldout,n1,,B:F-1-continuous:30:engine_position_mse,rollout_error,0.143345,0.112858,0.185892,4,DESCRIPTIVE
rollout:heldout:B:F-1-continuous:30:position_mse,heldout,n1,,B:F-1-continuous:30:position_mse,rollout_error,0.093682,0.088663,0.099590,4,DESCRIPTIVE
rollout:heldout:B:F-1-continuous:60:engine_position_mse,heldout,n1,,B:F-1-continuous:60:engine_position_mse,rollout_error,0.965239,0.928304,1.001149,4,DESCRIPTIVE
rollout:heldout:B:F-1-continuous:60:position_mse,heldout,n1,,B:F-1-continuous:60:position_mse,rollout_error,0.925598,0.879329,0.957514,4,DESCRIPTIVE
rollout:heldout:B:F-1-continuous:150:engine_position_mse,heldout,n1,,B:F-1-continuous:150:engine_position_mse,rollout_error,762.999398,645.753171,880.245625,4,DESCRIPTIVE
rollout:heldout:B:F-1-continuous:150:position_mse,heldout,n1,,B:F-1-continuous:150:position_mse,rollout_error,795.191018,709.456480,869.344958,4,DESCRIPTIVE
rollout:heldout:B:F-1-continuous:225:engine_position_mse,heldout,n1,,B:F-1-continuous:225:engine_position_mse,rollout_error,3359.125177,2818.754798,3899.495555,4,DESCRIPTIVE
rollout:heldout:B:F-1-continuous:225:position_mse,heldout,n1,,B:F-1-continuous:225:position_mse,rollout_error,3535.455406,3117.592435,3846.720545,4,DESCRIPTIVE
rollout:heldout:B:F-1-micro:15:engine_position_mse,heldout,n1,,B:F-1-micro:15:engine_position_mse,rollout_error,0.068366,0.031993,0.108024,4,DESCRIPTIVE
rollout:heldout:B:F-1-micro:15:position_mse,heldout,n1,,B:F-1-micro:15:position_mse,rollout_error,0.016415,0.015611,0.017574,4,DESCRIPTIVE
rollout:heldout:B:F-1-micro:30:engine_position_mse,heldout,n1,,B:F-1-micro:30:engine_position_mse,rollout_error,0.147754,0.116401,0.189203,4,DESCRIPTIVE
rollout:heldout:B:F-1-micro:30:position_mse,heldout,n1,,B:F-1-micro:30:position_mse,rollout_error,0.095366,0.091118,0.101649,4,DESCRIPTIVE
rollout:heldout:B:F-1-micro:60:engine_position_mse,heldout,n1,,B:F-1-micro:60:engine_position_mse,rollout_error,1.067502,1.020389,1.117418,4,DESCRIPTIVE
rollout:heldout:B:F-1-micro:60:position_mse,heldout,n1,,B:F-1-micro:60:position_mse,rollout_error,1.008253,0.964621,1.047295,4,DESCRIPTIVE
rollout:heldout:B:F-1-micro:150:engine_position_mse,heldout,n1,,B:F-1-micro:150:engine_position_mse,rollout_error,836.521320,716.154163,956.888477,4,DESCRIPTIVE
rollout:heldout:B:F-1-micro:150:position_mse,heldout,n1,,B:F-1-micro:150:position_mse,rollout_error,880.972159,786.564061,956.869493,4,DESCRIPTIVE
rollout:heldout:B:F-1-micro:225:engine_position_mse,heldout,n1,,B:F-1-micro:225:engine_position_mse,rollout_error,3588.234817,3015.470601,4160.999033,4,DESCRIPTIVE
rollout:heldout:B:F-1-micro:225:position_mse,heldout,n1,,B:F-1-micro:225:position_mse,rollout_error,3794.053868,3347.678039,4140.447727,4,DESCRIPTIVE
rollout:heldout:B:F-1-macro:15:engine_position_mse,heldout,n1,,B:F-1-macro:15:engine_position_mse,rollout_error,0.077045,0.042231,0.115063,4,DESCRIPTIVE
rollout:heldout:B:F-1-macro:15:position_mse,heldout,n1,,B:F-1-macro:15:position_mse,rollout_error,0.022508,0.020994,0.024534,4,DESCRIPTIVE
rollout:heldout:B:F-1-macro:30:engine_position_mse,heldout,n1,,B:F-1-macro:30:engine_position_mse,rollout_error,0.189323,0.164341,0.220858,4,DESCRIPTIVE
rollout:heldout:B:F-1-macro:30:position_mse,heldout,n1,,B:F-1-macro:30:position_mse,rollout_error,0.131809,0.123279,0.140863,4,DESCRIPTIVE
rollout:heldout:B:F-1-macro:60:engine_position_mse,heldout,n1,,B:F-1-macro:60:engine_position_mse,rollout_error,1.723034,1.573317,1.952136,4,DESCRIPTIVE
rollout:heldout:B:F-1-macro:60:position_mse,heldout,n1,,B:F-1-macro:60:position_mse,rollout_error,1.649172,1.562240,1.741989,4,DESCRIPTIVE
rollout:heldout:B:F-1-macro:150:engine_position_mse,heldout,n1,,B:F-1-macro:150:engine_position_mse,rollout_error,1324.281960,1132.164724,1516.399196,4,DESCRIPTIVE
rollout:heldout:B:F-1-macro:150:position_mse,heldout,n1,,B:F-1-macro:150:position_mse,rollout_error,1334.235609,1235.388072,1433.083146,4,DESCRIPTIVE
rollout:heldout:B:F-1-macro:225:engine_position_mse,heldout,n1,,B:F-1-macro:225:engine_position_mse,rollout_error,5272.100085,4516.763634,6027.436536,4,DESCRIPTIVE
rollout:heldout:B:F-1-macro:225:position_mse,heldout,n1,,B:F-1-macro:225:position_mse,rollout_error,5334.707599,5011.061032,5658.354167,4,DESCRIPTIVE
rollout:heldout:B:F-5-continuous:15:engine_position_mse,heldout,n1,,B:F-5-continuous:15:engine_position_mse,rollout_error,0.047648,0.011426,0.084753,4,DESCRIPTIVE
rollout:heldout:B:F-5-continuous:15:position_mse,heldout,n1,,B:F-5-continuous:15:position_mse,rollout_error,0.000758,0.000615,0.000949,4,DESCRIPTIVE
rollout:heldout:B:F-5-continuous:30:engine_position_mse,heldout,n1,,B:F-5-continuous:30:engine_position_mse,rollout_error,0.051258,0.014928,0.088764,4,DESCRIPTIVE
rollout:heldout:B:F-5-continuous:30:position_mse,heldout,n1,,B:F-5-continuous:30:position_mse,rollout_error,0.003404,0.002436,0.005161,4,DESCRIPTIVE
rollout:heldout:B:F-5-continuous:60:engine_position_mse,heldout,n1,,B:F-5-continuous:60:engine_position_mse,rollout_error,0.060187,0.024436,0.098621,4,DESCRIPTIVE
rollout:heldout:B:F-5-continuous:60:position_mse,heldout,n1,,B:F-5-continuous:60:position_mse,rollout_error,0.011715,0.010301,0.014085,4,DESCRIPTIVE
rollout:heldout:B:F-5-continuous:150:engine_position_mse,heldout,n1,,B:F-5-continuous:150:engine_position_mse,rollout_error,0.147597,0.118938,0.184924,4,DESCRIPTIVE
rollout:heldout:B:F-5-continuous:150:position_mse,heldout,n1,,B:F-5-continuous:150:position_mse,rollout_error,0.103486,0.095204,0.111768,4,DESCRIPTIVE
rollout:heldout:B:F-5-continuous:225:engine_position_mse,heldout,n1,,B:F-5-continuous:225:engine_position_mse,rollout_error,0.373184,0.349723,0.398455,4,DESCRIPTIVE
rollout:heldout:B:F-5-continuous:225:position_mse,heldout,n1,,B:F-5-continuous:225:position_mse,rollout_error,0.339287,0.322083,0.356491,4,DESCRIPTIVE
rollout:heldout:B:F-5-micro:15:engine_position_mse,heldout,n1,,B:F-5-micro:15:engine_position_mse,rollout_error,0.047792,0.011463,0.084850,4,DESCRIPTIVE
rollout:heldout:B:F-5-micro:15:position_mse,heldout,n1,,B:F-5-micro:15:position_mse,rollout_error,0.000818,0.000658,0.001019,4,DESCRIPTIVE
rollout:heldout:B:F-5-micro:30:engine_position_mse,heldout,n1,,B:F-5-micro:30:engine_position_mse,rollout_error,0.051655,0.014941,0.089106,4,DESCRIPTIVE
rollout:heldout:B:F-5-micro:30:position_mse,heldout,n1,,B:F-5-micro:30:position_mse,rollout_error,0.003527,0.002500,0.005330,4,DESCRIPTIVE
rollout:heldout:B:F-5-micro:60:engine_position_mse,heldout,n1,,B:F-5-micro:60:engine_position_mse,rollout_error,0.061000,0.024489,0.099343,4,DESCRIPTIVE
rollout:heldout:B:F-5-micro:60:position_mse,heldout,n1,,B:F-5-micro:60:position_mse,rollout_error,0.011963,0.010483,0.014357,4,DESCRIPTIVE
rollout:heldout:B:F-5-micro:150:engine_position_mse,heldout,n1,,B:F-5-micro:150:engine_position_mse,rollout_error,0.151190,0.122047,0.186683,4,DESCRIPTIVE
rollout:heldout:B:F-5-micro:150:position_mse,heldout,n1,,B:F-5-micro:150:position_mse,rollout_error,0.105479,0.097643,0.113911,4,DESCRIPTIVE
rollout:heldout:B:F-5-micro:225:engine_position_mse,heldout,n1,,B:F-5-micro:225:engine_position_mse,rollout_error,0.390129,0.368223,0.407950,4,DESCRIPTIVE
rollout:heldout:B:F-5-micro:225:position_mse,heldout,n1,,B:F-5-micro:225:position_mse,rollout_error,0.350877,0.332292,0.369010,4,DESCRIPTIVE
rollout:heldout:B:F-5-macro:15:engine_position_mse,heldout,n1,,B:F-5-macro:15:engine_position_mse,rollout_error,0.047439,0.011293,0.084917,4,DESCRIPTIVE
rollout:heldout:B:F-5-macro:15:position_mse,heldout,n1,,B:F-5-macro:15:position_mse,rollout_error,0.000658,0.000511,0.000897,4,DESCRIPTIVE
rollout:heldout:B:F-5-macro:30:engine_position_mse,heldout,n1,,B:F-5-macro:30:engine_position_mse,rollout_error,0.051523,0.015089,0.089297,4,DESCRIPTIVE
rollout:heldout:B:F-5-macro:30:position_mse,heldout,n1,,B:F-5-macro:30:position_mse,rollout_error,0.003280,0.002286,0.005173,4,DESCRIPTIVE
rollout:heldout:B:F-5-macro:60:engine_position_mse,heldout,n1,,B:F-5-macro:60:engine_position_mse,rollout_error,0.061627,0.025691,0.099279,4,DESCRIPTIVE
rollout:heldout:B:F-5-macro:60:position_mse,heldout,n1,,B:F-5-macro:60:position_mse,rollout_error,0.011930,0.010505,0.014600,4,DESCRIPTIVE
rollout:heldout:B:F-5-macro:150:engine_position_mse,heldout,n1,,B:F-5-macro:150:engine_position_mse,rollout_error,0.156580,0.132504,0.185027,4,DESCRIPTIVE
rollout:heldout:B:F-5-macro:150:position_mse,heldout,n1,,B:F-5-macro:150:position_mse,rollout_error,0.109209,0.101494,0.117615,4,DESCRIPTIVE
rollout:heldout:B:F-5-macro:225:engine_position_mse,heldout,n1,,B:F-5-macro:225:engine_position_mse,rollout_error,0.420703,0.402742,0.444751,4,DESCRIPTIVE
rollout:heldout:B:F-5-macro:225:position_mse,heldout,n1,,B:F-5-macro:225:position_mse,rollout_error,0.379781,0.365288,0.389550,4,DESCRIPTIVE
rollout:heldout:B:F-15-continuous:15:engine_position_mse,heldout,n1,,B:F-15-continuous:15:engine_position_mse,rollout_error,0.045812,0.009789,0.082517,4,DESCRIPTIVE
rollout:heldout:B:F-15-continuous:15:position_mse,heldout,n1,,B:F-15-continuous:15:position_mse,rollout_error,0.000255,0.000210,0.000344,4,DESCRIPTIVE
rollout:heldout:B:F-15-continuous:30:engine_position_mse,heldout,n1,,B:F-15-continuous:30:engine_position_mse,rollout_error,0.046694,0.010552,0.083499,4,DESCRIPTIVE
rollout:heldout:B:F-15-continuous:30:position_mse,heldout,n1,,B:F-15-continuous:30:position_mse,rollout_error,0.001132,0.000337,0.002660,4,DESCRIPTIVE
rollout:heldout:B:F-15-continuous:60:engine_position_mse,heldout,n1,,B:F-15-continuous:60:engine_position_mse,rollout_error,0.047265,0.010970,0.084185,4,DESCRIPTIVE
rollout:heldout:B:F-15-continuous:60:position_mse,heldout,n1,,B:F-15-continuous:60:position_mse,rollout_error,0.002012,0.001108,0.003644,4,DESCRIPTIVE
rollout:heldout:B:F-15-continuous:150:engine_position_mse,heldout,n1,,B:F-15-continuous:150:engine_position_mse,rollout_error,0.053859,0.018707,0.089011,4,DESCRIPTIVE
rollout:heldout:B:F-15-continuous:150:position_mse,heldout,n1,,B:F-15-continuous:150:position_mse,rollout_error,0.010955,0.007151,0.015077,4,DESCRIPTIVE
rollout:heldout:B:F-15-continuous:225:engine_position_mse,heldout,n1,,B:F-15-continuous:225:engine_position_mse,rollout_error,0.064367,0.031440,0.098700,4,DESCRIPTIVE
rollout:heldout:B:F-15-continuous:225:position_mse,heldout,n1,,B:F-15-continuous:225:position_mse,rollout_error,0.021526,0.017271,0.026225,4,DESCRIPTIVE
rollout:heldout:B:F-15-micro:15:engine_position_mse,heldout,n1,,B:F-15-micro:15:engine_position_mse,rollout_error,0.045676,0.009698,0.082427,4,DESCRIPTIVE
rollout:heldout:B:F-15-micro:15:position_mse,heldout,n1,,B:F-15-micro:15:position_mse,rollout_error,0.000239,0.000185,0.000319,4,DESCRIPTIVE
rollout:heldout:B:F-15-micro:30:engine_position_mse,heldout,n1,,B:F-15-micro:30:engine_position_mse,rollout_error,0.046584,0.010456,0.083358,4,DESCRIPTIVE
rollout:heldout:B:F-15-micro:30:position_mse,heldout,n1,,B:F-15-micro:30:position_mse,rollout_error,0.001092,0.000310,0.002621,4,DESCRIPTIVE
rollout:heldout:B:F-15-micro:60:engine_position_mse,heldout,n1,,B:F-15-micro:60:engine_position_mse,rollout_error,0.047168,0.010723,0.083998,4,DESCRIPTIVE
rollout:heldout:B:F-15-micro:60:position_mse,heldout,n1,,B:F-15-micro:60:position_mse,rollout_error,0.001901,0.001010,0.003544,4,DESCRIPTIVE
rollout:heldout:B:F-15-micro:150:engine_position_mse,heldout,n1,,B:F-15-micro:150:engine_position_mse,rollout_error,0.053355,0.017722,0.088987,4,DESCRIPTIVE
rollout:heldout:B:F-15-micro:150:position_mse,heldout,n1,,B:F-15-micro:150:position_mse,rollout_error,0.010113,0.006364,0.014262,4,DESCRIPTIVE
rollout:heldout:B:F-15-micro:225:engine_position_mse,heldout,n1,,B:F-15-micro:225:engine_position_mse,rollout_error,0.062633,0.029011,0.096620,4,DESCRIPTIVE
rollout:heldout:B:F-15-micro:225:position_mse,heldout,n1,,B:F-15-micro:225:position_mse,rollout_error,0.019381,0.015452,0.024016,4,DESCRIPTIVE
rollout:heldout:B:F-15-macro:15:engine_position_mse,heldout,n1,,B:F-15-macro:15:engine_position_mse,rollout_error,0.044408,0.009679,0.080035,4,DESCRIPTIVE
rollout:heldout:B:F-15-macro:15:position_mse,heldout,n1,,B:F-15-macro:15:position_mse,rollout_error,0.000506,0.000458,0.000545,4,DESCRIPTIVE
rollout:heldout:B:F-15-macro:30:engine_position_mse,heldout,n1,,B:F-15-macro:30:engine_position_mse,rollout_error,0.045597,0.009488,0.081829,4,DESCRIPTIVE
rollout:heldout:B:F-15-macro:30:position_mse,heldout,n1,,B:F-15-macro:30:position_mse,rollout_error,0.001147,0.000320,0.002662,4,DESCRIPTIVE
rollout:heldout:B:F-15-macro:60:engine_position_mse,heldout,n1,,B:F-15-macro:60:engine_position_mse,rollout_error,0.045210,0.009158,0.081263,4,DESCRIPTIVE
rollout:heldout:B:F-15-macro:60:position_mse,heldout,n1,,B:F-15-macro:60:position_mse,rollout_error,0.001502,0.000561,0.003186,4,DESCRIPTIVE
rollout:heldout:B:F-15-macro:150:engine_position_mse,heldout,n1,,B:F-15-macro:150:engine_position_mse,rollout_error,0.047933,0.012673,0.083193,4,DESCRIPTIVE
rollout:heldout:B:F-15-macro:150:position_mse,heldout,n1,,B:F-15-macro:150:position_mse,rollout_error,0.006875,0.003732,0.011035,4,DESCRIPTIVE
rollout:heldout:B:F-15-macro:225:engine_position_mse,heldout,n1,,B:F-15-macro:225:engine_position_mse,rollout_error,0.051739,0.017835,0.085643,4,DESCRIPTIVE
rollout:heldout:B:F-15-macro:225:position_mse,heldout,n1,,B:F-15-macro:225:position_mse,rollout_error,0.011432,0.008853,0.015961,4,DESCRIPTIVE
rollout:heldout:B:C-F-1:15:engine_position_mse,heldout,n1,,B:C-F-1:15:engine_position_mse,rollout_error,0.046960,0.020562,0.078920,4,DESCRIPTIVE
rollout:heldout:B:C-F-1:15:position_mse,heldout,n1,,B:C-F-1:15:position_mse,rollout_error,0.010261,0.008735,0.011787,4,DESCRIPTIVE
rollout:heldout:B:C-F-1:30:engine_position_mse,heldout,n1,,B:C-F-1:30:engine_position_mse,rollout_error,0.069306,0.050055,0.093786,4,DESCRIPTIVE
rollout:heldout:B:C-F-1:30:position_mse,heldout,n1,,B:C-F-1:30:position_mse,rollout_error,0.039959,0.034749,0.046919,4,DESCRIPTIVE
rollout:heldout:B:C-F-1:60:engine_position_mse,heldout,n1,,B:C-F-1:60:engine_position_mse,rollout_error,0.302854,0.282653,0.325602,4,DESCRIPTIVE
rollout:heldout:B:C-F-1:60:position_mse,heldout,n1,,B:C-F-1:60:position_mse,rollout_error,0.289586,0.261449,0.314133,4,DESCRIPTIVE
rollout:heldout:B:C-F-1:150:engine_position_mse,heldout,n1,,B:C-F-1:150:engine_position_mse,rollout_error,357.663745,310.309048,405.018441,4,DESCRIPTIVE
rollout:heldout:B:C-F-1:150:position_mse,heldout,n1,,B:C-F-1:150:position_mse,rollout_error,342.578733,310.283071,366.006039,4,DESCRIPTIVE
rollout:heldout:B:C-F-1:225:engine_position_mse,heldout,n1,,B:C-F-1:225:engine_position_mse,rollout_error,1931.090396,1713.242071,2148.938721,4,DESCRIPTIVE
rollout:heldout:B:C-F-1:225:position_mse,heldout,n1,,B:C-F-1:225:position_mse,rollout_error,1896.061448,1764.573453,2007.974087,4,DESCRIPTIVE
rollout:heldout:B:C-F-5:15:engine_position_mse,heldout,n1,,B:C-F-5:15:engine_position_mse,rollout_error,0.043676,0.009991,0.078951,4,DESCRIPTIVE
rollout:heldout:B:C-F-5:15:position_mse,heldout,n1,,B:C-F-5:15:position_mse,rollout_error,0.000549,0.000480,0.000632,4,DESCRIPTIVE
rollout:heldout:B:C-F-5:30:engine_position_mse,heldout,n1,,B:C-F-5:30:engine_position_mse,rollout_error,0.043558,0.011314,0.077930,4,DESCRIPTIVE
rollout:heldout:B:C-F-5:30:position_mse,heldout,n1,,B:C-F-5:30:position_mse,rollout_error,0.002570,0.001575,0.004286,4,DESCRIPTIVE
rollout:heldout:B:C-F-5:60:engine_position_mse,heldout,n1,,B:C-F-5:60:engine_position_mse,rollout_error,0.043796,0.014384,0.075942,4,DESCRIPTIVE
rollout:heldout:B:C-F-5:60:position_mse,heldout,n1,,B:C-F-5:60:position_mse,rollout_error,0.006993,0.005147,0.009501,4,DESCRIPTIVE
rollout:heldout:B:C-F-5:150:engine_position_mse,heldout,n1,,B:C-F-5:150:engine_position_mse,rollout_error,0.066016,0.044866,0.087784,4,DESCRIPTIVE
rollout:heldout:B:C-F-5:150:position_mse,heldout,n1,,B:C-F-5:150:position_mse,rollout_error,0.038307,0.031661,0.047542,4,DESCRIPTIVE
rollout:heldout:B:C-F-5:225:engine_position_mse,heldout,n1,,B:C-F-5:225:engine_position_mse,rollout_error,0.124896,0.111660,0.137407,4,DESCRIPTIVE
rollout:heldout:B:C-F-5:225:position_mse,heldout,n1,,B:C-F-5:225:position_mse,rollout_error,0.098732,0.089376,0.108364,4,DESCRIPTIVE
rollout:heldout:B:C-F-15:15:engine_position_mse,heldout,n1,,B:C-F-15:15:engine_position_mse,rollout_error,0.044429,0.009510,0.080380,4,DESCRIPTIVE
rollout:heldout:B:C-F-15:15:position_mse,heldout,n1,,B:C-F-15:15:position_mse,rollout_error,0.000080,0.000066,0.000094,4,DESCRIPTIVE
rollout:heldout:B:C-F-15:30:engine_position_mse,heldout,n1,,B:C-F-15:30:engine_position_mse,rollout_error,0.044132,0.009694,0.079800,4,DESCRIPTIVE
rollout:heldout:B:C-F-15:30:position_mse,heldout,n1,,B:C-F-15:30:position_mse,rollout_error,0.000894,0.000158,0.002353,4,DESCRIPTIVE
rollout:heldout:B:C-F-15:60:engine_position_mse,heldout,n1,,B:C-F-15:60:engine_position_mse,rollout_error,0.042275,0.008748,0.077480,4,DESCRIPTIVE
rollout:heldout:B:C-F-15:60:position_mse,heldout,n1,,B:C-F-15:60:position_mse,rollout_error,0.001261,0.000466,0.002783,4,DESCRIPTIVE
rollout:heldout:B:C-F-15:150:engine_position_mse,heldout,n1,,B:C-F-15:150:engine_position_mse,rollout_error,0.042417,0.012418,0.074213,4,DESCRIPTIVE
rollout:heldout:B:C-F-15:150:position_mse,heldout,n1,,B:C-F-15:150:position_mse,rollout_error,0.005893,0.002280,0.009919,4,DESCRIPTIVE
rollout:heldout:B:C-F-15:225:engine_position_mse,heldout,n1,,B:C-F-15:225:engine_position_mse,rollout_error,0.045484,0.018293,0.075444,4,DESCRIPTIVE
rollout:heldout:B:C-F-15:225:position_mse,heldout,n1,,B:C-F-15:225:position_mse,rollout_error,0.008800,0.004716,0.013475,4,DESCRIPTIVE
rollout:heldout:L:F-1-continuous:15:engine_position_mse,heldout,n1,,L:F-1-continuous:15:engine_position_mse,rollout_error,0.040946,0.014687,0.067205,4,DESCRIPTIVE
rollout:heldout:L:F-1-continuous:15:position_mse,heldout,n1,,L:F-1-continuous:15:position_mse,rollout_error,0.005018,0.004758,0.005290,4,DESCRIPTIVE
rollout:heldout:L:F-1-continuous:30:engine_position_mse,heldout,n1,,L:F-1-continuous:30:engine_position_mse,rollout_error,0.042520,0.019629,0.066218,4,DESCRIPTIVE
rollout:heldout:L:F-1-continuous:30:position_mse,heldout,n1,,L:F-1-continuous:30:position_mse,rollout_error,0.008516,0.006878,0.009536,4,DESCRIPTIVE
rollout:heldout:L:F-1-continuous:60:engine_position_mse,heldout,n1,,L:F-1-continuous:60:engine_position_mse,rollout_error,0.043354,0.026361,0.063150,4,DESCRIPTIVE
rollout:heldout:L:F-1-continuous:60:position_mse,heldout,n1,,L:F-1-continuous:60:position_mse,rollout_error,0.013966,0.008735,0.019198,4,DESCRIPTIVE
rollout:heldout:L:F-1-continuous:150:engine_position_mse,heldout,n1,,L:F-1-continuous:150:engine_position_mse,rollout_error,0.051054,0.039742,0.062803,4,DESCRIPTIVE
rollout:heldout:L:F-1-continuous:150:position_mse,heldout,n1,,L:F-1-continuous:150:position_mse,rollout_error,0.031416,0.015356,0.047476,4,DESCRIPTIVE
rollout:heldout:L:F-1-continuous:225:engine_position_mse,heldout,n1,,L:F-1-continuous:225:engine_position_mse,rollout_error,0.060158,0.051692,0.069933,4,DESCRIPTIVE
rollout:heldout:L:F-1-continuous:225:position_mse,heldout,n1,,L:F-1-continuous:225:position_mse,rollout_error,0.042502,0.016866,0.068138,4,DESCRIPTIVE
rollout:heldout:L:F-1-micro:15:engine_position_mse,heldout,n1,,L:F-1-micro:15:engine_position_mse,rollout_error,0.041180,0.014398,0.067961,4,DESCRIPTIVE
rollout:heldout:L:F-1-micro:15:position_mse,heldout,n1,,L:F-1-micro:15:position_mse,rollout_error,0.004698,0.004237,0.005160,4,DESCRIPTIVE
rollout:heldout:L:F-1-micro:30:engine_position_mse,heldout,n1,,L:F-1-micro:30:engine_position_mse,rollout_error,0.043244,0.019025,0.067702,4,DESCRIPTIVE
rollout:heldout:L:F-1-micro:30:position_mse,heldout,n1,,L:F-1-micro:30:position_mse,rollout_error,0.007846,0.006585,0.008655,4,DESCRIPTIVE
rollout:heldout:L:F-1-micro:60:engine_position_mse,heldout,n1,,L:F-1-micro:60:engine_position_mse,rollout_error,0.045574,0.025520,0.067647,4,DESCRIPTIVE
rollout:heldout:L:F-1-micro:60:position_mse,heldout,n1,,L:F-1-micro:60:position_mse,rollout_error,0.012697,0.008690,0.016704,4,DESCRIPTIVE
rollout:heldout:L:F-1-micro:150:engine_position_mse,heldout,n1,,L:F-1-micro:150:engine_position_mse,rollout_error,0.056458,0.041127,0.071732,4,DESCRIPTIVE
rollout:heldout:L:F-1-micro:150:position_mse,heldout,n1,,L:F-1-micro:150:position_mse,rollout_error,0.030492,0.016272,0.044711,4,DESCRIPTIVE
rollout:heldout:L:F-1-micro:225:engine_position_mse,heldout,n1,,L:F-1-micro:225:engine_position_mse,rollout_error,0.070237,0.055269,0.085781,4,DESCRIPTIVE
rollout:heldout:L:F-1-micro:225:position_mse,heldout,n1,,L:F-1-micro:225:position_mse,rollout_error,0.045013,0.019090,0.070936,4,DESCRIPTIVE
rollout:heldout:L:F-1-macro:15:engine_position_mse,heldout,n1,,L:F-1-macro:15:engine_position_mse,rollout_error,0.039651,0.013761,0.065605,4,DESCRIPTIVE
rollout:heldout:L:F-1-macro:15:position_mse,heldout,n1,,L:F-1-macro:15:position_mse,rollout_error,0.004664,0.004235,0.005201,4,DESCRIPTIVE
rollout:heldout:L:F-1-macro:30:engine_position_mse,heldout,n1,,L:F-1-macro:30:engine_position_mse,rollout_error,0.040951,0.018359,0.064429,4,DESCRIPTIVE
rollout:heldout:L:F-1-macro:30:position_mse,heldout,n1,,L:F-1-macro:30:position_mse,rollout_error,0.008055,0.005786,0.009512,4,DESCRIPTIVE
rollout:heldout:L:F-1-macro:60:engine_position_mse,heldout,n1,,L:F-1-macro:60:engine_position_mse,rollout_error,0.042549,0.024719,0.063294,4,DESCRIPTIVE
rollout:heldout:L:F-1-macro:60:position_mse,heldout,n1,,L:F-1-macro:60:position_mse,rollout_error,0.013594,0.008238,0.018949,4,DESCRIPTIVE
rollout:heldout:L:F-1-macro:150:engine_position_mse,heldout,n1,,L:F-1-macro:150:engine_position_mse,rollout_error,0.053066,0.038374,0.070162,4,DESCRIPTIVE
rollout:heldout:L:F-1-macro:150:position_mse,heldout,n1,,L:F-1-macro:150:position_mse,rollout_error,0.032320,0.016693,0.047948,4,DESCRIPTIVE
rollout:heldout:L:F-1-macro:225:engine_position_mse,heldout,n1,,L:F-1-macro:225:engine_position_mse,rollout_error,0.063777,0.049573,0.081300,4,DESCRIPTIVE
rollout:heldout:L:F-1-macro:225:position_mse,heldout,n1,,L:F-1-macro:225:position_mse,rollout_error,0.044579,0.018870,0.070288,4,DESCRIPTIVE
rollout:heldout:L:F-5-continuous:15:engine_position_mse,heldout,n1,,L:F-5-continuous:15:engine_position_mse,rollout_error,0.040511,0.010364,0.070658,4,DESCRIPTIVE
rollout:heldout:L:F-5-continuous:15:position_mse,heldout,n1,,L:F-5-continuous:15:position_mse,rollout_error,0.002996,0.001641,0.004635,4,DESCRIPTIVE
rollout:heldout:L:F-5-continuous:30:engine_position_mse,heldout,n1,,L:F-5-continuous:30:engine_position_mse,rollout_error,0.040547,0.011516,0.069578,4,DESCRIPTIVE
rollout:heldout:L:F-5-continuous:30:position_mse,heldout,n1,,L:F-5-continuous:30:position_mse,rollout_error,0.004285,0.002238,0.006686,4,DESCRIPTIVE
rollout:heldout:L:F-5-continuous:60:engine_position_mse,heldout,n1,,L:F-5-continuous:60:engine_position_mse,rollout_error,0.039577,0.011981,0.067173,4,DESCRIPTIVE
rollout:heldout:L:F-5-continuous:60:position_mse,heldout,n1,,L:F-5-continuous:60:position_mse,rollout_error,0.005135,0.003756,0.006883,4,DESCRIPTIVE
rollout:heldout:L:F-5-continuous:150:engine_position_mse,heldout,n1,,L:F-5-continuous:150:engine_position_mse,rollout_error,0.041454,0.017802,0.066416,4,DESCRIPTIVE
rollout:heldout:L:F-5-continuous:150:position_mse,heldout,n1,,L:F-5-continuous:150:position_mse,rollout_error,0.010506,0.009403,0.012397,4,DESCRIPTIVE
rollout:heldout:L:F-5-continuous:225:engine_position_mse,heldout,n1,,L:F-5-continuous:225:engine_position_mse,rollout_error,0.044909,0.024244,0.068845,4,DESCRIPTIVE
rollout:heldout:L:F-5-continuous:225:position_mse,heldout,n1,,L:F-5-continuous:225:position_mse,rollout_error,0.013432,0.011538,0.014554,4,DESCRIPTIVE
rollout:heldout:L:F-5-micro:15:engine_position_mse,heldout,n1,,L:F-5-micro:15:engine_position_mse,rollout_error,0.040469,0.010303,0.070635,4,DESCRIPTIVE
rollout:heldout:L:F-5-micro:15:position_mse,heldout,n1,,L:F-5-micro:15:position_mse,rollout_error,0.002949,0.001654,0.004612,4,DESCRIPTIVE
rollout:heldout:L:F-5-micro:30:engine_position_mse,heldout,n1,,L:F-5-micro:30:engine_position_mse,rollout_error,0.040584,0.011556,0.069611,4,DESCRIPTIVE
rollout:heldout:L:F-5-micro:30:position_mse,heldout,n1,,L:F-5-micro:30:position_mse,rollout_error,0.004237,0.002153,0.006760,4,DESCRIPTIVE
rollout:heldout:L:F-5-micro:60:engine_position_mse,heldout,n1,,L:F-5-micro:60:engine_position_mse,rollout_error,0.039656,0.011817,0.067494,4,DESCRIPTIVE
rollout:heldout:L:F-5-micro:60:position_mse,heldout,n1,,L:F-5-micro:60:position_mse,rollout_error,0.004945,0.003405,0.006867,4,DESCRIPTIVE
rollout:heldout:L:F-5-micro:150:engine_position_mse,heldout,n1,,L:F-5-micro:150:engine_position_mse,rollout_error,0.042006,0.017339,0.067093,4,DESCRIPTIVE
rollout:heldout:L:F-5-micro:150:position_mse,heldout,n1,,L:F-5-micro:150:position_mse,rollout_error,0.009825,0.008256,0.012254,4,DESCRIPTIVE
rollout:heldout:L:F-5-micro:225:engine_position_mse,heldout,n1,,L:F-5-micro:225:engine_position_mse,rollout_error,0.045985,0.023509,0.070684,4,DESCRIPTIVE
rollout:heldout:L:F-5-micro:225:position_mse,heldout,n1,,L:F-5-micro:225:position_mse,rollout_error,0.012380,0.010672,0.013854,4,DESCRIPTIVE
rollout:heldout:L:F-5-macro:15:engine_position_mse,heldout,n1,,L:F-5-macro:15:engine_position_mse,rollout_error,0.039647,0.009653,0.069640,4,DESCRIPTIVE
rollout:heldout:L:F-5-macro:15:position_mse,heldout,n1,,L:F-5-macro:15:position_mse,rollout_error,0.002850,0.001623,0.004521,4,DESCRIPTIVE
rollout:heldout:L:F-5-macro:30:engine_position_mse,heldout,n1,,L:F-5-macro:30:engine_position_mse,rollout_error,0.039942,0.011017,0.069013,4,DESCRIPTIVE
rollout:heldout:L:F-5-macro:30:position_mse,heldout,n1,,L:F-5-macro:30:position_mse,rollout_error,0.004006,0.002022,0.006790,4,DESCRIPTIVE
rollout:heldout:L:F-5-macro:60:engine_position_mse,heldout,n1,,L:F-5-macro:60:engine_position_mse,rollout_error,0.039022,0.011434,0.066832,4,DESCRIPTIVE
rollout:heldout:L:F-5-macro:60:position_mse,heldout,n1,,L:F-5-macro:60:position_mse,rollout_error,0.004972,0.003577,0.007111,4,DESCRIPTIVE
rollout:heldout:L:F-5-macro:150:engine_position_mse,heldout,n1,,L:F-5-macro:150:engine_position_mse,rollout_error,0.040631,0.017081,0.065615,4,DESCRIPTIVE
rollout:heldout:L:F-5-macro:150:position_mse,heldout,n1,,L:F-5-macro:150:position_mse,rollout_error,0.010283,0.008740,0.012644,4,DESCRIPTIVE
rollout:heldout:L:F-5-macro:225:engine_position_mse,heldout,n1,,L:F-5-macro:225:engine_position_mse,rollout_error,0.044634,0.023610,0.068930,4,DESCRIPTIVE
rollout:heldout:L:F-5-macro:225:position_mse,heldout,n1,,L:F-5-macro:225:position_mse,rollout_error,0.013244,0.010465,0.014995,4,DESCRIPTIVE
rollout:heldout:L:F-15-continuous:15:engine_position_mse,heldout,n1,,L:F-15-continuous:15:engine_position_mse,rollout_error,0.041980,0.011478,0.074786,4,DESCRIPTIVE
rollout:heldout:L:F-15-continuous:15:position_mse,heldout,n1,,L:F-15-continuous:15:position_mse,rollout_error,0.001219,0.000740,0.001697,4,DESCRIPTIVE
rollout:heldout:L:F-15-continuous:30:engine_position_mse,heldout,n1,,L:F-15-continuous:30:engine_position_mse,rollout_error,0.040859,0.010205,0.071711,4,DESCRIPTIVE
rollout:heldout:L:F-15-continuous:30:position_mse,heldout,n1,,L:F-15-continuous:30:position_mse,rollout_error,0.002993,0.001285,0.005614,4,DESCRIPTIVE
rollout:heldout:L:F-15-continuous:60:engine_position_mse,heldout,n1,,L:F-15-continuous:60:engine_position_mse,rollout_error,0.039208,0.009299,0.069118,4,DESCRIPTIVE
rollout:heldout:L:F-15-continuous:60:position_mse,heldout,n1,,L:F-15-continuous:60:position_mse,rollout_error,0.003908,0.001800,0.006638,4,DESCRIPTIVE
rollout:heldout:L:F-15-continuous:150:engine_position_mse,heldout,n1,,L:F-15-continuous:150:engine_position_mse,rollout_error,0.039860,0.011488,0.068232,4,DESCRIPTIVE
rollout:heldout:L:F-15-continuous:150:position_mse,heldout,n1,,L:F-15-continuous:150:position_mse,rollout_error,0.006885,0.003124,0.010646,4,DESCRIPTIVE
rollout:heldout:L:F-15-continuous:225:engine_position_mse,heldout,n1,,L:F-15-continuous:225:engine_position_mse,rollout_error,0.042367,0.015118,0.070341,4,DESCRIPTIVE
rollout:heldout:L:F-15-continuous:225:position_mse,heldout,n1,,L:F-15-continuous:225:position_mse,rollout_error,0.007728,0.004538,0.010925,4,DESCRIPTIVE
rollout:heldout:L:F-15-micro:15:engine_position_mse,heldout,n1,,L:F-15-micro:15:engine_position_mse,rollout_error,0.041778,0.011487,0.074254,4,DESCRIPTIVE
rollout:heldout:L:F-15-micro:15:position_mse,heldout,n1,,L:F-15-micro:15:position_mse,rollout_error,0.001147,0.000768,0.001543,4,DESCRIPTIVE
rollout:heldout:L:F-15-micro:30:engine_position_mse,heldout,n1,,L:F-15-micro:30:engine_position_mse,rollout_error,0.040677,0.010338,0.071193,4,DESCRIPTIVE
rollout:heldout:L:F-15-micro:30:position_mse,heldout,n1,,L:F-15-micro:30:position_mse,rollout_error,0.002835,0.001252,0.005364,4,DESCRIPTIVE
rollout:heldout:L:F-15-micro:60:engine_position_mse,heldout,n1,,L:F-15-micro:60:engine_position_mse,rollout_error,0.039236,0.009266,0.069205,4,DESCRIPTIVE
rollout:heldout:L:F-15-micro:60:position_mse,heldout,n1,,L:F-15-micro:60:position_mse,rollout_error,0.003880,0.001786,0.006710,4,DESCRIPTIVE
rollout:heldout:L:F-15-micro:150:engine_position_mse,heldout,n1,,L:F-15-micro:150:engine_position_mse,rollout_error,0.040077,0.011467,0.068686,4,DESCRIPTIVE
rollout:heldout:L:F-15-micro:150:position_mse,heldout,n1,,L:F-15-micro:150:position_mse,rollout_error,0.006738,0.002880,0.010651,4,DESCRIPTIVE
rollout:heldout:L:F-15-micro:225:engine_position_mse,heldout,n1,,L:F-15-micro:225:engine_position_mse,rollout_error,0.042602,0.014975,0.070229,4,DESCRIPTIVE
rollout:heldout:L:F-15-micro:225:position_mse,heldout,n1,,L:F-15-micro:225:position_mse,rollout_error,0.007444,0.004075,0.010925,4,DESCRIPTIVE
rollout:heldout:L:F-15-macro:15:engine_position_mse,heldout,n1,,L:F-15-macro:15:engine_position_mse,rollout_error,0.041884,0.012542,0.073401,4,DESCRIPTIVE
rollout:heldout:L:F-15-macro:15:position_mse,heldout,n1,,L:F-15-macro:15:position_mse,rollout_error,0.001686,0.001423,0.001950,4,DESCRIPTIVE
rollout:heldout:L:F-15-macro:30:engine_position_mse,heldout,n1,,L:F-15-macro:30:engine_position_mse,rollout_error,0.040697,0.009813,0.071581,4,DESCRIPTIVE
rollout:heldout:L:F-15-macro:30:position_mse,heldout,n1,,L:F-15-macro:30:position_mse,rollout_error,0.002804,0.001320,0.005230,4,DESCRIPTIVE
rollout:heldout:L:F-15-macro:60:engine_position_mse,heldout,n1,,L:F-15-macro:60:engine_position_mse,rollout_error,0.039297,0.008939,0.069654,4,DESCRIPTIVE
rollout:heldout:L:F-15-macro:60:position_mse,heldout,n1,,L:F-15-macro:60:position_mse,rollout_error,0.003690,0.001644,0.006694,4,DESCRIPTIVE
rollout:heldout:L:F-15-macro:150:engine_position_mse,heldout,n1,,L:F-15-macro:150:engine_position_mse,rollout_error,0.040453,0.010975,0.069931,4,DESCRIPTIVE
rollout:heldout:L:F-15-macro:150:position_mse,heldout,n1,,L:F-15-macro:150:position_mse,rollout_error,0.006918,0.002940,0.011215,4,DESCRIPTIVE
rollout:heldout:L:F-15-macro:225:engine_position_mse,heldout,n1,,L:F-15-macro:225:engine_position_mse,rollout_error,0.043051,0.014545,0.072090,4,DESCRIPTIVE
rollout:heldout:L:F-15-macro:225:position_mse,heldout,n1,,L:F-15-macro:225:position_mse,rollout_error,0.007776,0.004317,0.011638,4,DESCRIPTIVE
rollout:heldout:L:C-F-1:15:engine_position_mse,heldout,n1,,L:C-F-1:15:engine_position_mse,rollout_error,0.046280,0.013074,0.081993,4,DESCRIPTIVE
rollout:heldout:L:C-F-1:15:position_mse,heldout,n1,,L:C-F-1:15:position_mse,rollout_error,0.003761,0.002650,0.004677,4,DESCRIPTIVE
rollout:heldout:L:C-F-1:30:engine_position_mse,heldout,n1,,L:C-F-1:30:engine_position_mse,rollout_error,0.046840,0.013098,0.083389,4,DESCRIPTIVE
rollout:heldout:L:C-F-1:30:position_mse,heldout,n1,,L:C-F-1:30:position_mse,rollout_error,0.004773,0.002886,0.007142,4,DESCRIPTIVE
rollout:heldout:L:C-F-1:60:engine_position_mse,heldout,n1,,L:C-F-1:60:engine_position_mse,rollout_error,0.045592,0.011544,0.082658,4,DESCRIPTIVE
rollout:heldout:L:C-F-1:60:position_mse,heldout,n1,,L:C-F-1:60:position_mse,rollout_error,0.004929,0.002928,0.007149,4,DESCRIPTIVE
rollout:heldout:L:C-F-1:150:engine_position_mse,heldout,n1,,L:C-F-1:150:engine_position_mse,rollout_error,0.045764,0.011822,0.082271,4,DESCRIPTIVE
rollout:heldout:L:C-F-1:150:position_mse,heldout,n1,,L:C-F-1:150:position_mse,rollout_error,0.007579,0.002934,0.012224,4,DESCRIPTIVE
rollout:heldout:L:C-F-1:225:engine_position_mse,heldout,n1,,L:C-F-1:225:engine_position_mse,rollout_error,0.048001,0.014027,0.085110,4,DESCRIPTIVE
rollout:heldout:L:C-F-1:225:position_mse,heldout,n1,,L:C-F-1:225:position_mse,rollout_error,0.007589,0.002927,0.012251,4,DESCRIPTIVE
rollout:heldout:L:C-F-5:15:engine_position_mse,heldout,n1,,L:C-F-5:15:engine_position_mse,rollout_error,0.044564,0.012457,0.078566,4,DESCRIPTIVE
rollout:heldout:L:C-F-5:15:position_mse,heldout,n1,,L:C-F-5:15:position_mse,rollout_error,0.002607,0.001808,0.003396,4,DESCRIPTIVE
rollout:heldout:L:C-F-5:30:engine_position_mse,heldout,n1,,L:C-F-5:30:engine_position_mse,rollout_error,0.045775,0.013108,0.080675,4,DESCRIPTIVE
rollout:heldout:L:C-F-5:30:position_mse,heldout,n1,,L:C-F-5:30:position_mse,rollout_error,0.004132,0.002421,0.006410,4,DESCRIPTIVE
rollout:heldout:L:C-F-5:60:engine_position_mse,heldout,n1,,L:C-F-5:60:engine_position_mse,rollout_error,0.044858,0.011428,0.080751,4,DESCRIPTIVE
rollout:heldout:L:C-F-5:60:position_mse,heldout,n1,,L:C-F-5:60:position_mse,rollout_error,0.004426,0.002551,0.006899,4,DESCRIPTIVE
rollout:heldout:L:C-F-5:150:engine_position_mse,heldout,n1,,L:C-F-5:150:engine_position_mse,rollout_error,0.045773,0.011750,0.082326,4,DESCRIPTIVE
rollout:heldout:L:C-F-5:150:position_mse,heldout,n1,,L:C-F-5:150:position_mse,rollout_error,0.007268,0.002794,0.011741,4,DESCRIPTIVE
rollout:heldout:L:C-F-5:225:engine_position_mse,heldout,n1,,L:C-F-5:225:engine_position_mse,rollout_error,0.048080,0.013915,0.085428,4,DESCRIPTIVE
rollout:heldout:L:C-F-5:225:position_mse,heldout,n1,,L:C-F-5:225:position_mse,rollout_error,0.007389,0.002806,0.011972,4,DESCRIPTIVE
rollout:heldout:L:C-F-15:15:engine_position_mse,heldout,n1,,L:C-F-15:15:engine_position_mse,rollout_error,0.043135,0.009682,0.077247,4,DESCRIPTIVE
rollout:heldout:L:C-F-15:15:position_mse,heldout,n1,,L:C-F-15:15:position_mse,rollout_error,0.000619,0.000376,0.000872,4,DESCRIPTIVE
rollout:heldout:L:C-F-15:30:engine_position_mse,heldout,n1,,L:C-F-15:30:engine_position_mse,rollout_error,0.043372,0.010964,0.077090,4,DESCRIPTIVE
rollout:heldout:L:C-F-15:30:position_mse,heldout,n1,,L:C-F-15:30:position_mse,rollout_error,0.002503,0.001125,0.004402,4,DESCRIPTIVE
rollout:heldout:L:C-F-15:60:engine_position_mse,heldout,n1,,L:C-F-15:60:engine_position_mse,rollout_error,0.043291,0.010922,0.077407,4,DESCRIPTIVE
rollout:heldout:L:C-F-15:60:position_mse,heldout,n1,,L:C-F-15:60:position_mse,rollout_error,0.003446,0.001862,0.005533,4,DESCRIPTIVE
rollout:heldout:L:C-F-15:150:engine_position_mse,heldout,n1,,L:C-F-15:150:engine_position_mse,rollout_error,0.044479,0.011416,0.079185,4,DESCRIPTIVE
rollout:heldout:L:C-F-15:150:position_mse,heldout,n1,,L:C-F-15:150:position_mse,rollout_error,0.006616,0.002500,0.010840,4,DESCRIPTIVE
rollout:heldout:L:C-F-15:225:engine_position_mse,heldout,n1,,L:C-F-15:225:engine_position_mse,rollout_error,0.046843,0.013566,0.082666,4,DESCRIPTIVE
rollout:heldout:L:C-F-15:225:position_mse,heldout,n1,,L:C-F-15:225:position_mse,rollout_error,0.006787,0.002556,0.011041,4,DESCRIPTIVE
rollout:heldout:C:F-1-continuous:15:engine_position_mse,heldout,n1,,C:F-1-continuous:15:engine_position_mse,rollout_error,0.121278,0.077963,0.170725,4,DESCRIPTIVE
rollout:heldout:C:F-1-continuous:15:position_mse,heldout,n1,,C:F-1-continuous:15:position_mse,rollout_error,0.076188,0.068398,0.083977,4,DESCRIPTIVE
rollout:heldout:C:F-1-continuous:30:engine_position_mse,heldout,n1,,C:F-1-continuous:30:engine_position_mse,rollout_error,0.417633,0.337519,0.506995,4,DESCRIPTIVE
rollout:heldout:C:F-1-continuous:30:position_mse,heldout,n1,,C:F-1-continuous:30:position_mse,rollout_error,0.368477,0.311465,0.425490,4,DESCRIPTIVE
rollout:heldout:C:F-1-continuous:60:engine_position_mse,heldout,n1,,C:F-1-continuous:60:engine_position_mse,rollout_error,2.583317,2.209139,2.957494,4,DESCRIPTIVE
rollout:heldout:C:F-1-continuous:60:position_mse,heldout,n1,,C:F-1-continuous:60:position_mse,rollout_error,2.557831,2.091528,3.024133,4,DESCRIPTIVE
rollout:heldout:C:F-1-continuous:150:engine_position_mse,heldout,n1,,C:F-1-continuous:150:engine_position_mse,rollout_error,445.645291,422.585593,470.376558,4,DESCRIPTIVE
rollout:heldout:C:F-1-continuous:150:position_mse,heldout,n1,,C:F-1-continuous:150:position_mse,rollout_error,431.100642,406.748045,452.083488,4,DESCRIPTIVE
rollout:heldout:C:F-1-continuous:225:engine_position_mse,heldout,n1,,C:F-1-continuous:225:engine_position_mse,rollout_error,2813.951461,2712.702458,2909.434733,4,DESCRIPTIVE
rollout:heldout:C:F-1-continuous:225:position_mse,heldout,n1,,C:F-1-continuous:225:position_mse,rollout_error,2690.322489,2486.688615,2893.956363,4,DESCRIPTIVE
rollout:heldout:C:F-1-micro:15:engine_position_mse,heldout,n1,,C:F-1-micro:15:engine_position_mse,rollout_error,0.122498,0.076088,0.174295,4,DESCRIPTIVE
rollout:heldout:C:F-1-micro:15:position_mse,heldout,n1,,C:F-1-micro:15:position_mse,rollout_error,0.078908,0.068864,0.088951,4,DESCRIPTIVE
rollout:heldout:C:F-1-micro:30:engine_position_mse,heldout,n1,,C:F-1-micro:30:engine_position_mse,rollout_error,0.407804,0.314141,0.501969,4,DESCRIPTIVE
rollout:heldout:C:F-1-micro:30:position_mse,heldout,n1,,C:F-1-micro:30:position_mse,rollout_error,0.363974,0.297254,0.430695,4,DESCRIPTIVE
rollout:heldout:C:F-1-micro:60:engine_position_mse,heldout,n1,,C:F-1-micro:60:engine_position_mse,rollout_error,2.273315,1.833370,2.713261,4,DESCRIPTIVE
rollout:heldout:C:F-1-micro:60:position_mse,heldout,n1,,C:F-1-micro:60:position_mse,rollout_error,2.254762,1.784186,2.725339,4,DESCRIPTIVE
rollout:heldout:C:F-1-micro:150:engine_position_mse,heldout,n1,,C:F-1-micro:150:engine_position_mse,rollout_error,264.710463,228.768893,306.641684,4,DESCRIPTIVE
rollout:heldout:C:F-1-micro:150:position_mse,heldout,n1,,C:F-1-micro:150:position_mse,rollout_error,259.633546,250.508426,274.494692,4,DESCRIPTIVE
rollout:heldout:C:F-1-micro:225:engine_position_mse,heldout,n1,,C:F-1-micro:225:engine_position_mse,rollout_error,2194.885905,2029.932955,2358.327278,4,DESCRIPTIVE
rollout:heldout:C:F-1-micro:225:position_mse,heldout,n1,,C:F-1-micro:225:position_mse,rollout_error,2112.697692,2003.653141,2215.969888,4,DESCRIPTIVE
rollout:heldout:C:F-1-macro:15:engine_position_mse,heldout,n1,,C:F-1-macro:15:engine_position_mse,rollout_error,0.121815,0.079963,0.169222,4,DESCRIPTIVE
rollout:heldout:C:F-1-macro:15:position_mse,heldout,n1,,C:F-1-macro:15:position_mse,rollout_error,0.078999,0.069498,0.088499,4,DESCRIPTIVE
rollout:heldout:C:F-1-macro:30:engine_position_mse,heldout,n1,,C:F-1-macro:30:engine_position_mse,rollout_error,0.411517,0.337210,0.491338,4,DESCRIPTIVE
rollout:heldout:C:F-1-macro:30:position_mse,heldout,n1,,C:F-1-macro:30:position_mse,rollout_error,0.362981,0.305654,0.420308,4,DESCRIPTIVE
rollout:heldout:C:F-1-macro:60:engine_position_mse,heldout,n1,,C:F-1-macro:60:engine_position_mse,rollout_error,2.355778,2.026086,2.685470,4,DESCRIPTIVE
rollout:heldout:C:F-1-macro:60:position_mse,heldout,n1,,C:F-1-macro:60:position_mse,rollout_error,2.293733,1.870851,2.716616,4,DESCRIPTIVE
rollout:heldout:C:F-1-macro:150:engine_position_mse,heldout,n1,,C:F-1-macro:150:engine_position_mse,rollout_error,290.708137,270.991049,315.127232,4,DESCRIPTIVE
rollout:heldout:C:F-1-macro:150:position_mse,heldout,n1,,C:F-1-macro:150:position_mse,rollout_error,285.049503,270.685753,297.302057,4,DESCRIPTIVE
rollout:heldout:C:F-1-macro:225:engine_position_mse,heldout,n1,,C:F-1-macro:225:engine_position_mse,rollout_error,2308.161178,2204.948912,2411.373443,4,DESCRIPTIVE
rollout:heldout:C:F-1-macro:225:position_mse,heldout,n1,,C:F-1-macro:225:position_mse,rollout_error,2219.788122,2060.802243,2378.774001,4,DESCRIPTIVE
rollout:heldout:C:F-5-continuous:15:engine_position_mse,heldout,n1,,C:F-5-continuous:15:engine_position_mse,rollout_error,0.051159,0.012756,0.093662,4,DESCRIPTIVE
rollout:heldout:C:F-5-continuous:15:position_mse,heldout,n1,,C:F-5-continuous:15:position_mse,rollout_error,0.004172,0.003648,0.004806,4,DESCRIPTIVE
rollout:heldout:C:F-5-continuous:30:engine_position_mse,heldout,n1,,C:F-5-continuous:30:engine_position_mse,rollout_error,0.059648,0.020190,0.103099,4,DESCRIPTIVE
rollout:heldout:C:F-5-continuous:30:position_mse,heldout,n1,,C:F-5-continuous:30:position_mse,rollout_error,0.014290,0.011759,0.016821,4,DESCRIPTIVE
rollout:heldout:C:F-5-continuous:60:engine_position_mse,heldout,n1,,C:F-5-continuous:60:engine_position_mse,rollout_error,0.091264,0.049726,0.137799,4,DESCRIPTIVE
rollout:heldout:C:F-5-continuous:60:position_mse,heldout,n1,,C:F-5-continuous:60:position_mse,rollout_error,0.049762,0.043862,0.055662,4,DESCRIPTIVE
rollout:heldout:C:F-5-continuous:150:engine_position_mse,heldout,n1,,C:F-5-continuous:150:engine_position_mse,rollout_error,0.390451,0.313507,0.475385,4,DESCRIPTIVE
rollout:heldout:C:F-5-continuous:150:position_mse,heldout,n1,,C:F-5-continuous:150:position_mse,rollout_error,0.371575,0.311735,0.431416,4,DESCRIPTIVE
rollout:heldout:C:F-5-continuous:225:engine_position_mse,heldout,n1,,C:F-5-continuous:225:engine_position_mse,rollout_error,1.063693,0.884111,1.243274,4,DESCRIPTIVE
rollout:heldout:C:F-5-continuous:225:position_mse,heldout,n1,,C:F-5-continuous:225:position_mse,rollout_error,1.071028,0.875269,1.266787,4,DESCRIPTIVE
rollout:heldout:C:F-5-micro:15:engine_position_mse,heldout,n1,,C:F-5-micro:15:engine_position_mse,rollout_error,0.051103,0.012619,0.094486,4,DESCRIPTIVE
rollout:heldout:C:F-5-micro:15:position_mse,heldout,n1,,C:F-5-micro:15:position_mse,rollout_error,0.004538,0.003944,0.005341,4,DESCRIPTIVE
rollout:heldout:C:F-5-micro:30:engine_position_mse,heldout,n1,,C:F-5-micro:30:engine_position_mse,rollout_error,0.059614,0.019892,0.103899,4,DESCRIPTIVE
rollout:heldout:C:F-5-micro:30:position_mse,heldout,n1,,C:F-5-micro:30:position_mse,rollout_error,0.015030,0.012235,0.017824,4,DESCRIPTIVE
rollout:heldout:C:F-5-micro:60:engine_position_mse,heldout,n1,,C:F-5-micro:60:engine_position_mse,rollout_error,0.092133,0.049040,0.140105,4,DESCRIPTIVE
rollout:heldout:C:F-5-micro:60:position_mse,heldout,n1,,C:F-5-micro:60:position_mse,rollout_error,0.051765,0.044613,0.058917,4,DESCRIPTIVE
rollout:heldout:C:F-5-micro:150:engine_position_mse,heldout,n1,,C:F-5-micro:150:engine_position_mse,rollout_error,0.382052,0.293670,0.471105,4,DESCRIPTIVE
rollout:heldout:C:F-5-micro:150:position_mse,heldout,n1,,C:F-5-micro:150:position_mse,rollout_error,0.367112,0.297628,0.436596,4,DESCRIPTIVE
rollout:heldout:C:F-5-micro:225:engine_position_mse,heldout,n1,,C:F-5-micro:225:engine_position_mse,rollout_error,0.993383,0.784614,1.202152,4,DESCRIPTIVE
rollout:heldout:C:F-5-micro:225:position_mse,heldout,n1,,C:F-5-micro:225:position_mse,rollout_error,1.008849,0.797106,1.220592,4,DESCRIPTIVE
rollout:heldout:C:F-5-macro:15:engine_position_mse,heldout,n1,,C:F-5-macro:15:engine_position_mse,rollout_error,0.049719,0.012842,0.091084,4,DESCRIPTIVE
rollout:heldout:C:F-5-macro:15:position_mse,heldout,n1,,C:F-5-macro:15:position_mse,rollout_error,0.004267,0.003724,0.005013,4,DESCRIPTIVE
rollout:heldout:C:F-5-macro:30:engine_position_mse,heldout,n1,,C:F-5-macro:30:engine_position_mse,rollout_error,0.057295,0.019644,0.099062,4,DESCRIPTIVE
rollout:heldout:C:F-5-macro:30:position_mse,heldout,n1,,C:F-5-macro:30:position_mse,rollout_error,0.014209,0.011548,0.016869,4,DESCRIPTIVE
rollout:heldout:C:F-5-macro:60:engine_position_mse,heldout,n1,,C:F-5-macro:60:engine_position_mse,rollout_error,0.090685,0.050611,0.135494,4,DESCRIPTIVE
rollout:heldout:C:F-5-macro:60:position_mse,heldout,n1,,C:F-5-macro:60:position_mse,rollout_error,0.051397,0.044409,0.058385,4,DESCRIPTIVE
rollout:heldout:C:F-5-macro:150:engine_position_mse,heldout,n1,,C:F-5-macro:150:engine_position_mse,rollout_error,0.384803,0.313566,0.461649,4,DESCRIPTIVE
rollout:heldout:C:F-5-macro:150:position_mse,heldout,n1,,C:F-5-macro:150:position_mse,rollout_error,0.364603,0.305116,0.424090,4,DESCRIPTIVE
rollout:heldout:C:F-5-macro:225:engine_position_mse,heldout,n1,,C:F-5-macro:225:engine_position_mse,rollout_error,1.008180,0.850804,1.165557,4,DESCRIPTIVE
rollout:heldout:C:F-5-macro:225:position_mse,heldout,n1,,C:F-5-macro:225:position_mse,rollout_error,1.005699,0.824603,1.186796,4,DESCRIPTIVE
rollout:heldout:C:F-15-continuous:15:engine_position_mse,heldout,n1,,C:F-15-continuous:15:engine_position_mse,rollout_error,0.048468,0.011244,0.090493,4,DESCRIPTIVE
rollout:heldout:C:F-15-continuous:15:position_mse,heldout,n1,,C:F-15-continuous:15:position_mse,rollout_error,0.001313,0.001089,0.001472,4,DESCRIPTIVE
rollout:heldout:C:F-15-continuous:30:engine_position_mse,heldout,n1,,C:F-15-continuous:30:engine_position_mse,rollout_error,0.049438,0.011548,0.091807,4,DESCRIPTIVE
rollout:heldout:C:F-15-continuous:30:position_mse,heldout,n1,,C:F-15-continuous:30:position_mse,rollout_error,0.003163,0.002216,0.004590,4,DESCRIPTIVE
rollout:heldout:C:F-15-continuous:60:engine_position_mse,heldout,n1,,C:F-15-continuous:60:engine_position_mse,rollout_error,0.051337,0.012576,0.094312,4,DESCRIPTIVE
rollout:heldout:C:F-15-continuous:60:position_mse,heldout,n1,,C:F-15-continuous:60:position_mse,rollout_error,0.007507,0.005813,0.009200,4,DESCRIPTIVE
rollout:heldout:C:F-15-continuous:150:engine_position_mse,heldout,n1,,C:F-15-continuous:150:engine_position_mse,rollout_error,0.071906,0.032847,0.115129,4,DESCRIPTIVE
rollout:heldout:C:F-15-continuous:150:position_mse,heldout,n1,,C:F-15-continuous:150:position_mse,rollout_error,0.038483,0.030845,0.046121,4,DESCRIPTIVE
rollout:heldout:C:F-15-continuous:225:engine_position_mse,heldout,n1,,C:F-15-continuous:225:engine_position_mse,rollout_error,0.110013,0.069715,0.156429,4,DESCRIPTIVE
rollout:heldout:C:F-15-continuous:225:position_mse,heldout,n1,,C:F-15-continuous:225:position_mse,rollout_error,0.080686,0.068686,0.092685,4,DESCRIPTIVE
rollout:heldout:C:F-15-micro:15:engine_position_mse,heldout,n1,,C:F-15-micro:15:engine_position_mse,rollout_error,0.048705,0.011358,0.091617,4,DESCRIPTIVE
rollout:heldout:C:F-15-micro:15:position_mse,heldout,n1,,C:F-15-micro:15:position_mse,rollout_error,0.001652,0.001348,0.001923,4,DESCRIPTIVE
rollout:heldout:C:F-15-micro:30:engine_position_mse,heldout,n1,,C:F-15-micro:30:engine_position_mse,rollout_error,0.049481,0.011521,0.092762,4,DESCRIPTIVE
rollout:heldout:C:F-15-micro:30:position_mse,heldout,n1,,C:F-15-micro:30:position_mse,rollout_error,0.003506,0.002508,0.004847,4,DESCRIPTIVE
rollout:heldout:C:F-15-micro:60:engine_position_mse,heldout,n1,,C:F-15-micro:60:engine_position_mse,rollout_error,0.051293,0.012502,0.095140,4,DESCRIPTIVE
rollout:heldout:C:F-15-micro:60:position_mse,heldout,n1,,C:F-15-micro:60:position_mse,rollout_error,0.008022,0.006216,0.009827,4,DESCRIPTIVE
rollout:heldout:C:F-15-micro:150:engine_position_mse,heldout,n1,,C:F-15-micro:150:engine_position_mse,rollout_error,0.072896,0.033402,0.116958,4,DESCRIPTIVE
rollout:heldout:C:F-15-micro:150:position_mse,heldout,n1,,C:F-15-micro:150:position_mse,rollout_error,0.040268,0.031841,0.048696,4,DESCRIPTIVE
rollout:heldout:C:F-15-micro:225:engine_position_mse,heldout,n1,,C:F-15-micro:225:engine_position_mse,rollout_error,0.111491,0.069595,0.159458,4,DESCRIPTIVE
rollout:heldout:C:F-15-micro:225:position_mse,heldout,n1,,C:F-15-micro:225:position_mse,rollout_error,0.083775,0.069697,0.097854,4,DESCRIPTIVE
rollout:heldout:C:F-15-macro:15:engine_position_mse,heldout,n1,,C:F-15-macro:15:engine_position_mse,rollout_error,0.048695,0.012600,0.089973,4,DESCRIPTIVE
rollout:heldout:C:F-15-macro:15:position_mse,heldout,n1,,C:F-15-macro:15:position_mse,rollout_error,0.002281,0.002040,0.002619,4,DESCRIPTIVE
rollout:heldout:C:F-15-macro:30:engine_position_mse,heldout,n1,,C:F-15-macro:30:engine_position_mse,rollout_error,0.048568,0.012057,0.090022,4,DESCRIPTIVE
rollout:heldout:C:F-15-macro:30:position_mse,heldout,n1,,C:F-15-macro:30:position_mse,rollout_error,0.003519,0.002536,0.004806,4,DESCRIPTIVE
rollout:heldout:C:F-15-macro:60:engine_position_mse,heldout,n1,,C:F-15-macro:60:engine_position_mse,rollout_error,0.049285,0.012173,0.091129,4,DESCRIPTIVE
rollout:heldout:C:F-15-macro:60:position_mse,heldout,n1,,C:F-15-macro:60:position_mse,rollout_error,0.007364,0.005660,0.009068,4,DESCRIPTIVE
rollout:heldout:C:F-15-macro:150:engine_position_mse,heldout,n1,,C:F-15-macro:150:engine_position_mse,rollout_error,0.071990,0.033989,0.114532,4,DESCRIPTIVE
rollout:heldout:C:F-15-macro:150:position_mse,heldout,n1,,C:F-15-macro:150:position_mse,rollout_error,0.039693,0.031281,0.048105,4,DESCRIPTIVE
rollout:heldout:C:F-15-macro:225:engine_position_mse,heldout,n1,,C:F-15-macro:225:engine_position_mse,rollout_error,0.112350,0.072778,0.158027,4,DESCRIPTIVE
rollout:heldout:C:F-15-macro:225:position_mse,heldout,n1,,C:F-15-macro:225:position_mse,rollout_error,0.083987,0.070023,0.097950,4,DESCRIPTIVE
rollout:heldout:C:C-F-1:15:engine_position_mse,heldout,n1,,C:C-F-1:15:engine_position_mse,rollout_error,0.146185,0.125198,0.166979,4,DESCRIPTIVE
rollout:heldout:C:C-F-1:15:position_mse,heldout,n1,,C:C-F-1:15:position_mse,rollout_error,0.115055,0.089184,0.140926,4,DESCRIPTIVE
rollout:heldout:C:C-F-1:30:engine_position_mse,heldout,n1,,C:C-F-1:30:engine_position_mse,rollout_error,5.864829,2.697276,9.032381,4,DESCRIPTIVE
rollout:heldout:C:C-F-1:30:position_mse,heldout,n1,,C:C-F-1:30:position_mse,rollout_error,5.402614,3.075407,7.729821,4,DESCRIPTIVE
rollout:heldout:C:C-F-1:60:engine_position_mse,heldout,n1,,C:C-F-1:60:engine_position_mse,rollout_error,184.758700,178.568677,190.948723,4,DESCRIPTIVE
rollout:heldout:C:C-F-1:60:position_mse,heldout,n1,,C:C-F-1:60:position_mse,rollout_error,187.607509,172.260783,203.271755,4,DESCRIPTIVE
rollout:heldout:C:C-F-1:150:engine_position_mse,heldout,n1,,C:C-F-1:150:engine_position_mse,rollout_error,4131.954931,3984.939725,4278.970137,4,DESCRIPTIVE
rollout:heldout:C:C-F-1:150:position_mse,heldout,n1,,C:C-F-1:150:position_mse,rollout_error,4270.407890,3787.549817,4753.265963,4,DESCRIPTIVE
rollout:heldout:C:C-F-1:225:engine_position_mse,heldout,n1,,C:C-F-1:225:engine_position_mse,rollout_error,11617.250751,11176.941168,12057.560334,4,DESCRIPTIVE
rollout:heldout:C:C-F-1:225:position_mse,heldout,n1,,C:C-F-1:225:position_mse,rollout_error,12000.753975,10647.693372,13353.814578,4,DESCRIPTIVE
rollout:heldout:C:C-F-5:15:engine_position_mse,heldout,n1,,C:C-F-5:15:engine_position_mse,rollout_error,0.048818,0.014293,0.083343,4,DESCRIPTIVE
rollout:heldout:C:C-F-5:15:position_mse,heldout,n1,,C:C-F-5:15:position_mse,rollout_error,0.004043,0.002854,0.005232,4,DESCRIPTIVE
rollout:heldout:C:C-F-5:30:engine_position_mse,heldout,n1,,C:C-F-5:30:engine_position_mse,rollout_error,0.051930,0.021297,0.082563,4,DESCRIPTIVE
rollout:heldout:C:C-F-5:30:position_mse,heldout,n1,,C:C-F-5:30:position_mse,rollout_error,0.014034,0.012313,0.015486,4,DESCRIPTIVE
rollout:heldout:C:C-F-5:60:engine_position_mse,heldout,n1,,C:C-F-5:60:engine_position_mse,rollout_error,0.088456,0.070264,0.111046,4,DESCRIPTIVE
rollout:heldout:C:C-F-5:60:position_mse,heldout,n1,,C:C-F-5:60:position_mse,rollout_error,0.060844,0.053388,0.069213,4,DESCRIPTIVE
rollout:heldout:C:C-F-5:150:engine_position_mse,heldout,n1,,C:C-F-5:150:engine_position_mse,rollout_error,5.585754,2.523860,8.647648,4,DESCRIPTIVE
rollout:heldout:C:C-F-5:150:position_mse,heldout,n1,,C:C-F-5:150:position_mse,rollout_error,5.163570,2.902393,7.424748,4,DESCRIPTIVE
rollout:heldout:C:C-F-5:225:engine_position_mse,heldout,n1,,C:C-F-5:225:engine_position_mse,rollout_error,51.657160,42.321258,60.993061,4,DESCRIPTIVE
rollout:heldout:C:C-F-5:225:position_mse,heldout,n1,,C:C-F-5:225:position_mse,rollout_error,50.941944,46.285859,54.631184,4,DESCRIPTIVE
rollout:heldout:C:C-F-15:15:engine_position_mse,heldout,n1,,C:C-F-15:15:engine_position_mse,rollout_error,0.050086,0.013105,0.087066,4,DESCRIPTIVE
rollout:heldout:C:C-F-15:15:position_mse,heldout,n1,,C:C-F-15:15:position_mse,rollout_error,0.001724,0.000837,0.002610,4,DESCRIPTIVE
rollout:heldout:C:C-F-15:30:engine_position_mse,heldout,n1,,C:C-F-15:30:engine_position_mse,rollout_error,0.049017,0.013321,0.084714,4,DESCRIPTIVE
rollout:heldout:C:C-F-15:30:position_mse,heldout,n1,,C:C-F-15:30:position_mse,rollout_error,0.003287,0.001856,0.004463,4,DESCRIPTIVE
rollout:heldout:C:C-F-15:60:engine_position_mse,heldout,n1,,C:C-F-15:60:engine_position_mse,rollout_error,0.047392,0.014540,0.080243,4,DESCRIPTIVE
rollout:heldout:C:C-F-15:60:position_mse,heldout,n1,,C:C-F-15:60:position_mse,rollout_error,0.007155,0.005609,0.008402,4,DESCRIPTIVE
rollout:heldout:C:C-F-15:150:engine_position_mse,heldout,n1,,C:C-F-15:150:engine_position_mse,rollout_error,0.069510,0.045600,0.093420,4,DESCRIPTIVE
rollout:heldout:C:C-F-15:150:position_mse,heldout,n1,,C:C-F-15:150:position_mse,rollout_error,0.040265,0.036787,0.043744,4,DESCRIPTIVE
rollout:heldout:C:C-F-15:225:engine_position_mse,heldout,n1,,C:C-F-15:225:engine_position_mse,rollout_error,0.139529,0.118991,0.158895,4,DESCRIPTIVE
rollout:heldout:C:C-F-15:225:position_mse,heldout,n1,,C:C-F-15:225:position_mse,rollout_error,0.110827,0.089570,0.132852,4,DESCRIPTIVE
rollout:heldout:LC:F-1-continuous:15:engine_position_mse,heldout,n1,,LC:F-1-continuous:15:engine_position_mse,rollout_error,0.036334,0.018043,0.054625,4,DESCRIPTIVE
rollout:heldout:LC:F-1-continuous:15:position_mse,heldout,n1,,LC:F-1-continuous:15:position_mse,rollout_error,0.011415,0.006406,0.016423,4,DESCRIPTIVE
rollout:heldout:LC:F-1-continuous:30:engine_position_mse,heldout,n1,,LC:F-1-continuous:30:engine_position_mse,rollout_error,0.035400,0.020239,0.050561,4,DESCRIPTIVE
rollout:heldout:LC:F-1-continuous:30:position_mse,heldout,n1,,LC:F-1-continuous:30:position_mse,rollout_error,0.019871,0.008838,0.030903,4,DESCRIPTIVE
rollout:heldout:LC:F-1-continuous:60:engine_position_mse,heldout,n1,,LC:F-1-continuous:60:engine_position_mse,rollout_error,0.037811,0.025618,0.050003,4,DESCRIPTIVE
rollout:heldout:LC:F-1-continuous:60:position_mse,heldout,n1,,LC:F-1-continuous:60:position_mse,rollout_error,0.030532,0.011338,0.049726,4,DESCRIPTIVE
rollout:heldout:LC:F-1-continuous:150:engine_position_mse,heldout,n1,,LC:F-1-continuous:150:engine_position_mse,rollout_error,0.039642,0.031389,0.048110,4,DESCRIPTIVE
rollout:heldout:LC:F-1-continuous:150:position_mse,heldout,n1,,LC:F-1-continuous:150:position_mse,rollout_error,0.036382,0.013363,0.059401,4,DESCRIPTIVE
rollout:heldout:LC:F-1-continuous:225:engine_position_mse,heldout,n1,,LC:F-1-continuous:225:engine_position_mse,rollout_error,0.043222,0.035934,0.051660,4,DESCRIPTIVE
rollout:heldout:LC:F-1-continuous:225:position_mse,heldout,n1,,LC:F-1-continuous:225:position_mse,rollout_error,0.039722,0.013851,0.065594,4,DESCRIPTIVE
rollout:heldout:LC:F-1-micro:15:engine_position_mse,heldout,n1,,LC:F-1-micro:15:engine_position_mse,rollout_error,0.033908,0.017228,0.050588,4,DESCRIPTIVE
rollout:heldout:LC:F-1-micro:15:position_mse,heldout,n1,,LC:F-1-micro:15:position_mse,rollout_error,0.011817,0.006608,0.017026,4,DESCRIPTIVE
rollout:heldout:LC:F-1-micro:30:engine_position_mse,heldout,n1,,LC:F-1-micro:30:engine_position_mse,rollout_error,0.034530,0.021970,0.047090,4,DESCRIPTIVE
rollout:heldout:LC:F-1-micro:30:position_mse,heldout,n1,,LC:F-1-micro:30:position_mse,rollout_error,0.022388,0.010234,0.034542,4,DESCRIPTIVE
rollout:heldout:LC:F-1-micro:60:engine_position_mse,heldout,n1,,LC:F-1-micro:60:engine_position_mse,rollout_error,0.031264,0.023851,0.038677,4,DESCRIPTIVE
rollout:heldout:LC:F-1-micro:60:position_mse,heldout,n1,,LC:F-1-micro:60:position_mse,rollout_error,0.030283,0.009083,0.051483,4,DESCRIPTIVE
rollout:heldout:LC:F-1-micro:150:engine_position_mse,heldout,n1,,LC:F-1-micro:150:engine_position_mse,rollout_error,0.033681,0.025903,0.042350,4,DESCRIPTIVE
rollout:heldout:LC:F-1-micro:150:position_mse,heldout,n1,,LC:F-1-micro:150:position_mse,rollout_error,0.038746,0.013708,0.063784,4,DESCRIPTIVE
rollout:heldout:LC:F-1-micro:225:engine_position_mse,heldout,n1,,LC:F-1-micro:225:engine_position_mse,rollout_error,0.034129,0.027665,0.042436,4,DESCRIPTIVE
rollout:heldout:LC:F-1-micro:225:position_mse,heldout,n1,,LC:F-1-micro:225:position_mse,rollout_error,0.037785,0.012442,0.063127,4,DESCRIPTIVE
rollout:heldout:LC:F-1-macro:15:engine_position_mse,heldout,n1,,LC:F-1-macro:15:engine_position_mse,rollout_error,0.038335,0.018564,0.058107,4,DESCRIPTIVE
rollout:heldout:LC:F-1-macro:15:position_mse,heldout,n1,,LC:F-1-macro:15:position_mse,rollout_error,0.014052,0.008292,0.019811,4,DESCRIPTIVE
rollout:heldout:LC:F-1-macro:30:engine_position_mse,heldout,n1,,LC:F-1-macro:30:engine_position_mse,rollout_error,0.035234,0.019554,0.050914,4,DESCRIPTIVE
rollout:heldout:LC:F-1-macro:30:position_mse,heldout,n1,,LC:F-1-macro:30:position_mse,rollout_error,0.022533,0.010216,0.034849,4,DESCRIPTIVE
rollout:heldout:LC:F-1-macro:60:engine_position_mse,heldout,n1,,LC:F-1-macro:60:engine_position_mse,rollout_error,0.033524,0.020653,0.046395,4,DESCRIPTIVE
rollout:heldout:LC:F-1-macro:60:position_mse,heldout,n1,,LC:F-1-macro:60:position_mse,rollout_error,0.030044,0.010606,0.049481,4,DESCRIPTIVE
rollout:heldout:LC:F-1-macro:150:engine_position_mse,heldout,n1,,LC:F-1-macro:150:engine_position_mse,rollout_error,0.031182,0.021498,0.041569,4,DESCRIPTIVE
rollout:heldout:LC:F-1-macro:150:position_mse,heldout,n1,,LC:F-1-macro:150:position_mse,rollout_error,0.034815,0.012277,0.057354,4,DESCRIPTIVE
rollout:heldout:LC:F-1-macro:225:engine_position_mse,heldout,n1,,LC:F-1-macro:225:engine_position_mse,rollout_error,0.031217,0.022166,0.041668,4,DESCRIPTIVE
rollout:heldout:LC:F-1-macro:225:position_mse,heldout,n1,,LC:F-1-macro:225:position_mse,rollout_error,0.034928,0.011978,0.057877,4,DESCRIPTIVE
rollout:heldout:LC:F-5-continuous:15:engine_position_mse,heldout,n1,,LC:F-5-continuous:15:engine_position_mse,rollout_error,0.043079,0.014322,0.073188,4,DESCRIPTIVE
rollout:heldout:LC:F-5-continuous:15:position_mse,heldout,n1,,LC:F-5-continuous:15:position_mse,rollout_error,0.003438,0.002900,0.004201,4,DESCRIPTIVE
rollout:heldout:LC:F-5-continuous:30:engine_position_mse,heldout,n1,,LC:F-5-continuous:30:engine_position_mse,rollout_error,0.043910,0.015122,0.072698,4,DESCRIPTIVE
rollout:heldout:LC:F-5-continuous:30:position_mse,heldout,n1,,LC:F-5-continuous:30:position_mse,rollout_error,0.005786,0.004464,0.008118,4,DESCRIPTIVE
rollout:heldout:LC:F-5-continuous:60:engine_position_mse,heldout,n1,,LC:F-5-continuous:60:engine_position_mse,rollout_error,0.044294,0.014816,0.073772,4,DESCRIPTIVE
rollout:heldout:LC:F-5-continuous:60:position_mse,heldout,n1,,LC:F-5-continuous:60:position_mse,rollout_error,0.008527,0.006210,0.010389,4,DESCRIPTIVE
rollout:heldout:LC:F-5-continuous:150:engine_position_mse,heldout,n1,,LC:F-5-continuous:150:engine_position_mse,rollout_error,0.051043,0.016713,0.085374,4,DESCRIPTIVE
rollout:heldout:LC:F-5-continuous:150:position_mse,heldout,n1,,LC:F-5-continuous:150:position_mse,rollout_error,0.018896,0.012207,0.025066,4,DESCRIPTIVE
rollout:heldout:LC:F-5-continuous:225:engine_position_mse,heldout,n1,,LC:F-5-continuous:225:engine_position_mse,rollout_error,0.063240,0.020063,0.106416,4,DESCRIPTIVE
rollout:heldout:LC:F-5-continuous:225:position_mse,heldout,n1,,LC:F-5-continuous:225:position_mse,rollout_error,0.027970,0.016277,0.037512,4,DESCRIPTIVE
rollout:heldout:LC:F-5-micro:15:engine_position_mse,heldout,n1,,LC:F-5-micro:15:engine_position_mse,rollout_error,0.043465,0.014244,0.073201,4,DESCRIPTIVE
rollout:heldout:LC:F-5-micro:15:position_mse,heldout,n1,,LC:F-5-micro:15:position_mse,rollout_error,0.003665,0.003092,0.004678,4,DESCRIPTIVE
rollout:heldout:LC:F-5-micro:30:engine_position_mse,heldout,n1,,LC:F-5-micro:30:engine_position_mse,rollout_error,0.044038,0.015321,0.072755,4,DESCRIPTIVE
rollout:heldout:LC:F-5-micro:30:position_mse,heldout,n1,,LC:F-5-micro:30:position_mse,rollout_error,0.006059,0.004628,0.008622,4,DESCRIPTIVE
rollout:heldout:LC:F-5-micro:60:engine_position_mse,heldout,n1,,LC:F-5-micro:60:engine_position_mse,rollout_error,0.043129,0.013992,0.072266,4,DESCRIPTIVE
rollout:heldout:LC:F-5-micro:60:position_mse,heldout,n1,,LC:F-5-micro:60:position_mse,rollout_error,0.008179,0.006033,0.010230,4,DESCRIPTIVE
rollout:heldout:LC:F-5-micro:150:engine_position_mse,heldout,n1,,LC:F-5-micro:150:engine_position_mse,rollout_error,0.047661,0.016423,0.078899,4,DESCRIPTIVE
rollout:heldout:LC:F-5-micro:150:position_mse,heldout,n1,,LC:F-5-micro:150:position_mse,rollout_error,0.017657,0.011314,0.022787,4,DESCRIPTIVE
rollout:heldout:LC:F-5-micro:225:engine_position_mse,heldout,n1,,LC:F-5-micro:225:engine_position_mse,rollout_error,0.056075,0.019904,0.092246,4,DESCRIPTIVE
rollout:heldout:LC:F-5-micro:225:position_mse,heldout,n1,,LC:F-5-micro:225:position_mse,rollout_error,0.025204,0.014608,0.031390,4,DESCRIPTIVE
rollout:heldout:LC:F-5-macro:15:engine_position_mse,heldout,n1,,LC:F-5-macro:15:engine_position_mse,rollout_error,0.044094,0.013832,0.074581,4,DESCRIPTIVE
rollout:heldout:LC:F-5-macro:15:position_mse,heldout,n1,,LC:F-5-macro:15:position_mse,rollout_error,0.003907,0.003068,0.005072,4,DESCRIPTIVE
rollout:heldout:LC:F-5-macro:30:engine_position_mse,heldout,n1,,LC:F-5-macro:30:engine_position_mse,rollout_error,0.047165,0.015446,0.078884,4,DESCRIPTIVE
rollout:heldout:LC:F-5-macro:30:position_mse,heldout,n1,,LC:F-5-macro:30:position_mse,rollout_error,0.007153,0.004871,0.010505,4,DESCRIPTIVE
rollout:heldout:LC:F-5-macro:60:engine_position_mse,heldout,n1,,LC:F-5-macro:60:engine_position_mse,rollout_error,0.049308,0.015728,0.082888,4,DESCRIPTIVE
rollout:heldout:LC:F-5-macro:60:position_mse,heldout,n1,,LC:F-5-macro:60:position_mse,rollout_error,0.010654,0.006786,0.014231,4,DESCRIPTIVE
rollout:heldout:LC:F-5-macro:150:engine_position_mse,heldout,n1,,LC:F-5-macro:150:engine_position_mse,rollout_error,0.058866,0.016727,0.101005,4,DESCRIPTIVE
rollout:heldout:LC:F-5-macro:150:position_mse,heldout,n1,,LC:F-5-macro:150:position_mse,rollout_error,0.022647,0.014361,0.031538,4,DESCRIPTIVE
rollout:heldout:LC:F-5-macro:225:engine_position_mse,heldout,n1,,LC:F-5-macro:225:engine_position_mse,rollout_error,0.071967,0.018623,0.125310,4,DESCRIPTIVE
rollout:heldout:LC:F-5-macro:225:position_mse,heldout,n1,,LC:F-5-macro:225:position_mse,rollout_error,0.032006,0.018718,0.044678,4,DESCRIPTIVE
rollout:heldout:LC:F-15-continuous:15:engine_position_mse,heldout,n1,,LC:F-15-continuous:15:engine_position_mse,rollout_error,0.045427,0.015215,0.078070,4,DESCRIPTIVE
rollout:heldout:LC:F-15-continuous:15:position_mse,heldout,n1,,LC:F-15-continuous:15:position_mse,rollout_error,0.001426,0.001221,0.001546,4,DESCRIPTIVE
rollout:heldout:LC:F-15-continuous:30:engine_position_mse,heldout,n1,,LC:F-15-continuous:30:engine_position_mse,rollout_error,0.043790,0.014515,0.074630,4,DESCRIPTIVE
rollout:heldout:LC:F-15-continuous:30:position_mse,heldout,n1,,LC:F-15-continuous:30:position_mse,rollout_error,0.003012,0.002240,0.004505,4,DESCRIPTIVE
rollout:heldout:LC:F-15-continuous:60:engine_position_mse,heldout,n1,,LC:F-15-continuous:60:engine_position_mse,rollout_error,0.042415,0.012827,0.072512,4,DESCRIPTIVE
rollout:heldout:LC:F-15-continuous:60:position_mse,heldout,n1,,LC:F-15-continuous:60:position_mse,rollout_error,0.004691,0.003361,0.007169,4,DESCRIPTIVE
rollout:heldout:LC:F-15-continuous:150:engine_position_mse,heldout,n1,,LC:F-15-continuous:150:engine_position_mse,rollout_error,0.044278,0.013060,0.075495,4,DESCRIPTIVE
rollout:heldout:LC:F-15-continuous:150:position_mse,heldout,n1,,LC:F-15-continuous:150:position_mse,rollout_error,0.009836,0.007337,0.014318,4,DESCRIPTIVE
rollout:heldout:LC:F-15-continuous:225:engine_position_mse,heldout,n1,,LC:F-15-continuous:225:engine_position_mse,rollout_error,0.048186,0.016611,0.079762,4,DESCRIPTIVE
rollout:heldout:LC:F-15-continuous:225:position_mse,heldout,n1,,LC:F-15-continuous:225:position_mse,rollout_error,0.012089,0.009208,0.016770,4,DESCRIPTIVE
rollout:heldout:LC:F-15-micro:15:engine_position_mse,heldout,n1,,LC:F-15-micro:15:engine_position_mse,rollout_error,0.045437,0.015114,0.078010,4,DESCRIPTIVE
rollout:heldout:LC:F-15-micro:15:position_mse,heldout,n1,,LC:F-15-micro:15:position_mse,rollout_error,0.001373,0.001216,0.001503,4,DESCRIPTIVE
rollout:heldout:LC:F-15-micro:30:engine_position_mse,heldout,n1,,LC:F-15-micro:30:engine_position_mse,rollout_error,0.043914,0.014340,0.074416,4,DESCRIPTIVE
rollout:heldout:LC:F-15-micro:30:position_mse,heldout,n1,,LC:F-15-micro:30:position_mse,rollout_error,0.003126,0.002206,0.004796,4,DESCRIPTIVE
rollout:heldout:LC:F-15-micro:60:engine_position_mse,heldout,n1,,LC:F-15-micro:60:engine_position_mse,rollout_error,0.043005,0.012922,0.073088,4,DESCRIPTIVE
rollout:heldout:LC:F-15-micro:60:position_mse,heldout,n1,,LC:F-15-micro:60:position_mse,rollout_error,0.005111,0.003763,0.007754,4,DESCRIPTIVE
rollout:heldout:LC:F-15-micro:150:engine_position_mse,heldout,n1,,LC:F-15-micro:150:engine_position_mse,rollout_error,0.043914,0.013146,0.074681,4,DESCRIPTIVE
rollout:heldout:LC:F-15-micro:150:position_mse,heldout,n1,,LC:F-15-micro:150:position_mse,rollout_error,0.009682,0.006924,0.014392,4,DESCRIPTIVE
rollout:heldout:LC:F-15-micro:225:engine_position_mse,heldout,n1,,LC:F-15-micro:225:engine_position_mse,rollout_error,0.047185,0.016612,0.077759,4,DESCRIPTIVE
rollout:heldout:LC:F-15-micro:225:position_mse,heldout,n1,,LC:F-15-micro:225:position_mse,rollout_error,0.011589,0.008821,0.016220,4,DESCRIPTIVE
rollout:heldout:LC:F-15-macro:15:engine_position_mse,heldout,n1,,LC:F-15-macro:15:engine_position_mse,rollout_error,0.045519,0.014717,0.078663,4,DESCRIPTIVE
rollout:heldout:LC:F-15-macro:15:position_mse,heldout,n1,,LC:F-15-macro:15:position_mse,rollout_error,0.001458,0.001283,0.001605,4,DESCRIPTIVE
rollout:heldout:LC:F-15-macro:30:engine_position_mse,heldout,n1,,LC:F-15-macro:30:engine_position_mse,rollout_error,0.044319,0.014046,0.075938,4,DESCRIPTIVE
rollout:heldout:LC:F-15-macro:30:position_mse,heldout,n1,,LC:F-15-macro:30:position_mse,rollout_error,0.003071,0.002110,0.004719,4,DESCRIPTIVE
rollout:heldout:LC:F-15-macro:60:engine_position_mse,heldout,n1,,LC:F-15-macro:60:engine_position_mse,rollout_error,0.044660,0.012786,0.076533,4,DESCRIPTIVE
rollout:heldout:LC:F-15-macro:60:position_mse,heldout,n1,,LC:F-15-macro:60:position_mse,rollout_error,0.005530,0.003917,0.008744,4,DESCRIPTIVE
rollout:heldout:LC:F-15-macro:150:engine_position_mse,heldout,n1,,LC:F-15-macro:150:engine_position_mse,rollout_error,0.049279,0.013848,0.084711,4,DESCRIPTIVE
rollout:heldout:LC:F-15-macro:150:position_mse,heldout,n1,,LC:F-15-macro:150:position_mse,rollout_error,0.011886,0.008561,0.018073,4,DESCRIPTIVE
rollout:heldout:LC:F-15-macro:225:engine_position_mse,heldout,n1,,LC:F-15-macro:225:engine_position_mse,rollout_error,0.054070,0.017035,0.091104,4,DESCRIPTIVE
rollout:heldout:LC:F-15-macro:225:position_mse,heldout,n1,,LC:F-15-macro:225:position_mse,rollout_error,0.014885,0.010349,0.022002,4,DESCRIPTIVE
rollout:heldout:LC:C-F-1:15:engine_position_mse,heldout,n1,,LC:C-F-1:15:engine_position_mse,rollout_error,0.048984,0.024321,0.073647,4,DESCRIPTIVE
rollout:heldout:LC:C-F-1:15:position_mse,heldout,n1,,LC:C-F-1:15:position_mse,rollout_error,0.034120,0.014059,0.054182,4,DESCRIPTIVE
rollout:heldout:LC:C-F-1:30:engine_position_mse,heldout,n1,,LC:C-F-1:30:engine_position_mse,rollout_error,0.052734,0.034021,0.071446,4,DESCRIPTIVE
rollout:heldout:LC:C-F-1:30:position_mse,heldout,n1,,LC:C-F-1:30:position_mse,rollout_error,0.043045,0.015219,0.070870,4,DESCRIPTIVE
rollout:heldout:LC:C-F-1:60:engine_position_mse,heldout,n1,,LC:C-F-1:60:engine_position_mse,rollout_error,0.060413,0.048625,0.077584,4,DESCRIPTIVE
rollout:heldout:LC:C-F-1:60:position_mse,heldout,n1,,LC:C-F-1:60:position_mse,rollout_error,0.049594,0.015630,0.083557,4,DESCRIPTIVE
rollout:heldout:LC:C-F-1:150:engine_position_mse,heldout,n1,,LC:C-F-1:150:engine_position_mse,rollout_error,0.084758,0.065448,0.098316,4,DESCRIPTIVE
rollout:heldout:LC:C-F-1:150:position_mse,heldout,n1,,LC:C-F-1:150:position_mse,rollout_error,0.068425,0.019088,0.117762,4,DESCRIPTIVE
rollout:heldout:LC:C-F-1:225:engine_position_mse,heldout,n1,,LC:C-F-1:225:engine_position_mse,rollout_error,0.101766,0.073904,0.120878,4,DESCRIPTIVE
rollout:heldout:LC:C-F-1:225:position_mse,heldout,n1,,LC:C-F-1:225:position_mse,rollout_error,0.080827,0.019365,0.142290,4,DESCRIPTIVE
rollout:heldout:LC:C-F-5:15:engine_position_mse,heldout,n1,,LC:C-F-5:15:engine_position_mse,rollout_error,0.048529,0.016039,0.081019,4,DESCRIPTIVE
rollout:heldout:LC:C-F-5:15:position_mse,heldout,n1,,LC:C-F-5:15:position_mse,rollout_error,0.011347,0.008594,0.016081,4,DESCRIPTIVE
rollout:heldout:LC:C-F-5:30:engine_position_mse,heldout,n1,,LC:C-F-5:30:engine_position_mse,rollout_error,0.052092,0.020201,0.083983,4,DESCRIPTIVE
rollout:heldout:LC:C-F-5:30:position_mse,heldout,n1,,LC:C-F-5:30:position_mse,rollout_error,0.017372,0.014077,0.020607,4,DESCRIPTIVE
rollout:heldout:LC:C-F-5:60:engine_position_mse,heldout,n1,,LC:C-F-5:60:engine_position_mse,rollout_error,0.052812,0.021320,0.084304,4,DESCRIPTIVE
rollout:heldout:LC:C-F-5:60:position_mse,heldout,n1,,LC:C-F-5:60:position_mse,rollout_error,0.030459,0.018460,0.042458,4,DESCRIPTIVE
rollout:heldout:LC:C-F-5:150:engine_position_mse,heldout,n1,,LC:C-F-5:150:engine_position_mse,rollout_error,0.062561,0.033185,0.091937,4,DESCRIPTIVE
rollout:heldout:LC:C-F-5:150:position_mse,heldout,n1,,LC:C-F-5:150:position_mse,rollout_error,0.057376,0.023079,0.091674,4,DESCRIPTIVE
rollout:heldout:LC:C-F-5:225:engine_position_mse,heldout,n1,,LC:C-F-5:225:engine_position_mse,rollout_error,0.073065,0.043764,0.102731,4,DESCRIPTIVE
rollout:heldout:LC:C-F-5:225:position_mse,heldout,n1,,LC:C-F-5:225:position_mse,rollout_error,0.062016,0.024347,0.099685,4,DESCRIPTIVE
rollout:heldout:LC:C-F-15:15:engine_position_mse,heldout,n1,,LC:C-F-15:15:engine_position_mse,rollout_error,0.044110,0.010913,0.077307,4,DESCRIPTIVE
rollout:heldout:LC:C-F-15:15:position_mse,heldout,n1,,LC:C-F-15:15:position_mse,rollout_error,0.002596,0.001563,0.004253,4,DESCRIPTIVE
rollout:heldout:LC:C-F-15:30:engine_position_mse,heldout,n1,,LC:C-F-15:30:engine_position_mse,rollout_error,0.045971,0.013470,0.078471,4,DESCRIPTIVE
rollout:heldout:LC:C-F-15:30:position_mse,heldout,n1,,LC:C-F-15:30:position_mse,rollout_error,0.008476,0.004944,0.014209,4,DESCRIPTIVE
rollout:heldout:LC:C-F-15:60:engine_position_mse,heldout,n1,,LC:C-F-15:60:engine_position_mse,rollout_error,0.049656,0.016491,0.082821,4,DESCRIPTIVE
rollout:heldout:LC:C-F-15:60:position_mse,heldout,n1,,LC:C-F-15:60:position_mse,rollout_error,0.014634,0.010901,0.020940,4,DESCRIPTIVE
rollout:heldout:LC:C-F-15:150:engine_position_mse,heldout,n1,,LC:C-F-15:150:engine_position_mse,rollout_error,0.052706,0.017579,0.087833,4,DESCRIPTIVE
rollout:heldout:LC:C-F-15:150:position_mse,heldout,n1,,LC:C-F-15:150:position_mse,rollout_error,0.026324,0.020866,0.030479,4,DESCRIPTIVE
rollout:heldout:LC:C-F-15:225:engine_position_mse,heldout,n1,,LC:C-F-15:225:engine_position_mse,rollout_error,0.058461,0.023556,0.093367,4,DESCRIPTIVE
rollout:heldout:LC:C-F-15:225:position_mse,heldout,n1,,LC:C-F-15:225:position_mse,rollout_error,0.038281,0.025010,0.051551,4,DESCRIPTIVE
rollout:heldout:E99:F-1-continuous:15:engine_position_mse,heldout,n1,,E99:F-1-continuous:15:engine_position_mse,rollout_error,0.059323,0.022762,0.095884,4,DESCRIPTIVE
rollout:heldout:E99:F-1-continuous:15:position_mse,heldout,n1,,E99:F-1-continuous:15:position_mse,rollout_error,0.012110,0.010908,0.013211,4,DESCRIPTIVE
rollout:heldout:E99:F-1-continuous:30:engine_position_mse,heldout,n1,,E99:F-1-continuous:30:engine_position_mse,rollout_error,0.120210,0.079698,0.160723,4,DESCRIPTIVE
rollout:heldout:E99:F-1-continuous:30:position_mse,heldout,n1,,E99:F-1-continuous:30:position_mse,rollout_error,0.063440,0.057931,0.067408,4,DESCRIPTIVE
rollout:heldout:E99:F-1-continuous:60:engine_position_mse,heldout,n1,,E99:F-1-continuous:60:engine_position_mse,rollout_error,1.192569,0.942829,1.476812,4,DESCRIPTIVE
rollout:heldout:E99:F-1-continuous:60:position_mse,heldout,n1,,E99:F-1-continuous:60:position_mse,rollout_error,1.057200,0.987787,1.126613,4,DESCRIPTIVE
rollout:heldout:E99:F-1-continuous:150:engine_position_mse,heldout,n1,,E99:F-1-continuous:150:engine_position_mse,rollout_error,758.283619,712.330492,818.903330,4,DESCRIPTIVE
rollout:heldout:E99:F-1-continuous:150:position_mse,heldout,n1,,E99:F-1-continuous:150:position_mse,rollout_error,735.024407,693.979320,774.650550,4,DESCRIPTIVE
rollout:heldout:E99:F-1-continuous:225:engine_position_mse,heldout,n1,,E99:F-1-continuous:225:engine_position_mse,rollout_error,3772.882784,3634.351985,4020.794646,4,DESCRIPTIVE
rollout:heldout:E99:F-1-continuous:225:position_mse,heldout,n1,,E99:F-1-continuous:225:position_mse,rollout_error,3644.074464,3583.426856,3707.764090,4,DESCRIPTIVE
rollout:heldout:E99:F-1-micro:15:engine_position_mse,heldout,n1,,E99:F-1-micro:15:engine_position_mse,rollout_error,0.061575,0.024194,0.098956,4,DESCRIPTIVE
rollout:heldout:E99:F-1-micro:15:position_mse,heldout,n1,,E99:F-1-micro:15:position_mse,rollout_error,0.012950,0.011596,0.014303,4,DESCRIPTIVE
rollout:heldout:E99:F-1-micro:30:engine_position_mse,heldout,n1,,E99:F-1-micro:30:engine_position_mse,rollout_error,0.130762,0.088983,0.172540,4,DESCRIPTIVE
rollout:heldout:E99:F-1-micro:30:position_mse,heldout,n1,,E99:F-1-micro:30:position_mse,rollout_error,0.069133,0.064927,0.073340,4,DESCRIPTIVE
rollout:heldout:E99:F-1-micro:60:engine_position_mse,heldout,n1,,E99:F-1-micro:60:engine_position_mse,rollout_error,1.751639,1.396872,2.106405,4,DESCRIPTIVE
rollout:heldout:E99:F-1-micro:60:position_mse,heldout,n1,,E99:F-1-micro:60:position_mse,rollout_error,1.647227,1.513519,1.780934,4,DESCRIPTIVE
rollout:heldout:E99:F-1-micro:150:engine_position_mse,heldout,n1,,E99:F-1-micro:150:engine_position_mse,rollout_error,869.277489,807.565321,969.877225,4,DESCRIPTIVE
rollout:heldout:E99:F-1-micro:150:position_mse,heldout,n1,,E99:F-1-micro:150:position_mse,rollout_error,856.035807,789.563347,922.508267,4,DESCRIPTIVE
rollout:heldout:E99:F-1-micro:225:engine_position_mse,heldout,n1,,E99:F-1-micro:225:engine_position_mse,rollout_error,3962.269057,3690.704624,4370.961042,4,DESCRIPTIVE
rollout:heldout:E99:F-1-micro:225:position_mse,heldout,n1,,E99:F-1-micro:225:position_mse,rollout_error,3901.631460,3783.686155,4007.900068,4,DESCRIPTIVE
rollout:heldout:E99:F-1-macro:15:engine_position_mse,heldout,n1,,E99:F-1-macro:15:engine_position_mse,rollout_error,0.067509,0.029105,0.105912,4,DESCRIPTIVE
rollout:heldout:E99:F-1-macro:15:position_mse,heldout,n1,,E99:F-1-macro:15:position_mse,rollout_error,0.017912,0.016849,0.018976,4,DESCRIPTIVE
rollout:heldout:E99:F-1-macro:30:engine_position_mse,heldout,n1,,E99:F-1-macro:30:engine_position_mse,rollout_error,0.155886,0.110045,0.201727,4,DESCRIPTIVE
rollout:heldout:E99:F-1-macro:30:position_mse,heldout,n1,,E99:F-1-macro:30:position_mse,rollout_error,0.089679,0.083267,0.094224,4,DESCRIPTIVE
rollout:heldout:E99:F-1-macro:60:engine_position_mse,heldout,n1,,E99:F-1-macro:60:engine_position_mse,rollout_error,1.939941,1.532551,2.347332,4,DESCRIPTIVE
rollout:heldout:E99:F-1-macro:60:position_mse,heldout,n1,,E99:F-1-macro:60:position_mse,rollout_error,1.713352,1.575075,1.851629,4,DESCRIPTIVE
rollout:heldout:E99:F-1-macro:150:engine_position_mse,heldout,n1,,E99:F-1-macro:150:engine_position_mse,rollout_error,864.041556,811.519758,932.227609,4,DESCRIPTIVE
rollout:heldout:E99:F-1-macro:150:position_mse,heldout,n1,,E99:F-1-macro:150:position_mse,rollout_error,843.351506,776.363111,927.515616,4,DESCRIPTIVE
rollout:heldout:E99:F-1-macro:225:engine_position_mse,heldout,n1,,E99:F-1-macro:225:engine_position_mse,rollout_error,3858.295366,3713.854149,4002.736582,4,DESCRIPTIVE
rollout:heldout:E99:F-1-macro:225:position_mse,heldout,n1,,E99:F-1-macro:225:position_mse,rollout_error,3761.368824,3479.540693,4043.196956,4,DESCRIPTIVE
rollout:heldout:E99:F-5-continuous:15:engine_position_mse,heldout,n1,,E99:F-5-continuous:15:engine_position_mse,rollout_error,0.045957,0.009925,0.081988,4,DESCRIPTIVE
rollout:heldout:E99:F-5-continuous:15:position_mse,heldout,n1,,E99:F-5-continuous:15:position_mse,rollout_error,0.000526,0.000410,0.000617,4,DESCRIPTIVE
rollout:heldout:E99:F-5-continuous:30:engine_position_mse,heldout,n1,,E99:F-5-continuous:30:engine_position_mse,rollout_error,0.047843,0.011570,0.084116,4,DESCRIPTIVE
rollout:heldout:E99:F-5-continuous:30:position_mse,heldout,n1,,E99:F-5-continuous:30:position_mse,rollout_error,0.002563,0.001700,0.003795,4,DESCRIPTIVE
rollout:heldout:E99:F-5-continuous:60:engine_position_mse,heldout,n1,,E99:F-5-continuous:60:engine_position_mse,rollout_error,0.053602,0.016776,0.090429,4,DESCRIPTIVE
rollout:heldout:E99:F-5-continuous:60:position_mse,heldout,n1,,E99:F-5-continuous:60:position_mse,rollout_error,0.008608,0.007376,0.009647,4,DESCRIPTIVE
rollout:heldout:E99:F-5-continuous:150:engine_position_mse,heldout,n1,,E99:F-5-continuous:150:engine_position_mse,rollout_error,0.124491,0.083228,0.165755,4,DESCRIPTIVE
rollout:heldout:E99:F-5-continuous:150:position_mse,heldout,n1,,E99:F-5-continuous:150:position_mse,rollout_error,0.071369,0.068330,0.073684,4,DESCRIPTIVE
rollout:heldout:E99:F-5-continuous:225:engine_position_mse,heldout,n1,,E99:F-5-continuous:225:engine_position_mse,rollout_error,0.343144,0.274915,0.411373,4,DESCRIPTIVE
rollout:heldout:E99:F-5-continuous:225:position_mse,heldout,n1,,E99:F-5-continuous:225:position_mse,rollout_error,0.276230,0.261625,0.290172,4,DESCRIPTIVE
rollout:heldout:E99:F-5-micro:15:engine_position_mse,heldout,n1,,E99:F-5-micro:15:engine_position_mse,rollout_error,0.046042,0.009851,0.082234,4,DESCRIPTIVE
rollout:heldout:E99:F-5-micro:15:position_mse,heldout,n1,,E99:F-5-micro:15:position_mse,rollout_error,0.000580,0.000472,0.000667,4,DESCRIPTIVE
rollout:heldout:E99:F-5-micro:30:engine_position_mse,heldout,n1,,E99:F-5-micro:30:engine_position_mse,rollout_error,0.048287,0.011604,0.084969,4,DESCRIPTIVE
rollout:heldout:E99:F-5-micro:30:position_mse,heldout,n1,,E99:F-5-micro:30:position_mse,rollout_error,0.002765,0.001924,0.003982,4,DESCRIPTIVE
rollout:heldout:E99:F-5-micro:60:engine_position_mse,heldout,n1,,E99:F-5-micro:60:engine_position_mse,rollout_error,0.055089,0.017575,0.092602,4,DESCRIPTIVE
rollout:heldout:E99:F-5-micro:60:position_mse,heldout,n1,,E99:F-5-micro:60:position_mse,rollout_error,0.009261,0.008126,0.010089,4,DESCRIPTIVE
rollout:heldout:E99:F-5-micro:150:engine_position_mse,heldout,n1,,E99:F-5-micro:150:engine_position_mse,rollout_error,0.135485,0.093712,0.177259,4,DESCRIPTIVE
rollout:heldout:E99:F-5-micro:150:position_mse,heldout,n1,,E99:F-5-micro:150:position_mse,rollout_error,0.077886,0.076262,0.079659,4,DESCRIPTIVE
rollout:heldout:E99:F-5-micro:225:engine_position_mse,heldout,n1,,E99:F-5-micro:225:engine_position_mse,rollout_error,0.411005,0.337341,0.484668,4,DESCRIPTIVE
rollout:heldout:E99:F-5-micro:225:position_mse,heldout,n1,,E99:F-5-micro:225:position_mse,rollout_error,0.335016,0.325873,0.343920,4,DESCRIPTIVE
rollout:heldout:E99:F-5-macro:15:engine_position_mse,heldout,n1,,E99:F-5-macro:15:engine_position_mse,rollout_error,0.046246,0.009993,0.082499,4,DESCRIPTIVE
rollout:heldout:E99:F-5-macro:15:position_mse,heldout,n1,,E99:F-5-macro:15:position_mse,rollout_error,0.000644,0.000481,0.000788,4,DESCRIPTIVE
rollout:heldout:E99:F-5-macro:30:engine_position_mse,heldout,n1,,E99:F-5-macro:30:engine_position_mse,rollout_error,0.048668,0.011870,0.085465,4,DESCRIPTIVE
rollout:heldout:E99:F-5-macro:30:position_mse,heldout,n1,,E99:F-5-macro:30:position_mse,rollout_error,0.002868,0.001963,0.004168,4,DESCRIPTIVE
rollout:heldout:E99:F-5-macro:60:engine_position_mse,heldout,n1,,E99:F-5-macro:60:engine_position_mse,rollout_error,0.056129,0.018164,0.094094,4,DESCRIPTIVE
rollout:heldout:E99:F-5-macro:60:position_mse,heldout,n1,,E99:F-5-macro:60:position_mse,rollout_error,0.009758,0.008524,0.010774,4,DESCRIPTIVE
rollout:heldout:E99:F-5-macro:150:engine_position_mse,heldout,n1,,E99:F-5-macro:150:engine_position_mse,rollout_error,0.139701,0.093549,0.185852,4,DESCRIPTIVE
rollout:heldout:E99:F-5-macro:150:position_mse,heldout,n1,,E99:F-5-macro:150:position_mse,rollout_error,0.079655,0.075793,0.082380,4,DESCRIPTIVE
rollout:heldout:E99:F-5-macro:225:engine_position_mse,heldout,n1,,E99:F-5-macro:225:engine_position_mse,rollout_error,0.400141,0.309831,0.490452,4,DESCRIPTIVE
rollout:heldout:E99:F-5-macro:225:position_mse,heldout,n1,,E99:F-5-macro:225:position_mse,rollout_error,0.313012,0.291152,0.332405,4,DESCRIPTIVE
rollout:heldout:E99:F-15-continuous:15:engine_position_mse,heldout,n1,,E99:F-15-continuous:15:engine_position_mse,rollout_error,0.045254,0.009337,0.081172,4,DESCRIPTIVE
rollout:heldout:E99:F-15-continuous:15:position_mse,heldout,n1,,E99:F-15-continuous:15:position_mse,rollout_error,0.000214,0.000143,0.000292,4,DESCRIPTIVE
rollout:heldout:E99:F-15-continuous:30:engine_position_mse,heldout,n1,,E99:F-15-continuous:30:engine_position_mse,rollout_error,0.045553,0.009542,0.081565,4,DESCRIPTIVE
rollout:heldout:E99:F-15-continuous:30:position_mse,heldout,n1,,E99:F-15-continuous:30:position_mse,rollout_error,0.000961,0.000221,0.002369,4,DESCRIPTIVE
rollout:heldout:E99:F-15-continuous:60:engine_position_mse,heldout,n1,,E99:F-15-continuous:60:engine_position_mse,rollout_error,0.045045,0.008824,0.081267,4,DESCRIPTIVE
rollout:heldout:E99:F-15-continuous:60:position_mse,heldout,n1,,E99:F-15-continuous:60:position_mse,rollout_error,0.001530,0.000755,0.002864,4,DESCRIPTIVE
rollout:heldout:E99:F-15-continuous:150:engine_position_mse,heldout,n1,,E99:F-15-continuous:150:engine_position_mse,rollout_error,0.050287,0.014284,0.086289,4,DESCRIPTIVE
rollout:heldout:E99:F-15-continuous:150:position_mse,heldout,n1,,E99:F-15-continuous:150:position_mse,rollout_error,0.008508,0.006064,0.011087,4,DESCRIPTIVE
rollout:heldout:E99:F-15-continuous:225:engine_position_mse,heldout,n1,,E99:F-15-continuous:225:engine_position_mse,rollout_error,0.059574,0.023843,0.095306,4,DESCRIPTIVE
rollout:heldout:E99:F-15-continuous:225:position_mse,heldout,n1,,E99:F-15-continuous:225:position_mse,rollout_error,0.015806,0.013931,0.018074,4,DESCRIPTIVE
rollout:heldout:E99:F-15-micro:15:engine_position_mse,heldout,n1,,E99:F-15-micro:15:engine_position_mse,rollout_error,0.045157,0.009289,0.081026,4,DESCRIPTIVE
rollout:heldout:E99:F-15-micro:15:position_mse,heldout,n1,,E99:F-15-micro:15:position_mse,rollout_error,0.000207,0.000133,0.000273,4,DESCRIPTIVE
rollout:heldout:E99:F-15-micro:30:engine_position_mse,heldout,n1,,E99:F-15-micro:30:engine_position_mse,rollout_error,0.045511,0.009531,0.081492,4,DESCRIPTIVE
rollout:heldout:E99:F-15-micro:30:position_mse,heldout,n1,,E99:F-15-micro:30:position_mse,rollout_error,0.000938,0.000192,0.002350,4,DESCRIPTIVE
rollout:heldout:E99:F-15-micro:60:engine_position_mse,heldout,n1,,E99:F-15-micro:60:engine_position_mse,rollout_error,0.045067,0.008773,0.081362,4,DESCRIPTIVE
rollout:heldout:E99:F-15-micro:60:position_mse,heldout,n1,,E99:F-15-micro:60:position_mse,rollout_error,0.001483,0.000695,0.002832,4,DESCRIPTIVE
rollout:heldout:E99:F-15-micro:150:engine_position_mse,heldout,n1,,E99:F-15-micro:150:engine_position_mse,rollout_error,0.050394,0.014249,0.086540,4,DESCRIPTIVE
rollout:heldout:E99:F-15-micro:150:position_mse,heldout,n1,,E99:F-15-micro:150:position_mse,rollout_error,0.008211,0.005792,0.010795,4,DESCRIPTIVE
rollout:heldout:E99:F-15-micro:225:engine_position_mse,heldout,n1,,E99:F-15-micro:225:engine_position_mse,rollout_error,0.059604,0.023767,0.095441,4,DESCRIPTIVE
rollout:heldout:E99:F-15-micro:225:position_mse,heldout,n1,,E99:F-15-micro:225:position_mse,rollout_error,0.015014,0.013376,0.017071,4,DESCRIPTIVE
rollout:heldout:E99:F-15-macro:15:engine_position_mse,heldout,n1,,E99:F-15-macro:15:engine_position_mse,rollout_error,0.043667,0.009683,0.078584,4,DESCRIPTIVE
rollout:heldout:E99:F-15-macro:15:position_mse,heldout,n1,,E99:F-15-macro:15:position_mse,rollout_error,0.000519,0.000444,0.000583,4,DESCRIPTIVE
rollout:heldout:E99:F-15-macro:30:engine_position_mse,heldout,n1,,E99:F-15-macro:30:engine_position_mse,rollout_error,0.045711,0.009451,0.081971,4,DESCRIPTIVE
rollout:heldout:E99:F-15-macro:30:position_mse,heldout,n1,,E99:F-15-macro:30:position_mse,rollout_error,0.001185,0.000372,0.002676,4,DESCRIPTIVE
rollout:heldout:E99:F-15-macro:60:engine_position_mse,heldout,n1,,E99:F-15-macro:60:engine_position_mse,rollout_error,0.044884,0.008732,0.081035,4,DESCRIPTIVE
rollout:heldout:E99:F-15-macro:60:position_mse,heldout,n1,,E99:F-15-macro:60:position_mse,rollout_error,0.001382,0.000495,0.002923,4,DESCRIPTIVE
rollout:heldout:E99:F-15-macro:150:engine_position_mse,heldout,n1,,E99:F-15-macro:150:engine_position_mse,rollout_error,0.046958,0.011580,0.082337,4,DESCRIPTIVE
rollout:heldout:E99:F-15-macro:150:position_mse,heldout,n1,,E99:F-15-macro:150:position_mse,rollout_error,0.006163,0.003361,0.009431,4,DESCRIPTIVE
rollout:heldout:E99:F-15-macro:225:engine_position_mse,heldout,n1,,E99:F-15-macro:225:engine_position_mse,rollout_error,0.051403,0.016692,0.086115,4,DESCRIPTIVE
rollout:heldout:E99:F-15-macro:225:position_mse,heldout,n1,,E99:F-15-macro:225:position_mse,rollout_error,0.010101,0.007891,0.013147,4,DESCRIPTIVE
rollout:heldout:E99:C-F-1:15:engine_position_mse,heldout,n1,,E99:C-F-1:15:engine_position_mse,rollout_error,0.059148,0.028860,0.089591,4,DESCRIPTIVE
rollout:heldout:E99:C-F-1:15:position_mse,heldout,n1,,E99:C-F-1:15:position_mse,rollout_error,0.018075,0.015829,0.020321,4,DESCRIPTIVE
rollout:heldout:E99:C-F-1:30:engine_position_mse,heldout,n1,,E99:C-F-1:30:engine_position_mse,rollout_error,0.131486,0.107465,0.158976,4,DESCRIPTIVE
rollout:heldout:E99:C-F-1:30:position_mse,heldout,n1,,E99:C-F-1:30:position_mse,rollout_error,0.092674,0.085090,0.100258,4,DESCRIPTIVE
rollout:heldout:E99:C-F-1:60:engine_position_mse,heldout,n1,,E99:C-F-1:60:engine_position_mse,rollout_error,1.255264,1.177257,1.322481,4,DESCRIPTIVE
rollout:heldout:E99:C-F-1:60:position_mse,heldout,n1,,E99:C-F-1:60:position_mse,rollout_error,1.223497,1.139106,1.307888,4,DESCRIPTIVE
rollout:heldout:E99:C-F-1:150:engine_position_mse,heldout,n1,,E99:C-F-1:150:engine_position_mse,rollout_error,652.877856,621.838469,683.917243,4,DESCRIPTIVE
rollout:heldout:E99:C-F-1:150:position_mse,heldout,n1,,E99:C-F-1:150:position_mse,rollout_error,659.042397,629.736223,701.068758,4,DESCRIPTIVE
rollout:heldout:E99:C-F-1:225:engine_position_mse,heldout,n1,,E99:C-F-1:225:engine_position_mse,rollout_error,2289.131802,2178.914540,2420.563873,4,DESCRIPTIVE
rollout:heldout:E99:C-F-1:225:position_mse,heldout,n1,,E99:C-F-1:225:position_mse,rollout_error,2343.703515,2260.338589,2459.985809,4,DESCRIPTIVE
rollout:heldout:E99:C-F-5:15:engine_position_mse,heldout,n1,,E99:C-F-5:15:engine_position_mse,rollout_error,0.045699,0.011465,0.080517,4,DESCRIPTIVE
rollout:heldout:E99:C-F-5:15:position_mse,heldout,n1,,E99:C-F-5:15:position_mse,rollout_error,0.001250,0.001084,0.001431,4,DESCRIPTIVE
rollout:heldout:E99:C-F-5:30:engine_position_mse,heldout,n1,,E99:C-F-5:30:engine_position_mse,rollout_error,0.047863,0.014648,0.081529,4,DESCRIPTIVE
rollout:heldout:E99:C-F-5:30:position_mse,heldout,n1,,E99:C-F-5:30:position_mse,rollout_error,0.004760,0.004064,0.005676,4,DESCRIPTIVE
rollout:heldout:E99:C-F-5:60:engine_position_mse,heldout,n1,,E99:C-F-5:60:engine_position_mse,rollout_error,0.054954,0.024064,0.086043,4,DESCRIPTIVE
rollout:heldout:E99:C-F-5:60:position_mse,heldout,n1,,E99:C-F-5:60:position_mse,rollout_error,0.015212,0.014503,0.016004,4,DESCRIPTIVE
rollout:heldout:E99:C-F-5:150:engine_position_mse,heldout,n1,,E99:C-F-5:150:engine_position_mse,rollout_error,0.152580,0.133233,0.171927,4,DESCRIPTIVE
rollout:heldout:E99:C-F-5:150:position_mse,heldout,n1,,E99:C-F-5:150:position_mse,rollout_error,0.117676,0.113759,0.121592,4,DESCRIPTIVE
rollout:heldout:E99:C-F-5:225:engine_position_mse,heldout,n1,,E99:C-F-5:225:engine_position_mse,rollout_error,0.467404,0.465238,0.469571,4,DESCRIPTIVE
rollout:heldout:E99:C-F-5:225:position_mse,heldout,n1,,E99:C-F-5:225:position_mse,rollout_error,0.414929,0.400888,0.430662,4,DESCRIPTIVE
rollout:heldout:E99:C-F-15:15:engine_position_mse,heldout,n1,,E99:C-F-15:15:engine_position_mse,rollout_error,0.044904,0.009914,0.080612,4,DESCRIPTIVE
rollout:heldout:E99:C-F-15:15:position_mse,heldout,n1,,E99:C-F-15:15:position_mse,rollout_error,0.000168,0.000137,0.000217,4,DESCRIPTIVE
rollout:heldout:E99:C-F-15:30:engine_position_mse,heldout,n1,,E99:C-F-15:30:engine_position_mse,rollout_error,0.045041,0.010400,0.080427,4,DESCRIPTIVE
rollout:heldout:E99:C-F-15:30:position_mse,heldout,n1,,E99:C-F-15:30:position_mse,rollout_error,0.001136,0.000393,0.002503,4,DESCRIPTIVE
rollout:heldout:E99:C-F-15:60:engine_position_mse,heldout,n1,,E99:C-F-15:60:engine_position_mse,rollout_error,0.043980,0.009936,0.078802,4,DESCRIPTIVE
rollout:heldout:E99:C-F-15:60:position_mse,heldout,n1,,E99:C-F-15:60:position_mse,rollout_error,0.001963,0.001229,0.003236,4,DESCRIPTIVE
rollout:heldout:E99:C-F-15:150:engine_position_mse,heldout,n1,,E99:C-F-15:150:engine_position_mse,rollout_error,0.048268,0.016951,0.079585,4,DESCRIPTIVE
rollout:heldout:E99:C-F-15:150:position_mse,heldout,n1,,E99:C-F-15:150:position_mse,rollout_error,0.009385,0.006589,0.012183,4,DESCRIPTIVE
rollout:heldout:E99:C-F-15:225:engine_position_mse,heldout,n1,,E99:C-F-15:225:engine_position_mse,rollout_error,0.061083,0.031382,0.091291,4,DESCRIPTIVE
rollout:heldout:E99:C-F-15:225:position_mse,heldout,n1,,E99:C-F-15:225:position_mse,rollout_error,0.017058,0.014766,0.019358,4,DESCRIPTIVE
diagnostic:growth:E99:F-1-continuous:15:engine_position_mse,fit,n1,,E99:F-1-continuous:15:engine_position_mse,rollout_error,0.039584,0.027882,0.054123,12,DESCRIPTIVE
diagnostic:growth:E99:F-1-continuous:15:position_mse,fit,n1,,E99:F-1-continuous:15:position_mse,rollout_error,0.011918,0.011505,0.012329,12,DESCRIPTIVE
diagnostic:growth:E99:F-1-continuous:30:engine_position_mse,fit,n1,,E99:F-1-continuous:30:engine_position_mse,rollout_error,0.098079,0.083447,0.115834,12,DESCRIPTIVE
diagnostic:growth:E99:F-1-continuous:30:position_mse,fit,n1,,E99:F-1-continuous:30:position_mse,rollout_error,0.063294,0.061018,0.065473,12,DESCRIPTIVE
diagnostic:growth:E99:F-1-continuous:60:engine_position_mse,fit,n1,,E99:F-1-continuous:60:engine_position_mse,rollout_error,1.126733,1.045900,1.209854,12,DESCRIPTIVE
diagnostic:growth:E99:F-1-continuous:60:position_mse,fit,n1,,E99:F-1-continuous:60:position_mse,rollout_error,1.028034,0.966951,1.094829,12,DESCRIPTIVE
diagnostic:growth:E99:F-1-continuous:150:engine_position_mse,fit,n1,,E99:F-1-continuous:150:engine_position_mse,rollout_error,735.547434,705.658823,764.387602,12,DESCRIPTIVE
diagnostic:growth:E99:F-1-continuous:150:position_mse,fit,n1,,E99:F-1-continuous:150:position_mse,rollout_error,713.444523,690.391187,738.834152,12,DESCRIPTIVE
diagnostic:growth:E99:F-1-continuous:225:engine_position_mse,fit,n1,,E99:F-1-continuous:225:engine_position_mse,rollout_error,3649.150502,3555.803714,3739.825323,12,DESCRIPTIVE
diagnostic:growth:E99:F-1-continuous:225:position_mse,fit,n1,,E99:F-1-continuous:225:position_mse,rollout_error,3557.498042,3495.392013,3627.211011,12,DESCRIPTIVE
diagnostic:growth:E99:F-1-micro:15:engine_position_mse,fit,n1,,E99:F-1-micro:15:engine_position_mse,rollout_error,0.041187,0.029430,0.055648,12,DESCRIPTIVE
diagnostic:growth:E99:F-1-micro:15:position_mse,fit,n1,,E99:F-1-micro:15:position_mse,rollout_error,0.012910,0.012317,0.013524,12,DESCRIPTIVE
diagnostic:growth:E99:F-1-micro:30:engine_position_mse,fit,n1,,E99:F-1-micro:30:engine_position_mse,rollout_error,0.105691,0.090738,0.123285,12,DESCRIPTIVE
diagnostic:growth:E99:F-1-micro:30:position_mse,fit,n1,,E99:F-1-micro:30:position_mse,rollout_error,0.069408,0.066957,0.072146,12,DESCRIPTIVE
diagnostic:growth:E99:F-1-micro:60:engine_position_mse,fit,n1,,E99:F-1-micro:60:engine_position_mse,rollout_error,1.687597,1.523943,1.855036,12,DESCRIPTIVE
diagnostic:growth:E99:F-1-micro:60:position_mse,fit,n1,,E99:F-1-micro:60:position_mse,rollout_error,1.567800,1.440733,1.704463,12,DESCRIPTIVE
diagnostic:growth:E99:F-1-micro:150:engine_position_mse,fit,n1,,E99:F-1-micro:150:engine_position_mse,rollout_error,881.791517,832.800480,928.271356,12,DESCRIPTIVE
diagnostic:growth:E99:F-1-micro:150:position_mse,fit,n1,,E99:F-1-micro:150:position_mse,rollout_error,853.889938,809.374389,897.203651,12,DESCRIPTIVE
diagnostic:growth:E99:F-1-micro:225:engine_position_mse,fit,n1,,E99:F-1-micro:225:engine_position_mse,rollout_error,3977.928765,3850.659342,4103.334564,12,DESCRIPTIVE
diagnostic:growth:E99:F-1-micro:225:position_mse,fit,n1,,E99:F-1-micro:225:position_mse,rollout_error,3870.860993,3762.985995,3978.095483,12,DESCRIPTIVE
diagnostic:growth:E99:F-1-macro:15:engine_position_mse,fit,n1,,E99:F-1-macro:15:engine_position_mse,rollout_error,0.045766,0.033492,0.061072,12,DESCRIPTIVE
diagnostic:growth:E99:F-1-macro:15:position_mse,fit,n1,,E99:F-1-macro:15:position_mse,rollout_error,0.017635,0.017126,0.018211,12,DESCRIPTIVE
diagnostic:growth:E99:F-1-macro:30:engine_position_mse,fit,n1,,E99:F-1-macro:30:engine_position_mse,rollout_error,0.127034,0.110898,0.146998,12,DESCRIPTIVE
diagnostic:growth:E99:F-1-macro:30:position_mse,fit,n1,,E99:F-1-macro:30:position_mse,rollout_error,0.089944,0.086776,0.093288,12,DESCRIPTIVE
diagnostic:growth:E99:F-1-macro:60:engine_position_mse,fit,n1,,E99:F-1-macro:60:engine_position_mse,rollout_error,1.802095,1.668902,1.936825,12,DESCRIPTIVE
diagnostic:growth:E99:F-1-macro:60:position_mse,fit,n1,,E99:F-1-macro:60:position_mse,rollout_error,1.667981,1.551008,1.803618,12,DESCRIPTIVE
diagnostic:growth:E99:F-1-macro:150:engine_position_mse,fit,n1,,E99:F-1-macro:150:engine_position_mse,rollout_error,809.985491,790.434062,825.658869,12,DESCRIPTIVE
diagnostic:growth:E99:F-1-macro:150:position_mse,fit,n1,,E99:F-1-macro:150:position_mse,rollout_error,799.032732,772.799354,825.403060,12,DESCRIPTIVE
diagnostic:growth:E99:F-1-macro:225:engine_position_mse,fit,n1,,E99:F-1-macro:225:engine_position_mse,rollout_error,3670.972861,3593.967188,3738.006019,12,DESCRIPTIVE
diagnostic:growth:E99:F-1-macro:225:position_mse,fit,n1,,E99:F-1-macro:225:position_mse,rollout_error,3605.450729,3497.482984,3711.742775,12,DESCRIPTIVE
diagnostic:growth:E99:F-5-continuous:15:engine_position_mse,fit,n1,,E99:F-5-continuous:15:engine_position_mse,rollout_error,0.026027,0.015102,0.039011,12,DESCRIPTIVE
diagnostic:growth:E99:F-5-continuous:15:position_mse,fit,n1,,E99:F-5-continuous:15:position_mse,rollout_error,0.000500,0.000473,0.000529,12,DESCRIPTIVE
diagnostic:growth:E99:F-5-continuous:30:engine_position_mse,fit,n1,,E99:F-5-continuous:30:engine_position_mse,rollout_error,0.027669,0.016785,0.040743,12,DESCRIPTIVE
diagnostic:growth:E99:F-5-continuous:30:position_mse,fit,n1,,E99:F-5-continuous:30:position_mse,rollout_error,0.001957,0.001868,0.002040,12,DESCRIPTIVE
diagnostic:growth:E99:F-5-continuous:60:engine_position_mse,fit,n1,,E99:F-5-continuous:60:engine_position_mse,rollout_error,0.033243,0.022249,0.046877,12,DESCRIPTIVE
diagnostic:growth:E99:F-5-continuous:60:position_mse,fit,n1,,E99:F-5-continuous:60:position_mse,rollout_error,0.007995,0.007728,0.008254,12,DESCRIPTIVE
diagnostic:growth:E99:F-5-continuous:150:engine_position_mse,fit,n1,,E99:F-5-continuous:150:engine_position_mse,rollout_error,0.100973,0.087293,0.117729,12,DESCRIPTIVE
diagnostic:growth:E99:F-5-continuous:150:position_mse,fit,n1,,E99:F-5-continuous:150:position_mse,rollout_error,0.068089,0.065919,0.070285,12,DESCRIPTIVE
diagnostic:growth:E99:F-5-continuous:225:engine_position_mse,fit,n1,,E99:F-5-continuous:225:engine_position_mse,rollout_error,0.307108,0.287504,0.327554,12,DESCRIPTIVE
diagnostic:growth:E99:F-5-continuous:225:position_mse,fit,n1,,E99:F-5-continuous:225:position_mse,rollout_error,0.268395,0.258981,0.278627,12,DESCRIPTIVE
diagnostic:growth:E99:F-5-micro:15:engine_position_mse,fit,n1,,E99:F-5-micro:15:engine_position_mse,rollout_error,0.026135,0.015177,0.039156,12,DESCRIPTIVE
diagnostic:growth:E99:F-5-micro:15:position_mse,fit,n1,,E99:F-5-micro:15:position_mse,rollout_error,0.000543,0.000510,0.000578,12,DESCRIPTIVE
diagnostic:growth:E99:F-5-micro:30:engine_position_mse,fit,n1,,E99:F-5-micro:30:engine_position_mse,rollout_error,0.028006,0.017026,0.041080,12,DESCRIPTIVE
diagnostic:growth:E99:F-5-micro:30:position_mse,fit,n1,,E99:F-5-micro:30:position_mse,rollout_error,0.002135,0.002025,0.002248,12,DESCRIPTIVE
diagnostic:growth:E99:F-5-micro:60:engine_position_mse,fit,n1,,E99:F-5-micro:60:engine_position_mse,rollout_error,0.034271,0.023180,0.047792,12,DESCRIPTIVE
diagnostic:growth:E99:F-5-micro:60:position_mse,fit,n1,,E99:F-5-micro:60:position_mse,rollout_error,0.008670,0.008303,0.009050,12,DESCRIPTIVE
diagnostic:growth:E99:F-5-micro:150:engine_position_mse,fit,n1,,E99:F-5-micro:150:engine_position_mse,rollout_error,0.108513,0.094792,0.124684,12,DESCRIPTIVE
diagnostic:growth:E99:F-5-micro:150:position_mse,fit,n1,,E99:F-5-micro:150:position_mse,rollout_error,0.075095,0.072670,0.077877,12,DESCRIPTIVE
diagnostic:growth:E99:F-5-micro:225:engine_position_mse,fit,n1,,E99:F-5-micro:225:engine_position_mse,rollout_error,0.362638,0.337721,0.389740,12,DESCRIPTIVE
diagnostic:growth:E99:F-5-micro:225:position_mse,fit,n1,,E99:F-5-micro:225:position_mse,rollout_error,0.323684,0.312044,0.335928,12,DESCRIPTIVE
diagnostic:growth:E99:F-5-macro:15:engine_position_mse,fit,n1,,E99:F-5-macro:15:engine_position_mse,rollout_error,0.026347,0.015287,0.039489,12,DESCRIPTIVE
diagnostic:growth:E99:F-5-macro:15:position_mse,fit,n1,,E99:F-5-macro:15:position_mse,rollout_error,0.000611,0.000580,0.000642,12,DESCRIPTIVE
diagnostic:growth:E99:F-5-macro:30:engine_position_mse,fit,n1,,E99:F-5-macro:30:engine_position_mse,rollout_error,0.028260,0.017163,0.041523,12,DESCRIPTIVE
diagnostic:growth:E99:F-5-macro:30:position_mse,fit,n1,,E99:F-5-macro:30:position_mse,rollout_error,0.002256,0.002143,0.002365,12,DESCRIPTIVE
diagnostic:growth:E99:F-5-macro:60:engine_position_mse,fit,n1,,E99:F-5-macro:60:engine_position_mse,rollout_error,0.034782,0.023346,0.048930,12,DESCRIPTIVE
diagnostic:growth:E99:F-5-macro:60:position_mse,fit,n1,,E99:F-5-macro:60:position_mse,rollout_error,0.009173,0.008816,0.009550,12,DESCRIPTIVE
diagnostic:growth:E99:F-5-macro:150:engine_position_mse,fit,n1,,E99:F-5-macro:150:engine_position_mse,rollout_error,0.110093,0.095653,0.127947,12,DESCRIPTIVE
diagnostic:growth:E99:F-5-macro:150:position_mse,fit,n1,,E99:F-5-macro:150:position_mse,rollout_error,0.077024,0.073844,0.080169,12,DESCRIPTIVE
diagnostic:growth:E99:F-5-macro:225:engine_position_mse,fit,n1,,E99:F-5-macro:225:engine_position_mse,rollout_error,0.349418,0.327138,0.371768,12,DESCRIPTIVE
diagnostic:growth:E99:F-5-macro:225:position_mse,fit,n1,,E99:F-5-macro:225:position_mse,rollout_error,0.308290,0.292958,0.324199,12,DESCRIPTIVE
diagnostic:growth:E99:F-15-continuous:15:engine_position_mse,fit,n1,,E99:F-15-continuous:15:engine_position_mse,rollout_error,0.025547,0.014628,0.038343,12,DESCRIPTIVE
diagnostic:growth:E99:F-15-continuous:15:position_mse,fit,n1,,E99:F-15-continuous:15:position_mse,rollout_error,0.000204,0.000182,0.000229,12,DESCRIPTIVE
diagnostic:growth:E99:F-15-continuous:30:engine_position_mse,fit,n1,,E99:F-15-continuous:30:engine_position_mse,rollout_error,0.025722,0.014801,0.038617,12,DESCRIPTIVE
diagnostic:growth:E99:F-15-continuous:30:position_mse,fit,n1,,E99:F-15-continuous:30:position_mse,rollout_error,0.000288,0.000267,0.000309,12,DESCRIPTIVE
diagnostic:growth:E99:F-15-continuous:60:engine_position_mse,fit,n1,,E99:F-15-continuous:60:engine_position_mse,rollout_error,0.025016,0.014291,0.037860,12,DESCRIPTIVE
diagnostic:growth:E99:F-15-continuous:60:position_mse,fit,n1,,E99:F-15-continuous:60:position_mse,rollout_error,0.000893,0.000855,0.000931,12,DESCRIPTIVE
diagnostic:growth:E99:F-15-continuous:150:engine_position_mse,fit,n1,,E99:F-15-continuous:150:engine_position_mse,rollout_error,0.029292,0.019021,0.042424,12,DESCRIPTIVE
diagnostic:growth:E99:F-15-continuous:150:position_mse,fit,n1,,E99:F-15-continuous:150:position_mse,rollout_error,0.005499,0.005298,0.005687,12,DESCRIPTIVE
diagnostic:growth:E99:F-15-continuous:225:engine_position_mse,fit,n1,,E99:F-15-continuous:225:engine_position_mse,rollout_error,0.036869,0.026766,0.049184,12,DESCRIPTIVE
diagnostic:growth:E99:F-15-continuous:225:position_mse,fit,n1,,E99:F-15-continuous:225:position_mse,rollout_error,0.012757,0.012353,0.013142,12,DESCRIPTIVE
diagnostic:growth:E99:F-15-micro:15:engine_position_mse,fit,n1,,E99:F-15-micro:15:engine_position_mse,rollout_error,0.025607,0.014642,0.038462,12,DESCRIPTIVE
diagnostic:growth:E99:F-15-micro:15:position_mse,fit,n1,,E99:F-15-micro:15:position_mse,rollout_error,0.000193,0.000169,0.000219,12,DESCRIPTIVE
diagnostic:growth:E99:F-15-micro:30:engine_position_mse,fit,n1,,E99:F-15-micro:30:engine_position_mse,rollout_error,0.025799,0.014820,0.038749,12,DESCRIPTIVE
diagnostic:growth:E99:F-15-micro:30:position_mse,fit,n1,,E99:F-15-micro:30:position_mse,rollout_error,0.000250,0.000229,0.000272,12,DESCRIPTIVE
diagnostic:growth:E99:F-15-micro:60:engine_position_mse,fit,n1,,E99:F-15-micro:60:engine_position_mse,rollout_error,0.025146,0.014304,0.038064,12,DESCRIPTIVE
diagnostic:growth:E99:F-15-micro:60:position_mse,fit,n1,,E99:F-15-micro:60:position_mse,rollout_error,0.000823,0.000771,0.000878,12,DESCRIPTIVE
diagnostic:growth:E99:F-15-micro:150:engine_position_mse,fit,n1,,E99:F-15-micro:150:engine_position_mse,rollout_error,0.029381,0.019006,0.042693,12,DESCRIPTIVE
diagnostic:growth:E99:F-15-micro:150:position_mse,fit,n1,,E99:F-15-micro:150:position_mse,rollout_error,0.005188,0.004912,0.005468,12,DESCRIPTIVE
diagnostic:growth:E99:F-15-micro:225:engine_position_mse,fit,n1,,E99:F-15-micro:225:engine_position_mse,rollout_error,0.036530,0.026435,0.048681,12,DESCRIPTIVE
diagnostic:growth:E99:F-15-micro:225:position_mse,fit,n1,,E99:F-15-micro:225:position_mse,rollout_error,0.012061,0.011462,0.012671,12,DESCRIPTIVE
diagnostic:growth:E99:F-15-macro:15:engine_position_mse,fit,n1,,E99:F-15-macro:15:engine_position_mse,rollout_error,0.025039,0.014467,0.037372,12,DESCRIPTIVE
diagnostic:growth:E99:F-15-macro:15:position_mse,fit,n1,,E99:F-15-macro:15:position_mse,rollout_error,0.000564,0.000518,0.000610,12,DESCRIPTIVE
diagnostic:growth:E99:F-15-macro:30:engine_position_mse,fit,n1,,E99:F-15-macro:30:engine_position_mse,rollout_error,0.025939,0.015052,0.038788,12,DESCRIPTIVE
diagnostic:growth:E99:F-15-macro:30:position_mse,fit,n1,,E99:F-15-macro:30:position_mse,rollout_error,0.000457,0.000423,0.000494,12,DESCRIPTIVE
diagnostic:growth:E99:F-15-macro:60:engine_position_mse,fit,n1,,E99:F-15-macro:60:engine_position_mse,rollout_error,0.025092,0.014337,0.037989,12,DESCRIPTIVE
diagnostic:growth:E99:F-15-macro:60:position_mse,fit,n1,,E99:F-15-macro:60:position_mse,rollout_error,0.000668,0.000623,0.000710,12,DESCRIPTIVE
diagnostic:growth:E99:F-15-macro:150:engine_position_mse,fit,n1,,E99:F-15-macro:150:engine_position_mse,rollout_error,0.026610,0.016582,0.039498,12,DESCRIPTIVE
diagnostic:growth:E99:F-15-macro:150:position_mse,fit,n1,,E99:F-15-macro:150:position_mse,rollout_error,0.003005,0.002797,0.003208,12,DESCRIPTIVE
diagnostic:growth:E99:F-15-macro:225:engine_position_mse,fit,n1,,E99:F-15-macro:225:engine_position_mse,rollout_error,0.029699,0.020307,0.041022,12,DESCRIPTIVE
diagnostic:growth:E99:F-15-macro:225:position_mse,fit,n1,,E99:F-15-macro:225:position_mse,rollout_error,0.007040,0.006543,0.007519,12,DESCRIPTIVE
diagnostic:growth:E99:C-F-1:15:engine_position_mse,fit,n1,,E99:C-F-1:15:engine_position_mse,rollout_error,0.039849,0.029338,0.052179,12,DESCRIPTIVE
diagnostic:growth:E99:C-F-1:15:position_mse,fit,n1,,E99:C-F-1:15:position_mse,rollout_error,0.017680,0.016964,0.018471,12,DESCRIPTIVE
diagnostic:growth:E99:C-F-1:30:engine_position_mse,fit,n1,,E99:C-F-1:30:engine_position_mse,rollout_error,0.111974,0.101290,0.123340,12,DESCRIPTIVE
diagnostic:growth:E99:C-F-1:30:position_mse,fit,n1,,E99:C-F-1:30:position_mse,rollout_error,0.092983,0.089666,0.096230,12,DESCRIPTIVE
diagnostic:growth:E99:C-F-1:60:engine_position_mse,fit,n1,,E99:C-F-1:60:engine_position_mse,rollout_error,1.256628,1.189923,1.313982,12,DESCRIPTIVE
diagnostic:growth:E99:C-F-1:60:position_mse,fit,n1,,E99:C-F-1:60:position_mse,rollout_error,1.259827,1.203183,1.308283,12,DESCRIPTIVE
diagnostic:growth:E99:C-F-1:150:engine_position_mse,fit,n1,,E99:C-F-1:150:engine_position_mse,rollout_error,646.425072,628.843465,665.854423,12,DESCRIPTIVE
diagnostic:growth:E99:C-F-1:150:position_mse,fit,n1,,E99:C-F-1:150:position_mse,rollout_error,641.927484,615.493896,674.395292,12,DESCRIPTIVE
diagnostic:growth:E99:C-F-1:225:engine_position_mse,fit,n1,,E99:C-F-1:225:engine_position_mse,rollout_error,2297.911574,2235.684176,2355.238354,12,DESCRIPTIVE
diagnostic:growth:E99:C-F-1:225:position_mse,fit,n1,,E99:C-F-1:225:position_mse,rollout_error,2289.325709,2210.153232,2376.173122,12,DESCRIPTIVE
diagnostic:growth:E99:C-F-5:15:engine_position_mse,fit,n1,,E99:C-F-5:15:engine_position_mse,rollout_error,0.026439,0.015304,0.039502,12,DESCRIPTIVE
diagnostic:growth:E99:C-F-5:15:position_mse,fit,n1,,E99:C-F-5:15:position_mse,rollout_error,0.001147,0.001062,0.001235,12,DESCRIPTIVE
diagnostic:growth:E99:C-F-5:30:engine_position_mse,fit,n1,,E99:C-F-5:30:engine_position_mse,rollout_error,0.028621,0.017419,0.041642,12,DESCRIPTIVE
diagnostic:growth:E99:C-F-5:30:position_mse,fit,n1,,E99:C-F-5:30:position_mse,rollout_error,0.003786,0.003578,0.004011,12,DESCRIPTIVE
diagnostic:growth:E99:C-F-5:60:engine_position_mse,fit,n1,,E99:C-F-5:60:engine_position_mse,rollout_error,0.035865,0.024877,0.048734,12,DESCRIPTIVE
diagnostic:growth:E99:C-F-5:60:position_mse,fit,n1,,E99:C-F-5:60:position_mse,rollout_error,0.013862,0.013216,0.014561,12,DESCRIPTIVE
diagnostic:growth:E99:C-F-5:150:engine_position_mse,fit,n1,,E99:C-F-5:150:engine_position_mse,rollout_error,0.131522,0.118997,0.145469,12,DESCRIPTIVE
diagnostic:growth:E99:C-F-5:150:position_mse,fit,n1,,E99:C-F-5:150:position_mse,rollout_error,0.113379,0.108852,0.117713,12,DESCRIPTIVE
diagnostic:growth:E99:C-F-5:225:engine_position_mse,fit,n1,,E99:C-F-5:225:engine_position_mse,rollout_error,0.445999,0.423141,0.467184,12,DESCRIPTIVE
diagnostic:growth:E99:C-F-5:225:position_mse,fit,n1,,E99:C-F-5:225:position_mse,rollout_error,0.413423,0.398227,0.427473,12,DESCRIPTIVE
diagnostic:growth:E99:C-F-15:15:engine_position_mse,fit,n1,,E99:C-F-15:15:engine_position_mse,rollout_error,0.025667,0.014698,0.038606,12,DESCRIPTIVE
diagnostic:growth:E99:C-F-15:15:position_mse,fit,n1,,E99:C-F-15:15:position_mse,rollout_error,0.000161,0.000137,0.000185,12,DESCRIPTIVE
diagnostic:growth:E99:C-F-15:30:engine_position_mse,fit,n1,,E99:C-F-15:30:engine_position_mse,rollout_error,0.025777,0.014829,0.038679,12,DESCRIPTIVE
diagnostic:growth:E99:C-F-15:30:position_mse,fit,n1,,E99:C-F-15:30:position_mse,rollout_error,0.000368,0.000328,0.000408,12,DESCRIPTIVE
diagnostic:growth:E99:C-F-15:60:engine_position_mse,fit,n1,,E99:C-F-15:60:engine_position_mse,rollout_error,0.024734,0.013867,0.037562,12,DESCRIPTIVE
diagnostic:growth:E99:C-F-15:60:position_mse,fit,n1,,E99:C-F-15:60:position_mse,rollout_error,0.001113,0.001033,0.001198,12,DESCRIPTIVE
diagnostic:growth:E99:C-F-15:150:engine_position_mse,fit,n1,,E99:C-F-15:150:engine_position_mse,rollout_error,0.027766,0.017428,0.040839,12,DESCRIPTIVE
diagnostic:growth:E99:C-F-15:150:position_mse,fit,n1,,E99:C-F-15:150:position_mse,rollout_error,0.005755,0.005473,0.006068,12,DESCRIPTIVE
diagnostic:growth:E99:C-F-15:225:engine_position_mse,fit,n1,,E99:C-F-15:225:engine_position_mse,rollout_error,0.038250,0.027752,0.050623,12,DESCRIPTIVE
diagnostic:growth:E99:C-F-15:225:position_mse,fit,n1,,E99:C-F-15:225:position_mse,rollout_error,0.013210,0.012586,0.013869,12,DESCRIPTIVE
