slot_identity,state_identity,source_member,family,study_role,ordinal,branch_identity,stratum,issue_87_failure,frozen_replay_count_cost,normalized_cost_position,frozen_cost_span_informative,frozen_replay_terminal_kind,frozen_replay_pig_removed,state_best_observed_pig_removed,is_type010105,published_outcome_first_shot_success,published_engine_channel_pig_removed,issue_87_wall_seconds,issue_87_engine_wall_seconds,dispatched_at_utc,dispatch_index,minutes_since_first_dispatch,live_at_dispatch,dispatch_burst_size,peak_cpu_rss_mib,join_complete,join_issue_80_candidate_table,join_issue_77_n1_coverage,join_issue_77_n1_replay,join_issue_73_headroom_registry,join_issue_87_dispatch_marker,join_issue_87_receipt
oracle--issue-77-n1-001-a00--a00,issue-77-n1-001-a00,issue-77-n1-001,type010103,predictor_train,0,issue-77-n1-001-a00,timeout,TimeoutError: timed out,51.312510937452316,0.6755432734854803,True,right_censored,False,True,False,,,191.215683280956,,2026-09-22T02:46:32Z,0,0.0,1,4,994.9453125,True,joined,joined,joined,unjoinable:registry_disjoint_from_issue_77_membership,joined,joined
oracle--issue-77-n1-001-a00--a01,issue-77-n1-001-a00,issue-77-n1-001,type010103,predictor_train,1,issue-77-n1-001-a01,timeout,TimeoutError: timed out,54.64991644024849,0.8523721026595364,True,native_fail,False,True,False,,,191.27593416487798,,2026-09-22T02:46:33Z,1,0.016666666666666666,2,4,970.2109375,True,joined,joined,joined,unjoinable:registry_disjoint_from_issue_77_membership,joined,joined
oracle--issue-77-n1-001-a00--a02,issue-77-n1-001-a00,issue-77-n1-001,type010103,predictor_train,2,issue-77-n1-001-a02,timeout,TimeoutError: timed out,57.43619376420975,1.0,True,right_censored,False,True,False,,,191.23923364887014,,2026-09-22T02:46:35Z,2,0.05,3,4,958.1875,True,joined,joined,joined,unjoinable:registry_disjoint_from_issue_77_membership,joined,joined
oracle--issue-77-n1-001-a00--a03,issue-77-n1-001-a00,issue-77-n1-001,type010103,predictor_train,3,issue-77-n1-001-a03,executed,,52.394064247608185,0.7328482085207801,True,native_fail,False,True,False,False,False,191.89014615071937,128.52358929393813,2026-09-22T02:46:36Z,3,0.06666666666666667,4,4,2355.3046875,True,joined,joined,joined,unjoinable:registry_disjoint_from_issue_77_membership,joined,joined
oracle--issue-77-n1-001-a00--a04,issue-77-n1-001-a00,issue-77-n1-001,type010103,predictor_train,4,issue-77-n1-001-a04,executed,,55.153162717819214,0.8790360636239671,True,native_fail,False,True,False,False,False,169.6712777609937,107.971368372906,2026-09-22T02:49:46Z,4,3.2333333333333334,3,3,2398.36328125,True,joined,joined,joined,unjoinable:registry_disjoint_from_issue_77_membership,joined,joined
oracle--issue-77-n1-001-a00--a05,issue-77-n1-001-a00,issue-77-n1-001,type010103,predictor_train,5,issue-77-n1-001-a05,timeout,TimeoutError: timed out,40.89357978105545,0.1235074492240396,True,right_censored,False,True,False,,,191.23960635391995,,2026-09-22T02:49:50Z,5,3.3,2,3,969.80078125,True,joined,joined,joined,unjoinable:registry_disjoint_from_issue_77_membership,joined,joined
oracle--issue-77-n1-001-a00--a06,issue-77-n1-001-a00,issue-77-n1-001,type010103,predictor_train,6,issue-77-n1-001-a06,executed,,57.15714907646179,0.9852151183365732,True,native_clear,True,True,False,True,True,215.99174576299265,145.8068023659289,2026-09-22T02:49:51Z,6,3.316666666666667,3,4,2697.703125,True,joined,joined,joined,unjoinable:registry_disjoint_from_issue_77_membership,joined,joined
oracle--issue-77-n1-001-a00--a07,issue-77-n1-001-a00,issue-77-n1-001,type010103,predictor_train,7,issue-77-n1-001-a07,executed,,38.562543362379074,0.0,True,right_censored,False,True,False,False,False,230.5999289629981,158.13457373389974,2026-09-22T02:49:56Z,7,3.4,4,2,2132.87109375,True,joined,joined,joined,unjoinable:registry_disjoint_from_issue_77_membership,joined,joined
oracle--issue-77-n1-001-a00--a08,issue-77-n1-001-a00,issue-77-n1-001,type010103,predictor_train,8,issue-77-n1-001-a08,executed,,49.09844487905502,0.5582333725782059,True,right_censored,False,True,False,False,False,215.60196857806295,138.24167079431936,2026-09-22T02:52:41Z,8,6.15,4,1,2509.23046875,True,joined,joined,joined,unjoinable:registry_disjoint_from_issue_77_membership,joined,joined
oracle--issue-77-n1-001-a00--a09,issue-77-n1-001-a00,issue-77-n1-001,type010103,predictor_train,9,issue-77-n1-001-a09,executed,,53.040525406599045,0.7671002554341931,True,right_censored,False,True,False,False,False,202.0270283361897,126.88448411785066,2026-09-22T02:53:07Z,9,6.583333333333333,4,1,2432.3046875,True,joined,joined,joined,unjoinable:registry_disjoint_from_issue_77_membership,joined,joined
oracle--issue-77-n1-001-a00--a10,issue-77-n1-001-a00,issue-77-n1-001,type010103,predictor_train,10,issue-77-n1-001-a10,executed,,55.02572891116142,0.8722841208919225,True,right_censored,False,True,False,False,False,223.95946061098948,148.61451795510948,2026-09-22T02:53:34Z,10,7.033333333333333,4,1,2683.375,True,joined,joined,joined,unjoinable:registry_disjoint_from_issue_77_membership,joined,joined
oracle--issue-77-n1-001-a00--a12,issue-77-n1-001-a00,issue-77-n1-001,type010103,predictor_train,12,issue-77-n1-001-a12,executed,,54.456917971372604,0.8421462870506405,True,right_censored,False,True,False,False,False,224.3419552659616,152.65537753002718,2026-09-22T02:53:52Z,11,7.333333333333333,4,1,2586.96484375,True,joined,joined,joined,unjoinable:registry_disjoint_from_issue_77_membership,joined,joined
oracle--issue-77-n1-001-a07--a00,issue-77-n1-001-a07,issue-77-n1-001,type010103,predictor_train,0,issue-77-n1-001-a00,executed,,51.312510937452316,0.6755432734854803,True,right_censored,False,True,False,False,False,207.0999631397426,135.2474292498082,2026-09-22T02:56:24Z,12,9.866666666666667,4,1,2900.86328125,True,joined,joined,joined,unjoinable:registry_disjoint_from_issue_77_membership,joined,joined
oracle--issue-77-n1-001-a07--a01,issue-77-n1-001-a07,issue-77-n1-001,type010103,predictor_train,1,issue-77-n1-001-a01,executed,,54.64991644024849,0.8523721026595364,True,native_fail,False,True,False,False,False,167.7237349837087,103.1158597250469,2026-09-22T02:56:36Z,13,10.066666666666666,4,1,2342.3828125,True,joined,joined,joined,unjoinable:registry_disjoint_from_issue_77_membership,joined,joined
oracle--issue-77-n1-001-a07--a02,issue-77-n1-001-a07,issue-77-n1-001,type010103,predictor_train,2,issue-77-n1-001-a02,executed,,57.43619376420975,1.0,True,right_censored,False,True,False,False,False,219.86468185903504,150.3862119000405,2026-09-22T02:57:28Z,14,10.933333333333334,4,1,2192.37890625,True,joined,joined,joined,unjoinable:registry_disjoint_from_issue_77_membership,joined,joined
oracle--issue-77-n1-001-a07--a03,issue-77-n1-001-a07,issue-77-n1-001,type010103,predictor_train,3,issue-77-n1-001-a03,executed,,52.394064247608185,0.7328482085207801,True,native_fail,False,True,False,False,False,190.27245745202526,124.690113669727,2026-09-22T02:57:46Z,15,11.233333333333333,4,1,1956.75390625,True,joined,joined,joined,unjoinable:registry_disjoint_from_issue_77_membership,joined,joined
oracle--issue-77-n1-001-a07--a04,issue-77-n1-001-a07,issue-77-n1-001,type010103,predictor_train,4,issue-77-n1-001-a04,executed,,55.153162717819214,0.8790360636239671,True,native_fail,False,True,False,False,False,165.8234970299527,105.00178609788418,2026-09-22T02:59:34Z,16,13.033333333333333,4,1,1797.6640625,True,joined,joined,joined,unjoinable:registry_disjoint_from_issue_77_membership,joined,joined
oracle--issue-77-n1-001-a07--a05,issue-77-n1-001-a07,issue-77-n1-001,type010103,predictor_train,5,issue-77-n1-001-a05,executed,,40.89357978105545,0.1235074492240396,True,right_censored,False,True,False,False,False,218.5739250271581,146.24513735808432,2026-09-22T03:00:02Z,17,13.5,4,1,2421.7109375,True,joined,joined,joined,unjoinable:registry_disjoint_from_issue_77_membership,joined,joined
oracle--issue-77-n1-001-a07--a06,issue-77-n1-001-a07,issue-77-n1-001,type010103,predictor_train,6,issue-77-n1-001-a06,executed,,57.15714907646179,0.9852151183365732,True,native_clear,True,True,False,True,True,214.94484975608066,144.34832353610545,2026-09-22T03:01:02Z,18,14.5,4,1,2600.0703125,True,joined,joined,joined,unjoinable:registry_disjoint_from_issue_77_membership,joined,joined
oracle--issue-77-n1-001-a07--a07,issue-77-n1-001-a07,issue-77-n1-001,type010103,predictor_train,7,issue-77-n1-001-a07,executed,,38.562543362379074,0.0,True,right_censored,False,True,False,False,False,217.95365517074242,145.0644959351048,2026-09-22T03:01:18Z,19,14.766666666666667,4,1,1895.20703125,True,joined,joined,joined,unjoinable:registry_disjoint_from_issue_77_membership,joined,joined
oracle--issue-77-n1-001-a07--a08,issue-77-n1-001-a07,issue-77-n1-001,type010103,predictor_train,8,issue-77-n1-001-a08,executed,,49.09844487905502,0.5582333725782059,True,right_censored,False,True,False,False,False,230.90667289029807,158.38603607518598,2026-09-22T03:02:29Z,20,15.95,4,1,2310.6875,True,joined,joined,joined,unjoinable:registry_disjoint_from_issue_77_membership,joined,joined
oracle--issue-77-n1-001-a07--a09,issue-77-n1-001-a07,issue-77-n1-001,type010103,predictor_train,9,issue-77-n1-001-a09,executed,,53.040525406599045,0.7671002554341931,True,right_censored,False,True,False,False,False,205.6704018106684,133.18765225401148,2026-09-22T03:03:52Z,21,17.333333333333332,4,1,2054.2578125,True,joined,joined,joined,unjoinable:registry_disjoint_from_issue_77_membership,joined,joined
oracle--issue-77-n1-001-a07--a10,issue-77-n1-001-a07,issue-77-n1-001,type010103,predictor_train,10,issue-77-n1-001-a10,executed,,55.02572891116142,0.8722841208919225,True,right_censored,False,True,False,False,False,255.6950195929967,183.16115935333073,2026-09-22T03:04:45Z,22,18.216666666666665,4,1,2685.71875,True,joined,joined,joined,unjoinable:registry_disjoint_from_issue_77_membership,joined,joined
oracle--issue-77-n1-001-a07--a12,issue-77-n1-001-a07,issue-77-n1-001,type010103,predictor_train,12,issue-77-n1-001-a12,executed,,54.456917971372604,0.8421462870506405,True,right_censored,False,True,False,False,False,222.6240410208702,146.08646218013018,2026-09-22T03:05:05Z,23,18.55,4,1,2365.23828125,True,joined,joined,joined,unjoinable:registry_disjoint_from_issue_77_membership,joined,joined
oracle--issue-77-n1-003-a00--a00,issue-77-n1-003-a00,issue-77-n1-003,type010103,predictor_train,0,issue-77-n1-003-a00,executed,,46.082703679800034,0.5348631526943843,True,right_censored,False,False,False,False,False,231.67848277790472,154.8556307447143,2026-09-22T03:06:31Z,24,19.983333333333334,4,1,2291.80859375,True,joined,joined,joined,unjoinable:registry_disjoint_from_issue_77_membership,joined,joined
oracle--issue-77-n1-003-a00--a01,issue-77-n1-003-a00,issue-77-n1-003,type010103,predictor_train,1,issue-77-n1-003-a01,executed,,41.677321672439575,0.0,True,native_fail,False,False,False,False,False,263.4461692208424,188.6542230490595,2026-09-22T03:07:25Z,25,20.883333333333333,4,1,2279.21484375,True,joined,joined,joined,unjoinable:registry_disjoint_from_issue_77_membership,joined,joined
oracle--issue-77-n1-003-a00--a02,issue-77-n1-003-a00,issue-77-n1-003,type010103,predictor_train,2,issue-77-n1-003-a02,executed,,49.91378736495972,1.0,True,stable_without_clear,False,False,False,False,False,102.76354121603072,55.782243055291474,2026-09-22T03:08:58Z,26,22.433333333333334,4,1,1608.59375,True,joined,joined,joined,unjoinable:registry_disjoint_from_issue_77_membership,joined,joined
oracle--issue-77-n1-003-a00--a03,issue-77-n1-003-a00,issue-77-n1-003,type010103,predictor_train,3,issue-77-n1-003-a03,executed,,41.892766892910004,0.02615748410948676,True,native_fail,False,False,False,False,False,199.95956235891208,132.13524293527007,2026-09-22T03:09:16Z,27,22.733333333333334,4,1,1986.46875,True,joined,joined,joined,unjoinable:registry_disjoint_from_issue_77_membership,joined,joined
oracle--issue-77-n1-003-a00--a05,issue-77-n1-003-a00,issue-77-n1-003,type010103,predictor_train,5,issue-77-n1-003-a05,executed,,42.1502323448658,0.057416699113515705,True,native_fail,False,False,False,False,False,171.40622265497223,108.19083361001685,2026-09-22T03:10:38Z,28,24.1,4,1,1512.30078125,True,joined,joined,joined,unjoinable:registry_disjoint_from_issue_77_membership,joined,joined
oracle--issue-77-n1-003-a00--a07,issue-77-n1-003-a00,issue-77-n1-003,type010103,predictor_train,7,issue-77-n1-003-a07,executed,,42.184896141290665,0.061625275670368886,True,native_fail,False,False,False,False,False,206.14695399207994,133.63749286858365,2026-09-22T03:10:57Z,29,24.416666666666668,4,1,1891.23828125,True,joined,joined,joined,unjoinable:registry_disjoint_from_issue_77_membership,joined,joined
oracle--issue-77-n1-003-a00--a09,issue-77-n1-003-a00,issue-77-n1-003,type010103,predictor_train,9,issue-77-n1-003-a09,executed,,42.06297332048416,0.04682246760219151,True,native_fail,False,False,False,False,False,158.91624697390944,98.97733444720507,2026-09-22T03:11:59Z,30,25.45,4,1,1862.265625,True,joined,joined,joined,unjoinable:registry_disjoint_from_issue_77_membership,joined,joined
oracle--issue-77-n1-003-a00--a10,issue-77-n1-003-a00,issue-77-n1-003,type010103,predictor_train,10,issue-77-n1-003-a10,executed,,47.9614172577858,0.7629602088979811,True,right_censored,False,False,False,False,False,240.9246531892568,160.80313200177625,2026-09-22T03:12:52Z,31,26.333333333333332,4,1,3083.55078125,True,joined,joined,joined,unjoinable:registry_disjoint_from_issue_77_membership,joined,joined
oracle--issue-77-n1-003-a00--a11,issue-77-n1-003-a00,issue-77-n1-003,type010103,predictor_train,11,issue-77-n1-003-a11,executed,,44.938908994197845,0.3959935539730647,True,right_censored,False,False,False,False,False,322.4131517740898,185.93833004124463,2026-09-22T03:13:46Z,32,27.233333333333334,4,1,2540.17578125,True,joined,joined,joined,unjoinable:registry_disjoint_from_issue_77_membership,joined,joined
oracle--issue-77-n1-003-a10--a00,issue-77-n1-003-a10,issue-77-n1-003,type010103,predictor_train,0,issue-77-n1-003-a00,executed,,46.082703679800034,0.5348631526943843,True,right_censored,False,False,False,False,False,268.9208820029162,177.27887463616207,2026-09-22T03:14:41Z,33,28.15,3,1,2930.953125,True,joined,joined,joined,unjoinable:registry_disjoint_from_issue_77_membership,joined,joined
oracle--issue-77-n1-003-a10--a01,issue-77-n1-003-a10,issue-77-n1-003,type010103,predictor_train,1,issue-77-n1-003-a01,executed,,41.677321672439575,0.0,True,native_fail,False,False,False,False,False,254.11336645204574,166.62573536532,2026-09-22T03:14:52Z,34,28.333333333333332,4,1,2486.265625,True,joined,joined,joined,unjoinable:registry_disjoint_from_issue_77_membership,joined,joined
oracle--issue-77-n1-003-a10--a02,issue-77-n1-003-a10,issue-77-n1-003,type010103,predictor_train,2,issue-77-n1-003-a02,executed,,49.91378736495972,1.0,True,stable_without_clear,False,False,False,False,False,130.28875942900777,79.81282562715933,2026-09-22T03:17:05Z,35,30.55,4,1,1079.05078125,True,joined,joined,joined,unjoinable:registry_disjoint_from_issue_77_membership,joined,joined
oracle--issue-77-n1-003-a10--a03,issue-77-n1-003-a10,issue-77-n1-003,type010103,predictor_train,3,issue-77-n1-003-a03,executed,,41.892766892910004,0.02615748410948676,True,native_fail,False,False,False,False,False,199.15674111014232,126.54855912737548,2026-09-22T03:19:12Z,36,32.666666666666664,2,1,1490.99609375,True,joined,joined,joined,unjoinable:registry_disjoint_from_issue_77_membership,joined,joined
oracle--issue-77-n1-003-a10--a05,issue-77-n1-003-a10,issue-77-n1-003,type010103,predictor_train,5,issue-77-n1-003-a05,timeout,TimeoutError: timed out,42.1502323448658,0.057416699113515705,True,native_fail,False,False,False,,,191.26856076996773,,2026-09-22T03:19:21Z,37,32.81666666666667,2,2,951.5078125,True,joined,joined,joined,unjoinable:registry_disjoint_from_issue_77_membership,joined,joined
oracle--issue-77-n1-003-a10--a07,issue-77-n1-003-a10,issue-77-n1-003,type010103,predictor_train,7,issue-77-n1-003-a07,executed,,42.184896141290665,0.061625275670368886,True,native_fail,False,False,False,False,False,207.5062848990783,140.57873713085428,2026-09-22T03:19:23Z,38,32.85,3,2,2503.16015625,True,joined,joined,joined,unjoinable:registry_disjoint_from_issue_77_membership,joined,joined
oracle--issue-77-n1-003-a10--a09,issue-77-n1-003-a10,issue-77-n1-003,type010103,predictor_train,9,issue-77-n1-003-a09,executed,,42.06297332048416,0.04682246760219151,True,native_fail,False,False,False,False,False,151.8627732177265,88.06668296875432,2026-09-22T03:19:37Z,39,33.083333333333336,4,1,1358.640625,True,joined,joined,joined,unjoinable:registry_disjoint_from_issue_77_membership,joined,joined
oracle--issue-77-n1-003-a10--a10,issue-77-n1-003-a10,issue-77-n1-003,type010103,predictor_train,10,issue-77-n1-003-a10,executed,,47.9614172577858,0.7629602088979811,True,right_censored,False,False,False,False,False,233.93824385898188,154.5985048278235,2026-09-22T03:22:23Z,40,35.85,4,1,1321.53125,True,joined,joined,joined,unjoinable:registry_disjoint_from_issue_77_membership,joined,joined
oracle--issue-77-n1-003-a10--a11,issue-77-n1-003-a10,issue-77-n1-003,type010103,predictor_train,11,issue-77-n1-003-a11,timeout,TimeoutError: timed out,44.938908994197845,0.3959935539730647,True,right_censored,False,False,False,,,191.20448420895264,,2026-09-22T03:22:49Z,41,36.28333333333333,3,2,953.79296875,True,joined,joined,joined,unjoinable:registry_disjoint_from_issue_77_membership,joined,joined
oracle--issue-77-n1-004-a07--a01,issue-77-n1-004-a07,issue-77-n1-004,type010103,predictor_train,1,issue-77-n1-004-a01,executed,,89.15073525905609,0.6607803009264553,True,native_fail,False,False,False,False,False,189.6512625538744,116.91786736715585,2026-09-22T03:22:50Z,42,36.3,4,2,2181.6484375,True,joined,joined,joined,unjoinable:registry_disjoint_from_issue_77_membership,joined,joined
oracle--issue-77-n1-004-a07--a02,issue-77-n1-004-a07,issue-77-n1-004,type010103,predictor_train,2,issue-77-n1-004-a02,executed,,77.59451043605804,0.0,True,stable_without_clear,False,False,False,False,False,165.0306826774031,99.62230221927166,2026-09-22T03:23:14Z,43,36.7,4,1,1781.78125,True,joined,joined,joined,unjoinable:registry_disjoint_from_issue_77_membership,joined,joined
oracle--issue-77-n1-004-a07--a04,issue-77-n1-004-a07,issue-77-n1-004,type010103,predictor_train,4,issue-77-n1-004-a04,timeout,TimeoutError: timed out,89.29847532510757,0.6692280186543168,True,stable_without_clear,False,False,False,,,191.23650159174576,,2026-09-22T03:26:13Z,44,39.68333333333333,2,3,954.55078125,True,joined,joined,joined,unjoinable:registry_disjoint_from_issue_77_membership,joined,joined
oracle--issue-77-n1-004-a07--a05,issue-77-n1-004-a07,issue-77-n1-004,type010103,predictor_train,5,issue-77-n1-004-a05,timeout,TimeoutError: timed out,87.47276210784912,0.5648344690666868,True,right_censored,False,False,False,,,191.2671464807354,,2026-09-22T03:26:14Z,45,39.7,3,3,951.578125,True,joined,joined,joined,unjoinable:registry_disjoint_from_issue_77_membership,joined,joined
oracle--issue-77-n1-004-a07--a06,issue-77-n1-004-a07,issue-77-n1-004,type010103,predictor_train,6,issue-77-n1-004-a06,executed,,95.08326548337936,1.0,True,right_censored,False,False,False,False,False,240.63713607564569,168.9807188520208,2026-09-22T03:26:16Z,46,39.733333333333334,4,3,1587.0234375,True,joined,joined,joined,unjoinable:registry_disjoint_from_issue_77_membership,joined,joined
oracle--issue-77-n1-004-a07--a07,issue-77-n1-004-a07,issue-77-n1-004,type010103,predictor_train,7,issue-77-n1-004-a07,executed,,89.3730959892273,0.6734947983031718,True,native_fail,False,False,False,False,False,154.42522285226732,93.6898491200991,2026-09-22T03:26:46Z,47,40.233333333333334,4,1,1986.88671875,True,joined,joined,joined,unjoinable:registry_disjoint_from_issue_77_membership,joined,joined
oracle--issue-77-n1-004-a07--a08,issue-77-n1-004-a07,issue-77-n1-004,type010103,predictor_train,8,issue-77-n1-004-a08,timeout,TimeoutError: timed out,89.6346520781517,0.6884504705746792,True,stable_without_clear,False,False,False,,,191.34668130194768,,2026-09-22T03:29:48Z,48,43.266666666666666,2,3,954.2734375,True,joined,joined,joined,unjoinable:registry_disjoint_from_issue_77_membership,joined,joined
oracle--issue-77-n1-004-a07--a11,issue-77-n1-004-a07,issue-77-n1-004,type010103,predictor_train,11,issue-77-n1-004-a11,timeout,TimeoutError: timed out,89.13522428274155,0.6598933895212367,True,native_fail,False,False,False,,,191.28800383023918,,2026-09-22T03:29:50Z,49,43.3,3,3,954.22265625,True,joined,joined,joined,unjoinable:registry_disjoint_from_issue_77_membership,joined,joined
oracle--issue-77-n1-004-a07--a12,issue-77-n1-004-a07,issue-77-n1-004,type010103,predictor_train,12,issue-77-n1-004-a12,executed,,92.46801167726517,0.8504608361751419,True,right_censored,False,False,False,False,False,231.98915584525093,160.92632522713393,2026-09-22T03:29:52Z,50,43.333333333333336,4,3,1082.77734375,True,joined,joined,joined,unjoinable:registry_disjoint_from_issue_77_membership,joined,joined
oracle--issue-77-n1-005-a07--a01,issue-77-n1-005-a07,issue-77-n1-005,type010103,controller_only,1,issue-77-n1-005-a01,stability,ValueError: sealed pre-decision state/RGB advanced during readiness or hold,82.47732925415039,1.0,True,stable_without_clear,False,True,False,,,74.9096057722345,,2026-09-22T03:30:37Z,51,44.083333333333336,4,1,990.51953125,True,joined,joined,joined,unjoinable:registry_disjoint_from_issue_77_membership,joined,joined
oracle--issue-77-n1-005-a07--a02,issue-77-n1-005-a07,issue-77-n1-005,type010103,controller_only,2,issue-77-n1-005-a02,stability,ValueError: sealed pre-decision state/RGB advanced during readiness or hold,76.56465220451355,0.6070423804066183,True,native_fail,False,True,False,,,33.145673288963735,,2026-09-22T03:32:16Z,52,45.733333333333334,4,1,976.05859375,True,joined,joined,joined,unjoinable:registry_disjoint_from_issue_77_membership,joined,joined
oracle--issue-77-n1-005-a07--a07,issue-77-n1-005-a07,issue-77-n1-005,type010103,controller_only,7,issue-77-n1-005-a07,stability,ValueError: sealed pre-decision state/RGB advanced during readiness or hold,81.68825840950012,0.9475582044814449,True,native_clear,True,True,False,,,74.59002712694928,,2026-09-22T03:33:14Z,53,46.7,2,1,993.078125,True,joined,joined,joined,unjoinable:registry_disjoint_from_issue_77_membership,joined,joined
oracle--issue-77-n1-005-a07--a08,issue-77-n1-005-a07,issue-77-n1-005,type010103,controller_only,8,issue-77-n1-005-a08,timeout,TimeoutError: timed out,67.4307268857956,0.0,True,right_censored,False,True,False,,,191.377545428928,,2026-09-22T03:33:31Z,54,46.983333333333334,3,2,954.10546875,True,joined,joined,joined,unjoinable:registry_disjoint_from_issue_77_membership,joined,joined
oracle--issue-77-n1-006-a05--a00,issue-77-n1-006-a05,issue-77-n1-006,type010103,predictor_train,0,issue-77-n1-006-a00,executed,,71.18912154436111,0.7343586492515728,True,stable_without_clear,False,True,False,False,False,66.89772480307147,27.17920422088355,2026-09-22T03:33:33Z,55,47.016666666666666,4,2,1061.08984375,True,joined,joined,joined,unjoinable:registry_disjoint_from_issue_77_membership,joined,joined
oracle--issue-77-n1-006-a05--a01,issue-77-n1-006-a05,issue-77-n1-006,type010103,predictor_train,1,issue-77-n1-006-a01,executed,,70.8892879486084,0.7039392092189974,True,stable_without_clear,False,True,False,False,False,67.54169166181237,27.92648898717016,2026-09-22T03:34:05Z,56,47.55,4,1,1020.953125,True,joined,joined,joined,unjoinable:registry_disjoint_from_issue_77_membership,joined,joined
oracle--issue-77-n1-006-a05--a02,issue-77-n1-006-a05,issue-77-n1-006,type010103,predictor_train,2,issue-77-n1-006-a02,executed,,72.4089207649231,0.8581126573656923,True,stable_without_clear,False,True,False,False,False,68.23181450599805,27.84260265575722,2026-09-22T03:34:48Z,57,48.266666666666666,3,1,1070.13671875,True,joined,joined,joined,unjoinable:registry_disjoint_from_issue_77_membership,joined,joined
oracle--issue-77-n1-006-a05--a03,issue-77-n1-006-a05,issue-77-n1-006,type010103,predictor_train,3,issue-77-n1-006-a03,executed,,67.46209561824799,0.35623543936032526,True,native_fail,False,True,False,False,False,76.80628760531545,35.72384917084128,2026-09-22T03:35:04Z,58,48.53333333333333,4,1,1043.3046875,True,joined,joined,joined,unjoinable:registry_disjoint_from_issue_77_membership,joined,joined
oracle--issue-77-n1-006-a05--a04,issue-77-n1-006-a05,issue-77-n1-006,type010103,predictor_train,4,issue-77-n1-006-a04,executed,,66.06381070613861,0.2143732710279741,True,right_censored,False,True,False,False,False,206.555477112066,130.45237864321098,2026-09-22T03:35:33Z,59,49.016666666666666,4,1,2605.890625,True,joined,joined,joined,unjoinable:registry_disjoint_from_issue_77_membership,joined,joined
oracle--issue-77-n1-006-a05--a05,issue-77-n1-006-a05,issue-77-n1-006,type010103,predictor_train,5,issue-77-n1-006-a05,executed,,63.9508096575737,0.0,True,right_censored,True,True,False,True,True,211.1683664927259,150.31693883705884,2026-09-22T03:36:16Z,60,49.733333333333334,4,1,1060.25,True,joined,joined,joined,unjoinable:registry_disjoint_from_issue_77_membership,joined,joined
oracle--issue-77-n1-006-a05--a06,issue-77-n1-006-a05,issue-77-n1-006,type010103,predictor_train,6,issue-77-n1-006-a06,executed,,70.81581646203995,0.696485203025454,True,native_fail,False,True,False,False,False,151.7167324097827,85.66178162023425,2026-09-22T03:36:42Z,61,50.166666666666664,4,1,2049.71484375,True,joined,joined,joined,unjoinable:registry_disjoint_from_issue_77_membership,joined,joined
oracle--issue-77-n1-006-a05--a07,issue-77-n1-006-a05,issue-77-n1-006,type010103,predictor_train,7,issue-77-n1-006-a07,executed,,71.07304728031158,0.7225824034785939,True,stable_without_clear,False,True,False,False,False,123.10098574310541,66.98349072923884,2026-09-22T03:37:06Z,62,50.56666666666667,4,1,1050.6484375,True,joined,joined,joined,unjoinable:registry_disjoint_from_issue_77_membership,joined,joined
oracle--issue-77-n1-006-a05--a08,issue-77-n1-006-a05,issue-77-n1-006,type010103,predictor_train,8,issue-77-n1-006-a08,executed,,70.7526216506958,0.6900738108356388,True,native_fail,False,True,False,False,False,167.2063268427737,103.75418845983222,2026-09-22T03:39:18Z,63,52.766666666666666,2,1,1746.06640625,True,joined,joined,joined,unjoinable:registry_disjoint_from_issue_77_membership,joined,joined
oracle--issue-77-n1-006-a05--a09,issue-77-n1-006-a05,issue-77-n1-006,type010103,predictor_train,9,issue-77-n1-006-a09,timeout,TimeoutError: timed out,71.47474610805511,0.7633365203447303,True,right_censored,False,True,False,,,191.32122232811525,,2026-09-22T03:39:37Z,64,53.083333333333336,3,2,954.359375,True,joined,joined,joined,unjoinable:registry_disjoint_from_issue_77_membership,joined,joined
oracle--issue-77-n1-006-a05--a10,issue-77-n1-006-a05,issue-77-n1-006,type010103,predictor_train,10,issue-77-n1-006-a10,executed,,71.17565470933914,0.7329923794733277,True,stable_without_clear,False,True,False,False,False,166.86265789996833,108.2003434440121,2026-09-22T03:39:39Z,65,53.11666666666667,4,2,1058.58984375,True,joined,joined,joined,unjoinable:registry_disjoint_from_issue_77_membership,joined,joined
oracle--issue-77-n1-006-a05--a11,issue-77-n1-006-a05,issue-77-n1-006,type010103,predictor_train,11,issue-77-n1-006-a11,executed,,73.05041217803955,0.923194789085187,True,right_censored,False,True,False,False,False,206.27790706278756,140.35039878403768,2026-09-22T03:40:09Z,66,53.61666666666667,4,1,1150.9140625,True,joined,joined,joined,unjoinable:registry_disjoint_from_issue_77_membership,joined,joined
oracle--issue-77-n1-006-a05--a12,issue-77-n1-006-a05,issue-77-n1-006,type010103,predictor_train,12,issue-77-n1-006-a12,executed,,73.80745381116867,1.0,True,right_censored,False,True,False,False,False,188.13527738070115,121.27311105420813,2026-09-22T03:42:34Z,67,56.03333333333333,3,1,1627.765625,True,joined,joined,joined,unjoinable:registry_disjoint_from_issue_77_membership,joined,joined
oracle--issue-77-n1-006-a11--a00,issue-77-n1-006-a11,issue-77-n1-006,type010103,predictor_train,0,issue-77-n1-006-a00,executed,,71.18912154436111,0.7343586492515728,True,stable_without_clear,False,True,False,False,False,68.1446967930533,28.388786769937724,2026-09-22T03:42:53Z,68,56.35,3,1,1008.78515625,True,joined,joined,joined,unjoinable:registry_disjoint_from_issue_77_membership,joined,joined
oracle--issue-77-n1-006-a11--a01,issue-77-n1-006-a11,issue-77-n1-006,type010103,predictor_train,1,issue-77-n1-006-a01,executed,,70.8892879486084,0.7039392092189974,True,stable_without_clear,False,True,False,False,False,62.81694546015933,23.367721141781658,2026-09-22T03:43:11Z,69,56.65,4,1,1058.265625,True,joined,joined,joined,unjoinable:registry_disjoint_from_issue_77_membership,joined,joined
oracle--issue-77-n1-006-a11--a02,issue-77-n1-006-a11,issue-77-n1-006,type010103,predictor_train,2,issue-77-n1-006-a02,executed,,72.4089207649231,0.8581126573656923,True,stable_without_clear,False,True,False,False,False,69.45789213990793,28.049574720673263,2026-09-22T03:43:53Z,70,57.35,4,1,1163.86328125,True,joined,joined,joined,unjoinable:registry_disjoint_from_issue_77_membership,joined,joined
oracle--issue-77-n1-006-a11--a03,issue-77-n1-006-a11,issue-77-n1-006,type010103,predictor_train,3,issue-77-n1-006-a03,executed,,67.46209561824799,0.35623543936032526,True,native_fail,False,True,False,False,False,81.9499507592991,39.401441583409905,2026-09-22T03:44:20Z,71,57.8,3,1,1048.73828125,True,joined,joined,joined,unjoinable:registry_disjoint_from_issue_77_membership,joined,joined
oracle--issue-77-n1-006-a11--a04,issue-77-n1-006-a11,issue-77-n1-006,type010103,predictor_train,4,issue-77-n1-006-a04,executed,,66.06381070613861,0.2143732710279741,True,right_censored,False,True,False,False,False,208.50732206599787,136.19432217720896,2026-09-22T03:44:34Z,72,58.03333333333333,4,1,2255.8046875,True,joined,joined,joined,unjoinable:registry_disjoint_from_issue_77_membership,joined,joined
oracle--issue-77-n1-006-a11--a05,issue-77-n1-006-a11,issue-77-n1-006,type010103,predictor_train,5,issue-77-n1-006-a05,executed,,63.9508096575737,0.0,True,right_censored,True,True,False,True,True,212.52936648018658,148.3196481410414,2026-09-22T03:45:21Z,73,58.81666666666667,4,1,1060.84375,True,joined,joined,joined,unjoinable:registry_disjoint_from_issue_77_membership,joined,joined
oracle--issue-77-n1-006-a11--a06,issue-77-n1-006-a11,issue-77-n1-006,type010103,predictor_train,6,issue-77-n1-006-a06,timeout,TimeoutError: timed out,70.81581646203995,0.696485203025454,True,native_fail,False,True,False,,,191.25079472269863,,2026-09-22T03:45:57Z,74,59.416666666666664,3,2,951.5546875,True,joined,joined,joined,unjoinable:registry_disjoint_from_issue_77_membership,joined,joined
oracle--issue-77-n1-006-a11--a07,issue-77-n1-006-a11,issue-77-n1-006,type010103,predictor_train,7,issue-77-n1-006-a07,executed,,71.07304728031158,0.7225824034785939,True,stable_without_clear,False,True,False,False,False,128.79364380193874,73.97250535199419,2026-09-22T03:45:58Z,75,59.43333333333333,4,2,1107.73046875,True,joined,joined,joined,unjoinable:registry_disjoint_from_issue_77_membership,joined,joined
oracle--issue-77-n1-006-a11--a08,issue-77-n1-006-a11,issue-77-n1-006,type010103,predictor_train,8,issue-77-n1-006-a08,executed,,70.7526216506958,0.6900738108356388,True,native_fail,False,True,False,False,False,161.83670885302126,99.377783365082,2026-09-22T03:48:24Z,76,61.86666666666667,3,1,1053.33984375,True,joined,joined,joined,unjoinable:registry_disjoint_from_issue_77_membership,joined,joined
oracle--issue-77-n1-006-a11--a09,issue-77-n1-006-a11,issue-77-n1-006,type010103,predictor_train,9,issue-77-n1-006-a09,executed,,71.47474610805511,0.7633365203447303,True,right_censored,False,True,False,False,False,195.79224064107984,130.4794389726594,2026-09-22T03:48:46Z,77,62.233333333333334,4,1,2172.0390625,True,joined,joined,joined,unjoinable:registry_disjoint_from_issue_77_membership,joined,joined
oracle--issue-77-n1-006-a11--a10,issue-77-n1-006-a11,issue-77-n1-006,type010103,predictor_train,10,issue-77-n1-006-a10,executed,,71.17565470933914,0.7329923794733277,True,stable_without_clear,False,True,False,False,False,137.88350119395182,78.37595135113224,2026-09-22T03:49:14Z,78,62.7,3,1,1365.125,True,joined,joined,joined,unjoinable:registry_disjoint_from_issue_77_membership,joined,joined
oracle--issue-77-n1-006-a11--a11,issue-77-n1-006-a11,issue-77-n1-006,type010103,predictor_train,11,issue-77-n1-006-a11,executed,,73.05041217803955,0.923194789085187,True,right_censored,False,True,False,False,False,192.91380804171786,128.51808496005833,2026-09-22T03:49:29Z,79,62.95,4,1,2486.5390625,True,joined,joined,joined,unjoinable:registry_disjoint_from_issue_77_membership,joined,joined
oracle--issue-77-n1-006-a11--a12,issue-77-n1-006-a11,issue-77-n1-006,type010103,predictor_train,12,issue-77-n1-006-a12,executed,,73.80745381116867,1.0,True,right_censored,False,True,False,False,False,199.02521855710074,134.45043540513143,2026-09-22T03:51:31Z,80,64.98333333333333,4,1,1063.9609375,True,joined,joined,joined,unjoinable:registry_disjoint_from_issue_77_membership,joined,joined
oracle--issue-77-n1-007-a05--a00,issue-77-n1-007-a05,issue-77-n1-007,type010103,held_out_evaluation,0,issue-77-n1-007-a00,executed,,68.64341333508492,0.48777981320324115,True,stable_without_clear,False,False,False,False,False,109.69017191696912,59.2975933579728,2026-09-22T03:52:09Z,81,65.61666666666666,3,1,1071.0703125,True,joined,joined,joined,unjoinable:registry_disjoint_from_issue_77_membership,joined,joined
oracle--issue-77-n1-007-a05--a01,issue-77-n1-007-a05,issue-77-n1-007,type010103,held_out_evaluation,1,issue-77-n1-007-a01,executed,,67.46003904938698,0.4019404676856169,True,stable_without_clear,False,False,False,False,False,188.75780065497383,128.31946164090186,2026-09-22T03:52:29Z,82,65.95,4,1,1054.82421875,True,joined,joined,joined,unjoinable:registry_disjoint_from_issue_77_membership,joined,joined
oracle--issue-77-n1-007-a05--a02,issue-77-n1-007-a05,issue-77-n1-007,type010103,held_out_evaluation,2,issue-77-n1-007-a02,timeout,TimeoutError: Science Birds did not reach PLAYING before timeout,67.5295624434948,0.406983540465299,True,stable_without_clear,False,False,False,,,77.09603900462389,,2026-09-22T03:52:58Z,83,66.43333333333334,4,1,957.1875,True,joined,joined,joined,unjoinable:registry_disjoint_from_issue_77_membership,joined,joined
oracle--issue-77-n1-007-a05--a03,issue-77-n1-007-a05,issue-77-n1-007,type010103,held_out_evaluation,3,issue-77-n1-007-a03,executed,,65.15405482053757,0.23466948726064316,True,right_censored,False,False,False,False,False,227.3809921918437,159.31458585010841,2026-09-22T03:54:26Z,84,67.9,3,1,2020.44140625,True,joined,joined,joined,unjoinable:registry_disjoint_from_issue_77_membership,joined,joined
oracle--issue-77-n1-007-a05--a04,issue-77-n1-007-a05,issue-77-n1-007,type010103,held_out_evaluation,4,issue-77-n1-007-a04,executed,,66.65627831220627,0.34363744685255604,True,right_censored,False,False,False,False,False,184.4361727978103,116.8112027682364,2026-09-22T03:54:47Z,85,68.25,4,1,2286.55078125,True,joined,joined,joined,unjoinable:registry_disjoint_from_issue_77_membership,joined,joined
oracle--issue-77-n1-007-a05--a05,issue-77-n1-007-a05,issue-77-n1-007,type010103,held_out_evaluation,5,issue-77-n1-007-a05,executed,,63.410838425159454,0.10822043704607318,True,right_censored,False,False,False,False,False,184.54962335713208,121.96791891381145,2026-09-22T03:55:30Z,86,68.96666666666667,4,1,2337.078125,True,joined,joined,joined,unjoinable:registry_disjoint_from_issue_77_membership,joined,joined
oracle--issue-77-n1-007-a05--a06,issue-77-n1-007-a05,issue-77-n1-007,type010103,held_out_evaluation,6,issue-77-n1-007-a06,executed,,72.25613814592361,0.7498388566062133,True,right_censored,False,False,False,False,False,193.50572991091758,131.1599046732299,2026-09-22T03:55:58Z,87,69.43333333333334,4,1,1057.71484375,True,joined,joined,joined,unjoinable:registry_disjoint_from_issue_77_membership,joined,joined
oracle--issue-77-n1-007-a05--a07,issue-77-n1-007-a05,issue-77-n1-007,type010103,held_out_evaluation,7,issue-77-n1-007-a07,executed,,75.70483946800232,1.0,True,stable_without_clear,False,False,False,False,False,190.86169114895165,128.70069055678323,2026-09-22T03:58:20Z,88,71.8,3,1,1054.05859375,True,joined,joined,joined,unjoinable:registry_disjoint_from_issue_77_membership,joined,joined
oracle--issue-77-n1-007-a05--a08,issue-77-n1-007-a05,issue-77-n1-007,type010103,held_out_evaluation,8,issue-77-n1-007-a08,executed,,68.56723865866661,0.482254271159789,True,stable_without_clear,False,False,False,False,False,174.41174005903304,76.15339252585545,2026-09-22T03:58:43Z,89,72.18333333333334,3,1,1229.8125,True,joined,joined,joined,unjoinable:registry_disjoint_from_issue_77_membership,joined,joined
oracle--issue-77-n1-007-a05--a09,issue-77-n1-007-a05,issue-77-n1-007,type010103,held_out_evaluation,9,issue-77-n1-007-a09,executed,,61.91892021894455,0.0,True,right_censored,False,False,False,False,False,164.56784095894545,100.84551763394848,2026-09-22T03:59:09Z,90,72.61666666666666,4,1,2451.23046875,True,joined,joined,joined,unjoinable:registry_disjoint_from_issue_77_membership,joined,joined
oracle--issue-77-n1-007-a05--a10,issue-77-n1-007-a05,issue-77-n1-007,type010103,held_out_evaluation,10,issue-77-n1-007-a10,executed,,74.02713578939438,0.8783030969282221,True,right_censored,False,False,False,False,False,196.11700273584574,132.85504831327125,2026-09-22T03:59:51Z,91,73.31666666666666,4,1,1055.53125,True,joined,joined,joined,unjoinable:registry_disjoint_from_issue_77_membership,joined,joined
oracle--issue-77-n1-007-a05--a11,issue-77-n1-007-a05,issue-77-n1-007,type010103,held_out_evaluation,11,issue-77-n1-007-a11,timeout,TimeoutError: timed out,68.15492224693298,0.4523457533246938,True,right_censored,False,False,False,,,191.18889670819044,,2026-09-22T04:01:52Z,92,75.33333333333333,3,2,952.41015625,True,joined,joined,joined,unjoinable:registry_disjoint_from_issue_77_membership,joined,joined
oracle--issue-77-n1-007-a05--a12,issue-77-n1-007-a05,issue-77-n1-007,type010103,held_out_evaluation,12,issue-77-n1-007-a12,executed,,70.73125904798508,0.6392275095940974,True,right_censored,False,False,False,False,False,177.7988491584547,111.36632501520216,2026-09-22T04:01:53Z,93,75.35,4,2,1069.67578125,True,joined,joined,joined,unjoinable:registry_disjoint_from_issue_77_membership,joined,joined
oracle--issue-77-n1-007-a12--a00,issue-77-n1-007-a12,issue-77-n1-007,type010103,held_out_evaluation,0,issue-77-n1-007-a00,executed,,68.64341333508492,0.48777981320324115,True,stable_without_clear,False,False,False,False,False,126.69401395693421,75.25051711406559,2026-09-22T04:02:37Z,94,76.08333333333333,4,1,1049.05078125,True,joined,joined,joined,unjoinable:registry_disjoint_from_issue_77_membership,joined,joined
oracle--issue-77-n1-007-a12--a01,issue-77-n1-007-a12,issue-77-n1-007,type010103,held_out_evaluation,1,issue-77-n1-007-a01,executed,,67.46003904938698,0.4019404676856169,True,stable_without_clear,False,False,False,False,False,183.3169604181312,120.49321754695848,2026-09-22T04:03:39Z,95,77.11666666666666,4,1,1068.3359375,True,joined,joined,joined,unjoinable:registry_disjoint_from_issue_77_membership,joined,joined
oracle--issue-77-n1-007-a12--a02,issue-77-n1-007-a12,issue-77-n1-007,type010103,held_out_evaluation,2,issue-77-n1-007-a02,timeout,TimeoutError: timed out,67.5295624434948,0.406983540465299,True,stable_without_clear,False,False,False,,,191.21608954295516,,2026-09-22T04:05:05Z,96,78.55,2,2,955.87109375,True,joined,joined,joined,unjoinable:registry_disjoint_from_issue_77_membership,joined,joined
oracle--issue-77-n1-007-a12--a03,issue-77-n1-007-a12,issue-77-n1-007,type010103,held_out_evaluation,3,issue-77-n1-007-a03,executed,,65.15405482053757,0.23466948726064316,True,right_censored,False,False,False,False,False,185.52050301386043,119.89120438881218,2026-09-22T04:05:07Z,97,78.58333333333333,3,2,2435.8984375,True,joined,joined,joined,unjoinable:registry_disjoint_from_issue_77_membership,joined,joined
oracle--issue-77-n1-007-a12--a04,issue-77-n1-007-a12,issue-77-n1-007,type010103,held_out_evaluation,4,issue-77-n1-007-a04,executed,,66.65627831220627,0.34363744685255604,True,right_censored,False,False,False,False,False,200.7468931679614,141.58979706838727,2026-09-22T04:05:29Z,98,78.95,4,1,1065.9375,True,joined,joined,joined,unjoinable:registry_disjoint_from_issue_77_membership,joined,joined
oracle--issue-77-n1-007-a12--a05,issue-77-n1-007-a12,issue-77-n1-007,type010103,held_out_evaluation,5,issue-77-n1-007-a05,executed,,63.410838425159454,0.10822043704607318,True,right_censored,False,False,False,False,False,196.28161863191053,130.60544986417517,2026-09-22T04:07:15Z,99,80.71666666666667,4,1,1670.08203125,True,joined,joined,joined,unjoinable:registry_disjoint_from_issue_77_membership,joined,joined
oracle--issue-77-n1-007-a12--a06,issue-77-n1-007-a12,issue-77-n1-007,type010103,held_out_evaluation,6,issue-77-n1-007-a06,timeout,TimeoutError: timed out,72.25613814592361,0.7498388566062133,True,right_censored,False,False,False,,,191.21186623396352,,2026-09-22T04:08:43Z,100,82.18333333333334,3,2,954.890625,True,joined,joined,joined,unjoinable:registry_disjoint_from_issue_77_membership,joined,joined
oracle--issue-77-n1-007-a12--a07,issue-77-n1-007-a12,issue-77-n1-007,type010103,held_out_evaluation,7,issue-77-n1-007-a07,executed,,75.70483946800232,1.0,True,stable_without_clear,False,False,False,False,False,150.37826575385407,95.6789801325649,2026-09-22T04:08:44Z,101,82.2,4,2,2087.00390625,True,joined,joined,joined,unjoinable:registry_disjoint_from_issue_77_membership,joined,joined
oracle--issue-77-n1-007-a12--a08,issue-77-n1-007-a12,issue-77-n1-007,type010103,held_out_evaluation,8,issue-77-n1-007-a08,executed,,68.56723865866661,0.482254271159789,True,stable_without_clear,False,False,False,False,False,141.21960708498955,88.61691624997184,2026-09-22T04:09:28Z,102,82.93333333333334,4,1,1058.34765625,True,joined,joined,joined,unjoinable:registry_disjoint_from_issue_77_membership,joined,joined
oracle--issue-77-n1-007-a12--a09,issue-77-n1-007-a12,issue-77-n1-007,type010103,held_out_evaluation,9,issue-77-n1-007-a09,executed,,61.91892021894455,0.0,True,right_censored,False,False,False,False,False,182.5026784320362,117.78969745291397,2026-09-22T04:11:01Z,103,84.48333333333333,4,1,2178.1171875,True,joined,joined,joined,unjoinable:registry_disjoint_from_issue_77_membership,joined,joined
oracle--issue-77-n1-007-a12--a10,issue-77-n1-007-a12,issue-77-n1-007,type010103,held_out_evaluation,10,issue-77-n1-007-a10,executed,,74.02713578939438,0.8783030969282221,True,right_censored,False,False,False,False,False,191.4063987052068,128.66683349199593,2026-09-22T04:11:48Z,104,85.26666666666667,4,1,1659.7734375,True,joined,joined,joined,unjoinable:registry_disjoint_from_issue_77_membership,joined,joined
oracle--issue-77-n1-007-a12--a11,issue-77-n1-007-a12,issue-77-n1-007,type010103,held_out_evaluation,11,issue-77-n1-007-a11,timeout,TimeoutError: timed out,68.15492224693298,0.4523457533246938,True,right_censored,False,False,False,,,191.2687398144044,,2026-09-22T04:12:19Z,105,85.78333333333333,3,2,954.2421875,True,joined,joined,joined,unjoinable:registry_disjoint_from_issue_77_membership,joined,joined
oracle--issue-77-n1-007-a12--a12,issue-77-n1-007-a12,issue-77-n1-007,type010103,held_out_evaluation,12,issue-77-n1-007-a12,executed,,70.73125904798508,0.6392275095940974,True,right_censored,False,False,False,False,False,204.1653459360823,142.7459142259322,2026-09-22T04:12:20Z,106,85.8,4,2,2184.54296875,True,joined,joined,joined,unjoinable:registry_disjoint_from_issue_77_membership,joined,joined
oracle--issue-77-n1-008-a05--a00,issue-77-n1-008-a05,issue-77-n1-008,type010103,held_out_evaluation,0,issue-77-n1-008-a00,executed,,51.429109305143356,0.037619838358576296,True,right_censored,False,False,False,False,False,198.99770295759663,130.96871524024755,2026-09-22T04:14:38Z,107,88.1,4,1,1879.69140625,True,joined,joined,joined,unjoinable:registry_disjoint_from_issue_77_membership,joined,joined
oracle--issue-77-n1-008-a05--a01,issue-77-n1-008-a05,issue-77-n1-008,type010103,held_out_evaluation,1,issue-77-n1-008-a01,executed,,64.6012732386589,0.8436825705188364,True,stable_without_clear,False,False,False,False,False,134.16981900902465,79.8728281520307,2026-09-22T04:15:30Z,108,88.96666666666667,4,1,1079.87109375,True,joined,joined,joined,unjoinable:registry_disjoint_from_issue_77_membership,joined,joined
oracle--issue-77-n1-008-a05--a02,issue-77-n1-008-a05,issue-77-n1-008,type010103,held_out_evaluation,2,issue-77-n1-008-a02,executed,,50.81434985995293,0.0,True,right_censored,False,False,False,False,False,183.99731771973893,119.8635495887138,2026-09-22T04:15:51Z,109,89.31666666666666,3,1,1075.5234375,True,joined,joined,joined,unjoinable:registry_disjoint_from_issue_77_membership,joined,joined
oracle--issue-77-n1-008-a05--a03,issue-77-n1-008-a05,issue-77-n1-008,type010103,held_out_evaluation,3,issue-77-n1-008-a03,executed,,55.694264590740204,0.2986234775441083,True,right_censored,False,False,False,False,False,250.6433425792493,140.70564498519525,2026-09-22T04:16:12Z,110,89.66666666666667,4,1,2121.63671875,True,joined,joined,joined,unjoinable:registry_disjoint_from_issue_77_membership,joined,joined
oracle--issue-77-n1-008-a05--a04,issue-77-n1-008-a05,issue-77-n1-008,type010103,held_out_evaluation,4,issue-77-n1-008-a04,timeout,TimeoutError: timed out,65.00085318088531,0.86813462726313,True,stable_without_clear,False,False,False,,,191.319626621902,,2026-09-22T04:18:23Z,111,91.85,3,2,954.51171875,True,joined,joined,joined,unjoinable:registry_disjoint_from_issue_77_membership,joined,joined
oracle--issue-77-n1-008-a05--a05,issue-77-n1-008-a05,issue-77-n1-008,type010103,held_out_evaluation,5,issue-77-n1-008-a05,executed,,58.85415458679199,0.49199106516291685,True,right_censored,False,False,False,False,False,208.68387901503593,141.77504963986576,2026-09-22T04:18:25Z,112,91.88333333333334,4,2,1069.89453125,True,joined,joined,joined,unjoinable:registry_disjoint_from_issue_77_membership,joined,joined
oracle--issue-77-n1-008-a05--a06,issue-77-n1-008-a05,issue-77-n1-008,type010103,held_out_evaluation,6,issue-77-n1-008-a06,executed,,63.39050477743149,0.76959031515393,True,right_censored,False,False,False,False,False,204.42774287285283,136.18030177196488,2026-09-22T04:19:41Z,113,93.15,4,1,2241.73046875,True,joined,joined,joined,unjoinable:registry_disjoint_from_issue_77_membership,joined,joined
oracle--issue-77-n1-008-a05--a07,issue-77-n1-008-a05,issue-77-n1-008,type010103,held_out_evaluation,7,issue-77-n1-008-a07,executed,,59.13243794441223,0.5090204496050093,True,native_fail,False,False,False,False,False,201.29589602304623,134.48842292372137,2026-09-22T04:20:57Z,114,94.41666666666667,4,1,1059.05859375,True,joined,joined,joined,unjoinable:registry_disjoint_from_issue_77_membership,joined,joined
oracle--issue-77-n1-008-a05--a08,issue-77-n1-008-a05,issue-77-n1-008,type010103,held_out_evaluation,8,issue-77-n1-008-a08,executed,,64.6012732386589,0.8436825705188364,True,stable_without_clear,False,False,False,False,False,195.3755569611676,129.83204032899812,2026-09-22T04:21:58Z,115,95.43333333333334,3,1,1054.89453125,True,joined,joined,joined,unjoinable:registry_disjoint_from_issue_77_membership,joined,joined
oracle--issue-77-n1-008-a05--a09,issue-77-n1-008-a05,issue-77-n1-008,type010103,held_out_evaluation,9,issue-77-n1-008-a09,executed,,55.749354779720306,0.30199468887040665,True,right_censored,False,False,False,False,False,204.46918270597234,139.00813747942448,2026-09-22T04:22:25Z,116,95.88333333333334,4,1,2175.53515625,True,joined,joined,joined,unjoinable:registry_disjoint_from_issue_77_membership,joined,joined
oracle--issue-77-n1-008-a05--a10,issue-77-n1-008-a05,issue-77-n1-008,type010103,held_out_evaluation,10,issue-77-n1-008-a10,executed,,64.83849239349365,0.8581990555118842,True,right_censored,False,False,False,False,False,199.36117289960384,132.8551713298075,2026-09-22T04:23:48Z,117,97.26666666666667,4,1,1062.78515625,True,joined,joined,joined,unjoinable:registry_disjoint_from_issue_77_membership,joined,joined
oracle--issue-77-n1-008-a05--a11,issue-77-n1-008-a05,issue-77-n1-008,type010103,held_out_evaluation,11,issue-77-n1-008-a11,executed,,64.51491093635559,0.8383976808301246,True,right_censored,False,False,False,False,False,195.35926947323605,126.97147779166698,2026-09-22T04:25:06Z,118,98.56666666666666,4,1,2496.390625,True,joined,joined,joined,unjoinable:registry_disjoint_from_issue_77_membership,joined,joined
oracle--issue-77-n1-008-a05--a12,issue-77-n1-008-a05,issue-77-n1-008,type010103,held_out_evaluation,12,issue-77-n1-008-a12,executed,,67.15571314096451,1.0,True,right_censored,False,False,False,False,False,199.78519746521488,133.59169548982754,2026-09-22T04:25:49Z,119,99.28333333333333,4,1,1065.39453125,True,joined,joined,joined,unjoinable:registry_disjoint_from_issue_77_membership,joined,joined
oracle--issue-77-n1-008-a12--a00,issue-77-n1-008-a12,issue-77-n1-008,type010103,held_out_evaluation,0,issue-77-n1-008-a00,executed,,51.429109305143356,0.037619838358576296,True,right_censored,False,False,False,False,False,202.35899470793083,136.8109379298985,2026-09-22T04:26:14Z,120,99.7,4,1,1056.40234375,True,joined,joined,joined,unjoinable:registry_disjoint_from_issue_77_membership,joined,joined
oracle--issue-77-n1-008-a12--a01,issue-77-n1-008-a12,issue-77-n1-008,type010103,held_out_evaluation,1,issue-77-n1-008-a01,executed,,64.6012732386589,0.8436825705188364,True,stable_without_clear,False,False,False,False,False,137.8999468269758,87.1633081738837,2026-09-22T04:27:42Z,121,101.16666666666667,4,1,1044.984375,True,joined,joined,joined,unjoinable:registry_disjoint_from_issue_77_membership,joined,joined
oracle--issue-77-n1-008-a12--a02,issue-77-n1-008-a12,issue-77-n1-008,type010103,held_out_evaluation,2,issue-77-n1-008-a02,executed,,50.81434985995293,0.0,True,right_censored,False,False,False,False,False,164.13199878530577,98.41469316883013,2026-09-22T04:29:02Z,122,102.5,4,1,1584.35546875,True,joined,joined,joined,unjoinable:registry_disjoint_from_issue_77_membership,joined,joined
oracle--issue-77-n1-008-a12--a03,issue-77-n1-008-a12,issue-77-n1-008,type010103,held_out_evaluation,3,issue-77-n1-008-a03,executed,,55.694264590740204,0.2986234775441083,True,right_censored,False,False,False,False,False,202.04213772015646,136.70020259777084,2026-09-22T04:29:54Z,123,103.36666666666666,3,1,2688.9609375,True,joined,joined,joined,unjoinable:registry_disjoint_from_issue_77_membership,joined,joined
oracle--issue-77-n1-008-a12--a04,issue-77-n1-008-a12,issue-77-n1-008,type010103,held_out_evaluation,4,issue-77-n1-008-a04,executed,,65.00085318088531,0.86813462726313,True,stable_without_clear,False,False,False,False,False,156.53694084612653,97.98836994776502,2026-09-22T04:30:18Z,124,103.76666666666667,3,1,1304.7578125,True,joined,joined,joined,unjoinable:registry_disjoint_from_issue_77_membership,joined,joined
oracle--issue-77-n1-008-a12--a05,issue-77-n1-008-a12,issue-77-n1-008,type010103,held_out_evaluation,5,issue-77-n1-008-a05,executed,,58.85415458679199,0.49199106516291685,True,right_censored,False,False,False,False,False,202.64860906964168,138.33442847104743,2026-09-22T04:30:42Z,125,104.16666666666667,4,1,1066.9140625,True,joined,joined,joined,unjoinable:registry_disjoint_from_issue_77_membership,joined,joined
oracle--issue-77-n1-008-a12--a06,issue-77-n1-008-a12,issue-77-n1-008,type010103,held_out_evaluation,6,issue-77-n1-008-a06,executed,,63.39050477743149,0.76959031515393,True,right_censored,False,False,False,False,False,193.97525763418525,127.8586254301481,2026-09-22T04:32:07Z,126,105.58333333333333,4,1,1242.8203125,True,joined,joined,joined,unjoinable:registry_disjoint_from_issue_77_membership,joined,joined
oracle--issue-77-n1-008-a12--a07,issue-77-n1-008-a12,issue-77-n1-008,type010103,held_out_evaluation,7,issue-77-n1-008-a07,executed,,59.13243794441223,0.5090204496050093,True,native_fail,False,False,False,False,False,186.44977238029242,118.00645913695917,2026-09-22T04:33:34Z,127,107.03333333333333,3,1,1334.4140625,True,joined,joined,joined,unjoinable:registry_disjoint_from_issue_77_membership,joined,joined
oracle--issue-77-n1-008-a12--a08,issue-77-n1-008-a12,issue-77-n1-008,type010103,held_out_evaluation,8,issue-77-n1-008-a08,executed,,64.6012732386589,0.8436825705188364,True,stable_without_clear,False,False,False,False,False,196.17412298498675,133.59924900671467,2026-09-22T04:34:02Z,128,107.5,4,1,1050.375,True,joined,joined,joined,unjoinable:registry_disjoint_from_issue_77_membership,joined,joined
oracle--issue-77-n1-008-a12--a09,issue-77-n1-008-a12,issue-77-n1-008,type010103,held_out_evaluation,9,issue-77-n1-008-a09,executed,,55.749354779720306,0.30199468887040665,True,right_censored,False,False,False,False,False,196.45168877765536,132.31958122225478,2026-09-22T04:34:58Z,129,108.43333333333334,4,1,1064.65625,True,joined,joined,joined,unjoinable:registry_disjoint_from_issue_77_membership,joined,joined
oracle--issue-77-n1-008-a12--a10,issue-77-n1-008-a12,issue-77-n1-008,type010103,held_out_evaluation,10,issue-77-n1-008-a10,executed,,64.83849239349365,0.8581990555118842,True,right_censored,False,False,False,False,False,199.95371522195637,135.31032575434074,2026-09-22T04:35:47Z,130,109.25,4,1,1977.9609375,True,joined,joined,joined,unjoinable:registry_disjoint_from_issue_77_membership,joined,joined
oracle--issue-77-n1-008-a12--a11,issue-77-n1-008-a12,issue-77-n1-008,type010103,held_out_evaluation,11,issue-77-n1-008-a11,executed,,64.51491093635559,0.8383976808301246,True,right_censored,False,False,False,False,False,181.01984570128843,116.14189691608772,2026-09-22T04:37:15Z,131,110.71666666666667,4,1,1064.92578125,True,joined,joined,joined,unjoinable:registry_disjoint_from_issue_77_membership,joined,joined
oracle--issue-77-n1-008-a12--a12,issue-77-n1-008-a12,issue-77-n1-008,type010103,held_out_evaluation,12,issue-77-n1-008-a12,executed,,67.15571314096451,1.0,True,right_censored,False,False,False,False,False,194.32563972007483,127.86072368687019,2026-09-22T04:38:18Z,132,111.76666666666667,3,1,1281.62109375,True,joined,joined,joined,unjoinable:registry_disjoint_from_issue_77_membership,joined,joined
oracle--issue-77-n1-009-a00--a00,issue-77-n1-009-a00,issue-77-n1-009,type010105,predictor_train,0,issue-77-n1-009-a00,executed,,53.23759865760803,0.0058944326404513515,True,right_censored,False,False,True,False,False,221.094807788264,148.64194711996242,2026-09-22T04:38:51Z,133,112.31666666666666,4,1,2457.7734375,True,joined,joined,joined,unjoinable:registry_disjoint_from_issue_77_membership,joined,joined
oracle--issue-77-n1-009-a00--a01,issue-77-n1-009-a00,issue-77-n1-009,type010105,predictor_train,1,issue-77-n1-009-a01,executed,,65.89281702041626,0.01939438653669526,True,right_censored,False,False,True,False,False,232.65097827091813,161.13301381841302,2026-09-22T04:39:51Z,134,113.31666666666666,4,1,1809.46484375,True,joined,joined,joined,unjoinable:registry_disjoint_from_issue_77_membership,joined,joined
oracle--issue-77-n1-009-a00--a02,issue-77-n1-009-a00,issue-77-n1-009,type010105,predictor_train,2,issue-77-n1-009-a02,executed,,55.09344157576561,0.007874153030533862,True,stable_without_clear,False,False,True,False,False,142.73799707368016,86.11285788100213,2026-09-22T04:40:40Z,135,114.13333333333334,4,1,1705.72265625,True,joined,joined,joined,unjoinable:registry_disjoint_from_issue_77_membership,joined,joined
oracle--issue-77-n1-009-a00--a03,issue-77-n1-009-a00,issue-77-n1-009,type010105,predictor_train,3,issue-77-n1-009-a03,executed,,572.3116657733917,0.5596166817478084,True,right_censored,False,False,True,False,False,226.92323286877945,147.8167871660553,2026-09-22T04:42:13Z,136,115.68333333333334,4,1,3101.7734375,True,joined,joined,joined,unjoinable:registry_disjoint_from_issue_77_membership,joined,joined
oracle--issue-77-n1-009-a00--a04,issue-77-n1-009-a00,issue-77-n1-009,type010105,predictor_train,4,issue-77-n1-009-a04,executed,,985.138783454895,1.0,True,right_censored,False,False,True,False,False,224.48968245834112,149.41192314587533,2026-09-22T04:43:22Z,137,116.83333333333333,3,1,1112.2578125,True,joined,joined,joined,unjoinable:registry_disjoint_from_issue_77_membership,joined,joined
oracle--issue-77-n1-009-a00--a05,issue-77-n1-009-a00,issue-77-n1-009,type010105,predictor_train,5,issue-77-n1-009-a05,executed,,962.346066236496,0.9756858694336877,True,right_censored,False,False,True,False,False,232.79840982705355,161.1118779690005,2026-09-22T04:43:50Z,138,117.3,3,1,1080.29296875,True,joined,joined,joined,unjoinable:registry_disjoint_from_issue_77_membership,joined,joined
oracle--issue-77-n1-009-a00--a06,issue-77-n1-009-a00,issue-77-n1-009,type010105,predictor_train,6,issue-77-n1-009-a06,executed,,93.38483709096909,0.04872149831200865,True,stable_without_clear,False,False,True,False,False,140.60894129471853,85.12599556008354,2026-09-22T04:44:16Z,139,117.73333333333333,4,1,1358.6875,True,joined,joined,joined,unjoinable:registry_disjoint_from_issue_77_membership,joined,joined
oracle--issue-77-n1-009-a00--a07,issue-77-n1-009-a00,issue-77-n1-009,type010105,predictor_train,7,issue-77-n1-009-a07,executed,,52.6568708717823,0.005274941288334098,True,right_censored,False,False,True,False,False,211.6089719478041,132.6260166610591,2026-09-22T04:46:57Z,140,120.41666666666667,3,1,1074.69921875,True,joined,joined,joined,unjoinable:registry_disjoint_from_issue_77_membership,joined,joined
oracle--issue-77-n1-009-a00--a08,issue-77-n1-009-a00,issue-77-n1-009,type010105,predictor_train,8,issue-77-n1-009-a08,executed,,153.47915995121002,0.11282711583524718,True,right_censored,False,False,True,False,False,217.93184545217082,140.5686228130944,2026-09-22T04:47:35Z,141,121.05,3,1,2308.16015625,True,joined,joined,joined,unjoinable:registry_disjoint_from_issue_77_membership,joined,joined
oracle--issue-77-n1-009-a00--a09,issue-77-n1-009-a00,issue-77-n1-009,type010105,predictor_train,9,issue-77-n1-009-a09,executed,,47.711999624967575,0.0,True,right_censored,False,False,True,False,False,216.32656619371846,140.32166038127616,2026-09-22T04:48:01Z,142,121.48333333333333,3,1,1081.26171875,True,joined,joined,joined,unjoinable:registry_disjoint_from_issue_77_membership,joined,joined
oracle--issue-77-n1-009-a00--a10,issue-77-n1-009-a00,issue-77-n1-009,type010105,predictor_train,10,issue-77-n1-009-a10,executed,,58.17456737160683,0.011160943902086568,True,stable_without_clear,False,False,True,False,False,208.60782075533643,142.3061953978613,2026-09-22T04:48:28Z,143,121.93333333333334,4,1,1195.23046875,True,joined,joined,joined,unjoinable:registry_disjoint_from_issue_77_membership,joined,joined
oracle--issue-77-n1-009-a00--a11,issue-77-n1-009-a00,issue-77-n1-009,type010105,predictor_train,11,issue-77-n1-009-a11,executed,,165.67661952972412,0.12583875555891763,True,right_censored,False,False,True,False,False,223.47002655593678,148.53152285236865,2026-09-22T04:51:33Z,144,125.01666666666667,3,1,2372.02734375,True,joined,joined,joined,unjoinable:registry_disjoint_from_issue_77_membership,joined,joined
oracle--issue-77-n1-009-a00--a12,issue-77-n1-009-a00,issue-77-n1-009,type010105,predictor_train,12,issue-77-n1-009-a12,executed,,54.643709152936935,0.007394400978868281,True,stable_without_clear,False,False,True,False,False,150.66052182624117,86.09127148473635,2026-09-22T04:52:02Z,145,125.5,2,1,2427.375,True,joined,joined,joined,unjoinable:registry_disjoint_from_issue_77_membership,joined,joined
oracle--issue-77-n1-009-a09--a00,issue-77-n1-009-a09,issue-77-n1-009,type010105,predictor_train,0,issue-77-n1-009-a00,timeout,TimeoutError: timed out,53.23759865760803,0.0058944326404513515,True,right_censored,False,False,True,,,191.23151924693957,,2026-09-22T04:52:28Z,146,125.93333333333334,3,2,954.55078125,True,joined,joined,joined,unjoinable:registry_disjoint_from_issue_77_membership,joined,joined
oracle--issue-77-n1-009-a09--a01,issue-77-n1-009-a09,issue-77-n1-009,type010105,predictor_train,1,issue-77-n1-009-a01,executed,,65.89281702041626,0.01939438653669526,True,right_censored,False,False,True,False,False,233.2329826890491,161.8402825309895,2026-09-22T04:52:29Z,147,125.95,4,2,1077.5703125,True,joined,joined,joined,unjoinable:registry_disjoint_from_issue_77_membership,joined,joined
oracle--issue-77-n1-009-a09--a02,issue-77-n1-009-a09,issue-77-n1-009,type010105,predictor_train,2,issue-77-n1-009-a02,executed,,55.09344157576561,0.007874153030533862,True,stable_without_clear,False,False,True,False,False,129.64983121212572,75.07261189399287,2026-09-22T04:55:39Z,148,129.11666666666667,3,1,1689.3359375,True,joined,joined,joined,unjoinable:registry_disjoint_from_issue_77_membership,joined,joined
oracle--issue-77-n1-009-a09--a03,issue-77-n1-009-a09,issue-77-n1-009,type010105,predictor_train,3,issue-77-n1-009-a03,timeout,TimeoutError: timed out,572.3116657733917,0.5596166817478084,True,right_censored,False,False,True,,,191.2404802069068,,2026-09-22T04:56:16Z,149,129.73333333333332,3,2,952.17578125,True,joined,joined,joined,unjoinable:registry_disjoint_from_issue_77_membership,joined,joined
oracle--issue-77-n1-009-a09--a04,issue-77-n1-009-a09,issue-77-n1-009,type010105,predictor_train,4,issue-77-n1-009-a04,executed,,985.138783454895,1.0,True,right_censored,False,False,True,False,False,215.83270266884938,142.13640351267532,2026-09-22T04:56:18Z,150,129.76666666666668,4,2,1100.78515625,True,joined,joined,joined,unjoinable:registry_disjoint_from_issue_77_membership,joined,joined
oracle--issue-77-n1-009-a09--a05,issue-77-n1-009-a09,issue-77-n1-009,type010105,predictor_train,5,issue-77-n1-009-a05,executed,,962.346066236496,0.9756858694336877,True,right_censored,False,False,True,False,False,211.0423330180347,134.59406254487112,2026-09-22T04:57:33Z,151,131.01666666666668,4,1,2300.0546875,True,joined,joined,joined,unjoinable:registry_disjoint_from_issue_77_membership,joined,joined
oracle--issue-77-n1-009-a09--a06,issue-77-n1-009-a09,issue-77-n1-009,type010105,predictor_train,6,issue-77-n1-009-a06,executed,,93.38483709096909,0.04872149831200865,True,stable_without_clear,False,False,True,False,False,135.75524390675128,79.26305976277217,2026-09-22T04:58:46Z,152,132.23333333333332,4,1,1256.38671875,True,joined,joined,joined,unjoinable:registry_disjoint_from_issue_77_membership,joined,joined
oracle--issue-77-n1-009-a09--a07,issue-77-n1-009-a09,issue-77-n1-009,type010105,predictor_train,7,issue-77-n1-009-a07,timeout,TimeoutError: timed out,52.6568708717823,0.005274941288334098,True,right_censored,False,False,True,,,191.32952534593642,,2026-09-22T05:00:40Z,153,134.13333333333333,3,2,953.484375,True,joined,joined,joined,unjoinable:registry_disjoint_from_issue_77_membership,joined,joined
oracle--issue-77-n1-009-a09--a08,issue-77-n1-009-a09,issue-77-n1-009,type010105,predictor_train,8,issue-77-n1-009-a08,executed,,153.47915995121002,0.11282711583524718,True,right_censored,False,False,True,False,False,221.97039898810908,148.01563778193668,2026-09-22T05:00:42Z,154,134.16666666666666,4,2,1471.35546875,True,joined,joined,joined,unjoinable:registry_disjoint_from_issue_77_membership,joined,joined
oracle--issue-77-n1-009-a09--a09,issue-77-n1-009-a09,issue-77-n1-009,type010105,predictor_train,9,issue-77-n1-009-a09,timeout,TimeoutError: timed out,47.711999624967575,0.0,True,right_censored,False,False,True,,,191.32685848977417,,2026-09-22T05:02:00Z,155,135.46666666666667,3,2,956.18359375,True,joined,joined,joined,unjoinable:registry_disjoint_from_issue_77_membership,joined,joined
oracle--issue-77-n1-009-a09--a10,issue-77-n1-009-a09,issue-77-n1-009,type010105,predictor_train,10,issue-77-n1-009-a10,executed,,58.17456737160683,0.011160943902086568,True,stable_without_clear,False,False,True,False,False,204.80694339284673,137.5562656717375,2026-09-22T05:02:02Z,156,135.5,4,2,1097.984375,True,joined,joined,joined,unjoinable:registry_disjoint_from_issue_77_membership,joined,joined
oracle--issue-77-n1-009-a09--a11,issue-77-n1-009-a09,issue-77-n1-009,type010105,predictor_train,11,issue-77-n1-009-a11,executed,,165.67661952972412,0.12583875555891763,True,right_censored,False,False,True,False,False,213.7329443357885,134.99690358387306,2026-09-22T05:04:46Z,157,138.23333333333332,3,1,1140.18359375,True,joined,joined,joined,unjoinable:registry_disjoint_from_issue_77_membership,joined,joined
oracle--issue-77-n1-009-a09--a12,issue-77-n1-009-a09,issue-77-n1-009,type010105,predictor_train,12,issue-77-n1-009-a12,executed,,54.643709152936935,0.007394400978868281,True,stable_without_clear,False,False,True,False,False,154.6172663657926,90.70176186412573,2026-09-22T05:05:22Z,158,138.83333333333334,3,1,1061.9140625,True,joined,joined,joined,unjoinable:registry_disjoint_from_issue_77_membership,joined,joined
oracle--issue-77-n1-010-a06--a00,issue-77-n1-010-a06,issue-77-n1-010,type010105,controller_only,0,issue-77-n1-010-a00,executed,,72.00889158248901,1.0,True,right_censored,False,True,True,False,False,174.15953403990716,119.27614532224834,2026-09-22T05:05:50Z,159,139.3,3,1,2034.61328125,True,joined,joined,joined,unjoinable:registry_disjoint_from_issue_77_membership,joined,joined
oracle--issue-77-n1-010-a06--a01,issue-77-n1-010-a06,issue-77-n1-010,type010105,controller_only,1,issue-77-n1-010-a01,executed,,68.92537653446198,0.9202129203179041,True,right_censored,False,True,True,False,False,183.86366224614903,129.9284485927783,2026-09-22T05:06:18Z,160,139.76666666666668,4,1,1022.09375,True,joined,joined,joined,unjoinable:registry_disjoint_from_issue_77_membership,joined,joined
oracle--issue-77-n1-010-a06--a02,issue-77-n1-010-a06,issue-77-n1-010,type010105,controller_only,2,issue-77-n1-010-a02,timeout,TimeoutError: timed out,69.434641122818,0.9333903278082388,True,right_censored,True,True,True,,,191.20281345862895,,2026-09-22T05:09:11Z,161,142.65,2,2,952.875,True,joined,joined,joined,unjoinable:registry_disjoint_from_issue_77_membership,joined,joined
oracle--issue-77-n1-010-a06--a03,issue-77-n1-010-a06,issue-77-n1-010,type010105,controller_only,3,issue-77-n1-010-a03,executed,,60.020332992076874,0.6897916615848145,True,right_censored,False,True,True,False,False,180.649258852005,121.02630731789395,2026-09-22T05:09:13Z,162,142.68333333333334,3,2,1049.90625,True,joined,joined,joined,unjoinable:registry_disjoint_from_issue_77_membership,joined,joined
oracle--issue-77-n1-010-a06--a04,issue-77-n1-010-a06,issue-77-n1-010,type010105,controller_only,4,issue-77-n1-010-a04,executed,,33.36209487915039,0.0,True,right_censored,False,True,True,False,False,176.41073685977608,123.70740474201739,2026-09-22T05:09:54Z,163,143.36666666666667,3,1,1045.9375,True,joined,joined,joined,unjoinable:registry_disjoint_from_issue_77_membership,joined,joined
oracle--issue-77-n1-010-a06--a05,issue-77-n1-010-a06,issue-77-n1-010,type010105,controller_only,5,issue-77-n1-010-a05,executed,,52.27464836835861,0.48936923891481027,True,stable_without_clear,False,True,True,False,False,88.2357771852985,42.902769167441875,2026-09-22T05:10:34Z,164,144.03333333333333,4,1,1427.17578125,True,joined,joined,joined,unjoinable:registry_disjoint_from_issue_77_membership,joined,joined
oracle--issue-77-n1-010-a06--a06,issue-77-n1-010-a06,issue-77-n1-010,type010105,controller_only,6,issue-77-n1-010-a06,timeout,TimeoutError: timed out,68.07097542285919,0.8981049790527753,True,stable_without_clear,False,True,True,,,191.22546751704067,,2026-09-22T05:12:50Z,165,146.3,2,3,954.67578125,True,joined,joined,joined,unjoinable:registry_disjoint_from_issue_77_membership,joined,joined
oracle--issue-77-n1-010-a06--a07,issue-77-n1-010-a06,issue-77-n1-010,type010105,controller_only,7,issue-77-n1-010-a07,timeout,TimeoutError: timed out,68.0274338722229,0.8969783255044741,True,stable_without_clear,False,True,True,,,191.28176964307204,,2026-09-22T05:12:51Z,166,146.31666666666666,2,3,951.51171875,True,joined,joined,joined,unjoinable:registry_disjoint_from_issue_77_membership,joined,joined
oracle--issue-77-n1-010-a06--a08,issue-77-n1-010-a06,issue-77-n1-010,type010105,controller_only,8,issue-77-n1-010-a08,executed,,67.9593740105629,0.8952172516907129,True,stable_without_clear,False,True,True,False,False,130.3844980392605,80.88342949794605,2026-09-22T05:12:52Z,167,146.33333333333334,3,3,1053.15234375,True,joined,joined,joined,unjoinable:registry_disjoint_from_issue_77_membership,joined,joined
oracle--issue-77-n1-010-a06--a09,issue-77-n1-010-a06,issue-77-n1-010,type010105,controller_only,9,issue-77-n1-010-a09,executed,,46.95053142309189,0.3516057656278565,True,right_censored,False,True,True,False,False,176.9736332059838,121.92763309786096,2026-09-22T05:13:41Z,168,147.15,4,1,1053.68359375,True,joined,joined,joined,unjoinable:registry_disjoint_from_issue_77_membership,joined,joined
oracle--issue-77-n1-010-a06--a10,issue-77-n1-010-a06,issue-77-n1-010,type010105,controller_only,10,issue-77-n1-010-a10,executed,,71.4433536529541,0.9853664992243444,True,right_censored,False,True,True,False,False,176.76319665368646,75.85316039109603,2026-09-22T05:15:50Z,169,149.3,4,1,1066.4765625,True,joined,joined,joined,unjoinable:registry_disjoint_from_issue_77_membership,joined,joined
oracle--issue-77-n1-010-a06--a11,issue-77-n1-010-a06,issue-77-n1-010,type010105,controller_only,11,issue-77-n1-010-a11,timeout,TimeoutError: timed out,67.96008533239365,0.8952356574032538,True,right_censored,False,True,True,,,191.2264432478696,,2026-09-22T05:17:03Z,170,150.51666666666668,2,2,953.53515625,True,joined,joined,joined,unjoinable:registry_disjoint_from_issue_77_membership,joined,joined
oracle--issue-77-n1-010-a06--a12,issue-77-n1-010-a06,issue-77-n1-010,type010105,controller_only,12,issue-77-n1-010-a12,executed,,70.09206658601761,0.9504014521258934,True,right_censored,False,True,True,False,False,182.05597076984122,124.18458344601095,2026-09-22T05:17:04Z,171,150.53333333333333,3,2,1344.83984375,True,joined,joined,joined,unjoinable:registry_disjoint_from_issue_77_membership,joined,joined
oracle--issue-77-n1-011-a02--a00,issue-77-n1-011-a02,issue-77-n1-011,type010105,predictor_train,0,issue-77-n1-011-a00,executed,,56.32204958796501,0.8958595304252489,True,right_censored,False,True,True,False,False,179.14234387828037,124.56900775199756,2026-09-22T05:17:43Z,172,151.18333333333334,4,1,2085.66796875,True,joined,joined,joined,unjoinable:registry_disjoint_from_issue_77_membership,joined,joined
oracle--issue-77-n1-011-a02--a01,issue-77-n1-011-a02,issue-77-n1-011,type010105,predictor_train,1,issue-77-n1-011-a01,executed,,51.91205874085426,0.5215128733824853,True,right_censored,False,True,True,False,False,168.5645552831702,108.48515165271237,2026-09-22T05:19:46Z,173,153.23333333333332,4,1,1157.03125,True,joined,joined,joined,unjoinable:registry_disjoint_from_issue_77_membership,joined,joined
oracle--issue-77-n1-011-a02--a02,issue-77-n1-011-a02,issue-77-n1-011,type010105,predictor_train,2,issue-77-n1-011-a02,timeout,TimeoutError: timed out,52.42196875810623,0.564797115225289,True,stable_without_clear,False,True,True,,,191.23411532584578,,2026-09-22T05:20:47Z,174,154.25,2,2,952.296875,True,joined,joined,joined,unjoinable:registry_disjoint_from_issue_77_membership,joined,joined
oracle--issue-77-n1-011-a02--a03,issue-77-n1-011-a02,issue-77-n1-011,type010105,predictor_train,3,issue-77-n1-011-a03,executed,,52.13456201553345,0.5404002951357052,True,native_fail,False,True,True,False,False,130.6857574977912,81.71191891096532,2026-09-22T05:20:48Z,175,154.26666666666668,3,2,1037.71875,True,joined,joined,joined,unjoinable:registry_disjoint_from_issue_77_membership,joined,joined
oracle--issue-77-n1-011-a02--a04,issue-77-n1-011-a02,issue-77-n1-011,type010105,predictor_train,4,issue-77-n1-011-a04,executed,,54.68329203128815,0.7567518918124685,True,native_clear,True,True,True,True,True,188.53694267058745,94.36498246807605,2026-09-22T05:21:31Z,176,154.98333333333332,4,1,1989.44140625,True,joined,joined,joined,unjoinable:registry_disjoint_from_issue_77_membership,joined,joined
oracle--issue-77-n1-011-a02--a05,issue-77-n1-011-a02,issue-77-n1-011,type010105,predictor_train,5,issue-77-n1-011-a05,timeout,TimeoutError: timed out,47.01399940252304,0.10573601513737867,True,right_censored,False,True,True,,,191.25457288092002,,2026-09-22T05:23:41Z,177,157.15,3,2,954.609375,True,joined,joined,joined,unjoinable:registry_disjoint_from_issue_77_membership,joined,joined
oracle--issue-77-n1-011-a02--a06,issue-77-n1-011-a02,issue-77-n1-011,type010105,predictor_train,6,issue-77-n1-011-a06,executed,,52.27180501818657,0.5520503100738013,True,stable_without_clear,False,True,True,False,False,95.01185377407819,51.52800981188193,2026-09-22T05:23:43Z,178,157.18333333333334,4,2,1005.7890625,True,joined,joined,joined,unjoinable:registry_disjoint_from_issue_77_membership,joined,joined
oracle--issue-77-n1-011-a02--a07,issue-77-n1-011-a02,issue-77-n1-011,type010105,predictor_train,7,issue-77-n1-011-a07,executed,,52.35492846369743,0.5591063301490482,True,stable_without_clear,False,True,True,False,False,103.03587208967656,57.90118860360235,2026-09-22T05:25:13Z,179,158.68333333333334,3,1,1403.25,True,joined,joined,joined,unjoinable:registry_disjoint_from_issue_77_membership,joined,joined
oracle--issue-77-n1-011-a02--a08,issue-77-n1-011-a02,issue-77-n1-011,type010105,predictor_train,8,issue-77-n1-011-a08,executed,,52.02807167172432,0.5313607516095777,True,stable_without_clear,False,True,True,False,False,117.43622255511582,70.35019458411261,2026-09-22T05:25:58Z,180,159.43333333333334,3,1,1020.51953125,True,joined,joined,joined,unjoinable:registry_disjoint_from_issue_77_membership,joined,joined
oracle--issue-77-n1-011-a02--a09,issue-77-n1-011-a02,issue-77-n1-011,type010105,predictor_train,9,issue-77-n1-011-a09,executed,,45.768376260995865,0.0,True,right_censored,False,True,True,False,False,153.92697831476107,97.24527842178941,2026-09-22T05:26:44Z,181,160.2,4,1,1053.25390625,True,joined,joined,joined,unjoinable:registry_disjoint_from_issue_77_membership,joined,joined
oracle--issue-77-n1-011-a02--a10,issue-77-n1-011-a02,issue-77-n1-011,type010105,predictor_train,10,issue-77-n1-011-a10,timeout,TimeoutError: timed out,57.54887640476227,1.0,True,right_censored,False,True,True,,,191.2178077697754,,2026-09-22T05:27:47Z,182,161.25,3,2,954.1953125,True,joined,joined,joined,unjoinable:registry_disjoint_from_issue_77_membership,joined,joined
oracle--issue-77-n1-011-a02--a11,issue-77-n1-011-a02,issue-77-n1-011,type010105,predictor_train,11,issue-77-n1-011-a11,executed,,52.2774258852005,0.5525274432129156,True,native_fail,False,True,True,False,False,148.79468348855153,96.6111675449647,2026-09-22T05:27:48Z,183,161.26666666666668,4,2,1749.2734375,True,joined,joined,joined,unjoinable:registry_disjoint_from_issue_77_membership,joined,joined
oracle--issue-77-n1-011-a02--a12,issue-77-n1-011-a02,issue-77-n1-011,type010105,predictor_train,12,issue-77-n1-011-a12,executed,,52.74655041098595,0.5923495662179122,True,native_fail,False,True,True,False,False,151.4887246270664,98.7643703809008,2026-09-22T05:29:17Z,184,162.75,4,1,1049.54296875,True,joined,joined,joined,unjoinable:registry_disjoint_from_issue_77_membership,joined,joined
oracle--issue-77-n1-011-a11--a00,issue-77-n1-011-a11,issue-77-n1-011,type010105,predictor_train,0,issue-77-n1-011-a00,executed,,56.32204958796501,0.8958595304252489,True,right_censored,False,True,True,False,False,162.0332256560214,104.97936222236603,2026-09-22T05:30:46Z,185,164.23333333333332,3,1,1221.72265625,True,joined,joined,joined,unjoinable:registry_disjoint_from_issue_77_membership,joined,joined
oracle--issue-77-n1-011-a11--a01,issue-77-n1-011-a11,issue-77-n1-011,type010105,predictor_train,1,issue-77-n1-011-a01,executed,,51.91205874085426,0.5215128733824853,True,right_censored,False,True,True,False,False,166.96165896905586,112.57741666212678,2026-09-22T05:31:27Z,186,164.91666666666666,3,1,1049.64453125,True,joined,joined,joined,unjoinable:registry_disjoint_from_issue_77_membership,joined,joined
oracle--issue-77-n1-011-a11--a02,issue-77-n1-011-a11,issue-77-n1-011,type010105,predictor_train,2,issue-77-n1-011-a02,executed,,52.42196875810623,0.564797115225289,True,stable_without_clear,False,True,True,False,False,107.05162982735783,62.20188960805535,2026-09-22T05:31:59Z,187,165.45,3,1,1033.04296875,True,joined,joined,joined,unjoinable:registry_disjoint_from_issue_77_membership,joined,joined
oracle--issue-77-n1-011-a11--a03,issue-77-n1-011-a11,issue-77-n1-011,type010105,predictor_train,3,issue-77-n1-011-a03,executed,,52.13456201553345,0.5404002951357052,True,native_fail,False,True,True,False,False,132.19299320084974,84.94468093942851,2026-09-22T05:32:29Z,188,165.95,4,1,1016.65234375,True,joined,joined,joined,unjoinable:registry_disjoint_from_issue_77_membership,joined,joined
oracle--issue-77-n1-011-a11--a04,issue-77-n1-011-a11,issue-77-n1-011,type010105,predictor_train,4,issue-77-n1-011-a04,timeout,TimeoutError: timed out,54.68329203128815,0.7567518918124685,True,native_clear,True,True,True,,,191.21938749030232,,2026-09-22T05:34:34Z,189,168.03333333333333,2,2,954.5625,True,joined,joined,joined,unjoinable:registry_disjoint_from_issue_77_membership,joined,joined
oracle--issue-77-n1-011-a11--a05,issue-77-n1-011-a11,issue-77-n1-011,type010105,predictor_train,5,issue-77-n1-011-a05,executed,,47.01399940252304,0.10573601513737867,True,right_censored,False,True,True,False,False,178.2814555671066,121.26926305098459,2026-09-22T05:34:35Z,190,168.05,3,2,1059.17578125,True,joined,joined,joined,unjoinable:registry_disjoint_from_issue_77_membership,joined,joined
oracle--issue-77-n1-011-a11--a06,issue-77-n1-011-a11,issue-77-n1-011,type010105,predictor_train,6,issue-77-n1-011-a06,executed,,52.27180501818657,0.5520503100738013,True,stable_without_clear,False,True,True,False,False,84.42034270660952,39.66701504262164,2026-09-22T05:35:22Z,191,168.83333333333334,3,1,1033.234375,True,joined,joined,joined,unjoinable:registry_disjoint_from_issue_77_membership,joined,joined
oracle--issue-77-n1-011-a11--a07,issue-77-n1-011-a11,issue-77-n1-011,type010105,predictor_train,7,issue-77-n1-011-a07,executed,,52.35492846369743,0.5591063301490482,True,stable_without_clear,False,True,True,False,False,111.9631163040176,67.28391954023391,2026-09-22T05:36:08Z,192,169.6,4,1,1053.87890625,True,joined,joined,joined,unjoinable:registry_disjoint_from_issue_77_membership,joined,joined
oracle--issue-77-n1-011-a11--a08,issue-77-n1-011-a11,issue-77-n1-011,type010105,predictor_train,8,issue-77-n1-011-a08,executed,,52.02807167172432,0.5313607516095777,True,stable_without_clear,False,True,True,False,False,116.64745889604092,65.01856476999819,2026-09-22T05:37:43Z,193,171.18333333333334,3,1,1014.41015625,True,joined,joined,joined,unjoinable:registry_disjoint_from_issue_77_membership,joined,joined
oracle--issue-77-n1-011-a11--a09,issue-77-n1-011-a11,issue-77-n1-011,type010105,predictor_train,9,issue-77-n1-011-a09,executed,,45.768376260995865,0.0,True,right_censored,False,True,True,False,False,180.32055833702907,123.47106070164591,2026-09-22T05:38:14Z,194,171.7,2,1,1025.34375,True,joined,joined,joined,unjoinable:registry_disjoint_from_issue_77_membership,joined,joined
oracle--issue-77-n1-011-a11--a10,issue-77-n1-011-a11,issue-77-n1-011,type010105,predictor_train,10,issue-77-n1-011-a10,timeout,TimeoutError: timed out,57.54887640476227,1.0,True,right_censored,False,True,True,,,191.21412759600207,,2026-09-22T05:38:44Z,195,172.2,3,2,954.58203125,True,joined,joined,joined,unjoinable:registry_disjoint_from_issue_77_membership,joined,joined
oracle--issue-77-n1-011-a11--a11,issue-77-n1-011-a11,issue-77-n1-011,type010105,predictor_train,11,issue-77-n1-011-a11,executed,,52.2774258852005,0.5525274432129156,True,native_fail,False,True,True,False,False,134.81557782413438,80.71120020793751,2026-09-22T05:38:45Z,196,172.21666666666667,4,2,1033.15234375,True,joined,joined,joined,unjoinable:registry_disjoint_from_issue_77_membership,joined,joined
oracle--issue-77-n1-011-a11--a12,issue-77-n1-011-a11,issue-77-n1-011,type010105,predictor_train,12,issue-77-n1-011-a12,executed,,52.74655041098595,0.5923495662179122,True,native_fail,False,True,True,False,False,140.30262515880167,86.89150409866124,2026-09-22T05:41:03Z,197,174.51666666666668,3,1,1047.65234375,True,joined,joined,joined,unjoinable:registry_disjoint_from_issue_77_membership,joined,joined
oracle--issue-77-n1-012-a08--a00,issue-77-n1-012-a08,issue-77-n1-012,type010105,predictor_train,0,issue-77-n1-012-a00,executed,,67.90992146730423,0.7589133768082279,True,right_censored,False,True,True,False,False,184.86534011922777,118.57470025215298,2026-09-22T05:41:48Z,198,175.26666666666668,3,1,1089.40234375,True,joined,joined,joined,unjoinable:registry_disjoint_from_issue_77_membership,joined,joined
oracle--issue-77-n1-012-a08--a01,issue-77-n1-012-a08,issue-77-n1-012,type010105,predictor_train,1,issue-77-n1-012-a01,executed,,61.771988332271576,0.4129178571353213,True,right_censored,False,True,True,False,False,198.9970647948794,132.57589108590037,2026-09-22T05:42:18Z,199,175.76666666666668,3,1,1078.1796875,True,joined,joined,joined,unjoinable:registry_disjoint_from_issue_77_membership,joined,joined
oracle--issue-77-n1-012-a08--a02,issue-77-n1-012-a08,issue-77-n1-012,type010105,predictor_train,2,issue-77-n1-012-a02,executed,,54.44685822725296,0.0,True,right_censored,False,True,True,False,False,171.32435000268742,107.36826700763777,2026-09-22T05:43:03Z,200,176.51666666666668,4,1,1088.96484375,True,joined,joined,joined,unjoinable:registry_disjoint_from_issue_77_membership,joined,joined
oracle--issue-77-n1-012-a08--a03,issue-77-n1-012-a08,issue-77-n1-012,type010105,predictor_train,3,issue-77-n1-012-a03,executed,,65.61695170402527,0.6296585857594581,True,native_fail,False,True,True,False,False,207.65946555696428,144.07338291499764,2026-09-22T05:44:11Z,201,177.65,4,1,1074.90625,True,joined,joined,joined,unjoinable:registry_disjoint_from_issue_77_membership,joined,joined
oracle--issue-77-n1-012-a08--a04,issue-77-n1-012-a08,issue-77-n1-012,type010105,predictor_train,4,issue-77-n1-012-a04,executed,,66.67400324344635,0.6892446204484948,True,native_clear,True,True,True,True,True,103.248824252747,55.635560888797045,2026-09-22T05:45:46Z,202,179.23333333333332,3,1,1050.078125,True,joined,joined,joined,unjoinable:registry_disjoint_from_issue_77_membership,joined,joined
oracle--issue-77-n1-012-a08--a05,issue-77-n1-012-a08,issue-77-n1-012,type010105,predictor_train,5,issue-77-n1-012-a05,executed,,63.86727297306061,0.5310291304586994,True,right_censored,False,True,True,False,False,188.20903617423028,124.5216587386094,2026-09-22T05:46:17Z,203,179.75,3,1,1076.71484375,True,joined,joined,joined,unjoinable:registry_disjoint_from_issue_77_membership,joined,joined
oracle--issue-77-n1-012-a08--a06,issue-77-n1-012-a08,issue-77-n1-012,type010105,predictor_train,6,issue-77-n1-012-a06,executed,,65.50029790401459,0.6230828067034518,True,stable_without_clear,False,True,True,False,False,96.10465844813734,47.53106802329421,2026-09-22T05:47:00Z,204,180.46666666666667,4,1,1007.3984375,True,joined,joined,joined,unjoinable:registry_disjoint_from_issue_77_membership,joined,joined
oracle--issue-77-n1-012-a08--a07,issue-77-n1-012-a08,issue-77-n1-012,type010105,predictor_train,7,issue-77-n1-012-a07,executed,,65.50143200159073,0.6231467358261035,True,stable_without_clear,False,True,True,False,False,117.12463100301102,68.98871315317228,2026-09-22T05:47:56Z,205,181.4,3,1,1074.94921875,True,joined,joined,joined,unjoinable:registry_disjoint_from_issue_77_membership,joined,joined
oracle--issue-77-n1-012-a08--a08,issue-77-n1-012-a08,issue-77-n1-012,type010105,predictor_train,8,issue-77-n1-012-a08,executed,,72.18677908182144,1.0,True,stable_without_clear,False,True,True,False,False,113.07883783709258,63.86244085384533,2026-09-22T05:48:44Z,206,182.2,3,1,1117.0546875,True,joined,joined,joined,unjoinable:registry_disjoint_from_issue_77_membership,joined,joined
oracle--issue-77-n1-012-a08--a09,issue-77-n1-012-a08,issue-77-n1-012,type010105,predictor_train,9,issue-77-n1-012-a09,executed,,58.725362062454224,0.241179420713111,True,right_censored,False,True,True,False,False,178.57773614488542,113.25363649614155,2026-09-22T05:49:34Z,207,183.03333333333333,3,1,1438.40234375,True,joined,joined,joined,unjoinable:registry_disjoint_from_issue_77_membership,joined,joined
oracle--issue-77-n1-012-a08--a10,issue-77-n1-012-a08,issue-77-n1-012,type010105,predictor_train,10,issue-77-n1-012-a10,executed,,63.35190001130104,0.5019775373887762,True,right_censored,False,True,True,False,False,190.64513942226768,126.68968325993046,2026-09-22T05:50:19Z,208,183.78333333333333,3,1,1089.234375,True,joined,joined,joined,unjoinable:registry_disjoint_from_issue_77_membership,joined,joined
oracle--issue-77-n1-012-a08--a11,issue-77-n1-012-a08,issue-77-n1-012,type010105,predictor_train,11,issue-77-n1-012-a11,executed,,65.4712056517601,0.62144287535917,True,right_censored,False,True,True,False,False,198.8723825160414,135.02404206618667,2026-09-22T05:50:53Z,209,184.35,3,1,1090.9453125,True,joined,joined,joined,unjoinable:registry_disjoint_from_issue_77_membership,joined,joined
oracle--issue-77-n1-012-a08--a12,issue-77-n1-012-a08,issue-77-n1-012,type010105,predictor_train,12,issue-77-n1-012-a12,executed,,66.3464075922966,0.6707780413788714,True,right_censored,False,True,True,False,False,196.19169226195663,133.49885792471468,2026-09-22T05:51:26Z,210,184.9,4,1,1070.26953125,True,joined,joined,joined,unjoinable:registry_disjoint_from_issue_77_membership,joined,joined
oracle--issue-77-n1-013-a04--a00,issue-77-n1-013-a04,issue-77-n1-013,type010105,predictor_train,0,issue-77-n1-013-a00,executed,,64.10693347454071,0.4092887251651722,True,right_censored,False,False,True,False,False,180.55379369203,115.72981238691136,2026-09-22T05:53:42Z,211,187.16666666666666,3,1,2007.35546875,True,joined,joined,joined,unjoinable:registry_disjoint_from_issue_77_membership,joined,joined
oracle--issue-77-n1-013-a04--a01,issue-77-n1-013-a04,issue-77-n1-013,type010105,predictor_train,1,issue-77-n1-013-a01,executed,,63.75234794616699,0.3859967500163229,True,right_censored,False,False,True,False,False,177.31430244632065,115.83300659805536,2026-09-22T05:54:34Z,212,188.03333333333333,3,1,1686.39453125,True,joined,joined,joined,unjoinable:registry_disjoint_from_issue_77_membership,joined,joined
oracle--issue-77-n1-013-a04--a02,issue-77-n1-013-a04,issue-77-n1-013,type010105,predictor_train,2,issue-77-n1-013-a02,executed,,73.09963023662567,1.0,True,right_censored,False,False,True,False,False,196.10398571100086,133.81577292224392,2026-09-22T05:55:06Z,213,188.56666666666666,3,1,2449.1875,True,joined,joined,joined,unjoinable:registry_disjoint_from_issue_77_membership,joined,joined
oracle--issue-77-n1-013-a04--a03,issue-77-n1-013-a04,issue-77-n1-013,type010105,predictor_train,3,issue-77-n1-013-a03,executed,,65.62369757890701,0.5089217586609212,True,native_fail,False,False,True,False,False,174.6495481962338,116.60986307030544,2026-09-22T05:55:39Z,214,189.11666666666667,4,1,1063.79296875,True,joined,joined,joined,unjoinable:registry_disjoint_from_issue_77_membership,joined,joined
oracle--issue-77-n1-013-a04--a04,issue-77-n1-013-a04,issue-77-n1-013,type010105,predictor_train,4,issue-77-n1-013-a04,executed,,57.876124024391174,0.0,True,right_censored,False,False,True,False,False,182.05239131301641,117.3449243530631,2026-09-22T05:58:07Z,215,191.58333333333334,3,1,1060.5859375,True,joined,joined,joined,unjoinable:registry_disjoint_from_issue_77_membership,joined,joined
oracle--issue-77-n1-013-a04--a05,issue-77-n1-013-a04,issue-77-n1-013,type010105,predictor_train,5,issue-77-n1-013-a05,executed,,72.27574819326401,0.9458809270429736,True,stable_without_clear,False,False,True,False,False,98.85700139496475,50.175210905727,2026-09-22T05:58:42Z,216,192.16666666666666,2,1,1347.03515625,True,joined,joined,joined,unjoinable:registry_disjoint_from_issue_77_membership,joined,joined
oracle--issue-77-n1-013-a04--a06,issue-77-n1-013-a04,issue-77-n1-013,type010105,predictor_train,6,issue-77-n1-013-a06,timeout,TimeoutError: timed out,65.34611147642136,0.4906877133223662,True,right_censored,False,False,True,,,191.21117087081075,,2026-09-22T05:59:15Z,217,192.71666666666667,3,2,955.2109375,True,joined,joined,joined,unjoinable:registry_disjoint_from_issue_77_membership,joined,joined
oracle--issue-77-n1-013-a04--a07,issue-77-n1-013-a04,issue-77-n1-013,type010105,predictor_train,7,issue-77-n1-013-a07,executed,,72.51826900243759,0.9618116072550446,True,stable_without_clear,False,False,True,False,False,120.6360615636222,72.30369728105143,2026-09-22T05:59:16Z,218,192.73333333333332,4,2,1049.38671875,True,joined,joined,joined,unjoinable:registry_disjoint_from_issue_77_membership,joined,joined
oracle--issue-77-n1-013-a04--a08,issue-77-n1-013-a04,issue-77-n1-013,type010105,predictor_train,8,issue-77-n1-013-a08,executed,,72.59724020957947,0.9669990592152513,True,stable_without_clear,False,False,True,False,False,126.49311735900119,72.20182925276458,2026-09-22T06:01:53Z,219,195.35,2,1,1067.9296875,True,joined,joined,joined,unjoinable:registry_disjoint_from_issue_77_membership,joined,joined
oracle--issue-77-n1-013-a04--a09,issue-77-n1-013-a04,issue-77-n1-013,type010105,predictor_train,9,issue-77-n1-013-a09,timeout,TimeoutError: timed out,66.0530138015747,0.537122635428894,True,native_fail,False,False,True,,,191.25879607815295,,2026-09-22T06:02:28Z,220,195.93333333333334,2,2,955.4140625,True,joined,joined,joined,unjoinable:registry_disjoint_from_issue_77_membership,joined,joined
oracle--issue-77-n1-013-a04--a10,issue-77-n1-013-a04,issue-77-n1-013,type010105,predictor_train,10,issue-77-n1-013-a10,executed,,66.54876559972763,0.5696875249649529,True,right_censored,False,False,True,False,False,239.1240193862468,132.8353482116945,2026-09-22T06:02:30Z,221,195.96666666666667,3,2,1088.0,True,joined,joined,joined,unjoinable:registry_disjoint_from_issue_77_membership,joined,joined
oracle--issue-77-n1-013-a04--a11,issue-77-n1-013-a04,issue-77-n1-013,type010105,predictor_train,11,issue-77-n1-013-a11,executed,,70.71751928329468,0.8435241579619424,True,right_censored,False,False,True,False,False,172.067290334031,106.49189437832683,2026-09-22T06:03:26Z,222,196.9,4,1,1740.703125,True,joined,joined,joined,unjoinable:registry_disjoint_from_issue_77_membership,joined,joined
oracle--issue-77-n1-013-a04--a12,issue-77-n1-013-a04,issue-77-n1-013,type010105,predictor_train,12,issue-77-n1-013-a12,executed,,65.69309240579605,0.5134801584094146,True,right_censored,False,False,True,False,False,183.02346920967102,117.28311569895595,2026-09-22T06:05:07Z,223,198.58333333333334,4,1,1073.6328125,True,joined,joined,joined,unjoinable:registry_disjoint_from_issue_77_membership,joined,joined
oracle--issue-77-n1-014-a01--a00,issue-77-n1-014-a01,issue-77-n1-014,type010105,held_out_evaluation,0,issue-77-n1-014-a00,executed,,49.14430743455887,0.22075617283950616,True,right_censored,False,True,True,False,False,183.70775642292574,121.53540266910568,2026-09-22T06:06:31Z,224,199.98333333333332,2,1,1059.0,True,joined,joined,joined,unjoinable:registry_disjoint_from_issue_77_membership,joined,joined
oracle--issue-77-n1-014-a01--a01,issue-77-n1-014-a01,issue-77-n1-014,type010105,held_out_evaluation,1,issue-77-n1-014-a01,timeout,TimeoutError: timed out,49.621405601501465,0.23492018697595274,True,right_censored,False,True,True,,,191.2943520769477,,2026-09-22T06:07:05Z,225,200.55,3,2,952.60546875,True,joined,joined,joined,unjoinable:registry_disjoint_from_issue_77_membership,joined,joined
oracle--issue-77-n1-014-a01--a02,issue-77-n1-014-a01,issue-77-n1-014,type010105,held_out_evaluation,2,issue-77-n1-014-a02,executed,,51.538596123456955,0.2918374328108256,True,right_censored,False,True,True,False,False,154.35978281032294,92.18183493614197,2026-09-22T06:07:06Z,226,200.56666666666666,4,2,1082.515625,True,joined,joined,joined,unjoinable:registry_disjoint_from_issue_77_membership,joined,joined
oracle--issue-77-n1-014-a01--a03,issue-77-n1-014-a01,issue-77-n1-014,type010105,held_out_evaluation,3,issue-77-n1-014-a03,executed,,54.749521702528,0.3871628782731055,True,right_censored,False,True,True,False,False,178.664323173929,117.10034382576123,2026-09-22T06:09:51Z,227,203.31666666666666,2,1,1053.71484375,True,joined,joined,joined,unjoinable:registry_disjoint_from_issue_77_membership,joined,joined
oracle--issue-77-n1-014-a01--a04,issue-77-n1-014-a01,issue-77-n1-014,type010105,held_out_evaluation,4,issue-77-n1-014-a04,timeout,TimeoutError: timed out,75.39221978187561,1.0,True,right_censored,True,True,True,,,191.1963300802745,,2026-09-22T06:10:25Z,228,203.88333333333333,2,2,954.6171875,True,joined,joined,joined,unjoinable:registry_disjoint_from_issue_77_membership,joined,joined
oracle--issue-77-n1-014-a01--a05,issue-77-n1-014-a01,issue-77-n1-014,type010105,held_out_evaluation,5,issue-77-n1-014-a05,executed,,41.70839524269104,0.0,True,right_censored,False,True,True,False,False,191.57344849174842,133.04224878828973,2026-09-22T06:10:27Z,229,203.91666666666666,3,2,1054.9921875,True,joined,joined,joined,unjoinable:registry_disjoint_from_issue_77_membership,joined,joined
oracle--issue-77-n1-014-a01--a06,issue-77-n1-014-a01,issue-77-n1-014,type010105,held_out_evaluation,6,issue-77-n1-014-a06,executed,,48.53874397277832,0.20277830155959575,True,stable_without_clear,False,True,True,False,False,112.88039767323062,65.97800261573866,2026-09-22T06:11:19Z,230,204.78333333333333,4,1,1015.13671875,True,joined,joined,joined,unjoinable:registry_disjoint_from_issue_77_membership,joined,joined
oracle--issue-77-n1-014-a01--a07,issue-77-n1-014-a01,issue-77-n1-014,type010105,held_out_evaluation,7,issue-77-n1-014-a07,executed,,47.83563232421875,0.18190443529949704,True,stable_without_clear,False,True,True,False,False,106.45542229618877,59.60277859913185,2026-09-22T06:13:39Z,231,207.11666666666667,1,1,1678.27734375,True,joined,joined,joined,unjoinable:registry_disjoint_from_issue_77_membership,joined,joined
oracle--issue-77-n1-014-a01--a08,issue-77-n1-014-a01,issue-77-n1-014,type010105,held_out_evaluation,8,issue-77-n1-014-a08,timeout,TimeoutError: timed out,47.83563232421875,0.18190443529949704,True,stable_without_clear,False,True,True,,,191.24084075307474,,2026-09-22T06:14:11Z,232,207.65,2,3,954.015625,True,joined,joined,joined,unjoinable:registry_disjoint_from_issue_77_membership,joined,joined
oracle--issue-77-n1-014-a01--a09,issue-77-n1-014-a01,issue-77-n1-014,type010105,held_out_evaluation,9,issue-77-n1-014-a09,timeout,TimeoutError: timed out,42.391700983047485,0.02028587162249204,True,right_censored,False,True,True,,,191.30618498567492,,2026-09-22T06:14:12Z,233,207.66666666666666,3,3,955.12890625,True,joined,joined,joined,unjoinable:registry_disjoint_from_issue_77_membership,joined,joined
oracle--issue-77-n1-014-a01--a10,issue-77-n1-014-a01,issue-77-n1-014,type010105,held_out_evaluation,10,issue-77-n1-014-a10,executed,,51.695937752723694,0.2965085659561637,True,right_censored,False,True,True,False,False,194.27776684099808,131.78722801990807,2026-09-22T06:14:14Z,234,207.7,4,3,1143.59375,True,joined,joined,joined,unjoinable:registry_disjoint_from_issue_77_membership,joined,joined
oracle--issue-77-n1-014-a01--a11,issue-77-n1-014-a01,issue-77-n1-014,type010105,held_out_evaluation,11,issue-77-n1-014-a11,executed,,52.00554138422012,0.3057000290911253,True,right_censored,False,True,True,False,False,154.08930124808103,90.41096465382725,2026-09-22T06:17:06Z,235,210.56666666666666,4,1,1080.3515625,True,joined,joined,joined,unjoinable:registry_disjoint_from_issue_77_membership,joined,joined
oracle--issue-77-n1-014-a01--a12,issue-77-n1-014-a01,issue-77-n1-014,type010105,held_out_evaluation,12,issue-77-n1-014-a12,timeout,TimeoutError: timed out,46.45901417732239,0.14103561574799584,True,right_censored,False,True,True,,,191.25054793572053,,2026-09-22T06:18:00Z,236,211.46666666666667,2,3,953.49609375,True,joined,joined,joined,unjoinable:registry_disjoint_from_issue_77_membership,joined,joined
oracle--issue-77-n1-014-a10--a00,issue-77-n1-014-a10,issue-77-n1-014,type010105,held_out_evaluation,0,issue-77-n1-014-a00,timeout,TimeoutError: timed out,49.14430743455887,0.22075617283950616,True,right_censored,False,True,True,,,191.29059920087457,,2026-09-22T06:18:02Z,237,211.5,3,3,956.48046875,True,joined,joined,joined,unjoinable:registry_disjoint_from_issue_77_membership,joined,joined
oracle--issue-77-n1-014-a10--a01,issue-77-n1-014-a10,issue-77-n1-014,type010105,held_out_evaluation,1,issue-77-n1-014-a01,executed,,49.621405601501465,0.23492018697595274,True,right_censored,False,True,True,False,False,201.3943626070395,139.9948200508952,2026-09-22T06:18:03Z,238,211.51666666666668,4,3,1051.57421875,True,joined,joined,joined,unjoinable:registry_disjoint_from_issue_77_membership,joined,joined
oracle--issue-77-n1-014-a10--a02,issue-77-n1-014-a10,issue-77-n1-014,type010105,held_out_evaluation,2,issue-77-n1-014-a02,executed,,51.538596123456955,0.2918374328108256,True,right_censored,False,True,True,False,False,172.63949533132836,109.30694285267964,2026-09-22T06:20:52Z,239,214.33333333333334,4,1,1056.4609375,True,joined,joined,joined,unjoinable:registry_disjoint_from_issue_77_membership,joined,joined
oracle--issue-77-n1-014-a10--a03,issue-77-n1-014-a10,issue-77-n1-014,type010105,held_out_evaluation,3,issue-77-n1-014-a03,timeout,TimeoutError: timed out,54.749521702528,0.3871628782731055,True,right_censored,False,True,True,,,191.2350339749828,,2026-09-22T06:21:49Z,240,215.28333333333333,2,3,956.83984375,True,joined,joined,joined,unjoinable:registry_disjoint_from_issue_77_membership,joined,joined
oracle--issue-77-n1-014-a10--a04,issue-77-n1-014-a10,issue-77-n1-014,type010105,held_out_evaluation,4,issue-77-n1-014-a04,timeout,TimeoutError: timed out,75.39221978187561,1.0,True,right_censored,True,True,True,,,191.2991973659955,,2026-09-22T06:21:50Z,241,215.3,3,3,955.19921875,True,joined,joined,joined,unjoinable:registry_disjoint_from_issue_77_membership,joined,joined
oracle--issue-77-n1-014-a10--a05,issue-77-n1-014-a10,issue-77-n1-014,type010105,held_out_evaluation,5,issue-77-n1-014-a05,executed,,41.70839524269104,0.0,True,right_censored,False,True,True,False,False,201.02732096193358,140.8336869040504,2026-09-22T06:21:51Z,242,215.31666666666666,4,3,1269.5703125,True,joined,joined,joined,unjoinable:registry_disjoint_from_issue_77_membership,joined,joined
oracle--issue-77-n1-014-a10--a06,issue-77-n1-014-a10,issue-77-n1-014,type010105,held_out_evaluation,6,issue-77-n1-014-a06,executed,,48.53874397277832,0.20277830155959575,True,stable_without_clear,False,True,True,False,False,79.9965053582564,35.44321519276127,2026-09-22T06:24:52Z,243,218.33333333333334,4,1,1035.0625,True,joined,joined,joined,unjoinable:registry_disjoint_from_issue_77_membership,joined,joined
oracle--issue-77-n1-014-a10--a07,issue-77-n1-014-a10,issue-77-n1-014,type010105,held_out_evaluation,7,issue-77-n1-014-a07,timeout,TimeoutError: timed out,47.83563232421875,0.18190443529949704,True,stable_without_clear,False,True,True,,,191.28891731100157,,2026-09-22T06:25:57Z,244,219.41666666666666,2,3,957.28515625,True,joined,joined,joined,unjoinable:registry_disjoint_from_issue_77_membership,joined,joined
oracle--issue-77-n1-014-a10--a08,issue-77-n1-014-a10,issue-77-n1-014,type010105,held_out_evaluation,8,issue-77-n1-014-a08,timeout,TimeoutError: timed out,47.83563232421875,0.18190443529949704,True,stable_without_clear,False,True,True,,,191.30141672398895,,2026-09-22T06:25:59Z,245,219.45,3,3,952.453125,True,joined,joined,joined,unjoinable:registry_disjoint_from_issue_77_membership,joined,joined
oracle--issue-77-n1-014-a10--a09,issue-77-n1-014-a10,issue-77-n1-014,type010105,held_out_evaluation,9,issue-77-n1-014-a09,executed,,42.391700983047485,0.02028587162249204,True,right_censored,False,True,True,False,False,176.35130271920934,113.42631444428116,2026-09-22T06:26:01Z,246,219.48333333333332,4,3,1053.3203125,True,joined,joined,joined,unjoinable:registry_disjoint_from_issue_77_membership,joined,joined
oracle--issue-77-n1-014-a10--a10,issue-77-n1-014-a10,issue-77-n1-014,type010105,held_out_evaluation,10,issue-77-n1-014-a10,executed,,51.695937752723694,0.2965085659561637,True,right_censored,False,True,True,False,False,170.05764414509758,106.94499854091555,2026-09-22T06:28:03Z,247,221.51666666666668,4,1,1054.3203125,True,joined,joined,joined,unjoinable:registry_disjoint_from_issue_77_membership,joined,joined
oracle--issue-77-n1-014-a10--a11,issue-77-n1-014-a10,issue-77-n1-014,type010105,held_out_evaluation,11,issue-77-n1-014-a11,executed,,52.00554138422012,0.3057000290911253,True,right_censored,False,True,True,False,False,184.139403921552,122.68344404222444,2026-09-22T06:29:22Z,248,222.83333333333334,2,1,1061.05859375,True,joined,joined,joined,unjoinable:registry_disjoint_from_issue_77_membership,joined,joined
oracle--issue-77-n1-014-a10--a12,issue-77-n1-014-a10,issue-77-n1-014,type010105,held_out_evaluation,12,issue-77-n1-014-a12,timeout,TimeoutError: timed out,46.45901417732239,0.14103561574799584,True,right_censored,False,True,True,,,191.27264922996983,,2026-09-22T06:30:00Z,249,223.46666666666667,3,2,953.6953125,True,joined,joined,joined,unjoinable:registry_disjoint_from_issue_77_membership,joined,joined
oracle--issue-77-n1-015-a06--a00,issue-77-n1-015-a06,issue-77-n1-015,type010105,controller_only,0,issue-77-n1-015-a00,executed,,27.494829267263412,0.0,True,right_censored,False,False,True,False,False,184.72926638368517,127.74274031305686,2026-09-22T06:30:02Z,250,223.5,4,2,1692.88671875,True,joined,joined,joined,unjoinable:registry_disjoint_from_issue_77_membership,joined,joined
oracle--issue-77-n1-015-a06--a01,issue-77-n1-015-a06,issue-77-n1-015,type010105,controller_only,1,issue-77-n1-015-a01,executed,,56.32390037178993,0.83282570092033,True,native_fail,False,False,True,False,False,113.77179744327441,65.88242771523073,2026-09-22T06:31:54Z,251,225.36666666666667,4,1,1053.69140625,True,joined,joined,joined,unjoinable:registry_disjoint_from_issue_77_membership,joined,joined
oracle--issue-77-n1-015-a06--a02,issue-77-n1-015-a06,issue-77-n1-015,type010105,controller_only,2,issue-77-n1-015-a02,executed,,59.45897352695465,0.9233929442567487,True,right_censored,False,False,True,False,False,169.97364197904244,110.91497308574617,2026-09-22T06:33:30Z,252,226.96666666666667,2,1,1078.96875,True,joined,joined,joined,unjoinable:registry_disjoint_from_issue_77_membership,joined,joined
oracle--issue-77-n1-015-a06--a03,issue-77-n1-015-a06,issue-77-n1-015,type010105,controller_only,3,issue-77-n1-015-a03,timeout,TimeoutError: timed out,40.75623491406441,0.3831007739701939,True,stable_without_clear,False,False,True,,,191.19649970298633,,2026-09-22T06:34:06Z,253,227.56666666666666,2,2,953.2265625,True,joined,joined,joined,unjoinable:registry_disjoint_from_issue_77_membership,joined,joined
oracle--issue-77-n1-015-a06--a04,issue-77-n1-015-a06,issue-77-n1-015,type010105,controller_only,4,issue-77-n1-015-a04,executed,,56.31189450621605,0.8324788706886007,True,native_fail,False,False,True,False,False,181.54323994880542,124.6899524233304,2026-09-22T06:34:07Z,254,227.58333333333334,3,2,1012.02734375,True,joined,joined,joined,unjoinable:registry_disjoint_from_issue_77_membership,joined,joined
oracle--issue-77-n1-015-a06--a05,issue-77-n1-015-a06,issue-77-n1-015,type010105,controller_only,5,issue-77-n1-015-a05,executed,,56.57405149936676,0.8400521664351164,True,stable_without_clear,False,False,True,False,False,108.34936447581276,63.29548670304939,2026-09-22T06:35:03Z,255,228.51666666666668,4,1,1008.01171875,True,joined,joined,joined,unjoinable:registry_disjoint_from_issue_77_membership,joined,joined
oracle--issue-77-n1-015-a06--a06,issue-77-n1-015-a06,issue-77-n1-015,type010105,controller_only,6,issue-77-n1-015-a06,timeout,TimeoutError: timed out,56.79435929656029,0.8464165059225272,True,stable_without_clear,False,False,True,,,191.22110492317006,,2026-09-22T06:37:22Z,256,230.83333333333334,1,2,951.9765625,True,joined,joined,joined,unjoinable:registry_disjoint_from_issue_77_membership,joined,joined
oracle--issue-77-n1-015-a06--a07,issue-77-n1-015-a06,issue-77-n1-015,type010105,controller_only,7,issue-77-n1-015-a07,executed,,56.58898642659187,0.8404836125677146,True,stable_without_clear,False,False,True,False,False,102.81420984305441,55.90687482012436,2026-09-22T06:37:23Z,257,230.85,2,2,1001.23828125,True,joined,joined,joined,unjoinable:registry_disjoint_from_issue_77_membership,joined,joined
oracle--issue-77-n1-015-a06--a08,issue-77-n1-015-a06,issue-77-n1-015,type010105,controller_only,8,issue-77-n1-015-a08,timeout,TimeoutError: timed out,56.57405149936676,0.8400521664351164,True,stable_without_clear,False,False,True,,,191.26122921332717,,2026-09-22T06:38:23Z,258,231.85,3,2,952.2421875,True,joined,joined,joined,unjoinable:registry_disjoint_from_issue_77_membership,joined,joined
oracle--issue-77-n1-015-a06--a09,issue-77-n1-015-a06,issue-77-n1-015,type010105,controller_only,9,issue-77-n1-015-a09,executed,,36.57241526246071,0.26223692368387613,True,right_censored,False,False,True,False,False,176.7131561031565,119.63312920602039,2026-09-22T06:38:24Z,259,231.86666666666667,4,2,1046.58203125,True,joined,joined,joined,unjoinable:registry_disjoint_from_issue_77_membership,joined,joined
oracle--issue-77-n1-015-a06--a10,issue-77-n1-015-a06,issue-77-n1-015,type010105,controller_only,10,issue-77-n1-015-a10,executed,,62.110801219940186,1.0,True,right_censored,False,False,True,False,False,162.19814748037606,103.32590203220025,2026-09-22T06:40:29Z,260,233.95,4,1,1056.01171875,True,joined,joined,joined,unjoinable:registry_disjoint_from_issue_77_membership,joined,joined
oracle--issue-77-n1-015-a06--a11,issue-77-n1-015-a06,issue-77-n1-015,type010105,controller_only,11,issue-77-n1-015-a11,timeout,TimeoutError: timed out,50.103120654821396,0.6531173360801656,True,right_censored,False,False,True,,,191.2036346932873,,2026-09-22T06:41:48Z,261,235.26666666666668,2,2,954.2421875,True,joined,joined,joined,unjoinable:registry_disjoint_from_issue_77_membership,joined,joined
oracle--issue-77-n1-015-a06--a12,issue-77-n1-015-a06,issue-77-n1-015,type010105,controller_only,12,issue-77-n1-015-a12,executed,,54.3657206594944,0.7762570246175948,True,right_censored,False,False,True,False,False,176.8559968448244,117.74544419674203,2026-09-22T06:41:49Z,262,235.28333333333333,3,2,1015.515625,True,joined,joined,joined,unjoinable:registry_disjoint_from_issue_77_membership,joined,joined
oracle--issue-77-n1-016-a03--a00,issue-77-n1-016-a03,issue-77-n1-016,type010105,held_out_evaluation,0,issue-77-n1-016-a00,executed,,37.200854390859604,0.47166471042313274,True,stable_without_clear,False,True,True,False,False,124.78840600885451,74.57750892965123,2026-09-22T06:42:50Z,263,236.3,4,1,1023.96484375,True,joined,joined,joined,unjoinable:registry_disjoint_from_issue_77_membership,joined,joined
oracle--issue-77-n1-016-a03--a01,issue-77-n1-016-a03,issue-77-n1-016,type010105,held_out_evaluation,1,issue-77-n1-016-a01,executed,,47.72043803334236,1.0,True,right_censored,False,True,True,False,False,183.116224180907,115.47902269102633,2026-09-22T06:44:50Z,264,238.3,3,1,1062.875,True,joined,joined,joined,unjoinable:registry_disjoint_from_issue_77_membership,joined,joined
oracle--issue-77-n1-016-a03--a02,issue-77-n1-016-a03,issue-77-n1-016,type010105,held_out_evaluation,2,issue-77-n1-016-a02,executed,,42.200845152139664,0.7227841136734968,True,native_fail,False,True,True,False,False,148.1263478230685,88.20654204906896,2026-09-22T06:45:24Z,265,238.86666666666667,2,1,1059.14453125,True,joined,joined,joined,unjoinable:registry_disjoint_from_issue_77_membership,joined,joined
oracle--issue-77-n1-016-a03--a03,issue-77-n1-016-a03,issue-77-n1-016,type010105,held_out_evaluation,3,issue-77-n1-016-a03,timeout,TimeoutError: timed out,32.842696487903595,0.25278070360929084,True,native_clear,True,True,True,,,191.25514812394977,,2026-09-22T06:46:00Z,266,239.46666666666667,3,2,954.84375,True,joined,joined,joined,unjoinable:registry_disjoint_from_issue_77_membership,joined,joined
oracle--issue-77-n1-016-a03--a04,issue-77-n1-016-a03,issue-77-n1-016,type010105,held_out_evaluation,4,issue-77-n1-016-a04,executed,,27.809627890586853,0.0,True,right_censored,False,True,True,False,False,205.31261956086382,141.93538325093687,2026-09-22T06:46:02Z,267,239.5,4,2,1064.66796875,True,joined,joined,joined,unjoinable:registry_disjoint_from_issue_77_membership,joined,joined
oracle--issue-77-n1-016-a03--a05,issue-77-n1-016-a03,issue-77-n1-016,type010105,held_out_evaluation,5,issue-77-n1-016-a05,timeout,TimeoutError: timed out,36.94234025478363,0.4586811033161144,True,stable_without_clear,False,True,True,,,191.34546986827627,,2026-09-22T06:49:00Z,268,242.46666666666667,3,2,952.13671875,True,joined,joined,joined,unjoinable:registry_disjoint_from_issue_77_membership,joined,joined
oracle--issue-77-n1-016-a03--a06,issue-77-n1-016-a03,issue-77-n1-016,type010105,held_out_evaluation,6,issue-77-n1-016-a06,executed,,36.94234025478363,0.4586811033161144,True,stable_without_clear,False,True,True,False,False,102.80184939783067,56.26644441019744,2026-09-22T06:49:02Z,269,242.5,4,2,1022.2421875,True,joined,joined,joined,unjoinable:registry_disjoint_from_issue_77_membership,joined,joined
oracle--issue-77-n1-016-a03--a07,issue-77-n1-016-a03,issue-77-n1-016,type010105,held_out_evaluation,7,issue-77-n1-016-a07,timeout,TimeoutError: timed out,36.845367193222046,0.45381073084677176,True,stable_without_clear,False,True,True,,,191.2802542662248,,2026-09-22T06:51:10Z,270,244.63333333333333,2,2,953.703125,True,joined,joined,joined,unjoinable:registry_disjoint_from_issue_77_membership,joined,joined
oracle--issue-77-n1-016-a03--a08,issue-77-n1-016-a03,issue-77-n1-016,type010105,held_out_evaluation,8,issue-77-n1-016-a08,executed,,36.94234025478363,0.4586811033161144,True,stable_without_clear,False,True,True,False,False,133.39707590593025,80.4556189100258,2026-09-22T06:51:12Z,271,244.66666666666666,3,2,1006.9765625,True,joined,joined,joined,unjoinable:registry_disjoint_from_issue_77_membership,joined,joined
oracle--issue-77-n1-016-a03--a09,issue-77-n1-016-a03,issue-77-n1-016,type010105,held_out_evaluation,9,issue-77-n1-016-a09,executed,,29.149348497390747,0.06728609218803422,True,right_censored,False,True,True,False,False,185.66217821557075,120.5481144557707,2026-09-22T06:52:20Z,272,245.8,3,1,1032.84375,True,joined,joined,joined,unjoinable:registry_disjoint_from_issue_77_membership,joined,joined
oracle--issue-77-n1-016-a03--a10,issue-77-n1-016-a03,issue-77-n1-016,type010105,held_out_evaluation,10,issue-77-n1-016-a10,executed,,45.547233164310455,0.8908530163539016,True,right_censored,False,True,True,False,False,184.14801804628223,120.83923989487812,2026-09-22T06:53:25Z,273,246.88333333333333,4,1,1064.35546875,True,joined,joined,joined,unjoinable:registry_disjoint_from_issue_77_membership,joined,joined
oracle--issue-77-n1-016-a03--a11,issue-77-n1-016-a03,issue-77-n1-016,type010105,held_out_evaluation,11,issue-77-n1-016-a11,executed,,39.71297663450241,0.5978334712938116,True,right_censored,False,True,True,False,False,188.87194884801283,126.0622394750826,2026-09-22T06:54:17Z,274,247.75,4,1,1933.62109375,True,joined,joined,joined,unjoinable:registry_disjoint_from_issue_77_membership,joined,joined
oracle--issue-77-n1-016-a03--a12,issue-77-n1-016-a03,issue-77-n1-016,type010105,held_out_evaluation,12,issue-77-n1-016-a12,executed,,44.277242451906204,0.8270690365309442,True,right_censored,False,True,True,False,False,218.77718663401902,113.7721322691068,2026-09-22T06:56:00Z,275,249.46666666666667,3,1,1051.9921875,True,joined,joined,joined,unjoinable:registry_disjoint_from_issue_77_membership,joined,joined
oracle--issue-77-n1-016-a12--a00,issue-77-n1-016-a12,issue-77-n1-016,type010105,held_out_evaluation,0,issue-77-n1-016-a00,executed,,37.200854390859604,0.47166471042313274,True,stable_without_clear,False,True,True,False,False,109.50270820502192,58.25326252216473,2026-09-22T06:57:09Z,276,250.61666666666667,3,1,1090.796875,True,joined,joined,joined,unjoinable:registry_disjoint_from_issue_77_membership,joined,joined
oracle--issue-77-n1-016-a12--a01,issue-77-n1-016-a12,issue-77-n1-016,type010105,held_out_evaluation,1,issue-77-n1-016-a01,executed,,47.72043803334236,1.0,True,right_censored,False,True,True,False,False,186.48311715293676,121.40613052016124,2026-09-22T06:57:47Z,277,251.25,3,1,1064.92578125,True,joined,joined,joined,unjoinable:registry_disjoint_from_issue_77_membership,joined,joined
oracle--issue-77-n1-016-a12--a02,issue-77-n1-016-a12,issue-77-n1-016,type010105,held_out_evaluation,2,issue-77-n1-016-a02,executed,,42.200845152139664,0.7227841136734968,True,native_fail,False,True,True,False,False,148.70746417110786,90.97893509827554,2026-09-22T06:58:33Z,278,252.01666666666668,4,1,1037.84375,True,joined,joined,joined,unjoinable:registry_disjoint_from_issue_77_membership,joined,joined
oracle--issue-77-n1-016-a12--a03,issue-77-n1-016-a12,issue-77-n1-016,type010105,held_out_evaluation,3,issue-77-n1-016-a03,executed,,32.842696487903595,0.25278070360929084,True,native_clear,True,True,True,True,True,128.99591583572328,72.66380034433678,2026-09-22T07:00:04Z,279,253.53333333333333,3,1,1256.37109375,True,joined,joined,joined,unjoinable:registry_disjoint_from_issue_77_membership,joined,joined
oracle--issue-77-n1-016-a12--a04,issue-77-n1-016-a12,issue-77-n1-016,type010105,held_out_evaluation,4,issue-77-n1-016-a04,executed,,27.809627890586853,0.0,True,right_censored,False,True,True,False,False,152.41697594616562,87.2865699538961,2026-09-22T07:00:59Z,280,254.45,3,1,1096.58203125,True,joined,joined,joined,unjoinable:registry_disjoint_from_issue_77_membership,joined,joined
oracle--issue-77-n1-016-a12--a05,issue-77-n1-016-a12,issue-77-n1-016,type010105,held_out_evaluation,5,issue-77-n1-016-a05,executed,,36.94234025478363,0.4586811033161144,True,stable_without_clear,False,True,True,False,False,105.16891520190984,57.96762872999534,2026-09-22T07:01:53Z,281,255.35,3,1,1001.94140625,True,joined,joined,joined,unjoinable:registry_disjoint_from_issue_77_membership,joined,joined
oracle--issue-77-n1-016-a12--a06,issue-77-n1-016-a12,issue-77-n1-016,type010105,held_out_evaluation,6,issue-77-n1-016-a06,executed,,36.94234025478363,0.4586811033161144,True,stable_without_clear,False,True,True,False,False,102.38882023375481,55.8572874632664,2026-09-22T07:02:41Z,282,256.15,3,1,1022.57421875,True,joined,joined,joined,unjoinable:registry_disjoint_from_issue_77_membership,joined,joined
oracle--issue-77-n1-016-a12--a07,issue-77-n1-016-a12,issue-77-n1-016,type010105,held_out_evaluation,7,issue-77-n1-016-a07,executed,,36.845367193222046,0.45381073084677176,True,stable_without_clear,False,True,True,False,False,105.57538300333545,58.449121713638306,2026-09-22T07:03:35Z,283,257.05,3,1,1017.81640625,True,joined,joined,joined,unjoinable:registry_disjoint_from_issue_77_membership,joined,joined
oracle--issue-77-n1-016-a12--a08,issue-77-n1-016-a12,issue-77-n1-016,type010105,held_out_evaluation,8,issue-77-n1-016-a08,executed,,36.94234025478363,0.4586811033161144,True,stable_without_clear,False,True,True,False,False,119.06653856812045,68.62247510673478,2026-09-22T07:04:22Z,284,257.8333333333333,3,1,1035.69921875,True,joined,joined,joined,unjoinable:registry_disjoint_from_issue_77_membership,joined,joined
oracle--issue-77-n1-016-a12--a09,issue-77-n1-016-a12,issue-77-n1-016,type010105,held_out_evaluation,9,issue-77-n1-016-a09,executed,,29.149348497390747,0.06728609218803422,True,right_censored,False,True,True,False,False,179.52022568881512,115.46396010182798,2026-09-22T07:05:15Z,285,258.71666666666664,3,1,1337.80859375,True,joined,joined,joined,unjoinable:registry_disjoint_from_issue_77_membership,joined,joined
oracle--issue-77-n1-016-a12--a10,issue-77-n1-016-a12,issue-77-n1-016,type010105,held_out_evaluation,10,issue-77-n1-016-a10,executed,,45.547233164310455,0.8908530163539016,True,right_censored,False,True,True,False,False,188.74106931732967,125.47674502199516,2026-09-22T07:06:12Z,286,259.6666666666667,3,1,1061.83203125,True,joined,joined,joined,unjoinable:registry_disjoint_from_issue_77_membership,joined,joined
oracle--issue-77-n1-016-a12--a11,issue-77-n1-016-a12,issue-77-n1-016,type010105,held_out_evaluation,11,issue-77-n1-016-a11,executed,,39.71297663450241,0.5978334712938116,True,right_censored,False,True,True,False,False,225.33302496001124,162.1247620480135,2026-09-22T07:06:49Z,287,260.28333333333336,3,1,1022.07421875,True,joined,joined,joined,unjoinable:registry_disjoint_from_issue_77_membership,joined,joined
oracle--issue-77-n1-016-a12--a12,issue-77-n1-016-a12,issue-77-n1-016,type010105,held_out_evaluation,12,issue-77-n1-016-a12,executed,,44.277242451906204,0.8270690365309442,True,right_censored,False,True,True,False,False,173.6496559069492,111.59134184010327,2026-09-22T07:07:51Z,288,261.31666666666666,4,1,1964.015625,True,joined,joined,joined,unjoinable:registry_disjoint_from_issue_77_membership,joined,joined
