condition,seed,state,system,candidates,successes,chosen_ordinal,top1_hit,top3_hit,chance1,chance3,diff1,diff3,auc
few-shot,20260908,issue-76-bounded-transfer-032,continuous_h1,13,2,0,0,1,0.153846,0.423077,-0.153846,0.576923,-0.090909
few-shot,20260909,issue-76-bounded-transfer-032,continuous_h1,13,2,0,0,1,0.153846,0.423077,-0.153846,0.576923,-0.090909
few-shot,20260910,issue-76-bounded-transfer-032,continuous_h1,13,2,0,0,1,0.153846,0.423077,-0.153846,0.576923,-0.090909
few-shot,20260908,issue-76-bounded-transfer-032,continuous_h15,13,2,12,1,1,0.153846,0.423077,0.846154,0.576923,0.590909
few-shot,20260909,issue-76-bounded-transfer-032,continuous_h15,13,2,0,0,1,0.153846,0.423077,-0.153846,0.576923,0.409091
few-shot,20260910,issue-76-bounded-transfer-032,continuous_h15,13,2,12,1,1,0.153846,0.423077,0.846154,0.576923,0.590909
few-shot,20260908,issue-76-bounded-transfer-032,continuous_h5,13,2,0,0,1,0.153846,0.423077,-0.153846,0.576923,-0.090909
few-shot,20260909,issue-76-bounded-transfer-032,continuous_h5,13,2,0,0,1,0.153846,0.423077,-0.153846,0.576923,-0.090909
few-shot,20260910,issue-76-bounded-transfer-032,continuous_h5,13,2,1,0,1,0.153846,0.423077,-0.153846,0.576923,0.409091
few-shot,20260908,issue-76-bounded-transfer-032,hybrid_continuous_h1,13,2,0,0,1,0.153846,0.423077,-0.153846,0.576923,-0.090909
few-shot,20260909,issue-76-bounded-transfer-032,hybrid_continuous_h1,13,2,0,0,1,0.153846,0.423077,-0.153846,0.576923,0.045455
few-shot,20260910,issue-76-bounded-transfer-032,hybrid_continuous_h1,13,2,0,0,1,0.153846,0.423077,-0.153846,0.576923,-0.090909
few-shot,20260908,issue-76-bounded-transfer-032,hybrid_continuous_h15,13,2,12,1,1,0.153846,0.423077,0.846154,0.576923,0.590909
few-shot,20260909,issue-76-bounded-transfer-032,hybrid_continuous_h15,13,2,1,0,1,0.153846,0.423077,-0.153846,0.576923,0.636364
few-shot,20260910,issue-76-bounded-transfer-032,hybrid_continuous_h15,13,2,11,0,1,0.153846,0.423077,-0.153846,0.576923,0.500000
few-shot,20260908,issue-76-bounded-transfer-032,hybrid_continuous_h5,13,2,1,0,1,0.153846,0.423077,-0.153846,0.576923,0.409091
few-shot,20260909,issue-76-bounded-transfer-032,hybrid_continuous_h5,13,2,0,0,1,0.153846,0.423077,-0.153846,0.576923,-0.090909
few-shot,20260910,issue-76-bounded-transfer-032,hybrid_continuous_h5,13,2,0,0,1,0.153846,0.423077,-0.153846,0.576923,-0.090909
few-shot,20260908,issue-76-bounded-transfer-032,hybrid_macro_h1,13,2,0,0,1,0.153846,0.423077,-0.153846,0.576923,-0.090909
few-shot,20260909,issue-76-bounded-transfer-032,hybrid_macro_h1,13,2,0,0,1,0.153846,0.423077,-0.153846,0.576923,0.181818
few-shot,20260910,issue-76-bounded-transfer-032,hybrid_macro_h1,13,2,0,0,1,0.153846,0.423077,-0.153846,0.576923,-0.090909
few-shot,20260908,issue-76-bounded-transfer-032,hybrid_macro_h15,13,2,12,1,1,0.153846,0.423077,0.846154,0.576923,0.590909
few-shot,20260909,issue-76-bounded-transfer-032,hybrid_macro_h15,13,2,1,0,1,0.153846,0.423077,-0.153846,0.576923,0.818182
few-shot,20260910,issue-76-bounded-transfer-032,hybrid_macro_h15,13,2,7,0,0,0.153846,0.423077,-0.153846,-0.423077,0.181818
few-shot,20260908,issue-76-bounded-transfer-032,hybrid_macro_h5,13,2,0,0,1,0.153846,0.423077,-0.153846,0.576923,0.272727
few-shot,20260909,issue-76-bounded-transfer-032,hybrid_macro_h5,13,2,11,0,0,0.153846,0.423077,-0.153846,-0.423077,0.454545
few-shot,20260910,issue-76-bounded-transfer-032,hybrid_macro_h5,13,2,1,0,1,0.153846,0.423077,-0.153846,0.576923,0.409091
few-shot,20260908,issue-76-bounded-transfer-032,hybrid_micro_h1,13,2,0,0,1,0.153846,0.423077,-0.153846,0.576923,-0.090909
few-shot,20260909,issue-76-bounded-transfer-032,hybrid_micro_h1,13,2,0,0,1,0.153846,0.423077,-0.153846,0.576923,-0.090909
few-shot,20260910,issue-76-bounded-transfer-032,hybrid_micro_h1,13,2,0,0,1,0.153846,0.423077,-0.153846,0.576923,-0.090909
few-shot,20260908,issue-76-bounded-transfer-032,hybrid_micro_h15,13,2,12,1,1,0.153846,0.423077,0.846154,0.576923,0.590909
few-shot,20260909,issue-76-bounded-transfer-032,hybrid_micro_h15,13,2,1,0,1,0.153846,0.423077,-0.153846,0.576923,0.681818
few-shot,20260910,issue-76-bounded-transfer-032,hybrid_micro_h15,13,2,9,0,0,0.153846,0.423077,-0.153846,-0.423077,0.318182
few-shot,20260908,issue-76-bounded-transfer-032,hybrid_micro_h5,13,2,12,1,1,0.153846,0.423077,0.846154,0.576923,0.590909
few-shot,20260909,issue-76-bounded-transfer-032,hybrid_micro_h5,13,2,12,1,1,0.153846,0.423077,0.846154,0.576923,0.500000
few-shot,20260910,issue-76-bounded-transfer-032,hybrid_micro_h5,13,2,12,1,1,0.153846,0.423077,0.846154,0.576923,0.818182
few-shot,20260908,issue-76-bounded-transfer-033,continuous_h1,13,1,3,0,0,0.076923,0.230769,-0.076923,-0.230769,0.166667
few-shot,20260909,issue-76-bounded-transfer-033,continuous_h1,13,1,0,0,1,0.076923,0.230769,-0.076923,0.769231,0.708333
few-shot,20260910,issue-76-bounded-transfer-033,continuous_h1,13,1,0,0,1,0.076923,0.230769,-0.076923,0.769231,0.333333
few-shot,20260908,issue-76-bounded-transfer-033,continuous_h15,13,1,12,0,0,0.076923,0.230769,-0.076923,-0.230769,0.166667
few-shot,20260909,issue-76-bounded-transfer-033,continuous_h15,13,1,7,0,0,0.076923,0.230769,-0.076923,-0.230769,0.166667
few-shot,20260910,issue-76-bounded-transfer-033,continuous_h15,13,1,12,0,0,0.076923,0.230769,-0.076923,-0.230769,0.166667
few-shot,20260908,issue-76-bounded-transfer-033,continuous_h5,13,1,0,0,1,0.076923,0.230769,-0.076923,0.769231,0.333333
few-shot,20260909,issue-76-bounded-transfer-033,continuous_h5,13,1,0,0,1,0.076923,0.230769,-0.076923,0.769231,0.333333
few-shot,20260910,issue-76-bounded-transfer-033,continuous_h5,13,1,1,0,1,0.076923,0.230769,-0.076923,0.769231,0.833333
few-shot,20260908,issue-76-bounded-transfer-033,hybrid_continuous_h1,13,1,0,0,1,0.076923,0.230769,-0.076923,0.769231,0.333333
few-shot,20260909,issue-76-bounded-transfer-033,hybrid_continuous_h1,13,1,2,1,1,0.076923,0.230769,0.923077,0.769231,0.583333
few-shot,20260910,issue-76-bounded-transfer-033,hybrid_continuous_h1,13,1,0,0,1,0.076923,0.230769,-0.076923,0.769231,0.333333
few-shot,20260908,issue-76-bounded-transfer-033,hybrid_continuous_h15,13,1,12,0,0,0.076923,0.230769,-0.076923,-0.230769,0.166667
few-shot,20260909,issue-76-bounded-transfer-033,hybrid_continuous_h15,13,1,12,0,0,0.076923,0.230769,-0.076923,-0.230769,0.000000
few-shot,20260910,issue-76-bounded-transfer-033,hybrid_continuous_h15,13,1,10,0,0,0.076923,0.230769,-0.076923,-0.230769,0.166667
few-shot,20260908,issue-76-bounded-transfer-033,hybrid_continuous_h5,13,1,3,0,1,0.076923,0.230769,-0.076923,0.769231,0.833333
few-shot,20260909,issue-76-bounded-transfer-033,hybrid_continuous_h5,13,1,0,0,1,0.076923,0.230769,-0.076923,0.769231,0.333333
few-shot,20260910,issue-76-bounded-transfer-033,hybrid_continuous_h5,13,1,7,0,0,0.076923,0.230769,-0.076923,-0.230769,0.333333
few-shot,20260908,issue-76-bounded-transfer-033,hybrid_macro_h1,13,1,0,0,1,0.076923,0.230769,-0.076923,0.769231,0.666667
few-shot,20260909,issue-76-bounded-transfer-033,hybrid_macro_h1,13,1,0,0,1,0.076923,0.230769,-0.076923,0.769231,0.333333
few-shot,20260910,issue-76-bounded-transfer-033,hybrid_macro_h1,13,1,11,0,0,0.076923,0.230769,-0.076923,-0.230769,0.208333
few-shot,20260908,issue-76-bounded-transfer-033,hybrid_macro_h15,13,1,12,0,0,0.076923,0.230769,-0.076923,-0.230769,0.166667
few-shot,20260909,issue-76-bounded-transfer-033,hybrid_macro_h15,13,1,12,0,0,0.076923,0.230769,-0.076923,-0.230769,0.166667
few-shot,20260910,issue-76-bounded-transfer-033,hybrid_macro_h15,13,1,7,0,0,0.076923,0.230769,-0.076923,-0.230769,0.250000
few-shot,20260908,issue-76-bounded-transfer-033,hybrid_macro_h5,13,1,0,0,1,0.076923,0.230769,-0.076923,0.769231,0.833333
few-shot,20260909,issue-76-bounded-transfer-033,hybrid_macro_h5,13,1,0,0,1,0.076923,0.230769,-0.076923,0.769231,0.333333
few-shot,20260910,issue-76-bounded-transfer-033,hybrid_macro_h5,13,1,1,0,0,0.076923,0.230769,-0.076923,-0.230769,0.750000
few-shot,20260908,issue-76-bounded-transfer-033,hybrid_micro_h1,13,1,0,0,1,0.076923,0.230769,-0.076923,0.769231,0.333333
few-shot,20260909,issue-76-bounded-transfer-033,hybrid_micro_h1,13,1,0,0,1,0.076923,0.230769,-0.076923,0.769231,0.333333
few-shot,20260910,issue-76-bounded-transfer-033,hybrid_micro_h1,13,1,0,0,1,0.076923,0.230769,-0.076923,0.769231,0.333333
few-shot,20260908,issue-76-bounded-transfer-033,hybrid_micro_h15,13,1,12,0,0,0.076923,0.230769,-0.076923,-0.230769,0.166667
few-shot,20260909,issue-76-bounded-transfer-033,hybrid_micro_h15,13,1,12,0,0,0.076923,0.230769,-0.076923,-0.230769,0.166667
few-shot,20260910,issue-76-bounded-transfer-033,hybrid_micro_h15,13,1,8,0,0,0.076923,0.230769,-0.076923,-0.230769,0.166667
few-shot,20260908,issue-76-bounded-transfer-033,hybrid_micro_h5,13,1,3,0,1,0.076923,0.230769,-0.076923,0.769231,0.833333
few-shot,20260909,issue-76-bounded-transfer-033,hybrid_micro_h5,13,1,12,0,0,0.076923,0.230769,-0.076923,-0.230769,0.166667
few-shot,20260910,issue-76-bounded-transfer-033,hybrid_micro_h5,13,1,0,0,1,0.076923,0.230769,-0.076923,0.769231,0.333333
few-shot,20260908,issue-76-bounded-transfer-034,continuous_h1,13,0,0,0,0,0.000000,0.000000,0.000000,0.000000,
few-shot,20260909,issue-76-bounded-transfer-034,continuous_h1,13,0,0,0,0,0.000000,0.000000,0.000000,0.000000,
few-shot,20260910,issue-76-bounded-transfer-034,continuous_h1,13,0,0,0,0,0.000000,0.000000,0.000000,0.000000,
few-shot,20260908,issue-76-bounded-transfer-034,continuous_h15,13,0,12,0,0,0.000000,0.000000,0.000000,0.000000,
few-shot,20260909,issue-76-bounded-transfer-034,continuous_h15,13,0,12,0,0,0.000000,0.000000,0.000000,0.000000,
few-shot,20260910,issue-76-bounded-transfer-034,continuous_h15,13,0,12,0,0,0.000000,0.000000,0.000000,0.000000,
few-shot,20260908,issue-76-bounded-transfer-034,continuous_h5,13,0,0,0,0,0.000000,0.000000,0.000000,0.000000,
few-shot,20260909,issue-76-bounded-transfer-034,continuous_h5,13,0,0,0,0,0.000000,0.000000,0.000000,0.000000,
few-shot,20260910,issue-76-bounded-transfer-034,continuous_h5,13,0,1,0,0,0.000000,0.000000,0.000000,0.000000,
few-shot,20260908,issue-76-bounded-transfer-034,hybrid_continuous_h1,13,0,0,0,0,0.000000,0.000000,0.000000,0.000000,
few-shot,20260909,issue-76-bounded-transfer-034,hybrid_continuous_h1,13,0,0,0,0,0.000000,0.000000,0.000000,0.000000,
few-shot,20260910,issue-76-bounded-transfer-034,hybrid_continuous_h1,13,0,0,0,0,0.000000,0.000000,0.000000,0.000000,
few-shot,20260908,issue-76-bounded-transfer-034,hybrid_continuous_h15,13,0,12,0,0,0.000000,0.000000,0.000000,0.000000,
few-shot,20260909,issue-76-bounded-transfer-034,hybrid_continuous_h15,13,0,12,0,0,0.000000,0.000000,0.000000,0.000000,
few-shot,20260910,issue-76-bounded-transfer-034,hybrid_continuous_h15,13,0,10,0,0,0.000000,0.000000,0.000000,0.000000,
few-shot,20260908,issue-76-bounded-transfer-034,hybrid_continuous_h5,13,0,12,0,0,0.000000,0.000000,0.000000,0.000000,
few-shot,20260909,issue-76-bounded-transfer-034,hybrid_continuous_h5,13,0,12,0,0,0.000000,0.000000,0.000000,0.000000,
few-shot,20260910,issue-76-bounded-transfer-034,hybrid_continuous_h5,13,0,0,0,0,0.000000,0.000000,0.000000,0.000000,
few-shot,20260908,issue-76-bounded-transfer-034,hybrid_macro_h1,13,0,12,0,0,0.000000,0.000000,0.000000,0.000000,
few-shot,20260909,issue-76-bounded-transfer-034,hybrid_macro_h1,13,0,0,0,0,0.000000,0.000000,0.000000,0.000000,
few-shot,20260910,issue-76-bounded-transfer-034,hybrid_macro_h1,13,0,0,0,0,0.000000,0.000000,0.000000,0.000000,
few-shot,20260908,issue-76-bounded-transfer-034,hybrid_macro_h15,13,0,12,0,0,0.000000,0.000000,0.000000,0.000000,
few-shot,20260909,issue-76-bounded-transfer-034,hybrid_macro_h15,13,0,12,0,0,0.000000,0.000000,0.000000,0.000000,
few-shot,20260910,issue-76-bounded-transfer-034,hybrid_macro_h15,13,0,1,0,0,0.000000,0.000000,0.000000,0.000000,
few-shot,20260908,issue-76-bounded-transfer-034,hybrid_macro_h5,13,0,3,0,0,0.000000,0.000000,0.000000,0.000000,
few-shot,20260909,issue-76-bounded-transfer-034,hybrid_macro_h5,13,0,0,0,0,0.000000,0.000000,0.000000,0.000000,
few-shot,20260910,issue-76-bounded-transfer-034,hybrid_macro_h5,13,0,1,0,0,0.000000,0.000000,0.000000,0.000000,
few-shot,20260908,issue-76-bounded-transfer-034,hybrid_micro_h1,13,0,0,0,0,0.000000,0.000000,0.000000,0.000000,
few-shot,20260909,issue-76-bounded-transfer-034,hybrid_micro_h1,13,0,0,0,0,0.000000,0.000000,0.000000,0.000000,
few-shot,20260910,issue-76-bounded-transfer-034,hybrid_micro_h1,13,0,0,0,0,0.000000,0.000000,0.000000,0.000000,
few-shot,20260908,issue-76-bounded-transfer-034,hybrid_micro_h15,13,0,12,0,0,0.000000,0.000000,0.000000,0.000000,
few-shot,20260909,issue-76-bounded-transfer-034,hybrid_micro_h15,13,0,12,0,0,0.000000,0.000000,0.000000,0.000000,
few-shot,20260910,issue-76-bounded-transfer-034,hybrid_micro_h15,13,0,10,0,0,0.000000,0.000000,0.000000,0.000000,
few-shot,20260908,issue-76-bounded-transfer-034,hybrid_micro_h5,13,0,12,0,0,0.000000,0.000000,0.000000,0.000000,
few-shot,20260909,issue-76-bounded-transfer-034,hybrid_micro_h5,13,0,12,0,0,0.000000,0.000000,0.000000,0.000000,
few-shot,20260910,issue-76-bounded-transfer-034,hybrid_micro_h5,13,0,0,0,0,0.000000,0.000000,0.000000,0.000000,
few-shot,20260908,issue-76-bounded-transfer-035,continuous_h1,13,0,0,0,0,0.000000,0.000000,0.000000,0.000000,
few-shot,20260909,issue-76-bounded-transfer-035,continuous_h1,13,0,0,0,0,0.000000,0.000000,0.000000,0.000000,
few-shot,20260910,issue-76-bounded-transfer-035,continuous_h1,13,0,0,0,0,0.000000,0.000000,0.000000,0.000000,
few-shot,20260908,issue-76-bounded-transfer-035,continuous_h15,13,0,12,0,0,0.000000,0.000000,0.000000,0.000000,
few-shot,20260909,issue-76-bounded-transfer-035,continuous_h15,13,0,0,0,0,0.000000,0.000000,0.000000,0.000000,
few-shot,20260910,issue-76-bounded-transfer-035,continuous_h15,13,0,12,0,0,0.000000,0.000000,0.000000,0.000000,
few-shot,20260908,issue-76-bounded-transfer-035,continuous_h5,13,0,0,0,0,0.000000,0.000000,0.000000,0.000000,
few-shot,20260909,issue-76-bounded-transfer-035,continuous_h5,13,0,0,0,0,0.000000,0.000000,0.000000,0.000000,
few-shot,20260910,issue-76-bounded-transfer-035,continuous_h5,13,0,1,0,0,0.000000,0.000000,0.000000,0.000000,
few-shot,20260908,issue-76-bounded-transfer-035,hybrid_continuous_h1,13,0,0,0,0,0.000000,0.000000,0.000000,0.000000,
few-shot,20260909,issue-76-bounded-transfer-035,hybrid_continuous_h1,13,0,0,0,0,0.000000,0.000000,0.000000,0.000000,
few-shot,20260910,issue-76-bounded-transfer-035,hybrid_continuous_h1,13,0,0,0,0,0.000000,0.000000,0.000000,0.000000,
few-shot,20260908,issue-76-bounded-transfer-035,hybrid_continuous_h15,13,0,12,0,0,0.000000,0.000000,0.000000,0.000000,
few-shot,20260909,issue-76-bounded-transfer-035,hybrid_continuous_h15,13,0,1,0,0,0.000000,0.000000,0.000000,0.000000,
few-shot,20260910,issue-76-bounded-transfer-035,hybrid_continuous_h15,13,0,10,0,0,0.000000,0.000000,0.000000,0.000000,
few-shot,20260908,issue-76-bounded-transfer-035,hybrid_continuous_h5,13,0,1,0,0,0.000000,0.000000,0.000000,0.000000,
few-shot,20260909,issue-76-bounded-transfer-035,hybrid_continuous_h5,13,0,0,0,0,0.000000,0.000000,0.000000,0.000000,
few-shot,20260910,issue-76-bounded-transfer-035,hybrid_continuous_h5,13,0,0,0,0,0.000000,0.000000,0.000000,0.000000,
few-shot,20260908,issue-76-bounded-transfer-035,hybrid_macro_h1,13,0,0,0,0,0.000000,0.000000,0.000000,0.000000,
few-shot,20260909,issue-76-bounded-transfer-035,hybrid_macro_h1,13,0,0,0,0,0.000000,0.000000,0.000000,0.000000,
few-shot,20260910,issue-76-bounded-transfer-035,hybrid_macro_h1,13,0,0,0,0,0.000000,0.000000,0.000000,0.000000,
few-shot,20260908,issue-76-bounded-transfer-035,hybrid_macro_h15,13,0,12,0,0,0.000000,0.000000,0.000000,0.000000,
few-shot,20260909,issue-76-bounded-transfer-035,hybrid_macro_h15,13,0,1,0,0,0.000000,0.000000,0.000000,0.000000,
few-shot,20260910,issue-76-bounded-transfer-035,hybrid_macro_h15,13,0,8,0,0,0.000000,0.000000,0.000000,0.000000,
few-shot,20260908,issue-76-bounded-transfer-035,hybrid_macro_h5,13,0,1,0,0,0.000000,0.000000,0.000000,0.000000,
few-shot,20260909,issue-76-bounded-transfer-035,hybrid_macro_h5,13,0,11,0,0,0.000000,0.000000,0.000000,0.000000,
few-shot,20260910,issue-76-bounded-transfer-035,hybrid_macro_h5,13,0,1,0,0,0.000000,0.000000,0.000000,0.000000,
few-shot,20260908,issue-76-bounded-transfer-035,hybrid_micro_h1,13,0,0,0,0,0.000000,0.000000,0.000000,0.000000,
few-shot,20260909,issue-76-bounded-transfer-035,hybrid_micro_h1,13,0,0,0,0,0.000000,0.000000,0.000000,0.000000,
few-shot,20260910,issue-76-bounded-transfer-035,hybrid_micro_h1,13,0,0,0,0,0.000000,0.000000,0.000000,0.000000,
few-shot,20260908,issue-76-bounded-transfer-035,hybrid_micro_h15,13,0,12,0,0,0.000000,0.000000,0.000000,0.000000,
few-shot,20260909,issue-76-bounded-transfer-035,hybrid_micro_h15,13,0,1,0,0,0.000000,0.000000,0.000000,0.000000,
few-shot,20260910,issue-76-bounded-transfer-035,hybrid_micro_h15,13,0,9,0,0,0.000000,0.000000,0.000000,0.000000,
few-shot,20260908,issue-76-bounded-transfer-035,hybrid_micro_h5,13,0,12,0,0,0.000000,0.000000,0.000000,0.000000,
few-shot,20260909,issue-76-bounded-transfer-035,hybrid_micro_h5,13,0,0,0,0,0.000000,0.000000,0.000000,0.000000,
few-shot,20260910,issue-76-bounded-transfer-035,hybrid_micro_h5,13,0,0,0,0,0.000000,0.000000,0.000000,0.000000,
few-shot,20260908,issue-76-bounded-transfer-036,continuous_h1,13,0,0,0,0,0.000000,0.000000,0.000000,0.000000,
few-shot,20260909,issue-76-bounded-transfer-036,continuous_h1,13,0,0,0,0,0.000000,0.000000,0.000000,0.000000,
few-shot,20260910,issue-76-bounded-transfer-036,continuous_h1,13,0,0,0,0,0.000000,0.000000,0.000000,0.000000,
few-shot,20260908,issue-76-bounded-transfer-036,continuous_h15,13,0,12,0,0,0.000000,0.000000,0.000000,0.000000,
few-shot,20260909,issue-76-bounded-transfer-036,continuous_h15,13,0,1,0,0,0.000000,0.000000,0.000000,0.000000,
few-shot,20260910,issue-76-bounded-transfer-036,continuous_h15,13,0,12,0,0,0.000000,0.000000,0.000000,0.000000,
few-shot,20260908,issue-76-bounded-transfer-036,continuous_h5,13,0,0,0,0,0.000000,0.000000,0.000000,0.000000,
few-shot,20260909,issue-76-bounded-transfer-036,continuous_h5,13,0,0,0,0,0.000000,0.000000,0.000000,0.000000,
few-shot,20260910,issue-76-bounded-transfer-036,continuous_h5,13,0,1,0,0,0.000000,0.000000,0.000000,0.000000,
few-shot,20260908,issue-76-bounded-transfer-036,hybrid_continuous_h1,13,0,0,0,0,0.000000,0.000000,0.000000,0.000000,
few-shot,20260909,issue-76-bounded-transfer-036,hybrid_continuous_h1,13,0,8,0,0,0.000000,0.000000,0.000000,0.000000,
few-shot,20260910,issue-76-bounded-transfer-036,hybrid_continuous_h1,13,0,0,0,0,0.000000,0.000000,0.000000,0.000000,
few-shot,20260908,issue-76-bounded-transfer-036,hybrid_continuous_h15,13,0,12,0,0,0.000000,0.000000,0.000000,0.000000,
few-shot,20260909,issue-76-bounded-transfer-036,hybrid_continuous_h15,13,0,1,0,0,0.000000,0.000000,0.000000,0.000000,
few-shot,20260910,issue-76-bounded-transfer-036,hybrid_continuous_h15,13,0,11,0,0,0.000000,0.000000,0.000000,0.000000,
few-shot,20260908,issue-76-bounded-transfer-036,hybrid_continuous_h5,13,0,0,0,0,0.000000,0.000000,0.000000,0.000000,
few-shot,20260909,issue-76-bounded-transfer-036,hybrid_continuous_h5,13,0,0,0,0,0.000000,0.000000,0.000000,0.000000,
few-shot,20260910,issue-76-bounded-transfer-036,hybrid_continuous_h5,13,0,0,0,0,0.000000,0.000000,0.000000,0.000000,
few-shot,20260908,issue-76-bounded-transfer-036,hybrid_macro_h1,13,0,0,0,0,0.000000,0.000000,0.000000,0.000000,
few-shot,20260909,issue-76-bounded-transfer-036,hybrid_macro_h1,13,0,0,0,0,0.000000,0.000000,0.000000,0.000000,
few-shot,20260910,issue-76-bounded-transfer-036,hybrid_macro_h1,13,0,0,0,0,0.000000,0.000000,0.000000,0.000000,
few-shot,20260908,issue-76-bounded-transfer-036,hybrid_macro_h15,13,0,12,0,0,0.000000,0.000000,0.000000,0.000000,
few-shot,20260909,issue-76-bounded-transfer-036,hybrid_macro_h15,13,0,1,0,0,0.000000,0.000000,0.000000,0.000000,
few-shot,20260910,issue-76-bounded-transfer-036,hybrid_macro_h15,13,0,8,0,0,0.000000,0.000000,0.000000,0.000000,
few-shot,20260908,issue-76-bounded-transfer-036,hybrid_macro_h5,13,0,1,0,0,0.000000,0.000000,0.000000,0.000000,
few-shot,20260909,issue-76-bounded-transfer-036,hybrid_macro_h5,13,0,0,0,0,0.000000,0.000000,0.000000,0.000000,
few-shot,20260910,issue-76-bounded-transfer-036,hybrid_macro_h5,13,0,0,0,0,0.000000,0.000000,0.000000,0.000000,
few-shot,20260908,issue-76-bounded-transfer-036,hybrid_micro_h1,13,0,0,0,0,0.000000,0.000000,0.000000,0.000000,
few-shot,20260909,issue-76-bounded-transfer-036,hybrid_micro_h1,13,0,4,0,0,0.000000,0.000000,0.000000,0.000000,
few-shot,20260910,issue-76-bounded-transfer-036,hybrid_micro_h1,13,0,0,0,0,0.000000,0.000000,0.000000,0.000000,
few-shot,20260908,issue-76-bounded-transfer-036,hybrid_micro_h15,13,0,12,0,0,0.000000,0.000000,0.000000,0.000000,
few-shot,20260909,issue-76-bounded-transfer-036,hybrid_micro_h15,13,0,12,0,0,0.000000,0.000000,0.000000,0.000000,
few-shot,20260910,issue-76-bounded-transfer-036,hybrid_micro_h15,13,0,9,0,0,0.000000,0.000000,0.000000,0.000000,
few-shot,20260908,issue-76-bounded-transfer-036,hybrid_micro_h5,13,0,12,0,0,0.000000,0.000000,0.000000,0.000000,
few-shot,20260909,issue-76-bounded-transfer-036,hybrid_micro_h5,13,0,0,0,0,0.000000,0.000000,0.000000,0.000000,
few-shot,20260910,issue-76-bounded-transfer-036,hybrid_micro_h5,13,0,0,0,0,0.000000,0.000000,0.000000,0.000000,
few-shot,20260908,issue-76-bounded-transfer-037,continuous_h1,13,2,0,0,0,0.153846,0.423077,-0.153846,-0.423077,-0.181818
few-shot,20260909,issue-76-bounded-transfer-037,continuous_h1,13,2,0,0,0,0.153846,0.423077,-0.153846,-0.423077,0.000000
few-shot,20260910,issue-76-bounded-transfer-037,continuous_h1,13,2,0,0,0,0.153846,0.423077,-0.153846,-0.423077,-0.181818
few-shot,20260908,issue-76-bounded-transfer-037,continuous_h15,13,2,12,0,1,0.153846,0.423077,-0.153846,0.576923,0.681818
few-shot,20260909,issue-76-bounded-transfer-037,continuous_h15,13,2,1,0,0,0.153846,0.423077,-0.153846,-0.423077,0.227273
few-shot,20260910,issue-76-bounded-transfer-037,continuous_h15,13,2,12,0,1,0.153846,0.423077,-0.153846,0.576923,0.681818
few-shot,20260908,issue-76-bounded-transfer-037,continuous_h5,13,2,0,0,0,0.153846,0.423077,-0.153846,-0.423077,-0.181818
few-shot,20260909,issue-76-bounded-transfer-037,continuous_h5,13,2,0,0,0,0.153846,0.423077,-0.153846,-0.423077,-0.181818
few-shot,20260910,issue-76-bounded-transfer-037,continuous_h5,13,2,1,0,0,0.153846,0.423077,-0.153846,-0.423077,0.318182
few-shot,20260908,issue-76-bounded-transfer-037,hybrid_continuous_h1,13,2,0,0,0,0.153846,0.423077,-0.153846,-0.423077,-0.181818
few-shot,20260909,issue-76-bounded-transfer-037,hybrid_continuous_h1,13,2,0,0,0,0.153846,0.423077,-0.153846,-0.423077,-0.181818
few-shot,20260910,issue-76-bounded-transfer-037,hybrid_continuous_h1,13,2,0,0,0,0.153846,0.423077,-0.153846,-0.423077,-0.181818
few-shot,20260908,issue-76-bounded-transfer-037,hybrid_continuous_h15,13,2,12,0,1,0.153846,0.423077,-0.153846,0.576923,0.681818
few-shot,20260909,issue-76-bounded-transfer-037,hybrid_continuous_h15,13,2,1,0,0,0.153846,0.423077,-0.153846,-0.423077,0.272727
few-shot,20260910,issue-76-bounded-transfer-037,hybrid_continuous_h15,13,2,10,1,1,0.153846,0.423077,0.846154,0.576923,0.772727
few-shot,20260908,issue-76-bounded-transfer-037,hybrid_continuous_h5,13,2,0,0,0,0.153846,0.423077,-0.153846,-0.423077,-0.181818
few-shot,20260909,issue-76-bounded-transfer-037,hybrid_continuous_h5,13,2,12,0,1,0.153846,0.423077,-0.153846,0.576923,0.681818
few-shot,20260910,issue-76-bounded-transfer-037,hybrid_continuous_h5,13,2,9,0,1,0.153846,0.423077,-0.153846,0.576923,0.727273
few-shot,20260908,issue-76-bounded-transfer-037,hybrid_macro_h1,13,2,3,0,0,0.153846,0.423077,-0.153846,-0.423077,0.227273
few-shot,20260909,issue-76-bounded-transfer-037,hybrid_macro_h1,13,2,3,0,0,0.153846,0.423077,-0.153846,-0.423077,0.227273
few-shot,20260910,issue-76-bounded-transfer-037,hybrid_macro_h1,13,2,0,0,0,0.153846,0.423077,-0.153846,-0.423077,-0.181818
few-shot,20260908,issue-76-bounded-transfer-037,hybrid_macro_h15,13,2,12,0,1,0.153846,0.423077,-0.153846,0.576923,0.681818
few-shot,20260909,issue-76-bounded-transfer-037,hybrid_macro_h15,13,2,1,0,0,0.153846,0.423077,-0.153846,-0.423077,0.318182
few-shot,20260910,issue-76-bounded-transfer-037,hybrid_macro_h15,13,2,7,0,1,0.153846,0.423077,-0.153846,0.576923,0.681818
few-shot,20260908,issue-76-bounded-transfer-037,hybrid_macro_h5,13,2,1,0,0,0.153846,0.423077,-0.153846,-0.423077,0.318182
few-shot,20260909,issue-76-bounded-transfer-037,hybrid_macro_h5,13,2,0,0,0,0.153846,0.423077,-0.153846,-0.423077,0.136364
few-shot,20260910,issue-76-bounded-transfer-037,hybrid_macro_h5,13,2,1,0,0,0.153846,0.423077,-0.153846,-0.423077,0.318182
few-shot,20260908,issue-76-bounded-transfer-037,hybrid_micro_h1,13,2,0,0,0,0.153846,0.423077,-0.153846,-0.423077,-0.181818
few-shot,20260909,issue-76-bounded-transfer-037,hybrid_micro_h1,13,2,10,1,1,0.153846,0.423077,0.846154,0.576923,0.363636
few-shot,20260910,issue-76-bounded-transfer-037,hybrid_micro_h1,13,2,0,0,0,0.153846,0.423077,-0.153846,-0.423077,-0.181818
few-shot,20260908,issue-76-bounded-transfer-037,hybrid_micro_h15,13,2,12,0,1,0.153846,0.423077,-0.153846,0.576923,0.681818
few-shot,20260909,issue-76-bounded-transfer-037,hybrid_micro_h15,13,2,1,0,0,0.153846,0.423077,-0.153846,-0.423077,0.227273
few-shot,20260910,issue-76-bounded-transfer-037,hybrid_micro_h15,13,2,9,0,1,0.153846,0.423077,-0.153846,0.576923,0.681818
few-shot,20260908,issue-76-bounded-transfer-037,hybrid_micro_h5,13,2,12,0,1,0.153846,0.423077,-0.153846,0.576923,0.681818
few-shot,20260909,issue-76-bounded-transfer-037,hybrid_micro_h5,13,2,0,0,0,0.153846,0.423077,-0.153846,-0.423077,-0.181818
few-shot,20260910,issue-76-bounded-transfer-037,hybrid_micro_h5,13,2,0,0,0,0.153846,0.423077,-0.153846,-0.423077,-0.181818
few-shot,20260908,issue-76-bounded-transfer-038,continuous_h1,13,2,2,0,1,0.153846,0.423077,-0.153846,0.576923,0.136364
few-shot,20260909,issue-76-bounded-transfer-038,continuous_h1,13,2,0,0,0,0.153846,0.423077,-0.153846,-0.423077,0.000000
few-shot,20260910,issue-76-bounded-transfer-038,continuous_h1,13,2,0,0,0,0.153846,0.423077,-0.153846,-0.423077,-0.136364
few-shot,20260908,issue-76-bounded-transfer-038,continuous_h15,13,2,12,1,1,0.153846,0.423077,0.846154,0.576923,0.636364
few-shot,20260909,issue-76-bounded-transfer-038,continuous_h15,13,2,7,0,0,0.153846,0.423077,-0.153846,-0.423077,0.227273
few-shot,20260910,issue-76-bounded-transfer-038,continuous_h15,13,2,12,1,1,0.153846,0.423077,0.846154,0.576923,0.636364
few-shot,20260908,issue-76-bounded-transfer-038,continuous_h5,13,2,0,0,0,0.153846,0.423077,-0.153846,-0.423077,-0.136364
few-shot,20260909,issue-76-bounded-transfer-038,continuous_h5,13,2,0,0,0,0.153846,0.423077,-0.153846,-0.423077,-0.136364
few-shot,20260910,issue-76-bounded-transfer-038,continuous_h5,13,2,0,0,0,0.153846,0.423077,-0.153846,-0.423077,0.227273
few-shot,20260908,issue-76-bounded-transfer-038,hybrid_continuous_h1,13,2,11,0,1,0.153846,0.423077,-0.153846,0.576923,0.500000
few-shot,20260909,issue-76-bounded-transfer-038,hybrid_continuous_h1,13,2,0,0,0,0.153846,0.423077,-0.153846,-0.423077,-0.136364
few-shot,20260910,issue-76-bounded-transfer-038,hybrid_continuous_h1,13,2,12,1,1,0.153846,0.423077,0.846154,0.576923,0.613636
few-shot,20260908,issue-76-bounded-transfer-038,hybrid_continuous_h15,13,2,12,1,1,0.153846,0.423077,0.846154,0.576923,0.636364
few-shot,20260909,issue-76-bounded-transfer-038,hybrid_continuous_h15,13,2,1,0,0,0.153846,0.423077,-0.153846,-0.423077,0.545455
few-shot,20260910,issue-76-bounded-transfer-038,hybrid_continuous_h15,13,2,10,0,0,0.153846,0.423077,-0.153846,-0.423077,0.500000
few-shot,20260908,issue-76-bounded-transfer-038,hybrid_continuous_h5,13,2,5,0,0,0.153846,0.423077,-0.153846,-0.423077,0.318182
few-shot,20260909,issue-76-bounded-transfer-038,hybrid_continuous_h5,13,2,12,1,1,0.153846,0.423077,0.846154,0.576923,0.500000
few-shot,20260910,issue-76-bounded-transfer-038,hybrid_continuous_h5,13,2,5,0,0,0.153846,0.423077,-0.153846,-0.423077,0.318182
few-shot,20260908,issue-76-bounded-transfer-038,hybrid_macro_h1,13,2,2,0,1,0.153846,0.423077,-0.153846,0.576923,0.136364
few-shot,20260909,issue-76-bounded-transfer-038,hybrid_macro_h1,13,2,0,0,0,0.153846,0.423077,-0.153846,-0.423077,-0.136364
few-shot,20260910,issue-76-bounded-transfer-038,hybrid_macro_h1,13,2,11,0,1,0.153846,0.423077,-0.153846,0.576923,0.477273
few-shot,20260908,issue-76-bounded-transfer-038,hybrid_macro_h15,13,2,12,1,1,0.153846,0.423077,0.846154,0.576923,0.636364
few-shot,20260909,issue-76-bounded-transfer-038,hybrid_macro_h15,13,2,1,0,0,0.153846,0.423077,-0.153846,-0.423077,0.590909
few-shot,20260910,issue-76-bounded-transfer-038,hybrid_macro_h15,13,2,7,0,0,0.153846,0.423077,-0.153846,-0.423077,0.227273
few-shot,20260908,issue-76-bounded-transfer-038,hybrid_macro_h5,13,2,1,0,0,0.153846,0.423077,-0.153846,-0.423077,0.363636
few-shot,20260909,issue-76-bounded-transfer-038,hybrid_macro_h5,13,2,0,0,0,0.153846,0.423077,-0.153846,-0.423077,0.363636
few-shot,20260910,issue-76-bounded-transfer-038,hybrid_macro_h5,13,2,1,0,0,0.153846,0.423077,-0.153846,-0.423077,0.681818
few-shot,20260908,issue-76-bounded-transfer-038,hybrid_micro_h1,13,2,0,0,0,0.153846,0.423077,-0.153846,-0.423077,-0.136364
few-shot,20260909,issue-76-bounded-transfer-038,hybrid_micro_h1,13,2,0,0,0,0.153846,0.423077,-0.153846,-0.423077,-0.136364
few-shot,20260910,issue-76-bounded-transfer-038,hybrid_micro_h1,13,2,1,0,0,0.153846,0.423077,-0.153846,-0.423077,-0.045455
few-shot,20260908,issue-76-bounded-transfer-038,hybrid_micro_h15,13,2,12,1,1,0.153846,0.423077,0.846154,0.576923,0.636364
few-shot,20260909,issue-76-bounded-transfer-038,hybrid_micro_h15,13,2,12,1,1,0.153846,0.423077,0.846154,0.576923,0.727273
few-shot,20260910,issue-76-bounded-transfer-038,hybrid_micro_h15,13,2,9,0,0,0.153846,0.423077,-0.153846,-0.423077,0.409091
few-shot,20260908,issue-76-bounded-transfer-038,hybrid_micro_h5,13,2,7,0,0,0.153846,0.423077,-0.153846,-0.423077,0.272727
few-shot,20260909,issue-76-bounded-transfer-038,hybrid_micro_h5,13,2,12,1,1,0.153846,0.423077,0.846154,0.576923,0.704545
few-shot,20260910,issue-76-bounded-transfer-038,hybrid_micro_h5,13,2,0,0,0,0.153846,0.423077,-0.153846,-0.423077,-0.136364
few-shot,20260908,issue-76-bounded-transfer-039,continuous_h1,13,0,0,0,0,0.000000,0.000000,0.000000,0.000000,
few-shot,20260909,issue-76-bounded-transfer-039,continuous_h1,13,0,0,0,0,0.000000,0.000000,0.000000,0.000000,
few-shot,20260910,issue-76-bounded-transfer-039,continuous_h1,13,0,0,0,0,0.000000,0.000000,0.000000,0.000000,
few-shot,20260908,issue-76-bounded-transfer-039,continuous_h15,13,0,12,0,0,0.000000,0.000000,0.000000,0.000000,
few-shot,20260909,issue-76-bounded-transfer-039,continuous_h15,13,0,1,0,0,0.000000,0.000000,0.000000,0.000000,
few-shot,20260910,issue-76-bounded-transfer-039,continuous_h15,13,0,12,0,0,0.000000,0.000000,0.000000,0.000000,
few-shot,20260908,issue-76-bounded-transfer-039,continuous_h5,13,0,0,0,0,0.000000,0.000000,0.000000,0.000000,
few-shot,20260909,issue-76-bounded-transfer-039,continuous_h5,13,0,0,0,0,0.000000,0.000000,0.000000,0.000000,
few-shot,20260910,issue-76-bounded-transfer-039,continuous_h5,13,0,1,0,0,0.000000,0.000000,0.000000,0.000000,
few-shot,20260908,issue-76-bounded-transfer-039,hybrid_continuous_h1,13,0,0,0,0,0.000000,0.000000,0.000000,0.000000,
few-shot,20260909,issue-76-bounded-transfer-039,hybrid_continuous_h1,13,0,0,0,0,0.000000,0.000000,0.000000,0.000000,
few-shot,20260910,issue-76-bounded-transfer-039,hybrid_continuous_h1,13,0,0,0,0,0.000000,0.000000,0.000000,0.000000,
few-shot,20260908,issue-76-bounded-transfer-039,hybrid_continuous_h15,13,0,12,0,0,0.000000,0.000000,0.000000,0.000000,
few-shot,20260909,issue-76-bounded-transfer-039,hybrid_continuous_h15,13,0,12,0,0,0.000000,0.000000,0.000000,0.000000,
few-shot,20260910,issue-76-bounded-transfer-039,hybrid_continuous_h15,13,0,10,0,0,0.000000,0.000000,0.000000,0.000000,
few-shot,20260908,issue-76-bounded-transfer-039,hybrid_continuous_h5,13,0,8,0,0,0.000000,0.000000,0.000000,0.000000,
few-shot,20260909,issue-76-bounded-transfer-039,hybrid_continuous_h5,13,0,0,0,0,0.000000,0.000000,0.000000,0.000000,
few-shot,20260910,issue-76-bounded-transfer-039,hybrid_continuous_h5,13,0,4,0,0,0.000000,0.000000,0.000000,0.000000,
few-shot,20260908,issue-76-bounded-transfer-039,hybrid_macro_h1,13,0,9,0,0,0.000000,0.000000,0.000000,0.000000,
few-shot,20260909,issue-76-bounded-transfer-039,hybrid_macro_h1,13,0,0,0,0,0.000000,0.000000,0.000000,0.000000,
few-shot,20260910,issue-76-bounded-transfer-039,hybrid_macro_h1,13,0,0,0,0,0.000000,0.000000,0.000000,0.000000,
few-shot,20260908,issue-76-bounded-transfer-039,hybrid_macro_h15,13,0,12,0,0,0.000000,0.000000,0.000000,0.000000,
few-shot,20260909,issue-76-bounded-transfer-039,hybrid_macro_h15,13,0,1,0,0,0.000000,0.000000,0.000000,0.000000,
few-shot,20260910,issue-76-bounded-transfer-039,hybrid_macro_h15,13,0,1,0,0,0.000000,0.000000,0.000000,0.000000,
few-shot,20260908,issue-76-bounded-transfer-039,hybrid_macro_h5,13,0,0,0,0,0.000000,0.000000,0.000000,0.000000,
few-shot,20260909,issue-76-bounded-transfer-039,hybrid_macro_h5,13,0,1,0,0,0.000000,0.000000,0.000000,0.000000,
few-shot,20260910,issue-76-bounded-transfer-039,hybrid_macro_h5,13,0,1,0,0,0.000000,0.000000,0.000000,0.000000,
few-shot,20260908,issue-76-bounded-transfer-039,hybrid_micro_h1,13,0,0,0,0,0.000000,0.000000,0.000000,0.000000,
few-shot,20260909,issue-76-bounded-transfer-039,hybrid_micro_h1,13,0,1,0,0,0.000000,0.000000,0.000000,0.000000,
few-shot,20260910,issue-76-bounded-transfer-039,hybrid_micro_h1,13,0,0,0,0,0.000000,0.000000,0.000000,0.000000,
few-shot,20260908,issue-76-bounded-transfer-039,hybrid_micro_h15,13,0,12,0,0,0.000000,0.000000,0.000000,0.000000,
few-shot,20260909,issue-76-bounded-transfer-039,hybrid_micro_h15,13,0,12,0,0,0.000000,0.000000,0.000000,0.000000,
few-shot,20260910,issue-76-bounded-transfer-039,hybrid_micro_h15,13,0,9,0,0,0.000000,0.000000,0.000000,0.000000,
few-shot,20260908,issue-76-bounded-transfer-039,hybrid_micro_h5,13,0,10,0,0,0.000000,0.000000,0.000000,0.000000,
few-shot,20260909,issue-76-bounded-transfer-039,hybrid_micro_h5,13,0,7,0,0,0.000000,0.000000,0.000000,0.000000,
few-shot,20260910,issue-76-bounded-transfer-039,hybrid_micro_h5,13,0,0,0,0,0.000000,0.000000,0.000000,0.000000,
few-shot,20260908,issue-77-n2-007,continuous_h1,13,1,8,0,0,0.076923,0.230769,-0.076923,-0.230769,0.500000
few-shot,20260909,issue-77-n2-007,continuous_h1,13,1,0,0,0,0.076923,0.230769,-0.076923,-0.230769,-0.333333
few-shot,20260910,issue-77-n2-007,continuous_h1,13,1,0,0,0,0.076923,0.230769,-0.076923,-0.230769,-0.500000
few-shot,20260908,issue-77-n2-007,continuous_h15,13,1,12,1,1,0.076923,0.230769,0.923077,0.769231,1.000000
few-shot,20260909,issue-77-n2-007,continuous_h15,13,1,12,1,1,0.076923,0.230769,0.923077,0.769231,1.000000
few-shot,20260910,issue-77-n2-007,continuous_h15,13,1,12,1,1,0.076923,0.230769,0.923077,0.769231,1.000000
few-shot,20260908,issue-77-n2-007,continuous_h5,13,1,0,0,0,0.076923,0.230769,-0.076923,-0.230769,-0.500000
few-shot,20260909,issue-77-n2-007,continuous_h5,13,1,0,0,0,0.076923,0.230769,-0.076923,-0.230769,-0.500000
few-shot,20260910,issue-77-n2-007,continuous_h5,13,1,1,0,0,0.076923,0.230769,-0.076923,-0.230769,0.000000
few-shot,20260908,issue-77-n2-007,hybrid_continuous_h1,13,1,0,0,0,0.076923,0.230769,-0.076923,-0.230769,-0.500000
few-shot,20260909,issue-77-n2-007,hybrid_continuous_h1,13,1,0,0,0,0.076923,0.230769,-0.076923,-0.230769,-0.500000
few-shot,20260910,issue-77-n2-007,hybrid_continuous_h1,13,1,0,0,0,0.076923,0.230769,-0.076923,-0.230769,-0.500000
few-shot,20260908,issue-77-n2-007,hybrid_continuous_h15,13,1,1,0,0,0.076923,0.230769,-0.076923,-0.230769,0.000000
few-shot,20260909,issue-77-n2-007,hybrid_continuous_h15,13,1,12,1,1,0.076923,0.230769,0.923077,0.769231,1.000000
few-shot,20260910,issue-77-n2-007,hybrid_continuous_h15,13,1,11,0,0,0.076923,0.230769,-0.076923,-0.230769,0.750000
few-shot,20260908,issue-77-n2-007,hybrid_continuous_h5,13,1,7,0,0,0.076923,0.230769,-0.076923,-0.230769,0.375000
few-shot,20260909,issue-77-n2-007,hybrid_continuous_h5,13,1,12,1,1,0.076923,0.230769,0.923077,0.769231,1.000000
few-shot,20260910,issue-77-n2-007,hybrid_continuous_h5,13,1,7,0,0,0.076923,0.230769,-0.076923,-0.230769,0.000000
few-shot,20260908,issue-77-n2-007,hybrid_macro_h1,13,1,0,0,0,0.076923,0.230769,-0.076923,-0.230769,-0.500000
few-shot,20260909,issue-77-n2-007,hybrid_macro_h1,13,1,0,0,0,0.076923,0.230769,-0.076923,-0.230769,-0.500000
few-shot,20260910,issue-77-n2-007,hybrid_macro_h1,13,1,0,0,0,0.076923,0.230769,-0.076923,-0.230769,-0.500000
few-shot,20260908,issue-77-n2-007,hybrid_macro_h15,13,1,1,0,0,0.076923,0.230769,-0.076923,-0.230769,0.000000
few-shot,20260909,issue-77-n2-007,hybrid_macro_h15,13,1,12,1,1,0.076923,0.230769,0.923077,0.769231,1.000000
few-shot,20260910,issue-77-n2-007,hybrid_macro_h15,13,1,1,0,0,0.076923,0.230769,-0.076923,-0.230769,0.000000
few-shot,20260908,issue-77-n2-007,hybrid_macro_h5,13,1,3,0,0,0.076923,0.230769,-0.076923,-0.230769,0.250000
few-shot,20260909,issue-77-n2-007,hybrid_macro_h5,13,1,0,0,0,0.076923,0.230769,-0.076923,-0.230769,-0.500000
few-shot,20260910,issue-77-n2-007,hybrid_macro_h5,13,1,0,0,0,0.076923,0.230769,-0.076923,-0.230769,-0.500000
few-shot,20260908,issue-77-n2-007,hybrid_micro_h1,13,1,0,0,0,0.076923,0.230769,-0.076923,-0.230769,-0.500000
few-shot,20260909,issue-77-n2-007,hybrid_micro_h1,13,1,0,0,0,0.076923,0.230769,-0.076923,-0.230769,-0.500000
few-shot,20260910,issue-77-n2-007,hybrid_micro_h1,13,1,0,0,0,0.076923,0.230769,-0.076923,-0.230769,0.500000
few-shot,20260908,issue-77-n2-007,hybrid_micro_h15,13,1,1,0,1,0.076923,0.230769,-0.076923,0.769231,0.833333
few-shot,20260909,issue-77-n2-007,hybrid_micro_h15,13,1,12,1,1,0.076923,0.230769,0.923077,0.769231,1.000000
few-shot,20260910,issue-77-n2-007,hybrid_micro_h15,13,1,11,0,1,0.076923,0.230769,-0.076923,0.769231,0.833333
few-shot,20260908,issue-77-n2-007,hybrid_micro_h5,13,1,12,1,1,0.076923,0.230769,0.923077,0.769231,1.000000
few-shot,20260909,issue-77-n2-007,hybrid_micro_h5,13,1,12,1,1,0.076923,0.230769,0.923077,0.769231,1.000000
few-shot,20260910,issue-77-n2-007,hybrid_micro_h5,13,1,0,0,0,0.076923,0.230769,-0.076923,-0.230769,-0.500000
few-shot,20260908,issue-77-n2-008,continuous_h1,13,1,8,0,0,0.076923,0.230769,-0.076923,-0.230769,-0.041667
few-shot,20260909,issue-77-n2-008,continuous_h1,13,1,0,0,0,0.076923,0.230769,-0.076923,-0.230769,0.333333
few-shot,20260910,issue-77-n2-008,continuous_h1,13,1,0,0,0,0.076923,0.230769,-0.076923,-0.230769,0.166667
few-shot,20260908,issue-77-n2-008,continuous_h15,13,1,12,0,0,0.076923,0.230769,-0.076923,-0.230769,0.333333
few-shot,20260909,issue-77-n2-008,continuous_h15,13,1,12,0,0,0.076923,0.230769,-0.076923,-0.230769,0.333333
few-shot,20260910,issue-77-n2-008,continuous_h15,13,1,12,0,0,0.076923,0.230769,-0.076923,-0.230769,0.333333
few-shot,20260908,issue-77-n2-008,continuous_h5,13,1,0,0,0,0.076923,0.230769,-0.076923,-0.230769,0.166667
few-shot,20260909,issue-77-n2-008,continuous_h5,13,1,0,0,0,0.076923,0.230769,-0.076923,-0.230769,0.166667
few-shot,20260910,issue-77-n2-008,continuous_h5,13,1,1,0,0,0.076923,0.230769,-0.076923,-0.230769,0.666667
few-shot,20260908,issue-77-n2-008,hybrid_continuous_h1,13,1,0,0,0,0.076923,0.230769,-0.076923,-0.230769,0.166667
few-shot,20260909,issue-77-n2-008,hybrid_continuous_h1,13,1,0,0,0,0.076923,0.230769,-0.076923,-0.230769,0.166667
few-shot,20260910,issue-77-n2-008,hybrid_continuous_h1,13,1,0,0,0,0.076923,0.230769,-0.076923,-0.230769,0.166667
few-shot,20260908,issue-77-n2-008,hybrid_continuous_h15,13,1,1,0,0,0.076923,0.230769,-0.076923,-0.230769,0.666667
few-shot,20260909,issue-77-n2-008,hybrid_continuous_h15,13,1,12,0,0,0.076923,0.230769,-0.076923,-0.230769,0.333333
few-shot,20260910,issue-77-n2-008,hybrid_continuous_h15,13,1,6,0,0,0.076923,0.230769,-0.076923,-0.230769,0.333333
few-shot,20260908,issue-77-n2-008,hybrid_continuous_h5,13,1,12,0,0,0.076923,0.230769,-0.076923,-0.230769,0.333333
few-shot,20260909,issue-77-n2-008,hybrid_continuous_h5,13,1,12,0,0,0.076923,0.230769,-0.076923,-0.230769,0.333333
few-shot,20260910,issue-77-n2-008,hybrid_continuous_h5,13,1,7,0,0,0.076923,0.230769,-0.076923,-0.230769,0.666667
few-shot,20260908,issue-77-n2-008,hybrid_macro_h1,13,1,8,0,0,0.076923,0.230769,-0.076923,-0.230769,-0.041667
few-shot,20260909,issue-77-n2-008,hybrid_macro_h1,13,1,0,0,0,0.076923,0.230769,-0.076923,-0.230769,0.166667
few-shot,20260910,issue-77-n2-008,hybrid_macro_h1,13,1,0,0,0,0.076923,0.230769,-0.076923,-0.230769,0.166667
few-shot,20260908,issue-77-n2-008,hybrid_macro_h15,13,1,1,0,0,0.076923,0.230769,-0.076923,-0.230769,0.666667
few-shot,20260909,issue-77-n2-008,hybrid_macro_h15,13,1,12,0,0,0.076923,0.230769,-0.076923,-0.230769,0.333333
few-shot,20260910,issue-77-n2-008,hybrid_macro_h15,13,1,1,0,0,0.076923,0.230769,-0.076923,-0.230769,0.666667
few-shot,20260908,issue-77-n2-008,hybrid_macro_h5,13,1,6,0,0,0.076923,0.230769,-0.076923,-0.230769,0.750000
few-shot,20260909,issue-77-n2-008,hybrid_macro_h5,13,1,0,0,0,0.076923,0.230769,-0.076923,-0.230769,0.166667
few-shot,20260910,issue-77-n2-008,hybrid_macro_h5,13,1,1,0,0,0.076923,0.230769,-0.076923,-0.230769,0.666667
few-shot,20260908,issue-77-n2-008,hybrid_micro_h1,13,1,0,0,0,0.076923,0.230769,-0.076923,-0.230769,0.166667
few-shot,20260909,issue-77-n2-008,hybrid_micro_h1,13,1,0,0,0,0.076923,0.230769,-0.076923,-0.230769,0.291667
few-shot,20260910,issue-77-n2-008,hybrid_micro_h1,13,1,0,0,0,0.076923,0.230769,-0.076923,-0.230769,0.166667
few-shot,20260908,issue-77-n2-008,hybrid_micro_h15,13,1,12,0,0,0.076923,0.230769,-0.076923,-0.230769,0.333333
few-shot,20260909,issue-77-n2-008,hybrid_micro_h15,13,1,12,0,0,0.076923,0.230769,-0.076923,-0.230769,0.333333
few-shot,20260910,issue-77-n2-008,hybrid_micro_h15,13,1,1,0,0,0.076923,0.230769,-0.076923,-0.230769,0.666667
few-shot,20260908,issue-77-n2-008,hybrid_micro_h5,13,1,0,0,0,0.076923,0.230769,-0.076923,-0.230769,0.416667
few-shot,20260909,issue-77-n2-008,hybrid_micro_h5,13,1,12,0,0,0.076923,0.230769,-0.076923,-0.230769,0.333333
few-shot,20260910,issue-77-n2-008,hybrid_micro_h5,13,1,0,0,0,0.076923,0.230769,-0.076923,-0.230769,0.166667
few-shot,20260908,issue-77-n2-014,continuous_h1,12,0,0,0,0,0.000000,0.000000,0.000000,0.000000,
few-shot,20260909,issue-77-n2-014,continuous_h1,12,0,0,0,0,0.000000,0.000000,0.000000,0.000000,
few-shot,20260910,issue-77-n2-014,continuous_h1,12,0,0,0,0,0.000000,0.000000,0.000000,0.000000,
few-shot,20260908,issue-77-n2-014,continuous_h15,12,0,12,0,0,0.000000,0.000000,0.000000,0.000000,
few-shot,20260909,issue-77-n2-014,continuous_h15,12,0,12,0,0,0.000000,0.000000,0.000000,0.000000,
few-shot,20260910,issue-77-n2-014,continuous_h15,12,0,2,0,0,0.000000,0.000000,0.000000,0.000000,
few-shot,20260908,issue-77-n2-014,continuous_h5,12,0,0,0,0,0.000000,0.000000,0.000000,0.000000,
few-shot,20260909,issue-77-n2-014,continuous_h5,12,0,0,0,0,0.000000,0.000000,0.000000,0.000000,
few-shot,20260910,issue-77-n2-014,continuous_h5,12,0,12,0,0,0.000000,0.000000,0.000000,0.000000,
few-shot,20260908,issue-77-n2-014,hybrid_continuous_h1,12,0,0,0,0,0.000000,0.000000,0.000000,0.000000,
few-shot,20260909,issue-77-n2-014,hybrid_continuous_h1,12,0,7,0,0,0.000000,0.000000,0.000000,0.000000,
few-shot,20260910,issue-77-n2-014,hybrid_continuous_h1,12,0,0,0,0,0.000000,0.000000,0.000000,0.000000,
few-shot,20260908,issue-77-n2-014,hybrid_continuous_h15,12,0,1,0,0,0.000000,0.000000,0.000000,0.000000,
few-shot,20260909,issue-77-n2-014,hybrid_continuous_h15,12,0,12,0,0,0.000000,0.000000,0.000000,0.000000,
few-shot,20260910,issue-77-n2-014,hybrid_continuous_h15,12,0,1,0,0,0.000000,0.000000,0.000000,0.000000,
few-shot,20260908,issue-77-n2-014,hybrid_continuous_h5,12,0,12,0,0,0.000000,0.000000,0.000000,0.000000,
few-shot,20260909,issue-77-n2-014,hybrid_continuous_h5,12,0,0,0,0,0.000000,0.000000,0.000000,0.000000,
few-shot,20260910,issue-77-n2-014,hybrid_continuous_h5,12,0,0,0,0,0.000000,0.000000,0.000000,0.000000,
few-shot,20260908,issue-77-n2-014,hybrid_macro_h1,12,0,0,0,0,0.000000,0.000000,0.000000,0.000000,
few-shot,20260909,issue-77-n2-014,hybrid_macro_h1,12,0,0,0,0,0.000000,0.000000,0.000000,0.000000,
few-shot,20260910,issue-77-n2-014,hybrid_macro_h1,12,0,0,0,0,0.000000,0.000000,0.000000,0.000000,
few-shot,20260908,issue-77-n2-014,hybrid_macro_h15,12,0,1,0,0,0.000000,0.000000,0.000000,0.000000,
few-shot,20260909,issue-77-n2-014,hybrid_macro_h15,12,0,12,0,0,0.000000,0.000000,0.000000,0.000000,
few-shot,20260910,issue-77-n2-014,hybrid_macro_h15,12,0,1,0,0,0.000000,0.000000,0.000000,0.000000,
few-shot,20260908,issue-77-n2-014,hybrid_macro_h5,12,0,12,0,0,0.000000,0.000000,0.000000,0.000000,
few-shot,20260909,issue-77-n2-014,hybrid_macro_h5,12,0,0,0,0,0.000000,0.000000,0.000000,0.000000,
few-shot,20260910,issue-77-n2-014,hybrid_macro_h5,12,0,12,0,0,0.000000,0.000000,0.000000,0.000000,
few-shot,20260908,issue-77-n2-014,hybrid_micro_h1,12,0,0,0,0,0.000000,0.000000,0.000000,0.000000,
few-shot,20260909,issue-77-n2-014,hybrid_micro_h1,12,0,8,0,0,0.000000,0.000000,0.000000,0.000000,
few-shot,20260910,issue-77-n2-014,hybrid_micro_h1,12,0,10,0,0,0.000000,0.000000,0.000000,0.000000,
few-shot,20260908,issue-77-n2-014,hybrid_micro_h15,12,0,12,0,0,0.000000,0.000000,0.000000,0.000000,
few-shot,20260909,issue-77-n2-014,hybrid_micro_h15,12,0,12,0,0,0.000000,0.000000,0.000000,0.000000,
few-shot,20260910,issue-77-n2-014,hybrid_micro_h15,12,0,1,0,0,0.000000,0.000000,0.000000,0.000000,
few-shot,20260908,issue-77-n2-014,hybrid_micro_h5,12,0,0,0,0,0.000000,0.000000,0.000000,0.000000,
few-shot,20260909,issue-77-n2-014,hybrid_micro_h5,12,0,0,0,0,0.000000,0.000000,0.000000,0.000000,
few-shot,20260910,issue-77-n2-014,hybrid_micro_h5,12,0,3,0,0,0.000000,0.000000,0.000000,0.000000,
few-shot,20260908,issue-77-n2-016,continuous_h1,13,0,0,0,0,0.000000,0.000000,0.000000,0.000000,
few-shot,20260909,issue-77-n2-016,continuous_h1,13,0,0,0,0,0.000000,0.000000,0.000000,0.000000,
few-shot,20260910,issue-77-n2-016,continuous_h1,13,0,0,0,0,0.000000,0.000000,0.000000,0.000000,
few-shot,20260908,issue-77-n2-016,continuous_h15,13,0,12,0,0,0.000000,0.000000,0.000000,0.000000,
few-shot,20260909,issue-77-n2-016,continuous_h15,13,0,7,0,0,0.000000,0.000000,0.000000,0.000000,
few-shot,20260910,issue-77-n2-016,continuous_h15,13,0,12,0,0,0.000000,0.000000,0.000000,0.000000,
few-shot,20260908,issue-77-n2-016,continuous_h5,13,0,0,0,0,0.000000,0.000000,0.000000,0.000000,
few-shot,20260909,issue-77-n2-016,continuous_h5,13,0,0,0,0,0.000000,0.000000,0.000000,0.000000,
few-shot,20260910,issue-77-n2-016,continuous_h5,13,0,8,0,0,0.000000,0.000000,0.000000,0.000000,
few-shot,20260908,issue-77-n2-016,hybrid_continuous_h1,13,0,8,0,0,0.000000,0.000000,0.000000,0.000000,
few-shot,20260909,issue-77-n2-016,hybrid_continuous_h1,13,0,0,0,0,0.000000,0.000000,0.000000,0.000000,
few-shot,20260910,issue-77-n2-016,hybrid_continuous_h1,13,0,0,0,0,0.000000,0.000000,0.000000,0.000000,
few-shot,20260908,issue-77-n2-016,hybrid_continuous_h15,13,0,12,0,0,0.000000,0.000000,0.000000,0.000000,
few-shot,20260909,issue-77-n2-016,hybrid_continuous_h15,13,0,1,0,0,0.000000,0.000000,0.000000,0.000000,
few-shot,20260910,issue-77-n2-016,hybrid_continuous_h15,13,0,10,0,0,0.000000,0.000000,0.000000,0.000000,
few-shot,20260908,issue-77-n2-016,hybrid_continuous_h5,13,0,3,0,0,0.000000,0.000000,0.000000,0.000000,
few-shot,20260909,issue-77-n2-016,hybrid_continuous_h5,13,0,0,0,0,0.000000,0.000000,0.000000,0.000000,
few-shot,20260910,issue-77-n2-016,hybrid_continuous_h5,13,0,11,0,0,0.000000,0.000000,0.000000,0.000000,
few-shot,20260908,issue-77-n2-016,hybrid_macro_h1,13,0,2,0,0,0.000000,0.000000,0.000000,0.000000,
few-shot,20260909,issue-77-n2-016,hybrid_macro_h1,13,0,0,0,0,0.000000,0.000000,0.000000,0.000000,
few-shot,20260910,issue-77-n2-016,hybrid_macro_h1,13,0,0,0,0,0.000000,0.000000,0.000000,0.000000,
few-shot,20260908,issue-77-n2-016,hybrid_macro_h15,13,0,12,0,0,0.000000,0.000000,0.000000,0.000000,
few-shot,20260909,issue-77-n2-016,hybrid_macro_h15,13,0,1,0,0,0.000000,0.000000,0.000000,0.000000,
few-shot,20260910,issue-77-n2-016,hybrid_macro_h15,13,0,5,0,0,0.000000,0.000000,0.000000,0.000000,
few-shot,20260908,issue-77-n2-016,hybrid_macro_h5,13,0,1,0,0,0.000000,0.000000,0.000000,0.000000,
few-shot,20260909,issue-77-n2-016,hybrid_macro_h5,13,0,1,0,0,0.000000,0.000000,0.000000,0.000000,
few-shot,20260910,issue-77-n2-016,hybrid_macro_h5,13,0,1,0,0,0.000000,0.000000,0.000000,0.000000,
few-shot,20260908,issue-77-n2-016,hybrid_micro_h1,13,0,0,0,0,0.000000,0.000000,0.000000,0.000000,
few-shot,20260909,issue-77-n2-016,hybrid_micro_h1,13,0,0,0,0,0.000000,0.000000,0.000000,0.000000,
few-shot,20260910,issue-77-n2-016,hybrid_micro_h1,13,0,0,0,0,0.000000,0.000000,0.000000,0.000000,
few-shot,20260908,issue-77-n2-016,hybrid_micro_h15,13,0,12,0,0,0.000000,0.000000,0.000000,0.000000,
few-shot,20260909,issue-77-n2-016,hybrid_micro_h15,13,0,1,0,0,0.000000,0.000000,0.000000,0.000000,
few-shot,20260910,issue-77-n2-016,hybrid_micro_h15,13,0,8,0,0,0.000000,0.000000,0.000000,0.000000,
few-shot,20260908,issue-77-n2-016,hybrid_micro_h5,13,0,7,0,0,0.000000,0.000000,0.000000,0.000000,
few-shot,20260909,issue-77-n2-016,hybrid_micro_h5,13,0,12,0,0,0.000000,0.000000,0.000000,0.000000,
few-shot,20260910,issue-77-n2-016,hybrid_micro_h5,13,0,0,0,0,0.000000,0.000000,0.000000,0.000000,
few-shot,20260908,issue-77-n2n-001,continuous_h1,6,0,0,0,0,0.000000,0.000000,0.000000,0.000000,
few-shot,20260909,issue-77-n2n-001,continuous_h1,6,0,0,0,0,0.000000,0.000000,0.000000,0.000000,
few-shot,20260910,issue-77-n2n-001,continuous_h1,6,0,0,0,0,0.000000,0.000000,0.000000,0.000000,
few-shot,20260908,issue-77-n2n-001,continuous_h15,6,0,11,0,0,0.000000,0.000000,0.000000,0.000000,
few-shot,20260909,issue-77-n2n-001,continuous_h15,6,0,0,0,0,0.000000,0.000000,0.000000,0.000000,
few-shot,20260910,issue-77-n2n-001,continuous_h15,6,0,11,0,0,0.000000,0.000000,0.000000,0.000000,
few-shot,20260908,issue-77-n2n-001,continuous_h5,6,0,7,0,0,0.000000,0.000000,0.000000,0.000000,
few-shot,20260909,issue-77-n2n-001,continuous_h5,6,0,0,0,0,0.000000,0.000000,0.000000,0.000000,
few-shot,20260910,issue-77-n2n-001,continuous_h5,6,0,0,0,0,0.000000,0.000000,0.000000,0.000000,
few-shot,20260908,issue-77-n2n-001,hybrid_continuous_h1,6,0,0,0,0,0.000000,0.000000,0.000000,0.000000,
few-shot,20260909,issue-77-n2n-001,hybrid_continuous_h1,6,0,11,0,0,0.000000,0.000000,0.000000,0.000000,
few-shot,20260910,issue-77-n2n-001,hybrid_continuous_h1,6,0,0,0,0,0.000000,0.000000,0.000000,0.000000,
few-shot,20260908,issue-77-n2n-001,hybrid_continuous_h15,6,0,11,0,0,0.000000,0.000000,0.000000,0.000000,
few-shot,20260909,issue-77-n2n-001,hybrid_continuous_h15,6,0,0,0,0,0.000000,0.000000,0.000000,0.000000,
few-shot,20260910,issue-77-n2n-001,hybrid_continuous_h15,6,0,11,0,0,0.000000,0.000000,0.000000,0.000000,
few-shot,20260908,issue-77-n2n-001,hybrid_continuous_h5,6,0,0,0,0,0.000000,0.000000,0.000000,0.000000,
few-shot,20260909,issue-77-n2n-001,hybrid_continuous_h5,6,0,0,0,0,0.000000,0.000000,0.000000,0.000000,
few-shot,20260910,issue-77-n2n-001,hybrid_continuous_h5,6,0,0,0,0,0.000000,0.000000,0.000000,0.000000,
few-shot,20260908,issue-77-n2n-001,hybrid_macro_h1,6,0,0,0,0,0.000000,0.000000,0.000000,0.000000,
few-shot,20260909,issue-77-n2n-001,hybrid_macro_h1,6,0,0,0,0,0.000000,0.000000,0.000000,0.000000,
few-shot,20260910,issue-77-n2n-001,hybrid_macro_h1,6,0,0,0,0,0.000000,0.000000,0.000000,0.000000,
few-shot,20260908,issue-77-n2n-001,hybrid_macro_h15,6,0,11,0,0,0.000000,0.000000,0.000000,0.000000,
few-shot,20260909,issue-77-n2n-001,hybrid_macro_h15,6,0,0,0,0,0.000000,0.000000,0.000000,0.000000,
few-shot,20260910,issue-77-n2n-001,hybrid_macro_h15,6,0,7,0,0,0.000000,0.000000,0.000000,0.000000,
few-shot,20260908,issue-77-n2n-001,hybrid_macro_h5,6,0,0,0,0,0.000000,0.000000,0.000000,0.000000,
few-shot,20260909,issue-77-n2n-001,hybrid_macro_h5,6,0,7,0,0,0.000000,0.000000,0.000000,0.000000,
few-shot,20260910,issue-77-n2n-001,hybrid_macro_h5,6,0,0,0,0,0.000000,0.000000,0.000000,0.000000,
few-shot,20260908,issue-77-n2n-001,hybrid_micro_h1,6,0,0,0,0,0.000000,0.000000,0.000000,0.000000,
few-shot,20260909,issue-77-n2n-001,hybrid_micro_h1,6,0,0,0,0,0.000000,0.000000,0.000000,0.000000,
few-shot,20260910,issue-77-n2n-001,hybrid_micro_h1,6,0,0,0,0,0.000000,0.000000,0.000000,0.000000,
few-shot,20260908,issue-77-n2n-001,hybrid_micro_h15,6,0,11,0,0,0.000000,0.000000,0.000000,0.000000,
few-shot,20260909,issue-77-n2n-001,hybrid_micro_h15,6,0,0,0,0,0.000000,0.000000,0.000000,0.000000,
few-shot,20260910,issue-77-n2n-001,hybrid_micro_h15,6,0,8,0,0,0.000000,0.000000,0.000000,0.000000,
few-shot,20260908,issue-77-n2n-001,hybrid_micro_h5,6,0,11,0,0,0.000000,0.000000,0.000000,0.000000,
few-shot,20260909,issue-77-n2n-001,hybrid_micro_h5,6,0,5,0,0,0.000000,0.000000,0.000000,0.000000,
few-shot,20260910,issue-77-n2n-001,hybrid_micro_h5,6,0,7,0,0,0.000000,0.000000,0.000000,0.000000,
few-shot,20260908,issue-77-n2n-002,continuous_h1,4,0,6,0,0,0.000000,0.000000,0.000000,0.000000,
few-shot,20260909,issue-77-n2n-002,continuous_h1,4,0,6,0,0,0.000000,0.000000,0.000000,0.000000,
few-shot,20260910,issue-77-n2n-002,continuous_h1,4,0,6,0,0,0.000000,0.000000,0.000000,0.000000,
few-shot,20260908,issue-77-n2n-002,continuous_h15,4,0,12,0,0,0.000000,0.000000,0.000000,0.000000,
few-shot,20260909,issue-77-n2n-002,continuous_h15,4,0,6,0,0,0.000000,0.000000,0.000000,0.000000,
few-shot,20260910,issue-77-n2n-002,continuous_h15,4,0,12,0,0,0.000000,0.000000,0.000000,0.000000,
few-shot,20260908,issue-77-n2n-002,continuous_h5,4,0,6,0,0,0.000000,0.000000,0.000000,0.000000,
few-shot,20260909,issue-77-n2n-002,continuous_h5,4,0,6,0,0,0.000000,0.000000,0.000000,0.000000,
few-shot,20260910,issue-77-n2n-002,continuous_h5,4,0,6,0,0,0.000000,0.000000,0.000000,0.000000,
few-shot,20260908,issue-77-n2n-002,hybrid_continuous_h1,4,0,6,0,0,0.000000,0.000000,0.000000,0.000000,
few-shot,20260909,issue-77-n2n-002,hybrid_continuous_h1,4,0,12,0,0,0.000000,0.000000,0.000000,0.000000,
few-shot,20260910,issue-77-n2n-002,hybrid_continuous_h1,4,0,6,0,0,0.000000,0.000000,0.000000,0.000000,
few-shot,20260908,issue-77-n2n-002,hybrid_continuous_h15,4,0,12,0,0,0.000000,0.000000,0.000000,0.000000,
few-shot,20260909,issue-77-n2n-002,hybrid_continuous_h15,4,0,6,0,0,0.000000,0.000000,0.000000,0.000000,
few-shot,20260910,issue-77-n2n-002,hybrid_continuous_h15,4,0,12,0,0,0.000000,0.000000,0.000000,0.000000,
few-shot,20260908,issue-77-n2n-002,hybrid_continuous_h5,4,0,6,0,0,0.000000,0.000000,0.000000,0.000000,
few-shot,20260909,issue-77-n2n-002,hybrid_continuous_h5,4,0,6,0,0,0.000000,0.000000,0.000000,0.000000,
few-shot,20260910,issue-77-n2n-002,hybrid_continuous_h5,4,0,6,0,0,0.000000,0.000000,0.000000,0.000000,
few-shot,20260908,issue-77-n2n-002,hybrid_macro_h1,4,0,6,0,0,0.000000,0.000000,0.000000,0.000000,
few-shot,20260909,issue-77-n2n-002,hybrid_macro_h1,4,0,6,0,0,0.000000,0.000000,0.000000,0.000000,
few-shot,20260910,issue-77-n2n-002,hybrid_macro_h1,4,0,6,0,0,0.000000,0.000000,0.000000,0.000000,
few-shot,20260908,issue-77-n2n-002,hybrid_macro_h15,4,0,12,0,0,0.000000,0.000000,0.000000,0.000000,
few-shot,20260909,issue-77-n2n-002,hybrid_macro_h15,4,0,6,0,0,0.000000,0.000000,0.000000,0.000000,
few-shot,20260910,issue-77-n2n-002,hybrid_macro_h15,4,0,7,0,0,0.000000,0.000000,0.000000,0.000000,
few-shot,20260908,issue-77-n2n-002,hybrid_macro_h5,4,0,6,0,0,0.000000,0.000000,0.000000,0.000000,
few-shot,20260909,issue-77-n2n-002,hybrid_macro_h5,4,0,8,0,0,0.000000,0.000000,0.000000,0.000000,
few-shot,20260910,issue-77-n2n-002,hybrid_macro_h5,4,0,6,0,0,0.000000,0.000000,0.000000,0.000000,
few-shot,20260908,issue-77-n2n-002,hybrid_micro_h1,4,0,6,0,0,0.000000,0.000000,0.000000,0.000000,
few-shot,20260909,issue-77-n2n-002,hybrid_micro_h1,4,0,6,0,0,0.000000,0.000000,0.000000,0.000000,
few-shot,20260910,issue-77-n2n-002,hybrid_micro_h1,4,0,6,0,0,0.000000,0.000000,0.000000,0.000000,
few-shot,20260908,issue-77-n2n-002,hybrid_micro_h15,4,0,12,0,0,0.000000,0.000000,0.000000,0.000000,
few-shot,20260909,issue-77-n2n-002,hybrid_micro_h15,4,0,6,0,0,0.000000,0.000000,0.000000,0.000000,
few-shot,20260910,issue-77-n2n-002,hybrid_micro_h15,4,0,8,0,0,0.000000,0.000000,0.000000,0.000000,
few-shot,20260908,issue-77-n2n-002,hybrid_micro_h5,4,0,12,0,0,0.000000,0.000000,0.000000,0.000000,
few-shot,20260909,issue-77-n2n-002,hybrid_micro_h5,4,0,12,0,0,0.000000,0.000000,0.000000,0.000000,
few-shot,20260910,issue-77-n2n-002,hybrid_micro_h5,4,0,12,0,0,0.000000,0.000000,0.000000,0.000000,
few-shot,20260908,issue-77-n2n-005,continuous_h1,11,0,1,0,0,0.000000,0.000000,0.000000,0.000000,
few-shot,20260909,issue-77-n2n-005,continuous_h1,11,0,1,0,0,0.000000,0.000000,0.000000,0.000000,
few-shot,20260910,issue-77-n2n-005,continuous_h1,11,0,1,0,0,0.000000,0.000000,0.000000,0.000000,
few-shot,20260908,issue-77-n2n-005,continuous_h15,11,0,12,0,0,0.000000,0.000000,0.000000,0.000000,
few-shot,20260909,issue-77-n2n-005,continuous_h15,11,0,1,0,0,0.000000,0.000000,0.000000,0.000000,
few-shot,20260910,issue-77-n2n-005,continuous_h15,11,0,12,0,0,0.000000,0.000000,0.000000,0.000000,
few-shot,20260908,issue-77-n2n-005,continuous_h5,11,0,1,0,0,0.000000,0.000000,0.000000,0.000000,
few-shot,20260909,issue-77-n2n-005,continuous_h5,11,0,1,0,0,0.000000,0.000000,0.000000,0.000000,
few-shot,20260910,issue-77-n2n-005,continuous_h5,11,0,1,0,0,0.000000,0.000000,0.000000,0.000000,
few-shot,20260908,issue-77-n2n-005,hybrid_continuous_h1,11,0,1,0,0,0.000000,0.000000,0.000000,0.000000,
few-shot,20260909,issue-77-n2n-005,hybrid_continuous_h1,11,0,1,0,0,0.000000,0.000000,0.000000,0.000000,
few-shot,20260910,issue-77-n2n-005,hybrid_continuous_h1,11,0,1,0,0,0.000000,0.000000,0.000000,0.000000,
few-shot,20260908,issue-77-n2n-005,hybrid_continuous_h15,11,0,12,0,0,0.000000,0.000000,0.000000,0.000000,
few-shot,20260909,issue-77-n2n-005,hybrid_continuous_h15,11,0,1,0,0,0.000000,0.000000,0.000000,0.000000,
few-shot,20260910,issue-77-n2n-005,hybrid_continuous_h15,11,0,11,0,0,0.000000,0.000000,0.000000,0.000000,
few-shot,20260908,issue-77-n2n-005,hybrid_continuous_h5,11,0,1,0,0,0.000000,0.000000,0.000000,0.000000,
few-shot,20260909,issue-77-n2n-005,hybrid_continuous_h5,11,0,12,0,0,0.000000,0.000000,0.000000,0.000000,
few-shot,20260910,issue-77-n2n-005,hybrid_continuous_h5,11,0,9,0,0,0.000000,0.000000,0.000000,0.000000,
few-shot,20260908,issue-77-n2n-005,hybrid_macro_h1,11,0,1,0,0,0.000000,0.000000,0.000000,0.000000,
few-shot,20260909,issue-77-n2n-005,hybrid_macro_h1,11,0,1,0,0,0.000000,0.000000,0.000000,0.000000,
few-shot,20260910,issue-77-n2n-005,hybrid_macro_h1,11,0,1,0,0,0.000000,0.000000,0.000000,0.000000,
few-shot,20260908,issue-77-n2n-005,hybrid_macro_h15,11,0,12,0,0,0.000000,0.000000,0.000000,0.000000,
few-shot,20260909,issue-77-n2n-005,hybrid_macro_h15,11,0,1,0,0,0.000000,0.000000,0.000000,0.000000,
few-shot,20260910,issue-77-n2n-005,hybrid_macro_h15,11,0,9,0,0,0.000000,0.000000,0.000000,0.000000,
few-shot,20260908,issue-77-n2n-005,hybrid_macro_h5,11,0,1,0,0,0.000000,0.000000,0.000000,0.000000,
few-shot,20260909,issue-77-n2n-005,hybrid_macro_h5,11,0,1,0,0,0.000000,0.000000,0.000000,0.000000,
few-shot,20260910,issue-77-n2n-005,hybrid_macro_h5,11,0,1,0,0,0.000000,0.000000,0.000000,0.000000,
few-shot,20260908,issue-77-n2n-005,hybrid_micro_h1,11,0,1,0,0,0.000000,0.000000,0.000000,0.000000,
few-shot,20260909,issue-77-n2n-005,hybrid_micro_h1,11,0,1,0,0,0.000000,0.000000,0.000000,0.000000,
few-shot,20260910,issue-77-n2n-005,hybrid_micro_h1,11,0,1,0,0,0.000000,0.000000,0.000000,0.000000,
few-shot,20260908,issue-77-n2n-005,hybrid_micro_h15,11,0,12,0,0,0.000000,0.000000,0.000000,0.000000,
few-shot,20260909,issue-77-n2n-005,hybrid_micro_h15,11,0,1,0,0,0.000000,0.000000,0.000000,0.000000,
few-shot,20260910,issue-77-n2n-005,hybrid_micro_h15,11,0,9,0,0,0.000000,0.000000,0.000000,0.000000,
few-shot,20260908,issue-77-n2n-005,hybrid_micro_h5,11,0,9,0,0,0.000000,0.000000,0.000000,0.000000,
few-shot,20260909,issue-77-n2n-005,hybrid_micro_h5,11,0,1,0,0,0.000000,0.000000,0.000000,0.000000,
few-shot,20260910,issue-77-n2n-005,hybrid_micro_h5,11,0,1,0,0,0.000000,0.000000,0.000000,0.000000,
few-shot,20260908,issue-77-n2n-007,continuous_h1,4,0,4,0,0,0.000000,0.000000,0.000000,0.000000,
few-shot,20260909,issue-77-n2n-007,continuous_h1,4,0,4,0,0,0.000000,0.000000,0.000000,0.000000,
few-shot,20260910,issue-77-n2n-007,continuous_h1,4,0,4,0,0,0.000000,0.000000,0.000000,0.000000,
few-shot,20260908,issue-77-n2n-007,continuous_h15,4,0,11,0,0,0.000000,0.000000,0.000000,0.000000,
few-shot,20260909,issue-77-n2n-007,continuous_h15,4,0,4,0,0,0.000000,0.000000,0.000000,0.000000,
few-shot,20260910,issue-77-n2n-007,continuous_h15,4,0,11,0,0,0.000000,0.000000,0.000000,0.000000,
few-shot,20260908,issue-77-n2n-007,continuous_h5,4,0,4,0,0,0.000000,0.000000,0.000000,0.000000,
few-shot,20260909,issue-77-n2n-007,continuous_h5,4,0,4,0,0,0.000000,0.000000,0.000000,0.000000,
few-shot,20260910,issue-77-n2n-007,continuous_h5,4,0,4,0,0,0.000000,0.000000,0.000000,0.000000,
few-shot,20260908,issue-77-n2n-007,hybrid_continuous_h1,4,0,4,0,0,0.000000,0.000000,0.000000,0.000000,
few-shot,20260909,issue-77-n2n-007,hybrid_continuous_h1,4,0,4,0,0,0.000000,0.000000,0.000000,0.000000,
few-shot,20260910,issue-77-n2n-007,hybrid_continuous_h1,4,0,4,0,0,0.000000,0.000000,0.000000,0.000000,
few-shot,20260908,issue-77-n2n-007,hybrid_continuous_h15,4,0,11,0,0,0.000000,0.000000,0.000000,0.000000,
few-shot,20260909,issue-77-n2n-007,hybrid_continuous_h15,4,0,4,0,0,0.000000,0.000000,0.000000,0.000000,
few-shot,20260910,issue-77-n2n-007,hybrid_continuous_h15,4,0,10,0,0,0.000000,0.000000,0.000000,0.000000,
few-shot,20260908,issue-77-n2n-007,hybrid_continuous_h5,4,0,4,0,0,0.000000,0.000000,0.000000,0.000000,
few-shot,20260909,issue-77-n2n-007,hybrid_continuous_h5,4,0,4,0,0,0.000000,0.000000,0.000000,0.000000,
few-shot,20260910,issue-77-n2n-007,hybrid_continuous_h5,4,0,4,0,0,0.000000,0.000000,0.000000,0.000000,
few-shot,20260908,issue-77-n2n-007,hybrid_macro_h1,4,0,4,0,0,0.000000,0.000000,0.000000,0.000000,
few-shot,20260909,issue-77-n2n-007,hybrid_macro_h1,4,0,4,0,0,0.000000,0.000000,0.000000,0.000000,
few-shot,20260910,issue-77-n2n-007,hybrid_macro_h1,4,0,4,0,0,0.000000,0.000000,0.000000,0.000000,
few-shot,20260908,issue-77-n2n-007,hybrid_macro_h15,4,0,11,0,0,0.000000,0.000000,0.000000,0.000000,
few-shot,20260909,issue-77-n2n-007,hybrid_macro_h15,4,0,4,0,0,0.000000,0.000000,0.000000,0.000000,
few-shot,20260910,issue-77-n2n-007,hybrid_macro_h15,4,0,8,0,0,0.000000,0.000000,0.000000,0.000000,
few-shot,20260908,issue-77-n2n-007,hybrid_macro_h5,4,0,4,0,0,0.000000,0.000000,0.000000,0.000000,
few-shot,20260909,issue-77-n2n-007,hybrid_macro_h5,4,0,10,0,0,0.000000,0.000000,0.000000,0.000000,
few-shot,20260910,issue-77-n2n-007,hybrid_macro_h5,4,0,4,0,0,0.000000,0.000000,0.000000,0.000000,
few-shot,20260908,issue-77-n2n-007,hybrid_micro_h1,4,0,4,0,0,0.000000,0.000000,0.000000,0.000000,
few-shot,20260909,issue-77-n2n-007,hybrid_micro_h1,4,0,8,0,0,0.000000,0.000000,0.000000,0.000000,
few-shot,20260910,issue-77-n2n-007,hybrid_micro_h1,4,0,4,0,0,0.000000,0.000000,0.000000,0.000000,
few-shot,20260908,issue-77-n2n-007,hybrid_micro_h15,4,0,11,0,0,0.000000,0.000000,0.000000,0.000000,
few-shot,20260909,issue-77-n2n-007,hybrid_micro_h15,4,0,11,0,0,0.000000,0.000000,0.000000,0.000000,
few-shot,20260910,issue-77-n2n-007,hybrid_micro_h15,4,0,8,0,0,0.000000,0.000000,0.000000,0.000000,
few-shot,20260908,issue-77-n2n-007,hybrid_micro_h5,4,0,11,0,0,0.000000,0.000000,0.000000,0.000000,
few-shot,20260909,issue-77-n2n-007,hybrid_micro_h5,4,0,4,0,0,0.000000,0.000000,0.000000,0.000000,
few-shot,20260910,issue-77-n2n-007,hybrid_micro_h5,4,0,4,0,0,0.000000,0.000000,0.000000,0.000000,
few-shot,20260908,issue-77-n2n-008,continuous_h1,9,0,0,0,0,0.000000,0.000000,0.000000,0.000000,
few-shot,20260909,issue-77-n2n-008,continuous_h1,9,0,0,0,0,0.000000,0.000000,0.000000,0.000000,
few-shot,20260910,issue-77-n2n-008,continuous_h1,9,0,0,0,0,0.000000,0.000000,0.000000,0.000000,
few-shot,20260908,issue-77-n2n-008,continuous_h15,9,0,12,0,0,0.000000,0.000000,0.000000,0.000000,
few-shot,20260909,issue-77-n2n-008,continuous_h15,9,0,0,0,0,0.000000,0.000000,0.000000,0.000000,
few-shot,20260910,issue-77-n2n-008,continuous_h15,9,0,12,0,0,0.000000,0.000000,0.000000,0.000000,
few-shot,20260908,issue-77-n2n-008,continuous_h5,9,0,0,0,0,0.000000,0.000000,0.000000,0.000000,
few-shot,20260909,issue-77-n2n-008,continuous_h5,9,0,0,0,0,0.000000,0.000000,0.000000,0.000000,
few-shot,20260910,issue-77-n2n-008,continuous_h5,9,0,0,0,0,0.000000,0.000000,0.000000,0.000000,
few-shot,20260908,issue-77-n2n-008,hybrid_continuous_h1,9,0,0,0,0,0.000000,0.000000,0.000000,0.000000,
few-shot,20260909,issue-77-n2n-008,hybrid_continuous_h1,9,0,0,0,0,0.000000,0.000000,0.000000,0.000000,
few-shot,20260910,issue-77-n2n-008,hybrid_continuous_h1,9,0,11,0,0,0.000000,0.000000,0.000000,0.000000,
few-shot,20260908,issue-77-n2n-008,hybrid_continuous_h15,9,0,12,0,0,0.000000,0.000000,0.000000,0.000000,
few-shot,20260909,issue-77-n2n-008,hybrid_continuous_h15,9,0,0,0,0,0.000000,0.000000,0.000000,0.000000,
few-shot,20260910,issue-77-n2n-008,hybrid_continuous_h15,9,0,11,0,0,0.000000,0.000000,0.000000,0.000000,
few-shot,20260908,issue-77-n2n-008,hybrid_continuous_h5,9,0,0,0,0,0.000000,0.000000,0.000000,0.000000,
few-shot,20260909,issue-77-n2n-008,hybrid_continuous_h5,9,0,12,0,0,0.000000,0.000000,0.000000,0.000000,
few-shot,20260910,issue-77-n2n-008,hybrid_continuous_h5,9,0,9,0,0,0.000000,0.000000,0.000000,0.000000,
few-shot,20260908,issue-77-n2n-008,hybrid_macro_h1,9,0,0,0,0,0.000000,0.000000,0.000000,0.000000,
few-shot,20260909,issue-77-n2n-008,hybrid_macro_h1,9,0,0,0,0,0.000000,0.000000,0.000000,0.000000,
few-shot,20260910,issue-77-n2n-008,hybrid_macro_h1,9,0,0,0,0,0.000000,0.000000,0.000000,0.000000,
few-shot,20260908,issue-77-n2n-008,hybrid_macro_h15,9,0,12,0,0,0.000000,0.000000,0.000000,0.000000,
few-shot,20260909,issue-77-n2n-008,hybrid_macro_h15,9,0,0,0,0,0.000000,0.000000,0.000000,0.000000,
few-shot,20260910,issue-77-n2n-008,hybrid_macro_h15,9,0,8,0,0,0.000000,0.000000,0.000000,0.000000,
few-shot,20260908,issue-77-n2n-008,hybrid_macro_h5,9,0,0,0,0,0.000000,0.000000,0.000000,0.000000,
few-shot,20260909,issue-77-n2n-008,hybrid_macro_h5,9,0,0,0,0,0.000000,0.000000,0.000000,0.000000,
few-shot,20260910,issue-77-n2n-008,hybrid_macro_h5,9,0,0,0,0,0.000000,0.000000,0.000000,0.000000,
few-shot,20260908,issue-77-n2n-008,hybrid_micro_h1,9,0,0,0,0,0.000000,0.000000,0.000000,0.000000,
few-shot,20260909,issue-77-n2n-008,hybrid_micro_h1,9,0,10,0,0,0.000000,0.000000,0.000000,0.000000,
few-shot,20260910,issue-77-n2n-008,hybrid_micro_h1,9,0,0,0,0,0.000000,0.000000,0.000000,0.000000,
few-shot,20260908,issue-77-n2n-008,hybrid_micro_h15,9,0,12,0,0,0.000000,0.000000,0.000000,0.000000,
few-shot,20260909,issue-77-n2n-008,hybrid_micro_h15,9,0,0,0,0,0.000000,0.000000,0.000000,0.000000,
few-shot,20260910,issue-77-n2n-008,hybrid_micro_h15,9,0,9,0,0,0.000000,0.000000,0.000000,0.000000,
few-shot,20260908,issue-77-n2n-008,hybrid_micro_h5,9,0,9,0,0,0.000000,0.000000,0.000000,0.000000,
few-shot,20260909,issue-77-n2n-008,hybrid_micro_h5,9,0,0,0,0,0.000000,0.000000,0.000000,0.000000,
few-shot,20260910,issue-77-n2n-008,hybrid_micro_h5,9,0,0,0,0,0.000000,0.000000,0.000000,0.000000,
zero-shot,20260908,issue-76-bounded-transfer-032,continuous_h1,13,2,0,0,1,0.153846,0.423077,-0.153846,0.576923,-0.090909
zero-shot,20260909,issue-76-bounded-transfer-032,continuous_h1,13,2,0,0,1,0.153846,0.423077,-0.153846,0.576923,0.181818
zero-shot,20260910,issue-76-bounded-transfer-032,continuous_h1,13,2,0,0,1,0.153846,0.423077,-0.153846,0.576923,-0.090909
zero-shot,20260908,issue-76-bounded-transfer-032,continuous_h15,13,2,12,1,1,0.153846,0.423077,0.846154,0.576923,0.590909
zero-shot,20260909,issue-76-bounded-transfer-032,continuous_h15,13,2,7,0,0,0.153846,0.423077,-0.153846,-0.423077,0.181818
zero-shot,20260910,issue-76-bounded-transfer-032,continuous_h15,13,2,7,0,0,0.153846,0.423077,-0.153846,-0.423077,0.136364
zero-shot,20260908,issue-76-bounded-transfer-032,continuous_h5,13,2,12,1,1,0.153846,0.423077,0.846154,0.576923,0.590909
zero-shot,20260909,issue-76-bounded-transfer-032,continuous_h5,13,2,0,0,1,0.153846,0.423077,-0.153846,0.576923,-0.090909
zero-shot,20260910,issue-76-bounded-transfer-032,continuous_h5,13,2,0,0,1,0.153846,0.423077,-0.153846,0.576923,-0.090909
zero-shot,20260908,issue-76-bounded-transfer-032,hybrid_continuous_h1,13,2,0,0,1,0.153846,0.423077,-0.153846,0.576923,-0.090909
zero-shot,20260909,issue-76-bounded-transfer-032,hybrid_continuous_h1,13,2,1,0,1,0.153846,0.423077,-0.153846,0.576923,-0.045455
zero-shot,20260910,issue-76-bounded-transfer-032,hybrid_continuous_h1,13,2,6,0,0,0.153846,0.423077,-0.153846,-0.423077,0.090909
zero-shot,20260908,issue-76-bounded-transfer-032,hybrid_continuous_h15,13,2,8,0,0,0.153846,0.423077,-0.153846,-0.423077,0.272727
zero-shot,20260909,issue-76-bounded-transfer-032,hybrid_continuous_h15,13,2,8,0,0,0.153846,0.423077,-0.153846,-0.423077,0.272727
zero-shot,20260910,issue-76-bounded-transfer-032,hybrid_continuous_h15,13,2,12,1,1,0.153846,0.423077,0.846154,0.576923,0.772727
zero-shot,20260908,issue-76-bounded-transfer-032,hybrid_continuous_h5,13,2,0,0,1,0.153846,0.423077,-0.153846,0.576923,0.409091
zero-shot,20260909,issue-76-bounded-transfer-032,hybrid_continuous_h5,13,2,0,0,1,0.153846,0.423077,-0.153846,0.576923,-0.090909
zero-shot,20260910,issue-76-bounded-transfer-032,hybrid_continuous_h5,13,2,0,0,1,0.153846,0.423077,-0.153846,0.576923,-0.090909
zero-shot,20260908,issue-76-bounded-transfer-032,hybrid_macro_h1,13,2,0,0,1,0.153846,0.423077,-0.153846,0.576923,-0.090909
zero-shot,20260909,issue-76-bounded-transfer-032,hybrid_macro_h1,13,2,11,0,1,0.153846,0.423077,-0.153846,0.576923,0.590909
zero-shot,20260910,issue-76-bounded-transfer-032,hybrid_macro_h1,13,2,0,0,1,0.153846,0.423077,-0.153846,0.576923,-0.090909
zero-shot,20260908,issue-76-bounded-transfer-032,hybrid_macro_h15,13,2,12,1,1,0.153846,0.423077,0.846154,0.576923,0.590909
zero-shot,20260909,issue-76-bounded-transfer-032,hybrid_macro_h15,13,2,8,0,0,0.153846,0.423077,-0.153846,-0.423077,0.272727
zero-shot,20260910,issue-76-bounded-transfer-032,hybrid_macro_h15,13,2,1,0,1,0.153846,0.423077,-0.153846,0.576923,0.409091
zero-shot,20260908,issue-76-bounded-transfer-032,hybrid_macro_h5,13,2,12,1,1,0.153846,0.423077,0.846154,0.576923,0.590909
zero-shot,20260909,issue-76-bounded-transfer-032,hybrid_macro_h5,13,2,0,0,1,0.153846,0.423077,-0.153846,0.576923,-0.090909
zero-shot,20260910,issue-76-bounded-transfer-032,hybrid_macro_h5,13,2,0,0,1,0.153846,0.423077,-0.153846,0.576923,-0.090909
zero-shot,20260908,issue-76-bounded-transfer-032,hybrid_micro_h1,13,2,9,0,0,0.153846,0.423077,-0.153846,-0.423077,0.363636
zero-shot,20260909,issue-76-bounded-transfer-032,hybrid_micro_h1,13,2,0,0,1,0.153846,0.423077,-0.153846,0.576923,-0.090909
zero-shot,20260910,issue-76-bounded-transfer-032,hybrid_micro_h1,13,2,0,0,1,0.153846,0.423077,-0.153846,0.576923,-0.090909
zero-shot,20260908,issue-76-bounded-transfer-032,hybrid_micro_h15,13,2,9,0,0,0.153846,0.423077,-0.153846,-0.423077,0.318182
zero-shot,20260909,issue-76-bounded-transfer-032,hybrid_micro_h15,13,2,9,0,0,0.153846,0.423077,-0.153846,-0.423077,0.363636
zero-shot,20260910,issue-76-bounded-transfer-032,hybrid_micro_h15,13,2,1,0,1,0.153846,0.423077,-0.153846,0.576923,0.409091
zero-shot,20260908,issue-76-bounded-transfer-032,hybrid_micro_h5,13,2,1,0,1,0.153846,0.423077,-0.153846,0.576923,0.409091
zero-shot,20260909,issue-76-bounded-transfer-032,hybrid_micro_h5,13,2,0,0,1,0.153846,0.423077,-0.153846,0.576923,-0.090909
zero-shot,20260910,issue-76-bounded-transfer-032,hybrid_micro_h5,13,2,3,0,0,0.153846,0.423077,-0.153846,-0.423077,-0.022727
zero-shot,20260908,issue-76-bounded-transfer-033,continuous_h1,13,1,12,0,0,0.076923,0.230769,-0.076923,-0.230769,0.250000
zero-shot,20260909,issue-76-bounded-transfer-033,continuous_h1,13,1,0,0,1,0.076923,0.230769,-0.076923,0.769231,0.333333
zero-shot,20260910,issue-76-bounded-transfer-033,continuous_h1,13,1,0,0,1,0.076923,0.230769,-0.076923,0.769231,0.333333
zero-shot,20260908,issue-76-bounded-transfer-033,continuous_h15,13,1,12,0,0,0.076923,0.230769,-0.076923,-0.230769,0.250000
zero-shot,20260909,issue-76-bounded-transfer-033,continuous_h15,13,1,1,0,1,0.076923,0.230769,-0.076923,0.769231,0.833333
zero-shot,20260910,issue-76-bounded-transfer-033,continuous_h15,13,1,7,0,0,0.076923,0.230769,-0.076923,-0.230769,0.250000
zero-shot,20260908,issue-76-bounded-transfer-033,continuous_h5,13,1,0,0,1,0.076923,0.230769,-0.076923,0.769231,0.333333
zero-shot,20260909,issue-76-bounded-transfer-033,continuous_h5,13,1,0,0,1,0.076923,0.230769,-0.076923,0.769231,0.333333
zero-shot,20260910,issue-76-bounded-transfer-033,continuous_h5,13,1,0,0,1,0.076923,0.230769,-0.076923,0.769231,0.333333
zero-shot,20260908,issue-76-bounded-transfer-033,hybrid_continuous_h1,13,1,0,0,1,0.076923,0.230769,-0.076923,0.769231,0.333333
zero-shot,20260909,issue-76-bounded-transfer-033,hybrid_continuous_h1,13,1,0,0,1,0.076923,0.230769,-0.076923,0.769231,0.333333
zero-shot,20260910,issue-76-bounded-transfer-033,hybrid_continuous_h1,13,1,0,0,1,0.076923,0.230769,-0.076923,0.769231,0.333333
zero-shot,20260908,issue-76-bounded-transfer-033,hybrid_continuous_h15,13,1,7,0,0,0.076923,0.230769,-0.076923,-0.230769,0.166667
zero-shot,20260909,issue-76-bounded-transfer-033,hybrid_continuous_h15,13,1,1,0,1,0.076923,0.230769,-0.076923,0.769231,0.833333
zero-shot,20260910,issue-76-bounded-transfer-033,hybrid_continuous_h15,13,1,1,0,1,0.076923,0.230769,-0.076923,0.769231,0.833333
zero-shot,20260908,issue-76-bounded-transfer-033,hybrid_continuous_h5,13,1,1,0,1,0.076923,0.230769,-0.076923,0.769231,0.833333
zero-shot,20260909,issue-76-bounded-transfer-033,hybrid_continuous_h5,13,1,0,0,1,0.076923,0.230769,-0.076923,0.769231,0.333333
zero-shot,20260910,issue-76-bounded-transfer-033,hybrid_continuous_h5,13,1,0,0,1,0.076923,0.230769,-0.076923,0.769231,0.333333
zero-shot,20260908,issue-76-bounded-transfer-033,hybrid_macro_h1,13,1,0,0,1,0.076923,0.230769,-0.076923,0.769231,0.333333
zero-shot,20260909,issue-76-bounded-transfer-033,hybrid_macro_h1,13,1,0,0,1,0.076923,0.230769,-0.076923,0.769231,0.333333
zero-shot,20260910,issue-76-bounded-transfer-033,hybrid_macro_h1,13,1,0,0,1,0.076923,0.230769,-0.076923,0.769231,0.333333
zero-shot,20260908,issue-76-bounded-transfer-033,hybrid_macro_h15,13,1,6,0,0,0.076923,0.230769,-0.076923,-0.230769,0.000000
zero-shot,20260909,issue-76-bounded-transfer-033,hybrid_macro_h15,13,1,1,0,1,0.076923,0.230769,-0.076923,0.769231,0.833333
zero-shot,20260910,issue-76-bounded-transfer-033,hybrid_macro_h15,13,1,1,0,1,0.076923,0.230769,-0.076923,0.769231,0.833333
zero-shot,20260908,issue-76-bounded-transfer-033,hybrid_macro_h5,13,1,7,0,0,0.076923,0.230769,-0.076923,-0.230769,0.250000
zero-shot,20260909,issue-76-bounded-transfer-033,hybrid_macro_h5,13,1,0,0,1,0.076923,0.230769,-0.076923,0.769231,0.333333
zero-shot,20260910,issue-76-bounded-transfer-033,hybrid_macro_h5,13,1,0,0,1,0.076923,0.230769,-0.076923,0.769231,0.333333
zero-shot,20260908,issue-76-bounded-transfer-033,hybrid_micro_h1,13,1,0,0,1,0.076923,0.230769,-0.076923,0.769231,0.333333
zero-shot,20260909,issue-76-bounded-transfer-033,hybrid_micro_h1,13,1,0,0,1,0.076923,0.230769,-0.076923,0.769231,0.333333
zero-shot,20260910,issue-76-bounded-transfer-033,hybrid_micro_h1,13,1,0,0,1,0.076923,0.230769,-0.076923,0.769231,0.333333
zero-shot,20260908,issue-76-bounded-transfer-033,hybrid_micro_h15,13,1,1,0,1,0.076923,0.230769,-0.076923,0.769231,0.833333
zero-shot,20260909,issue-76-bounded-transfer-033,hybrid_micro_h15,13,1,1,0,1,0.076923,0.230769,-0.076923,0.769231,0.833333
zero-shot,20260910,issue-76-bounded-transfer-033,hybrid_micro_h15,13,1,1,0,1,0.076923,0.230769,-0.076923,0.769231,0.833333
zero-shot,20260908,issue-76-bounded-transfer-033,hybrid_micro_h5,13,1,1,0,1,0.076923,0.230769,-0.076923,0.769231,0.833333
zero-shot,20260909,issue-76-bounded-transfer-033,hybrid_micro_h5,13,1,0,0,1,0.076923,0.230769,-0.076923,0.769231,0.333333
zero-shot,20260910,issue-76-bounded-transfer-033,hybrid_micro_h5,13,1,0,0,1,0.076923,0.230769,-0.076923,0.769231,0.333333
zero-shot,20260908,issue-76-bounded-transfer-034,continuous_h1,13,0,9,0,0,0.000000,0.000000,0.000000,0.000000,
zero-shot,20260909,issue-76-bounded-transfer-034,continuous_h1,13,0,0,0,0,0.000000,0.000000,0.000000,0.000000,
zero-shot,20260910,issue-76-bounded-transfer-034,continuous_h1,13,0,0,0,0,0.000000,0.000000,0.000000,0.000000,
zero-shot,20260908,issue-76-bounded-transfer-034,continuous_h15,13,0,12,0,0,0.000000,0.000000,0.000000,0.000000,
zero-shot,20260909,issue-76-bounded-transfer-034,continuous_h15,13,0,7,0,0,0.000000,0.000000,0.000000,0.000000,
zero-shot,20260910,issue-76-bounded-transfer-034,continuous_h15,13,0,7,0,0,0.000000,0.000000,0.000000,0.000000,
zero-shot,20260908,issue-76-bounded-transfer-034,continuous_h5,13,0,12,0,0,0.000000,0.000000,0.000000,0.000000,
zero-shot,20260909,issue-76-bounded-transfer-034,continuous_h5,13,0,0,0,0,0.000000,0.000000,0.000000,0.000000,
zero-shot,20260910,issue-76-bounded-transfer-034,continuous_h5,13,0,0,0,0,0.000000,0.000000,0.000000,0.000000,
zero-shot,20260908,issue-76-bounded-transfer-034,hybrid_continuous_h1,13,0,0,0,0,0.000000,0.000000,0.000000,0.000000,
zero-shot,20260909,issue-76-bounded-transfer-034,hybrid_continuous_h1,13,0,0,0,0,0.000000,0.000000,0.000000,0.000000,
zero-shot,20260910,issue-76-bounded-transfer-034,hybrid_continuous_h1,13,0,0,0,0,0.000000,0.000000,0.000000,0.000000,
zero-shot,20260908,issue-76-bounded-transfer-034,hybrid_continuous_h15,13,0,7,0,0,0.000000,0.000000,0.000000,0.000000,
zero-shot,20260909,issue-76-bounded-transfer-034,hybrid_continuous_h15,13,0,8,0,0,0.000000,0.000000,0.000000,0.000000,
zero-shot,20260910,issue-76-bounded-transfer-034,hybrid_continuous_h15,13,0,1,0,0,0.000000,0.000000,0.000000,0.000000,
zero-shot,20260908,issue-76-bounded-transfer-034,hybrid_continuous_h5,13,0,1,0,0,0.000000,0.000000,0.000000,0.000000,
zero-shot,20260909,issue-76-bounded-transfer-034,hybrid_continuous_h5,13,0,12,0,0,0.000000,0.000000,0.000000,0.000000,
zero-shot,20260910,issue-76-bounded-transfer-034,hybrid_continuous_h5,13,0,0,0,0,0.000000,0.000000,0.000000,0.000000,
zero-shot,20260908,issue-76-bounded-transfer-034,hybrid_macro_h1,13,0,0,0,0,0.000000,0.000000,0.000000,0.000000,
zero-shot,20260909,issue-76-bounded-transfer-034,hybrid_macro_h1,13,0,0,0,0,0.000000,0.000000,0.000000,0.000000,
zero-shot,20260910,issue-76-bounded-transfer-034,hybrid_macro_h1,13,0,0,0,0,0.000000,0.000000,0.000000,0.000000,
zero-shot,20260908,issue-76-bounded-transfer-034,hybrid_macro_h15,13,0,9,0,0,0.000000,0.000000,0.000000,0.000000,
zero-shot,20260909,issue-76-bounded-transfer-034,hybrid_macro_h15,13,0,0,0,0,0.000000,0.000000,0.000000,0.000000,
zero-shot,20260910,issue-76-bounded-transfer-034,hybrid_macro_h15,13,0,1,0,0,0.000000,0.000000,0.000000,0.000000,
zero-shot,20260908,issue-76-bounded-transfer-034,hybrid_macro_h5,13,0,12,0,0,0.000000,0.000000,0.000000,0.000000,
zero-shot,20260909,issue-76-bounded-transfer-034,hybrid_macro_h5,13,0,0,0,0,0.000000,0.000000,0.000000,0.000000,
zero-shot,20260910,issue-76-bounded-transfer-034,hybrid_macro_h5,13,0,0,0,0,0.000000,0.000000,0.000000,0.000000,
zero-shot,20260908,issue-76-bounded-transfer-034,hybrid_micro_h1,13,0,0,0,0,0.000000,0.000000,0.000000,0.000000,
zero-shot,20260909,issue-76-bounded-transfer-034,hybrid_micro_h1,13,0,0,0,0,0.000000,0.000000,0.000000,0.000000,
zero-shot,20260910,issue-76-bounded-transfer-034,hybrid_micro_h1,13,0,3,0,0,0.000000,0.000000,0.000000,0.000000,
zero-shot,20260908,issue-76-bounded-transfer-034,hybrid_micro_h15,13,0,8,0,0,0.000000,0.000000,0.000000,0.000000,
zero-shot,20260909,issue-76-bounded-transfer-034,hybrid_micro_h15,13,0,9,0,0,0.000000,0.000000,0.000000,0.000000,
zero-shot,20260910,issue-76-bounded-transfer-034,hybrid_micro_h15,13,0,1,0,0,0.000000,0.000000,0.000000,0.000000,
zero-shot,20260908,issue-76-bounded-transfer-034,hybrid_micro_h5,13,0,0,0,0,0.000000,0.000000,0.000000,0.000000,
zero-shot,20260909,issue-76-bounded-transfer-034,hybrid_micro_h5,13,0,0,0,0,0.000000,0.000000,0.000000,0.000000,
zero-shot,20260910,issue-76-bounded-transfer-034,hybrid_micro_h5,13,0,1,0,0,0.000000,0.000000,0.000000,0.000000,
zero-shot,20260908,issue-76-bounded-transfer-035,continuous_h1,13,0,0,0,0,0.000000,0.000000,0.000000,0.000000,
zero-shot,20260909,issue-76-bounded-transfer-035,continuous_h1,13,0,0,0,0,0.000000,0.000000,0.000000,0.000000,
zero-shot,20260910,issue-76-bounded-transfer-035,continuous_h1,13,0,0,0,0,0.000000,0.000000,0.000000,0.000000,
zero-shot,20260908,issue-76-bounded-transfer-035,continuous_h15,13,0,12,0,0,0.000000,0.000000,0.000000,0.000000,
zero-shot,20260909,issue-76-bounded-transfer-035,continuous_h15,13,0,7,0,0,0.000000,0.000000,0.000000,0.000000,
zero-shot,20260910,issue-76-bounded-transfer-035,continuous_h15,13,0,7,0,0,0.000000,0.000000,0.000000,0.000000,
zero-shot,20260908,issue-76-bounded-transfer-035,continuous_h5,13,0,12,0,0,0.000000,0.000000,0.000000,0.000000,
zero-shot,20260909,issue-76-bounded-transfer-035,continuous_h5,13,0,0,0,0,0.000000,0.000000,0.000000,0.000000,
zero-shot,20260910,issue-76-bounded-transfer-035,continuous_h5,13,0,12,0,0,0.000000,0.000000,0.000000,0.000000,
zero-shot,20260908,issue-76-bounded-transfer-035,hybrid_continuous_h1,13,0,0,0,0,0.000000,0.000000,0.000000,0.000000,
zero-shot,20260909,issue-76-bounded-transfer-035,hybrid_continuous_h1,13,0,0,0,0,0.000000,0.000000,0.000000,0.000000,
zero-shot,20260910,issue-76-bounded-transfer-035,hybrid_continuous_h1,13,0,0,0,0,0.000000,0.000000,0.000000,0.000000,
zero-shot,20260908,issue-76-bounded-transfer-035,hybrid_continuous_h15,13,0,8,0,0,0.000000,0.000000,0.000000,0.000000,
zero-shot,20260909,issue-76-bounded-transfer-035,hybrid_continuous_h15,13,0,8,0,0,0.000000,0.000000,0.000000,0.000000,
zero-shot,20260910,issue-76-bounded-transfer-035,hybrid_continuous_h15,13,0,1,0,0,0.000000,0.000000,0.000000,0.000000,
zero-shot,20260908,issue-76-bounded-transfer-035,hybrid_continuous_h5,13,0,4,0,0,0.000000,0.000000,0.000000,0.000000,
zero-shot,20260909,issue-76-bounded-transfer-035,hybrid_continuous_h5,13,0,0,0,0,0.000000,0.000000,0.000000,0.000000,
zero-shot,20260910,issue-76-bounded-transfer-035,hybrid_continuous_h5,13,0,0,0,0,0.000000,0.000000,0.000000,0.000000,
zero-shot,20260908,issue-76-bounded-transfer-035,hybrid_macro_h1,13,0,0,0,0,0.000000,0.000000,0.000000,0.000000,
zero-shot,20260909,issue-76-bounded-transfer-035,hybrid_macro_h1,13,0,8,0,0,0.000000,0.000000,0.000000,0.000000,
zero-shot,20260910,issue-76-bounded-transfer-035,hybrid_macro_h1,13,0,0,0,0,0.000000,0.000000,0.000000,0.000000,
zero-shot,20260908,issue-76-bounded-transfer-035,hybrid_macro_h15,13,0,12,0,0,0.000000,0.000000,0.000000,0.000000,
zero-shot,20260909,issue-76-bounded-transfer-035,hybrid_macro_h15,13,0,1,0,0,0.000000,0.000000,0.000000,0.000000,
zero-shot,20260910,issue-76-bounded-transfer-035,hybrid_macro_h15,13,0,1,0,0,0.000000,0.000000,0.000000,0.000000,
zero-shot,20260908,issue-76-bounded-transfer-035,hybrid_macro_h5,13,0,12,0,0,0.000000,0.000000,0.000000,0.000000,
zero-shot,20260909,issue-76-bounded-transfer-035,hybrid_macro_h5,13,0,3,0,0,0.000000,0.000000,0.000000,0.000000,
zero-shot,20260910,issue-76-bounded-transfer-035,hybrid_macro_h5,13,0,0,0,0,0.000000,0.000000,0.000000,0.000000,
zero-shot,20260908,issue-76-bounded-transfer-035,hybrid_micro_h1,13,0,0,0,0,0.000000,0.000000,0.000000,0.000000,
zero-shot,20260909,issue-76-bounded-transfer-035,hybrid_micro_h1,13,0,0,0,0,0.000000,0.000000,0.000000,0.000000,
zero-shot,20260910,issue-76-bounded-transfer-035,hybrid_micro_h1,13,0,0,0,0,0.000000,0.000000,0.000000,0.000000,
zero-shot,20260908,issue-76-bounded-transfer-035,hybrid_micro_h15,13,0,9,0,0,0.000000,0.000000,0.000000,0.000000,
zero-shot,20260909,issue-76-bounded-transfer-035,hybrid_micro_h15,13,0,9,0,0,0.000000,0.000000,0.000000,0.000000,
zero-shot,20260910,issue-76-bounded-transfer-035,hybrid_micro_h15,13,0,1,0,0,0.000000,0.000000,0.000000,0.000000,
zero-shot,20260908,issue-76-bounded-transfer-035,hybrid_micro_h5,13,0,1,0,0,0.000000,0.000000,0.000000,0.000000,
zero-shot,20260909,issue-76-bounded-transfer-035,hybrid_micro_h5,13,0,0,0,0,0.000000,0.000000,0.000000,0.000000,
zero-shot,20260910,issue-76-bounded-transfer-035,hybrid_micro_h5,13,0,0,0,0,0.000000,0.000000,0.000000,0.000000,
zero-shot,20260908,issue-76-bounded-transfer-036,continuous_h1,13,0,0,0,0,0.000000,0.000000,0.000000,0.000000,
zero-shot,20260909,issue-76-bounded-transfer-036,continuous_h1,13,0,0,0,0,0.000000,0.000000,0.000000,0.000000,
zero-shot,20260910,issue-76-bounded-transfer-036,continuous_h1,13,0,0,0,0,0.000000,0.000000,0.000000,0.000000,
zero-shot,20260908,issue-76-bounded-transfer-036,continuous_h15,13,0,12,0,0,0.000000,0.000000,0.000000,0.000000,
zero-shot,20260909,issue-76-bounded-transfer-036,continuous_h15,13,0,7,0,0,0.000000,0.000000,0.000000,0.000000,
zero-shot,20260910,issue-76-bounded-transfer-036,continuous_h15,13,0,7,0,0,0.000000,0.000000,0.000000,0.000000,
zero-shot,20260908,issue-76-bounded-transfer-036,continuous_h5,13,0,12,0,0,0.000000,0.000000,0.000000,0.000000,
zero-shot,20260909,issue-76-bounded-transfer-036,continuous_h5,13,0,7,0,0,0.000000,0.000000,0.000000,0.000000,
zero-shot,20260910,issue-76-bounded-transfer-036,continuous_h5,13,0,0,0,0,0.000000,0.000000,0.000000,0.000000,
zero-shot,20260908,issue-76-bounded-transfer-036,hybrid_continuous_h1,13,0,0,0,0,0.000000,0.000000,0.000000,0.000000,
zero-shot,20260909,issue-76-bounded-transfer-036,hybrid_continuous_h1,13,0,0,0,0,0.000000,0.000000,0.000000,0.000000,
zero-shot,20260910,issue-76-bounded-transfer-036,hybrid_continuous_h1,13,0,3,0,0,0.000000,0.000000,0.000000,0.000000,
zero-shot,20260908,issue-76-bounded-transfer-036,hybrid_continuous_h15,13,0,7,0,0,0.000000,0.000000,0.000000,0.000000,
zero-shot,20260909,issue-76-bounded-transfer-036,hybrid_continuous_h15,13,0,8,0,0,0.000000,0.000000,0.000000,0.000000,
zero-shot,20260910,issue-76-bounded-transfer-036,hybrid_continuous_h15,13,0,1,0,0,0.000000,0.000000,0.000000,0.000000,
zero-shot,20260908,issue-76-bounded-transfer-036,hybrid_continuous_h5,13,0,0,0,0,0.000000,0.000000,0.000000,0.000000,
zero-shot,20260909,issue-76-bounded-transfer-036,hybrid_continuous_h5,13,0,0,0,0,0.000000,0.000000,0.000000,0.000000,
zero-shot,20260910,issue-76-bounded-transfer-036,hybrid_continuous_h5,13,0,6,0,0,0.000000,0.000000,0.000000,0.000000,
zero-shot,20260908,issue-76-bounded-transfer-036,hybrid_macro_h1,13,0,0,0,0,0.000000,0.000000,0.000000,0.000000,
zero-shot,20260909,issue-76-bounded-transfer-036,hybrid_macro_h1,13,0,0,0,0,0.000000,0.000000,0.000000,0.000000,
zero-shot,20260910,issue-76-bounded-transfer-036,hybrid_macro_h1,13,0,0,0,0,0.000000,0.000000,0.000000,0.000000,
zero-shot,20260908,issue-76-bounded-transfer-036,hybrid_macro_h15,13,0,11,0,0,0.000000,0.000000,0.000000,0.000000,
zero-shot,20260909,issue-76-bounded-transfer-036,hybrid_macro_h15,13,0,12,0,0,0.000000,0.000000,0.000000,0.000000,
zero-shot,20260910,issue-76-bounded-transfer-036,hybrid_macro_h15,13,0,1,0,0,0.000000,0.000000,0.000000,0.000000,
zero-shot,20260908,issue-76-bounded-transfer-036,hybrid_macro_h5,13,0,12,0,0,0.000000,0.000000,0.000000,0.000000,
zero-shot,20260909,issue-76-bounded-transfer-036,hybrid_macro_h5,13,0,0,0,0,0.000000,0.000000,0.000000,0.000000,
zero-shot,20260910,issue-76-bounded-transfer-036,hybrid_macro_h5,13,0,0,0,0,0.000000,0.000000,0.000000,0.000000,
zero-shot,20260908,issue-76-bounded-transfer-036,hybrid_micro_h1,13,0,0,0,0,0.000000,0.000000,0.000000,0.000000,
zero-shot,20260909,issue-76-bounded-transfer-036,hybrid_micro_h1,13,0,0,0,0,0.000000,0.000000,0.000000,0.000000,
zero-shot,20260910,issue-76-bounded-transfer-036,hybrid_micro_h1,13,0,0,0,0,0.000000,0.000000,0.000000,0.000000,
zero-shot,20260908,issue-76-bounded-transfer-036,hybrid_micro_h15,13,0,8,0,0,0.000000,0.000000,0.000000,0.000000,
zero-shot,20260909,issue-76-bounded-transfer-036,hybrid_micro_h15,13,0,9,0,0,0.000000,0.000000,0.000000,0.000000,
zero-shot,20260910,issue-76-bounded-transfer-036,hybrid_micro_h15,13,0,1,0,0,0.000000,0.000000,0.000000,0.000000,
zero-shot,20260908,issue-76-bounded-transfer-036,hybrid_micro_h5,13,0,0,0,0,0.000000,0.000000,0.000000,0.000000,
zero-shot,20260909,issue-76-bounded-transfer-036,hybrid_micro_h5,13,0,0,0,0,0.000000,0.000000,0.000000,0.000000,
zero-shot,20260910,issue-76-bounded-transfer-036,hybrid_micro_h5,13,0,10,0,0,0.000000,0.000000,0.000000,0.000000,
zero-shot,20260908,issue-76-bounded-transfer-037,continuous_h1,13,2,12,0,0,0.153846,0.423077,-0.153846,-0.423077,-0.227273
zero-shot,20260909,issue-76-bounded-transfer-037,continuous_h1,13,2,0,0,0,0.153846,0.423077,-0.153846,-0.423077,-0.181818
zero-shot,20260910,issue-76-bounded-transfer-037,continuous_h1,13,2,0,0,0,0.153846,0.423077,-0.153846,-0.423077,-0.181818
zero-shot,20260908,issue-76-bounded-transfer-037,continuous_h15,13,2,12,0,1,0.153846,0.423077,-0.153846,0.576923,0.681818
zero-shot,20260909,issue-76-bounded-transfer-037,continuous_h15,13,2,7,0,1,0.153846,0.423077,-0.153846,0.576923,0.681818
zero-shot,20260910,issue-76-bounded-transfer-037,continuous_h15,13,2,7,0,1,0.153846,0.423077,-0.153846,0.576923,0.727273
zero-shot,20260908,issue-76-bounded-transfer-037,continuous_h5,13,2,0,0,0,0.153846,0.423077,-0.153846,-0.423077,-0.181818
zero-shot,20260909,issue-76-bounded-transfer-037,continuous_h5,13,2,0,0,0,0.153846,0.423077,-0.153846,-0.423077,-0.181818
zero-shot,20260910,issue-76-bounded-transfer-037,continuous_h5,13,2,0,0,0,0.153846,0.423077,-0.153846,-0.423077,-0.181818
zero-shot,20260908,issue-76-bounded-transfer-037,hybrid_continuous_h1,13,2,0,0,0,0.153846,0.423077,-0.153846,-0.423077,-0.181818
zero-shot,20260909,issue-76-bounded-transfer-037,hybrid_continuous_h1,13,2,7,0,0,0.153846,0.423077,-0.153846,-0.423077,0.522727
zero-shot,20260910,issue-76-bounded-transfer-037,hybrid_continuous_h1,13,2,0,0,0,0.153846,0.423077,-0.153846,-0.423077,-0.181818
zero-shot,20260908,issue-76-bounded-transfer-037,hybrid_continuous_h15,13,2,7,0,0,0.153846,0.423077,-0.153846,-0.423077,0.727273
zero-shot,20260909,issue-76-bounded-transfer-037,hybrid_continuous_h15,13,2,8,0,0,0.153846,0.423077,-0.153846,-0.423077,0.681818
zero-shot,20260910,issue-76-bounded-transfer-037,hybrid_continuous_h15,13,2,1,0,0,0.153846,0.423077,-0.153846,-0.423077,0.318182
zero-shot,20260908,issue-76-bounded-transfer-037,hybrid_continuous_h5,13,2,4,0,0,0.153846,0.423077,-0.153846,-0.423077,0.409091
zero-shot,20260909,issue-76-bounded-transfer-037,hybrid_continuous_h5,13,2,0,0,0,0.153846,0.423077,-0.153846,-0.423077,-0.181818
zero-shot,20260910,issue-76-bounded-transfer-037,hybrid_continuous_h5,13,2,4,0,1,0.153846,0.423077,-0.153846,0.576923,0.363636
zero-shot,20260908,issue-76-bounded-transfer-037,hybrid_macro_h1,13,2,1,0,0,0.153846,0.423077,-0.153846,-0.423077,-0.090909
zero-shot,20260909,issue-76-bounded-transfer-037,hybrid_macro_h1,13,2,0,0,0,0.153846,0.423077,-0.153846,-0.423077,-0.181818
zero-shot,20260910,issue-76-bounded-transfer-037,hybrid_macro_h1,13,2,0,0,0,0.153846,0.423077,-0.153846,-0.423077,-0.181818
zero-shot,20260908,issue-76-bounded-transfer-037,hybrid_macro_h15,13,2,6,1,1,0.153846,0.423077,0.846154,0.576923,0.909091
zero-shot,20260909,issue-76-bounded-transfer-037,hybrid_macro_h15,13,2,1,0,0,0.153846,0.423077,-0.153846,-0.423077,0.272727
zero-shot,20260910,issue-76-bounded-transfer-037,hybrid_macro_h15,13,2,1,0,0,0.153846,0.423077,-0.153846,-0.423077,0.318182
zero-shot,20260908,issue-76-bounded-transfer-037,hybrid_macro_h5,13,2,12,0,1,0.153846,0.423077,-0.153846,0.576923,0.681818
zero-shot,20260909,issue-76-bounded-transfer-037,hybrid_macro_h5,13,2,0,0,0,0.153846,0.423077,-0.153846,-0.423077,-0.181818
zero-shot,20260910,issue-76-bounded-transfer-037,hybrid_macro_h5,13,2,0,0,0,0.153846,0.423077,-0.153846,-0.423077,-0.181818
zero-shot,20260908,issue-76-bounded-transfer-037,hybrid_micro_h1,13,2,0,0,0,0.153846,0.423077,-0.153846,-0.423077,-0.181818
zero-shot,20260909,issue-76-bounded-transfer-037,hybrid_micro_h1,13,2,0,0,0,0.153846,0.423077,-0.153846,-0.423077,-0.181818
zero-shot,20260910,issue-76-bounded-transfer-037,hybrid_micro_h1,13,2,10,1,1,0.153846,0.423077,0.846154,0.576923,0.363636
zero-shot,20260908,issue-76-bounded-transfer-037,hybrid_micro_h15,13,2,8,0,0,0.153846,0.423077,-0.153846,-0.423077,0.727273
zero-shot,20260909,issue-76-bounded-transfer-037,hybrid_micro_h15,13,2,12,0,1,0.153846,0.423077,-0.153846,0.576923,0.681818
zero-shot,20260910,issue-76-bounded-transfer-037,hybrid_micro_h15,13,2,1,0,0,0.153846,0.423077,-0.153846,-0.423077,0.318182
zero-shot,20260908,issue-76-bounded-transfer-037,hybrid_micro_h5,13,2,1,0,0,0.153846,0.423077,-0.153846,-0.423077,0.318182
zero-shot,20260909,issue-76-bounded-transfer-037,hybrid_micro_h5,13,2,1,0,0,0.153846,0.423077,-0.153846,-0.423077,0.000000
zero-shot,20260910,issue-76-bounded-transfer-037,hybrid_micro_h5,13,2,3,0,0,0.153846,0.423077,-0.153846,-0.423077,0.409091
zero-shot,20260908,issue-76-bounded-transfer-038,continuous_h1,13,2,0,0,0,0.153846,0.423077,-0.153846,-0.423077,-0.136364
zero-shot,20260909,issue-76-bounded-transfer-038,continuous_h1,13,2,0,0,0,0.153846,0.423077,-0.153846,-0.423077,-0.136364
zero-shot,20260910,issue-76-bounded-transfer-038,continuous_h1,13,2,0,0,0,0.153846,0.423077,-0.153846,-0.423077,-0.136364
zero-shot,20260908,issue-76-bounded-transfer-038,continuous_h15,13,2,12,1,1,0.153846,0.423077,0.846154,0.576923,0.636364
zero-shot,20260909,issue-76-bounded-transfer-038,continuous_h15,13,2,7,0,0,0.153846,0.423077,-0.153846,-0.423077,0.272727
zero-shot,20260910,issue-76-bounded-transfer-038,continuous_h15,13,2,7,0,0,0.153846,0.423077,-0.153846,-0.423077,0.227273
zero-shot,20260908,issue-76-bounded-transfer-038,continuous_h5,13,2,0,0,0,0.153846,0.423077,-0.153846,-0.423077,-0.136364
zero-shot,20260909,issue-76-bounded-transfer-038,continuous_h5,13,2,0,0,0,0.153846,0.423077,-0.153846,-0.423077,-0.136364
zero-shot,20260910,issue-76-bounded-transfer-038,continuous_h5,13,2,0,0,0,0.153846,0.423077,-0.153846,-0.423077,-0.136364
zero-shot,20260908,issue-76-bounded-transfer-038,hybrid_continuous_h1,13,2,0,0,0,0.153846,0.423077,-0.153846,-0.423077,-0.136364
zero-shot,20260909,issue-76-bounded-transfer-038,hybrid_continuous_h1,13,2,2,0,1,0.153846,0.423077,-0.153846,0.576923,0.136364
zero-shot,20260910,issue-76-bounded-transfer-038,hybrid_continuous_h1,13,2,0,0,0,0.153846,0.423077,-0.153846,-0.423077,-0.136364
zero-shot,20260908,issue-76-bounded-transfer-038,hybrid_continuous_h15,13,2,7,0,0,0.153846,0.423077,-0.153846,-0.423077,0.272727
zero-shot,20260909,issue-76-bounded-transfer-038,hybrid_continuous_h15,13,2,1,0,0,0.153846,0.423077,-0.153846,-0.423077,0.681818
zero-shot,20260910,issue-76-bounded-transfer-038,hybrid_continuous_h15,13,2,1,0,0,0.153846,0.423077,-0.153846,-0.423077,0.681818
zero-shot,20260908,issue-76-bounded-transfer-038,hybrid_continuous_h5,13,2,1,0,0,0.153846,0.423077,-0.153846,-0.423077,0.363636
zero-shot,20260909,issue-76-bounded-transfer-038,hybrid_continuous_h5,13,2,0,0,0,0.153846,0.423077,-0.153846,-0.423077,-0.136364
zero-shot,20260910,issue-76-bounded-transfer-038,hybrid_continuous_h5,13,2,5,0,0,0.153846,0.423077,-0.153846,-0.423077,0.159091
zero-shot,20260908,issue-76-bounded-transfer-038,hybrid_macro_h1,13,2,0,0,0,0.153846,0.423077,-0.153846,-0.423077,-0.136364
zero-shot,20260909,issue-76-bounded-transfer-038,hybrid_macro_h1,13,2,0,0,0,0.153846,0.423077,-0.153846,-0.423077,0.113636
zero-shot,20260910,issue-76-bounded-transfer-038,hybrid_macro_h1,13,2,0,0,0,0.153846,0.423077,-0.153846,-0.423077,-0.136364
zero-shot,20260908,issue-76-bounded-transfer-038,hybrid_macro_h15,13,2,12,1,1,0.153846,0.423077,0.846154,0.576923,0.636364
zero-shot,20260909,issue-76-bounded-transfer-038,hybrid_macro_h15,13,2,1,0,0,0.153846,0.423077,-0.153846,-0.423077,0.727273
zero-shot,20260910,issue-76-bounded-transfer-038,hybrid_macro_h15,13,2,1,0,0,0.153846,0.423077,-0.153846,-0.423077,0.363636
zero-shot,20260908,issue-76-bounded-transfer-038,hybrid_macro_h5,13,2,0,0,0,0.153846,0.423077,-0.153846,-0.423077,-0.136364
zero-shot,20260909,issue-76-bounded-transfer-038,hybrid_macro_h5,13,2,0,0,0,0.153846,0.423077,-0.153846,-0.423077,-0.136364
zero-shot,20260910,issue-76-bounded-transfer-038,hybrid_macro_h5,13,2,0,0,0,0.153846,0.423077,-0.153846,-0.423077,-0.136364
zero-shot,20260908,issue-76-bounded-transfer-038,hybrid_micro_h1,13,2,0,0,0,0.153846,0.423077,-0.153846,-0.423077,-0.136364
zero-shot,20260909,issue-76-bounded-transfer-038,hybrid_micro_h1,13,2,11,0,1,0.153846,0.423077,-0.153846,0.576923,0.500000
zero-shot,20260910,issue-76-bounded-transfer-038,hybrid_micro_h1,13,2,0,0,0,0.153846,0.423077,-0.153846,-0.423077,-0.136364
zero-shot,20260908,issue-76-bounded-transfer-038,hybrid_micro_h15,13,2,9,0,0,0.153846,0.423077,-0.153846,-0.423077,0.363636
zero-shot,20260909,issue-76-bounded-transfer-038,hybrid_micro_h15,13,2,1,0,0,0.153846,0.423077,-0.153846,-0.423077,0.727273
zero-shot,20260910,issue-76-bounded-transfer-038,hybrid_micro_h15,13,2,1,0,0,0.153846,0.423077,-0.153846,-0.423077,0.363636
zero-shot,20260908,issue-76-bounded-transfer-038,hybrid_micro_h5,13,2,0,0,0,0.153846,0.423077,-0.153846,-0.423077,-0.136364
zero-shot,20260909,issue-76-bounded-transfer-038,hybrid_micro_h5,13,2,0,0,0,0.153846,0.423077,-0.153846,-0.423077,-0.136364
zero-shot,20260910,issue-76-bounded-transfer-038,hybrid_micro_h5,13,2,12,1,1,0.153846,0.423077,0.846154,0.576923,0.545455
zero-shot,20260908,issue-76-bounded-transfer-039,continuous_h1,13,0,11,0,0,0.000000,0.000000,0.000000,0.000000,
zero-shot,20260909,issue-76-bounded-transfer-039,continuous_h1,13,0,0,0,0,0.000000,0.000000,0.000000,0.000000,
zero-shot,20260910,issue-76-bounded-transfer-039,continuous_h1,13,0,0,0,0,0.000000,0.000000,0.000000,0.000000,
zero-shot,20260908,issue-76-bounded-transfer-039,continuous_h15,13,0,12,0,0,0.000000,0.000000,0.000000,0.000000,
zero-shot,20260909,issue-76-bounded-transfer-039,continuous_h15,13,0,7,0,0,0.000000,0.000000,0.000000,0.000000,
zero-shot,20260910,issue-76-bounded-transfer-039,continuous_h15,13,0,7,0,0,0.000000,0.000000,0.000000,0.000000,
zero-shot,20260908,issue-76-bounded-transfer-039,continuous_h5,13,0,12,0,0,0.000000,0.000000,0.000000,0.000000,
zero-shot,20260909,issue-76-bounded-transfer-039,continuous_h5,13,0,0,0,0,0.000000,0.000000,0.000000,0.000000,
zero-shot,20260910,issue-76-bounded-transfer-039,continuous_h5,13,0,0,0,0,0.000000,0.000000,0.000000,0.000000,
zero-shot,20260908,issue-76-bounded-transfer-039,hybrid_continuous_h1,13,0,0,0,0,0.000000,0.000000,0.000000,0.000000,
zero-shot,20260909,issue-76-bounded-transfer-039,hybrid_continuous_h1,13,0,0,0,0,0.000000,0.000000,0.000000,0.000000,
zero-shot,20260910,issue-76-bounded-transfer-039,hybrid_continuous_h1,13,0,0,0,0,0.000000,0.000000,0.000000,0.000000,
zero-shot,20260908,issue-76-bounded-transfer-039,hybrid_continuous_h15,13,0,7,0,0,0.000000,0.000000,0.000000,0.000000,
zero-shot,20260909,issue-76-bounded-transfer-039,hybrid_continuous_h15,13,0,8,0,0,0.000000,0.000000,0.000000,0.000000,
zero-shot,20260910,issue-76-bounded-transfer-039,hybrid_continuous_h15,13,0,1,0,0,0.000000,0.000000,0.000000,0.000000,
zero-shot,20260908,issue-76-bounded-transfer-039,hybrid_continuous_h5,13,0,1,0,0,0.000000,0.000000,0.000000,0.000000,
zero-shot,20260909,issue-76-bounded-transfer-039,hybrid_continuous_h5,13,0,12,0,0,0.000000,0.000000,0.000000,0.000000,
zero-shot,20260910,issue-76-bounded-transfer-039,hybrid_continuous_h5,13,0,0,0,0,0.000000,0.000000,0.000000,0.000000,
zero-shot,20260908,issue-76-bounded-transfer-039,hybrid_macro_h1,13,0,0,0,0,0.000000,0.000000,0.000000,0.000000,
zero-shot,20260909,issue-76-bounded-transfer-039,hybrid_macro_h1,13,0,0,0,0,0.000000,0.000000,0.000000,0.000000,
zero-shot,20260910,issue-76-bounded-transfer-039,hybrid_macro_h1,13,0,0,0,0,0.000000,0.000000,0.000000,0.000000,
zero-shot,20260908,issue-76-bounded-transfer-039,hybrid_macro_h15,13,0,10,0,0,0.000000,0.000000,0.000000,0.000000,
zero-shot,20260909,issue-76-bounded-transfer-039,hybrid_macro_h15,13,0,0,0,0,0.000000,0.000000,0.000000,0.000000,
zero-shot,20260910,issue-76-bounded-transfer-039,hybrid_macro_h15,13,0,1,0,0,0.000000,0.000000,0.000000,0.000000,
zero-shot,20260908,issue-76-bounded-transfer-039,hybrid_macro_h5,13,0,12,0,0,0.000000,0.000000,0.000000,0.000000,
zero-shot,20260909,issue-76-bounded-transfer-039,hybrid_macro_h5,13,0,0,0,0,0.000000,0.000000,0.000000,0.000000,
zero-shot,20260910,issue-76-bounded-transfer-039,hybrid_macro_h5,13,0,0,0,0,0.000000,0.000000,0.000000,0.000000,
zero-shot,20260908,issue-76-bounded-transfer-039,hybrid_micro_h1,13,0,0,0,0,0.000000,0.000000,0.000000,0.000000,
zero-shot,20260909,issue-76-bounded-transfer-039,hybrid_micro_h1,13,0,0,0,0,0.000000,0.000000,0.000000,0.000000,
zero-shot,20260910,issue-76-bounded-transfer-039,hybrid_micro_h1,13,0,2,0,0,0.000000,0.000000,0.000000,0.000000,
zero-shot,20260908,issue-76-bounded-transfer-039,hybrid_micro_h15,13,0,8,0,0,0.000000,0.000000,0.000000,0.000000,
zero-shot,20260909,issue-76-bounded-transfer-039,hybrid_micro_h15,13,0,9,0,0,0.000000,0.000000,0.000000,0.000000,
zero-shot,20260910,issue-76-bounded-transfer-039,hybrid_micro_h15,13,0,1,0,0,0.000000,0.000000,0.000000,0.000000,
zero-shot,20260908,issue-76-bounded-transfer-039,hybrid_micro_h5,13,0,0,0,0,0.000000,0.000000,0.000000,0.000000,
zero-shot,20260909,issue-76-bounded-transfer-039,hybrid_micro_h5,13,0,0,0,0,0.000000,0.000000,0.000000,0.000000,
zero-shot,20260910,issue-76-bounded-transfer-039,hybrid_micro_h5,13,0,0,0,0,0.000000,0.000000,0.000000,0.000000,
zero-shot,20260908,issue-77-n2-007,continuous_h1,13,1,0,0,0,0.076923,0.230769,-0.076923,-0.230769,-0.500000
zero-shot,20260909,issue-77-n2-007,continuous_h1,13,1,12,1,1,0.076923,0.230769,0.923077,0.769231,1.000000
zero-shot,20260910,issue-77-n2-007,continuous_h1,13,1,0,0,0,0.076923,0.230769,-0.076923,-0.230769,-0.500000
zero-shot,20260908,issue-77-n2-007,continuous_h15,13,1,12,1,1,0.076923,0.230769,0.923077,0.769231,1.000000
zero-shot,20260909,issue-77-n2-007,continuous_h15,13,1,1,0,0,0.076923,0.230769,-0.076923,-0.230769,0.500000
zero-shot,20260910,issue-77-n2-007,continuous_h15,13,1,7,0,0,0.076923,0.230769,-0.076923,-0.230769,0.083333
zero-shot,20260908,issue-77-n2-007,continuous_h5,13,1,0,0,0,0.076923,0.230769,-0.076923,-0.230769,-0.500000
zero-shot,20260909,issue-77-n2-007,continuous_h5,13,1,0,0,0,0.076923,0.230769,-0.076923,-0.230769,-0.500000
zero-shot,20260910,issue-77-n2-007,continuous_h5,13,1,0,0,0,0.076923,0.230769,-0.076923,-0.230769,-0.500000
zero-shot,20260908,issue-77-n2-007,hybrid_continuous_h1,13,1,0,0,0,0.076923,0.230769,-0.076923,-0.230769,-0.500000
zero-shot,20260909,issue-77-n2-007,hybrid_continuous_h1,13,1,0,0,0,0.076923,0.230769,-0.076923,-0.230769,-0.500000
zero-shot,20260910,issue-77-n2-007,hybrid_continuous_h1,13,1,10,0,1,0.076923,0.230769,-0.076923,0.769231,0.750000
zero-shot,20260908,issue-77-n2-007,hybrid_continuous_h15,13,1,1,0,0,0.076923,0.230769,-0.076923,-0.230769,0.333333
zero-shot,20260909,issue-77-n2-007,hybrid_continuous_h15,13,1,1,0,0,0.076923,0.230769,-0.076923,-0.230769,0.333333
zero-shot,20260910,issue-77-n2-007,hybrid_continuous_h15,13,1,1,0,0,0.076923,0.230769,-0.076923,-0.230769,0.000000
zero-shot,20260908,issue-77-n2-007,hybrid_continuous_h5,13,1,1,0,0,0.076923,0.230769,-0.076923,-0.230769,0.000000
zero-shot,20260909,issue-77-n2-007,hybrid_continuous_h5,13,1,0,0,0,0.076923,0.230769,-0.076923,-0.230769,-0.500000
zero-shot,20260910,issue-77-n2-007,hybrid_continuous_h5,13,1,0,0,0,0.076923,0.230769,-0.076923,-0.230769,-0.500000
zero-shot,20260908,issue-77-n2-007,hybrid_macro_h1,13,1,0,0,0,0.076923,0.230769,-0.076923,-0.230769,-0.500000
zero-shot,20260909,issue-77-n2-007,hybrid_macro_h1,13,1,0,0,0,0.076923,0.230769,-0.076923,-0.230769,-0.500000
zero-shot,20260910,issue-77-n2-007,hybrid_macro_h1,13,1,0,0,0,0.076923,0.230769,-0.076923,-0.230769,-0.500000
zero-shot,20260908,issue-77-n2-007,hybrid_macro_h15,13,1,1,0,0,0.076923,0.230769,-0.076923,-0.230769,0.000000
zero-shot,20260909,issue-77-n2-007,hybrid_macro_h15,13,1,1,0,0,0.076923,0.230769,-0.076923,-0.230769,0.166667
zero-shot,20260910,issue-77-n2-007,hybrid_macro_h15,13,1,1,0,0,0.076923,0.230769,-0.076923,-0.230769,0.000000
zero-shot,20260908,issue-77-n2-007,hybrid_macro_h5,13,1,0,0,0,0.076923,0.230769,-0.076923,-0.230769,-0.375000
zero-shot,20260909,issue-77-n2-007,hybrid_macro_h5,13,1,9,0,0,0.076923,0.230769,-0.076923,-0.230769,0.625000
zero-shot,20260910,issue-77-n2-007,hybrid_macro_h5,13,1,12,1,1,0.076923,0.230769,0.923077,0.769231,1.000000
zero-shot,20260908,issue-77-n2-007,hybrid_micro_h1,13,1,0,0,0,0.076923,0.230769,-0.076923,-0.230769,-0.500000
zero-shot,20260909,issue-77-n2-007,hybrid_micro_h1,13,1,2,0,0,0.076923,0.230769,-0.076923,-0.230769,-0.250000
zero-shot,20260910,issue-77-n2-007,hybrid_micro_h1,13,1,0,0,0,0.076923,0.230769,-0.076923,-0.230769,-0.500000
zero-shot,20260908,issue-77-n2-007,hybrid_micro_h15,13,1,1,0,0,0.076923,0.230769,-0.076923,-0.230769,0.250000
zero-shot,20260909,issue-77-n2-007,hybrid_micro_h15,13,1,1,0,0,0.076923,0.230769,-0.076923,-0.230769,0.416667
zero-shot,20260910,issue-77-n2-007,hybrid_micro_h15,13,1,1,0,0,0.076923,0.230769,-0.076923,-0.230769,0.000000
zero-shot,20260908,issue-77-n2-007,hybrid_micro_h5,13,1,0,0,0,0.076923,0.230769,-0.076923,-0.230769,-0.500000
zero-shot,20260909,issue-77-n2-007,hybrid_micro_h5,13,1,0,0,0,0.076923,0.230769,-0.076923,-0.230769,-0.500000
zero-shot,20260910,issue-77-n2-007,hybrid_micro_h5,13,1,0,0,0,0.076923,0.230769,-0.076923,-0.230769,-0.500000
zero-shot,20260908,issue-77-n2-008,continuous_h1,13,1,0,0,0,0.076923,0.230769,-0.076923,-0.230769,0.166667
zero-shot,20260909,issue-77-n2-008,continuous_h1,13,1,0,0,0,0.076923,0.230769,-0.076923,-0.230769,0.166667
zero-shot,20260910,issue-77-n2-008,continuous_h1,13,1,0,0,0,0.076923,0.230769,-0.076923,-0.230769,0.166667
zero-shot,20260908,issue-77-n2-008,continuous_h15,13,1,12,0,0,0.076923,0.230769,-0.076923,-0.230769,0.000000
zero-shot,20260909,issue-77-n2-008,continuous_h15,13,1,1,0,0,0.076923,0.230769,-0.076923,-0.230769,0.666667
zero-shot,20260910,issue-77-n2-008,continuous_h15,13,1,7,0,0,0.076923,0.230769,-0.076923,-0.230769,0.583333
zero-shot,20260908,issue-77-n2-008,continuous_h5,13,1,0,0,0,0.076923,0.230769,-0.076923,-0.230769,0.166667
zero-shot,20260909,issue-77-n2-008,continuous_h5,13,1,0,0,0,0.076923,0.230769,-0.076923,-0.230769,0.166667
zero-shot,20260910,issue-77-n2-008,continuous_h5,13,1,0,0,0,0.076923,0.230769,-0.076923,-0.230769,0.166667
zero-shot,20260908,issue-77-n2-008,hybrid_continuous_h1,13,1,0,0,0,0.076923,0.230769,-0.076923,-0.230769,0.166667
zero-shot,20260909,issue-77-n2-008,hybrid_continuous_h1,13,1,0,0,0,0.076923,0.230769,-0.076923,-0.230769,0.166667
zero-shot,20260910,issue-77-n2-008,hybrid_continuous_h1,13,1,2,0,1,0.076923,0.230769,-0.076923,0.769231,0.416667
zero-shot,20260908,issue-77-n2-008,hybrid_continuous_h15,13,1,1,0,0,0.076923,0.230769,-0.076923,-0.230769,0.666667
zero-shot,20260909,issue-77-n2-008,hybrid_continuous_h15,13,1,1,0,0,0.076923,0.230769,-0.076923,-0.230769,0.666667
zero-shot,20260910,issue-77-n2-008,hybrid_continuous_h15,13,1,12,0,0,0.076923,0.230769,-0.076923,-0.230769,0.333333
zero-shot,20260908,issue-77-n2-008,hybrid_continuous_h5,13,1,0,0,0,0.076923,0.230769,-0.076923,-0.230769,0.166667
zero-shot,20260909,issue-77-n2-008,hybrid_continuous_h5,13,1,0,0,0,0.076923,0.230769,-0.076923,-0.230769,0.166667
zero-shot,20260910,issue-77-n2-008,hybrid_continuous_h5,13,1,0,0,0,0.076923,0.230769,-0.076923,-0.230769,0.666667
zero-shot,20260908,issue-77-n2-008,hybrid_macro_h1,13,1,0,0,0,0.076923,0.230769,-0.076923,-0.230769,0.166667
zero-shot,20260909,issue-77-n2-008,hybrid_macro_h1,13,1,0,0,0,0.076923,0.230769,-0.076923,-0.230769,0.166667
zero-shot,20260910,issue-77-n2-008,hybrid_macro_h1,13,1,0,0,0,0.076923,0.230769,-0.076923,-0.230769,0.166667
zero-shot,20260908,issue-77-n2-008,hybrid_macro_h15,13,1,1,0,0,0.076923,0.230769,-0.076923,-0.230769,0.666667
zero-shot,20260909,issue-77-n2-008,hybrid_macro_h15,13,1,1,0,0,0.076923,0.230769,-0.076923,-0.230769,0.666667
zero-shot,20260910,issue-77-n2-008,hybrid_macro_h15,13,1,1,0,0,0.076923,0.230769,-0.076923,-0.230769,0.666667
zero-shot,20260908,issue-77-n2-008,hybrid_macro_h5,13,1,0,0,0,0.076923,0.230769,-0.076923,-0.230769,0.166667
zero-shot,20260909,issue-77-n2-008,hybrid_macro_h5,13,1,9,0,0,0.076923,0.230769,-0.076923,-0.230769,0.333333
zero-shot,20260910,issue-77-n2-008,hybrid_macro_h5,13,1,0,0,0,0.076923,0.230769,-0.076923,-0.230769,0.166667
zero-shot,20260908,issue-77-n2-008,hybrid_micro_h1,13,1,0,0,0,0.076923,0.230769,-0.076923,-0.230769,0.166667
zero-shot,20260909,issue-77-n2-008,hybrid_micro_h1,13,1,0,0,0,0.076923,0.230769,-0.076923,-0.230769,0.166667
zero-shot,20260910,issue-77-n2-008,hybrid_micro_h1,13,1,0,0,0,0.076923,0.230769,-0.076923,-0.230769,0.166667
zero-shot,20260908,issue-77-n2-008,hybrid_micro_h15,13,1,1,0,0,0.076923,0.230769,-0.076923,-0.230769,0.666667
zero-shot,20260909,issue-77-n2-008,hybrid_micro_h15,13,1,1,0,0,0.076923,0.230769,-0.076923,-0.230769,0.500000
zero-shot,20260910,issue-77-n2-008,hybrid_micro_h15,13,1,12,0,0,0.076923,0.230769,-0.076923,-0.230769,0.333333
zero-shot,20260908,issue-77-n2-008,hybrid_micro_h5,13,1,0,0,0,0.076923,0.230769,-0.076923,-0.230769,0.166667
zero-shot,20260909,issue-77-n2-008,hybrid_micro_h5,13,1,12,0,0,0.076923,0.230769,-0.076923,-0.230769,0.333333
zero-shot,20260910,issue-77-n2-008,hybrid_micro_h5,13,1,0,0,0,0.076923,0.230769,-0.076923,-0.230769,0.166667
zero-shot,20260908,issue-77-n2-014,continuous_h1,12,0,10,0,0,0.000000,0.000000,0.000000,0.000000,
zero-shot,20260909,issue-77-n2-014,continuous_h1,12,0,0,0,0,0.000000,0.000000,0.000000,0.000000,
zero-shot,20260910,issue-77-n2-014,continuous_h1,12,0,0,0,0,0.000000,0.000000,0.000000,0.000000,
zero-shot,20260908,issue-77-n2-014,continuous_h15,12,0,1,0,0,0.000000,0.000000,0.000000,0.000000,
zero-shot,20260909,issue-77-n2-014,continuous_h15,12,0,1,0,0,0.000000,0.000000,0.000000,0.000000,
zero-shot,20260910,issue-77-n2-014,continuous_h15,12,0,7,0,0,0.000000,0.000000,0.000000,0.000000,
zero-shot,20260908,issue-77-n2-014,continuous_h5,12,0,0,0,0,0.000000,0.000000,0.000000,0.000000,
zero-shot,20260909,issue-77-n2-014,continuous_h5,12,0,0,0,0,0.000000,0.000000,0.000000,0.000000,
zero-shot,20260910,issue-77-n2-014,continuous_h5,12,0,0,0,0,0.000000,0.000000,0.000000,0.000000,
zero-shot,20260908,issue-77-n2-014,hybrid_continuous_h1,12,0,0,0,0,0.000000,0.000000,0.000000,0.000000,
zero-shot,20260909,issue-77-n2-014,hybrid_continuous_h1,12,0,0,0,0,0.000000,0.000000,0.000000,0.000000,
zero-shot,20260910,issue-77-n2-014,hybrid_continuous_h1,12,0,0,0,0,0.000000,0.000000,0.000000,0.000000,
zero-shot,20260908,issue-77-n2-014,hybrid_continuous_h15,12,0,1,0,0,0.000000,0.000000,0.000000,0.000000,
zero-shot,20260909,issue-77-n2-014,hybrid_continuous_h15,12,0,1,0,0,0.000000,0.000000,0.000000,0.000000,
zero-shot,20260910,issue-77-n2-014,hybrid_continuous_h15,12,0,1,0,0,0.000000,0.000000,0.000000,0.000000,
zero-shot,20260908,issue-77-n2-014,hybrid_continuous_h5,12,0,0,0,0,0.000000,0.000000,0.000000,0.000000,
zero-shot,20260909,issue-77-n2-014,hybrid_continuous_h5,12,0,0,0,0,0.000000,0.000000,0.000000,0.000000,
zero-shot,20260910,issue-77-n2-014,hybrid_continuous_h5,12,0,0,0,0,0.000000,0.000000,0.000000,0.000000,
zero-shot,20260908,issue-77-n2-014,hybrid_macro_h1,12,0,0,0,0,0.000000,0.000000,0.000000,0.000000,
zero-shot,20260909,issue-77-n2-014,hybrid_macro_h1,12,0,0,0,0,0.000000,0.000000,0.000000,0.000000,
zero-shot,20260910,issue-77-n2-014,hybrid_macro_h1,12,0,0,0,0,0.000000,0.000000,0.000000,0.000000,
zero-shot,20260908,issue-77-n2-014,hybrid_macro_h15,12,0,1,0,0,0.000000,0.000000,0.000000,0.000000,
zero-shot,20260909,issue-77-n2-014,hybrid_macro_h15,12,0,1,0,0,0.000000,0.000000,0.000000,0.000000,
zero-shot,20260910,issue-77-n2-014,hybrid_macro_h15,12,0,1,0,0,0.000000,0.000000,0.000000,0.000000,
zero-shot,20260908,issue-77-n2-014,hybrid_macro_h5,12,0,1,0,0,0.000000,0.000000,0.000000,0.000000,
zero-shot,20260909,issue-77-n2-014,hybrid_macro_h5,12,0,3,0,0,0.000000,0.000000,0.000000,0.000000,
zero-shot,20260910,issue-77-n2-014,hybrid_macro_h5,12,0,0,0,0,0.000000,0.000000,0.000000,0.000000,
zero-shot,20260908,issue-77-n2-014,hybrid_micro_h1,12,0,0,0,0,0.000000,0.000000,0.000000,0.000000,
zero-shot,20260909,issue-77-n2-014,hybrid_micro_h1,12,0,0,0,0,0.000000,0.000000,0.000000,0.000000,
zero-shot,20260910,issue-77-n2-014,hybrid_micro_h1,12,0,0,0,0,0.000000,0.000000,0.000000,0.000000,
zero-shot,20260908,issue-77-n2-014,hybrid_micro_h15,12,0,1,0,0,0.000000,0.000000,0.000000,0.000000,
zero-shot,20260909,issue-77-n2-014,hybrid_micro_h15,12,0,1,0,0,0.000000,0.000000,0.000000,0.000000,
zero-shot,20260910,issue-77-n2-014,hybrid_micro_h15,12,0,1,0,0,0.000000,0.000000,0.000000,0.000000,
zero-shot,20260908,issue-77-n2-014,hybrid_micro_h5,12,0,0,0,0,0.000000,0.000000,0.000000,0.000000,
zero-shot,20260909,issue-77-n2-014,hybrid_micro_h5,12,0,0,0,0,0.000000,0.000000,0.000000,0.000000,
zero-shot,20260910,issue-77-n2-014,hybrid_micro_h5,12,0,0,0,0,0.000000,0.000000,0.000000,0.000000,
zero-shot,20260908,issue-77-n2-016,continuous_h1,13,0,8,0,0,0.000000,0.000000,0.000000,0.000000,
zero-shot,20260909,issue-77-n2-016,continuous_h1,13,0,0,0,0,0.000000,0.000000,0.000000,0.000000,
zero-shot,20260910,issue-77-n2-016,continuous_h1,13,0,0,0,0,0.000000,0.000000,0.000000,0.000000,
zero-shot,20260908,issue-77-n2-016,continuous_h15,13,0,12,0,0,0.000000,0.000000,0.000000,0.000000,
zero-shot,20260909,issue-77-n2-016,continuous_h15,13,0,7,0,0,0.000000,0.000000,0.000000,0.000000,
zero-shot,20260910,issue-77-n2-016,continuous_h15,13,0,7,0,0,0.000000,0.000000,0.000000,0.000000,
zero-shot,20260908,issue-77-n2-016,continuous_h5,13,0,0,0,0,0.000000,0.000000,0.000000,0.000000,
zero-shot,20260909,issue-77-n2-016,continuous_h5,13,0,0,0,0,0.000000,0.000000,0.000000,0.000000,
zero-shot,20260910,issue-77-n2-016,continuous_h5,13,0,0,0,0,0.000000,0.000000,0.000000,0.000000,
zero-shot,20260908,issue-77-n2-016,hybrid_continuous_h1,13,0,0,0,0,0.000000,0.000000,0.000000,0.000000,
zero-shot,20260909,issue-77-n2-016,hybrid_continuous_h1,13,0,3,0,0,0.000000,0.000000,0.000000,0.000000,
zero-shot,20260910,issue-77-n2-016,hybrid_continuous_h1,13,0,0,0,0,0.000000,0.000000,0.000000,0.000000,
zero-shot,20260908,issue-77-n2-016,hybrid_continuous_h15,13,0,8,0,0,0.000000,0.000000,0.000000,0.000000,
zero-shot,20260909,issue-77-n2-016,hybrid_continuous_h15,13,0,8,0,0,0.000000,0.000000,0.000000,0.000000,
zero-shot,20260910,issue-77-n2-016,hybrid_continuous_h15,13,0,12,0,0,0.000000,0.000000,0.000000,0.000000,
zero-shot,20260908,issue-77-n2-016,hybrid_continuous_h5,13,0,1,0,0,0.000000,0.000000,0.000000,0.000000,
zero-shot,20260909,issue-77-n2-016,hybrid_continuous_h5,13,0,0,0,0,0.000000,0.000000,0.000000,0.000000,
zero-shot,20260910,issue-77-n2-016,hybrid_continuous_h5,13,0,10,0,0,0.000000,0.000000,0.000000,0.000000,
zero-shot,20260908,issue-77-n2-016,hybrid_macro_h1,13,0,0,0,0,0.000000,0.000000,0.000000,0.000000,
zero-shot,20260909,issue-77-n2-016,hybrid_macro_h1,13,0,1,0,0,0.000000,0.000000,0.000000,0.000000,
zero-shot,20260910,issue-77-n2-016,hybrid_macro_h1,13,0,0,0,0,0.000000,0.000000,0.000000,0.000000,
zero-shot,20260908,issue-77-n2-016,hybrid_macro_h15,13,0,12,0,0,0.000000,0.000000,0.000000,0.000000,
zero-shot,20260909,issue-77-n2-016,hybrid_macro_h15,13,0,1,0,0,0.000000,0.000000,0.000000,0.000000,
zero-shot,20260910,issue-77-n2-016,hybrid_macro_h15,13,0,1,0,0,0.000000,0.000000,0.000000,0.000000,
zero-shot,20260908,issue-77-n2-016,hybrid_macro_h5,13,0,0,0,0,0.000000,0.000000,0.000000,0.000000,
zero-shot,20260909,issue-77-n2-016,hybrid_macro_h5,13,0,0,0,0,0.000000,0.000000,0.000000,0.000000,
zero-shot,20260910,issue-77-n2-016,hybrid_macro_h5,13,0,0,0,0,0.000000,0.000000,0.000000,0.000000,
zero-shot,20260908,issue-77-n2-016,hybrid_micro_h1,13,0,0,0,0,0.000000,0.000000,0.000000,0.000000,
zero-shot,20260909,issue-77-n2-016,hybrid_micro_h1,13,0,11,0,0,0.000000,0.000000,0.000000,0.000000,
zero-shot,20260910,issue-77-n2-016,hybrid_micro_h1,13,0,0,0,0,0.000000,0.000000,0.000000,0.000000,
zero-shot,20260908,issue-77-n2-016,hybrid_micro_h15,13,0,9,0,0,0.000000,0.000000,0.000000,0.000000,
zero-shot,20260909,issue-77-n2-016,hybrid_micro_h15,13,0,1,0,0,0.000000,0.000000,0.000000,0.000000,
zero-shot,20260910,issue-77-n2-016,hybrid_micro_h15,13,0,12,0,0,0.000000,0.000000,0.000000,0.000000,
zero-shot,20260908,issue-77-n2-016,hybrid_micro_h5,13,0,0,0,0,0.000000,0.000000,0.000000,0.000000,
zero-shot,20260909,issue-77-n2-016,hybrid_micro_h5,13,0,0,0,0,0.000000,0.000000,0.000000,0.000000,
zero-shot,20260910,issue-77-n2-016,hybrid_micro_h5,13,0,0,0,0,0.000000,0.000000,0.000000,0.000000,
zero-shot,20260908,issue-77-n2n-001,continuous_h1,6,0,0,0,0,0.000000,0.000000,0.000000,0.000000,
zero-shot,20260909,issue-77-n2n-001,continuous_h1,6,0,0,0,0,0.000000,0.000000,0.000000,0.000000,
zero-shot,20260910,issue-77-n2n-001,continuous_h1,6,0,0,0,0,0.000000,0.000000,0.000000,0.000000,
zero-shot,20260908,issue-77-n2n-001,continuous_h15,6,0,11,0,0,0.000000,0.000000,0.000000,0.000000,
zero-shot,20260909,issue-77-n2n-001,continuous_h15,6,0,7,0,0,0.000000,0.000000,0.000000,0.000000,
zero-shot,20260910,issue-77-n2n-001,continuous_h15,6,0,7,0,0,0.000000,0.000000,0.000000,0.000000,
zero-shot,20260908,issue-77-n2n-001,continuous_h5,6,0,11,0,0,0.000000,0.000000,0.000000,0.000000,
zero-shot,20260909,issue-77-n2n-001,continuous_h5,6,0,0,0,0,0.000000,0.000000,0.000000,0.000000,
zero-shot,20260910,issue-77-n2n-001,continuous_h5,6,0,11,0,0,0.000000,0.000000,0.000000,0.000000,
zero-shot,20260908,issue-77-n2n-001,hybrid_continuous_h1,6,0,0,0,0,0.000000,0.000000,0.000000,0.000000,
zero-shot,20260909,issue-77-n2n-001,hybrid_continuous_h1,6,0,0,0,0,0.000000,0.000000,0.000000,0.000000,
zero-shot,20260910,issue-77-n2n-001,hybrid_continuous_h1,6,0,5,0,0,0.000000,0.000000,0.000000,0.000000,
zero-shot,20260908,issue-77-n2n-001,hybrid_continuous_h15,6,0,8,0,0,0.000000,0.000000,0.000000,0.000000,
zero-shot,20260909,issue-77-n2n-001,hybrid_continuous_h15,6,0,8,0,0,0.000000,0.000000,0.000000,0.000000,
zero-shot,20260910,issue-77-n2n-001,hybrid_continuous_h15,6,0,0,0,0,0.000000,0.000000,0.000000,0.000000,
zero-shot,20260908,issue-77-n2n-001,hybrid_continuous_h5,6,0,5,0,0,0.000000,0.000000,0.000000,0.000000,
zero-shot,20260909,issue-77-n2n-001,hybrid_continuous_h5,6,0,11,0,0,0.000000,0.000000,0.000000,0.000000,
zero-shot,20260910,issue-77-n2n-001,hybrid_continuous_h5,6,0,0,0,0,0.000000,0.000000,0.000000,0.000000,
zero-shot,20260908,issue-77-n2n-001,hybrid_macro_h1,6,0,0,0,0,0.000000,0.000000,0.000000,0.000000,
zero-shot,20260909,issue-77-n2n-001,hybrid_macro_h1,6,0,0,0,0,0.000000,0.000000,0.000000,0.000000,
zero-shot,20260910,issue-77-n2n-001,hybrid_macro_h1,6,0,0,0,0,0.000000,0.000000,0.000000,0.000000,
zero-shot,20260908,issue-77-n2n-001,hybrid_macro_h15,6,0,11,0,0,0.000000,0.000000,0.000000,0.000000,
zero-shot,20260909,issue-77-n2n-001,hybrid_macro_h15,6,0,8,0,0,0.000000,0.000000,0.000000,0.000000,
zero-shot,20260910,issue-77-n2n-001,hybrid_macro_h15,6,0,0,0,0,0.000000,0.000000,0.000000,0.000000,
zero-shot,20260908,issue-77-n2n-001,hybrid_macro_h5,6,0,11,0,0,0.000000,0.000000,0.000000,0.000000,
zero-shot,20260909,issue-77-n2n-001,hybrid_macro_h5,6,0,5,0,0,0.000000,0.000000,0.000000,0.000000,
zero-shot,20260910,issue-77-n2n-001,hybrid_macro_h5,6,0,0,0,0,0.000000,0.000000,0.000000,0.000000,
zero-shot,20260908,issue-77-n2n-001,hybrid_micro_h1,6,0,0,0,0,0.000000,0.000000,0.000000,0.000000,
zero-shot,20260909,issue-77-n2n-001,hybrid_micro_h1,6,0,0,0,0,0.000000,0.000000,0.000000,0.000000,
zero-shot,20260910,issue-77-n2n-001,hybrid_micro_h1,6,0,0,0,0,0.000000,0.000000,0.000000,0.000000,
zero-shot,20260908,issue-77-n2n-001,hybrid_micro_h15,6,0,8,0,0,0.000000,0.000000,0.000000,0.000000,
zero-shot,20260909,issue-77-n2n-001,hybrid_micro_h15,6,0,8,0,0,0.000000,0.000000,0.000000,0.000000,
zero-shot,20260910,issue-77-n2n-001,hybrid_micro_h15,6,0,0,0,0,0.000000,0.000000,0.000000,0.000000,
zero-shot,20260908,issue-77-n2n-001,hybrid_micro_h5,6,0,0,0,0,0.000000,0.000000,0.000000,0.000000,
zero-shot,20260909,issue-77-n2n-001,hybrid_micro_h5,6,0,0,0,0,0.000000,0.000000,0.000000,0.000000,
zero-shot,20260910,issue-77-n2n-001,hybrid_micro_h5,6,0,0,0,0,0.000000,0.000000,0.000000,0.000000,
zero-shot,20260908,issue-77-n2n-002,continuous_h1,4,0,6,0,0,0.000000,0.000000,0.000000,0.000000,
zero-shot,20260909,issue-77-n2n-002,continuous_h1,4,0,6,0,0,0.000000,0.000000,0.000000,0.000000,
zero-shot,20260910,issue-77-n2n-002,continuous_h1,4,0,6,0,0,0.000000,0.000000,0.000000,0.000000,
zero-shot,20260908,issue-77-n2n-002,continuous_h15,4,0,12,0,0,0.000000,0.000000,0.000000,0.000000,
zero-shot,20260909,issue-77-n2n-002,continuous_h15,4,0,7,0,0,0.000000,0.000000,0.000000,0.000000,
zero-shot,20260910,issue-77-n2n-002,continuous_h15,4,0,7,0,0,0.000000,0.000000,0.000000,0.000000,
zero-shot,20260908,issue-77-n2n-002,continuous_h5,4,0,12,0,0,0.000000,0.000000,0.000000,0.000000,
zero-shot,20260909,issue-77-n2n-002,continuous_h5,4,0,6,0,0,0.000000,0.000000,0.000000,0.000000,
zero-shot,20260910,issue-77-n2n-002,continuous_h5,4,0,12,0,0,0.000000,0.000000,0.000000,0.000000,
zero-shot,20260908,issue-77-n2n-002,hybrid_continuous_h1,4,0,6,0,0,0.000000,0.000000,0.000000,0.000000,
zero-shot,20260909,issue-77-n2n-002,hybrid_continuous_h1,4,0,6,0,0,0.000000,0.000000,0.000000,0.000000,
zero-shot,20260910,issue-77-n2n-002,hybrid_continuous_h1,4,0,6,0,0,0.000000,0.000000,0.000000,0.000000,
zero-shot,20260908,issue-77-n2n-002,hybrid_continuous_h15,4,0,8,0,0,0.000000,0.000000,0.000000,0.000000,
zero-shot,20260909,issue-77-n2n-002,hybrid_continuous_h15,4,0,8,0,0,0.000000,0.000000,0.000000,0.000000,
zero-shot,20260910,issue-77-n2n-002,hybrid_continuous_h15,4,0,6,0,0,0.000000,0.000000,0.000000,0.000000,
zero-shot,20260908,issue-77-n2n-002,hybrid_continuous_h5,4,0,6,0,0,0.000000,0.000000,0.000000,0.000000,
zero-shot,20260909,issue-77-n2n-002,hybrid_continuous_h5,4,0,6,0,0,0.000000,0.000000,0.000000,0.000000,
zero-shot,20260910,issue-77-n2n-002,hybrid_continuous_h5,4,0,6,0,0,0.000000,0.000000,0.000000,0.000000,
zero-shot,20260908,issue-77-n2n-002,hybrid_macro_h1,4,0,6,0,0,0.000000,0.000000,0.000000,0.000000,
zero-shot,20260909,issue-77-n2n-002,hybrid_macro_h1,4,0,6,0,0,0.000000,0.000000,0.000000,0.000000,
zero-shot,20260910,issue-77-n2n-002,hybrid_macro_h1,4,0,6,0,0,0.000000,0.000000,0.000000,0.000000,
zero-shot,20260908,issue-77-n2n-002,hybrid_macro_h15,4,0,12,0,0,0.000000,0.000000,0.000000,0.000000,
zero-shot,20260909,issue-77-n2n-002,hybrid_macro_h15,4,0,8,0,0,0.000000,0.000000,0.000000,0.000000,
zero-shot,20260910,issue-77-n2n-002,hybrid_macro_h15,4,0,6,0,0,0.000000,0.000000,0.000000,0.000000,
zero-shot,20260908,issue-77-n2n-002,hybrid_macro_h5,4,0,12,0,0,0.000000,0.000000,0.000000,0.000000,
zero-shot,20260909,issue-77-n2n-002,hybrid_macro_h5,4,0,6,0,0,0.000000,0.000000,0.000000,0.000000,
zero-shot,20260910,issue-77-n2n-002,hybrid_macro_h5,4,0,6,0,0,0.000000,0.000000,0.000000,0.000000,
zero-shot,20260908,issue-77-n2n-002,hybrid_micro_h1,4,0,7,0,0,0.000000,0.000000,0.000000,0.000000,
zero-shot,20260909,issue-77-n2n-002,hybrid_micro_h1,4,0,6,0,0,0.000000,0.000000,0.000000,0.000000,
zero-shot,20260910,issue-77-n2n-002,hybrid_micro_h1,4,0,6,0,0,0.000000,0.000000,0.000000,0.000000,
zero-shot,20260908,issue-77-n2n-002,hybrid_micro_h15,4,0,8,0,0,0.000000,0.000000,0.000000,0.000000,
zero-shot,20260909,issue-77-n2n-002,hybrid_micro_h15,4,0,8,0,0,0.000000,0.000000,0.000000,0.000000,
zero-shot,20260910,issue-77-n2n-002,hybrid_micro_h15,4,0,6,0,0,0.000000,0.000000,0.000000,0.000000,
zero-shot,20260908,issue-77-n2n-002,hybrid_micro_h5,4,0,6,0,0,0.000000,0.000000,0.000000,0.000000,
zero-shot,20260909,issue-77-n2n-002,hybrid_micro_h5,4,0,6,0,0,0.000000,0.000000,0.000000,0.000000,
zero-shot,20260910,issue-77-n2n-002,hybrid_micro_h5,4,0,6,0,0,0.000000,0.000000,0.000000,0.000000,
zero-shot,20260908,issue-77-n2n-005,continuous_h1,11,0,1,0,0,0.000000,0.000000,0.000000,0.000000,
zero-shot,20260909,issue-77-n2n-005,continuous_h1,11,0,1,0,0,0.000000,0.000000,0.000000,0.000000,
zero-shot,20260910,issue-77-n2n-005,continuous_h1,11,0,1,0,0,0.000000,0.000000,0.000000,0.000000,
zero-shot,20260908,issue-77-n2n-005,continuous_h15,11,0,12,0,0,0.000000,0.000000,0.000000,0.000000,
zero-shot,20260909,issue-77-n2n-005,continuous_h15,11,0,7,0,0,0.000000,0.000000,0.000000,0.000000,
zero-shot,20260910,issue-77-n2n-005,continuous_h15,11,0,7,0,0,0.000000,0.000000,0.000000,0.000000,
zero-shot,20260908,issue-77-n2n-005,continuous_h5,11,0,1,0,0,0.000000,0.000000,0.000000,0.000000,
zero-shot,20260909,issue-77-n2n-005,continuous_h5,11,0,1,0,0,0.000000,0.000000,0.000000,0.000000,
zero-shot,20260910,issue-77-n2n-005,continuous_h5,11,0,1,0,0,0.000000,0.000000,0.000000,0.000000,
zero-shot,20260908,issue-77-n2n-005,hybrid_continuous_h1,11,0,1,0,0,0.000000,0.000000,0.000000,0.000000,
zero-shot,20260909,issue-77-n2n-005,hybrid_continuous_h1,11,0,1,0,0,0.000000,0.000000,0.000000,0.000000,
zero-shot,20260910,issue-77-n2n-005,hybrid_continuous_h1,11,0,1,0,0,0.000000,0.000000,0.000000,0.000000,
zero-shot,20260908,issue-77-n2n-005,hybrid_continuous_h15,11,0,8,0,0,0.000000,0.000000,0.000000,0.000000,
zero-shot,20260909,issue-77-n2n-005,hybrid_continuous_h15,11,0,8,0,0,0.000000,0.000000,0.000000,0.000000,
zero-shot,20260910,issue-77-n2n-005,hybrid_continuous_h15,11,0,1,0,0,0.000000,0.000000,0.000000,0.000000,
zero-shot,20260908,issue-77-n2n-005,hybrid_continuous_h5,11,0,1,0,0,0.000000,0.000000,0.000000,0.000000,
zero-shot,20260909,issue-77-n2n-005,hybrid_continuous_h5,11,0,1,0,0,0.000000,0.000000,0.000000,0.000000,
zero-shot,20260910,issue-77-n2n-005,hybrid_continuous_h5,11,0,1,0,0,0.000000,0.000000,0.000000,0.000000,
zero-shot,20260908,issue-77-n2n-005,hybrid_macro_h1,11,0,1,0,0,0.000000,0.000000,0.000000,0.000000,
zero-shot,20260909,issue-77-n2n-005,hybrid_macro_h1,11,0,1,0,0,0.000000,0.000000,0.000000,0.000000,
zero-shot,20260910,issue-77-n2n-005,hybrid_macro_h1,11,0,1,0,0,0.000000,0.000000,0.000000,0.000000,
zero-shot,20260908,issue-77-n2n-005,hybrid_macro_h15,11,0,11,0,0,0.000000,0.000000,0.000000,0.000000,
zero-shot,20260909,issue-77-n2n-005,hybrid_macro_h15,11,0,9,0,0,0.000000,0.000000,0.000000,0.000000,
zero-shot,20260910,issue-77-n2n-005,hybrid_macro_h15,11,0,1,0,0,0.000000,0.000000,0.000000,0.000000,
zero-shot,20260908,issue-77-n2n-005,hybrid_macro_h5,11,0,12,0,0,0.000000,0.000000,0.000000,0.000000,
zero-shot,20260909,issue-77-n2n-005,hybrid_macro_h5,11,0,12,0,0,0.000000,0.000000,0.000000,0.000000,
zero-shot,20260910,issue-77-n2n-005,hybrid_macro_h5,11,0,1,0,0,0.000000,0.000000,0.000000,0.000000,
zero-shot,20260908,issue-77-n2n-005,hybrid_micro_h1,11,0,9,0,0,0.000000,0.000000,0.000000,0.000000,
zero-shot,20260909,issue-77-n2n-005,hybrid_micro_h1,11,0,1,0,0,0.000000,0.000000,0.000000,0.000000,
zero-shot,20260910,issue-77-n2n-005,hybrid_micro_h1,11,0,7,0,0,0.000000,0.000000,0.000000,0.000000,
zero-shot,20260908,issue-77-n2n-005,hybrid_micro_h15,11,0,8,0,0,0.000000,0.000000,0.000000,0.000000,
zero-shot,20260909,issue-77-n2n-005,hybrid_micro_h15,11,0,9,0,0,0.000000,0.000000,0.000000,0.000000,
zero-shot,20260910,issue-77-n2n-005,hybrid_micro_h15,11,0,1,0,0,0.000000,0.000000,0.000000,0.000000,
zero-shot,20260908,issue-77-n2n-005,hybrid_micro_h5,11,0,1,0,0,0.000000,0.000000,0.000000,0.000000,
zero-shot,20260909,issue-77-n2n-005,hybrid_micro_h5,11,0,12,0,0,0.000000,0.000000,0.000000,0.000000,
zero-shot,20260910,issue-77-n2n-005,hybrid_micro_h5,11,0,1,0,0,0.000000,0.000000,0.000000,0.000000,
zero-shot,20260908,issue-77-n2n-007,continuous_h1,4,0,4,0,0,0.000000,0.000000,0.000000,0.000000,
zero-shot,20260909,issue-77-n2n-007,continuous_h1,4,0,4,0,0,0.000000,0.000000,0.000000,0.000000,
zero-shot,20260910,issue-77-n2n-007,continuous_h1,4,0,4,0,0,0.000000,0.000000,0.000000,0.000000,
zero-shot,20260908,issue-77-n2n-007,continuous_h15,4,0,11,0,0,0.000000,0.000000,0.000000,0.000000,
zero-shot,20260909,issue-77-n2n-007,continuous_h15,4,0,8,0,0,0.000000,0.000000,0.000000,0.000000,
zero-shot,20260910,issue-77-n2n-007,continuous_h15,4,0,8,0,0,0.000000,0.000000,0.000000,0.000000,
zero-shot,20260908,issue-77-n2n-007,continuous_h5,4,0,4,0,0,0.000000,0.000000,0.000000,0.000000,
zero-shot,20260909,issue-77-n2n-007,continuous_h5,4,0,4,0,0,0.000000,0.000000,0.000000,0.000000,
zero-shot,20260910,issue-77-n2n-007,continuous_h5,4,0,11,0,0,0.000000,0.000000,0.000000,0.000000,
zero-shot,20260908,issue-77-n2n-007,hybrid_continuous_h1,4,0,4,0,0,0.000000,0.000000,0.000000,0.000000,
zero-shot,20260909,issue-77-n2n-007,hybrid_continuous_h1,4,0,4,0,0,0.000000,0.000000,0.000000,0.000000,
zero-shot,20260910,issue-77-n2n-007,hybrid_continuous_h1,4,0,4,0,0,0.000000,0.000000,0.000000,0.000000,
zero-shot,20260908,issue-77-n2n-007,hybrid_continuous_h15,4,0,8,0,0,0.000000,0.000000,0.000000,0.000000,
zero-shot,20260909,issue-77-n2n-007,hybrid_continuous_h15,4,0,8,0,0,0.000000,0.000000,0.000000,0.000000,
zero-shot,20260910,issue-77-n2n-007,hybrid_continuous_h15,4,0,4,0,0,0.000000,0.000000,0.000000,0.000000,
zero-shot,20260908,issue-77-n2n-007,hybrid_continuous_h5,4,0,4,0,0,0.000000,0.000000,0.000000,0.000000,
zero-shot,20260909,issue-77-n2n-007,hybrid_continuous_h5,4,0,11,0,0,0.000000,0.000000,0.000000,0.000000,
zero-shot,20260910,issue-77-n2n-007,hybrid_continuous_h5,4,0,4,0,0,0.000000,0.000000,0.000000,0.000000,
zero-shot,20260908,issue-77-n2n-007,hybrid_macro_h1,4,0,4,0,0,0.000000,0.000000,0.000000,0.000000,
zero-shot,20260909,issue-77-n2n-007,hybrid_macro_h1,4,0,4,0,0,0.000000,0.000000,0.000000,0.000000,
zero-shot,20260910,issue-77-n2n-007,hybrid_macro_h1,4,0,4,0,0,0.000000,0.000000,0.000000,0.000000,
zero-shot,20260908,issue-77-n2n-007,hybrid_macro_h15,4,0,11,0,0,0.000000,0.000000,0.000000,0.000000,
zero-shot,20260909,issue-77-n2n-007,hybrid_macro_h15,4,0,8,0,0,0.000000,0.000000,0.000000,0.000000,
zero-shot,20260910,issue-77-n2n-007,hybrid_macro_h15,4,0,4,0,0,0.000000,0.000000,0.000000,0.000000,
zero-shot,20260908,issue-77-n2n-007,hybrid_macro_h5,4,0,11,0,0,0.000000,0.000000,0.000000,0.000000,
zero-shot,20260909,issue-77-n2n-007,hybrid_macro_h5,4,0,11,0,0,0.000000,0.000000,0.000000,0.000000,
zero-shot,20260910,issue-77-n2n-007,hybrid_macro_h5,4,0,4,0,0,0.000000,0.000000,0.000000,0.000000,
zero-shot,20260908,issue-77-n2n-007,hybrid_micro_h1,4,0,4,0,0,0.000000,0.000000,0.000000,0.000000,
zero-shot,20260909,issue-77-n2n-007,hybrid_micro_h1,4,0,4,0,0,0.000000,0.000000,0.000000,0.000000,
zero-shot,20260910,issue-77-n2n-007,hybrid_micro_h1,4,0,4,0,0,0.000000,0.000000,0.000000,0.000000,
zero-shot,20260908,issue-77-n2n-007,hybrid_micro_h15,4,0,8,0,0,0.000000,0.000000,0.000000,0.000000,
zero-shot,20260909,issue-77-n2n-007,hybrid_micro_h15,4,0,10,0,0,0.000000,0.000000,0.000000,0.000000,
zero-shot,20260910,issue-77-n2n-007,hybrid_micro_h15,4,0,4,0,0,0.000000,0.000000,0.000000,0.000000,
zero-shot,20260908,issue-77-n2n-007,hybrid_micro_h5,4,0,4,0,0,0.000000,0.000000,0.000000,0.000000,
zero-shot,20260909,issue-77-n2n-007,hybrid_micro_h5,4,0,4,0,0,0.000000,0.000000,0.000000,0.000000,
zero-shot,20260910,issue-77-n2n-007,hybrid_micro_h5,4,0,4,0,0,0.000000,0.000000,0.000000,0.000000,
zero-shot,20260908,issue-77-n2n-008,continuous_h1,9,0,0,0,0,0.000000,0.000000,0.000000,0.000000,
zero-shot,20260909,issue-77-n2n-008,continuous_h1,9,0,0,0,0,0.000000,0.000000,0.000000,0.000000,
zero-shot,20260910,issue-77-n2n-008,continuous_h1,9,0,0,0,0,0.000000,0.000000,0.000000,0.000000,
zero-shot,20260908,issue-77-n2n-008,continuous_h15,9,0,12,0,0,0.000000,0.000000,0.000000,0.000000,
zero-shot,20260909,issue-77-n2n-008,continuous_h15,9,0,7,0,0,0.000000,0.000000,0.000000,0.000000,
zero-shot,20260910,issue-77-n2n-008,continuous_h15,9,0,7,0,0,0.000000,0.000000,0.000000,0.000000,
zero-shot,20260908,issue-77-n2n-008,continuous_h5,9,0,6,0,0,0.000000,0.000000,0.000000,0.000000,
zero-shot,20260909,issue-77-n2n-008,continuous_h5,9,0,0,0,0,0.000000,0.000000,0.000000,0.000000,
zero-shot,20260910,issue-77-n2n-008,continuous_h5,9,0,0,0,0,0.000000,0.000000,0.000000,0.000000,
zero-shot,20260908,issue-77-n2n-008,hybrid_continuous_h1,9,0,0,0,0,0.000000,0.000000,0.000000,0.000000,
zero-shot,20260909,issue-77-n2n-008,hybrid_continuous_h1,9,0,0,0,0,0.000000,0.000000,0.000000,0.000000,
zero-shot,20260910,issue-77-n2n-008,hybrid_continuous_h1,9,0,0,0,0,0.000000,0.000000,0.000000,0.000000,
zero-shot,20260908,issue-77-n2n-008,hybrid_continuous_h15,9,0,8,0,0,0.000000,0.000000,0.000000,0.000000,
zero-shot,20260909,issue-77-n2n-008,hybrid_continuous_h15,9,0,8,0,0,0.000000,0.000000,0.000000,0.000000,
zero-shot,20260910,issue-77-n2n-008,hybrid_continuous_h15,9,0,0,0,0,0.000000,0.000000,0.000000,0.000000,
zero-shot,20260908,issue-77-n2n-008,hybrid_continuous_h5,9,0,0,0,0,0.000000,0.000000,0.000000,0.000000,
zero-shot,20260909,issue-77-n2n-008,hybrid_continuous_h5,9,0,9,0,0,0.000000,0.000000,0.000000,0.000000,
zero-shot,20260910,issue-77-n2n-008,hybrid_continuous_h5,9,0,0,0,0,0.000000,0.000000,0.000000,0.000000,
zero-shot,20260908,issue-77-n2n-008,hybrid_macro_h1,9,0,0,0,0,0.000000,0.000000,0.000000,0.000000,
zero-shot,20260909,issue-77-n2n-008,hybrid_macro_h1,9,0,3,0,0,0.000000,0.000000,0.000000,0.000000,
zero-shot,20260910,issue-77-n2n-008,hybrid_macro_h1,9,0,0,0,0,0.000000,0.000000,0.000000,0.000000,
zero-shot,20260908,issue-77-n2n-008,hybrid_macro_h15,9,0,10,0,0,0.000000,0.000000,0.000000,0.000000,
zero-shot,20260909,issue-77-n2n-008,hybrid_macro_h15,9,0,9,0,0,0.000000,0.000000,0.000000,0.000000,
zero-shot,20260910,issue-77-n2n-008,hybrid_macro_h15,9,0,0,0,0,0.000000,0.000000,0.000000,0.000000,
zero-shot,20260908,issue-77-n2n-008,hybrid_macro_h5,9,0,12,0,0,0.000000,0.000000,0.000000,0.000000,
zero-shot,20260909,issue-77-n2n-008,hybrid_macro_h5,9,0,12,0,0,0.000000,0.000000,0.000000,0.000000,
zero-shot,20260910,issue-77-n2n-008,hybrid_macro_h5,9,0,0,0,0,0.000000,0.000000,0.000000,0.000000,
zero-shot,20260908,issue-77-n2n-008,hybrid_micro_h1,9,0,0,0,0,0.000000,0.000000,0.000000,0.000000,
zero-shot,20260909,issue-77-n2n-008,hybrid_micro_h1,9,0,0,0,0,0.000000,0.000000,0.000000,0.000000,
zero-shot,20260910,issue-77-n2n-008,hybrid_micro_h1,9,0,8,0,0,0.000000,0.000000,0.000000,0.000000,
zero-shot,20260908,issue-77-n2n-008,hybrid_micro_h15,9,0,8,0,0,0.000000,0.000000,0.000000,0.000000,
zero-shot,20260909,issue-77-n2n-008,hybrid_micro_h15,9,0,9,0,0,0.000000,0.000000,0.000000,0.000000,
zero-shot,20260910,issue-77-n2n-008,hybrid_micro_h15,9,0,0,0,0,0.000000,0.000000,0.000000,0.000000,
zero-shot,20260908,issue-77-n2n-008,hybrid_micro_h5,9,0,0,0,0,0.000000,0.000000,0.000000,0.000000,
zero-shot,20260909,issue-77-n2n-008,hybrid_micro_h5,9,0,6,0,0,0.000000,0.000000,0.000000,0.000000,
zero-shot,20260910,issue-77-n2n-008,hybrid_micro_h5,9,0,0,0,0,0.000000,0.000000,0.000000,0.000000,
