id,cohort,inventory,cost,statistic,value,interval_low,interval_high,interval_label,cells,members,detail
Q1_token,all,grid,tie_free,attribution token,readiness_or_precision_insufficient,,,,,,"{""dominant"": ""perception"", ""drops"": {""cost"": {""interval"": [0.0714285714285714, 0.3571428571428571], ""mean"": 0.2142857142857143}, ""dynamics"": {""interval"": [-0.26846230158730156, 0.09619290573372208], ""mean"": -0.08418367346938771}, ""perception"": {""interval"": [0.09215986394557822, 0.4891241496598639], ""mean"": 0.2925170068027211, ""source"": ""endpoint_perception""}}}"
Q2_token,all,grid,tie_free,tie-free cost token,readiness_or_precision_insufficient,,,,,,"{""C-F-1"": 0.0, ""C-F-15"": 0.0, ""C-F-5"": 0.0, ""C-J"": 0.0, ""F-1-continuous"": 0.0, ""F-1-macro"": 0.0, ""F-1-micro"": 0.0, ""F-15-continuous"": 0.0, ""F-15-macro"": 0.0, ""F-15-micro"": 0.0, ""F-5-continuous"": 0.0, ""F-5-macro"": 0.0, ""F-5-micro"": 0.0, ""J"": 0.0}"
baseline_target_met,held_out,grid,tie_free,baseline target met (stage c),True,,,,,,
guard_G1,,,,G1 pass,True,,,,,,"{""compared"": 36876, ""exclusion_mismatches"": 0, ""max_abs_count_delta"": 4.76837158203125e-07, ""tolerance"": 0.001}"
guard_G2,,,,G2 pass,False,,,,,,"{""mismatched_shots"": [""grid/issue-77-n1-016/o6"", ""offset/issue-77-n1-010/o3"", ""offset/issue-77-n1-010/o8"", ""angle/issue-77-n1-010/o7""]}"
guard_G3,,,,G3 pass,True,,,,,,"{""max_abs_spread"": 0.0}"
guard_G4,,,,G4 pass,True,,,,,,"{""worst_nonfinite_share"": 0.0, ""worst_verdict_resolution"": 1.0}"
guard_caps,,,,caps pass,True,,,,,,"{""gpu_seconds"": 658.3248789904173, ""status"": ""terminal"", ""wall_seconds"": 4394.4256880370085}"
all_grid_tie_free_auc_a,all,grid,tie_free,AUC a,0.7857142857142857,0.6428571428571429,0.9285714285714286,DESCRIPTIVE,42,14,"{""chance_top1_mean"": 0.08035714285714286, ""tied_cells"": 18, ""tied_pair_share"": 0.34024896265560167, ""tied_share"": 0.42857142857142855, ""top1_hits"": 24}"
all_grid_tie_free_auc_ap,all,grid,tie_free,AUC ap,0.4931972789115647,0.3139285714285714,0.6619047619047619,DESCRIPTIVE,42,14,"{""chance_top1_mean"": 0.08035714285714286, ""tied_cells"": 0, ""tied_pair_share"": 0.0, ""tied_share"": 0.0, ""top1_hits"": 3}"
all_grid_tie_free_auc_d:F-1-continuous,all,grid,tie_free,AUC d:F-1-continuous,0.6001133786848072,0.4457468820861678,0.7392871315192743,DESCRIPTIVE,42,14,"{""chance_top1_mean"": 0.08035714285714286, ""tied_cells"": 0, ""tied_pair_share"": 0.0, ""tied_share"": 0.0, ""top1_hits"": 4}"
all_grid_tie_free_auc_d:F-1-micro,all,grid,tie_free,AUC d:F-1-micro,0.6098639455782312,0.4576445578231292,0.747110260770975,DESCRIPTIVE,42,14,"{""chance_top1_mean"": 0.08035714285714286, ""tied_cells"": 0, ""tied_pair_share"": 0.0, ""tied_share"": 0.0, ""top1_hits"": 4}"
all_grid_tie_free_auc_d:F-1-macro,all,grid,tie_free,AUC d:F-1-macro,0.6419501133786848,0.5352593537414967,0.7396825396825396,DESCRIPTIVE,42,14,"{""chance_top1_mean"": 0.08035714285714286, ""tied_cells"": 0, ""tied_pair_share"": 0.0, ""tied_share"": 0.0, ""top1_hits"": 5}"
all_grid_tie_free_auc_d:F-5-continuous,all,grid,tie_free,AUC d:F-5-continuous,0.6098639455782313,0.45430839002267576,0.7485260770975056,DESCRIPTIVE,42,14,"{""chance_top1_mean"": 0.08035714285714286, ""tied_cells"": 0, ""tied_pair_share"": 0.0, ""tied_share"": 0.0, ""top1_hits"": 5}"
all_grid_tie_free_auc_d:F-5-micro,all,grid,tie_free,AUC d:F-5-micro,0.6104875283446712,0.4546967120181405,0.7505668934240363,DESCRIPTIVE,42,14,"{""chance_top1_mean"": 0.08035714285714286, ""tied_cells"": 0, ""tied_pair_share"": 0.0, ""tied_share"": 0.0, ""top1_hits"": 4}"
all_grid_tie_free_auc_d:F-5-macro,all,grid,tie_free,AUC d:F-5-macro,0.644501133786848,0.5429124149659863,0.7410473356009069,DESCRIPTIVE,42,14,"{""chance_top1_mean"": 0.08035714285714286, ""tied_cells"": 0, ""tied_pair_share"": 0.0, ""tied_share"": 0.0, ""top1_hits"": 5}"
all_grid_tie_free_auc_d:F-15-continuous,all,grid,tie_free,AUC d:F-15-continuous,0.604421768707483,0.46105017006802723,0.7409339569160998,DESCRIPTIVE,42,14,"{""chance_top1_mean"": 0.08035714285714286, ""tied_cells"": 0, ""tied_pair_share"": 0.0, ""tied_share"": 0.0, ""top1_hits"": 3}"
all_grid_tie_free_auc_d:F-15-micro,all,grid,tie_free,AUC d:F-15-micro,0.5964852607709751,0.4481235827664398,0.7368494897959182,DESCRIPTIVE,42,14,"{""chance_top1_mean"": 0.08035714285714286, ""tied_cells"": 0, ""tied_pair_share"": 0.0, ""tied_share"": 0.0, ""top1_hits"": 3}"
all_grid_tie_free_auc_d:F-15-macro,all,grid,tie_free,AUC d:F-15-macro,0.6139455782312926,0.5199546485260772,0.7085600907029478,DESCRIPTIVE,42,14,"{""chance_top1_mean"": 0.08035714285714286, ""tied_cells"": 0, ""tied_pair_share"": 0.0, ""tied_share"": 0.0, ""top1_hits"": 3}"
all_grid_tie_free_auc_d:C-F-1,all,grid,tie_free,AUC d:C-F-1,0.5398526077097506,0.3670053854875283,0.7007454648526074,DESCRIPTIVE,42,14,"{""chance_top1_mean"": 0.08035714285714286, ""tied_cells"": 0, ""tied_pair_share"": 0.0, ""tied_share"": 0.0, ""top1_hits"": 6}"
all_grid_tie_free_auc_d:C-F-5,all,grid,tie_free,AUC d:C-F-5,0.523639455782313,0.33809240362811793,0.6971116780045351,DESCRIPTIVE,42,14,"{""chance_top1_mean"": 0.08035714285714286, ""tied_cells"": 0, ""tied_pair_share"": 0.0, ""tied_share"": 0.0, ""top1_hits"": 6}"
all_grid_tie_free_auc_d:C-F-15,all,grid,tie_free,AUC d:C-F-15,0.5368480725623582,0.3564597505668934,0.7085090702947845,DESCRIPTIVE,42,14,"{""chance_top1_mean"": 0.08035714285714286, ""tied_cells"": 0, ""tied_pair_share"": 0.0, ""tied_share"": 0.0, ""top1_hits"": 6}"
all_grid_tie_free_auc_d:J,all,grid,tie_free,AUC d:J,0.6151927437641723,0.47052154195011336,0.7441071428571427,DESCRIPTIVE,42,14,"{""chance_top1_mean"": 0.08035714285714286, ""tied_cells"": 0, ""tied_pair_share"": 0.0, ""tied_share"": 0.0, ""top1_hits"": 4}"
all_grid_tie_free_auc_d:C-J,all,grid,tie_free,AUC d:C-J,0.5427437641723357,0.3701799886621315,0.7041978458049888,DESCRIPTIVE,42,14,"{""chance_top1_mean"": 0.08035714285714286, ""tied_cells"": 0, ""tied_pair_share"": 0.0, ""tied_share"": 0.0, ""top1_hits"": 6}"
all_grid_tie_free_auc_c:F-1-continuous,all,grid,tie_free,AUC c:F-1-continuous,0.5659863945578232,0.513829365079365,0.6236961451247165,DESCRIPTIVE,42,14,"{""chance_top1_mean"": 0.08035714285714286, ""tied_cells"": 0, ""tied_pair_share"": 0.0, ""tied_share"": 0.0, ""top1_hits"": 2}"
all_grid_tie_free_auc_c:F-1-micro,all,grid,tie_free,AUC c:F-1-micro,0.5366213151927438,0.49115646258503404,0.5848072562358276,DESCRIPTIVE,42,14,"{""chance_top1_mean"": 0.08035714285714286, ""tied_cells"": 0, ""tied_pair_share"": 0.0, ""tied_share"": 0.0, ""top1_hits"": 0}"
all_grid_tie_free_auc_c:F-1-macro,all,grid,tie_free,AUC c:F-1-macro,0.5539115646258504,0.4549858276643991,0.6448993764172335,DESCRIPTIVE,42,14,"{""chance_top1_mean"": 0.08035714285714286, ""tied_cells"": 0, ""tied_pair_share"": 0.0, ""tied_share"": 0.0, ""top1_hits"": 1}"
all_grid_tie_free_auc_c:F-5-continuous,all,grid,tie_free,AUC c:F-5-continuous,0.6163832199546484,0.5008489229024943,0.7214866780045351,DESCRIPTIVE,42,14,"{""chance_top1_mean"": 0.08035714285714286, ""tied_cells"": 0, ""tied_pair_share"": 0.0, ""tied_share"": 0.0, ""top1_hits"": 3}"
all_grid_tie_free_auc_c:F-5-micro,all,grid,tie_free,AUC c:F-5-micro,0.6229591836734693,0.5094671201814059,0.7262542517006801,DESCRIPTIVE,42,14,"{""chance_top1_mean"": 0.08035714285714286, ""tied_cells"": 0, ""tied_pair_share"": 0.0, ""tied_share"": 0.0, ""top1_hits"": 3}"
all_grid_tie_free_auc_c:F-5-macro,all,grid,tie_free,AUC c:F-5-macro,0.5099206349206349,0.4182525510204082,0.598015873015873,DESCRIPTIVE,42,14,"{""chance_top1_mean"": 0.08035714285714286, ""tied_cells"": 0, ""tied_pair_share"": 0.0, ""tied_share"": 0.0, ""top1_hits"": 2}"
all_grid_tie_free_auc_c:F-15-continuous,all,grid,tie_free,AUC c:F-15-continuous,0.6371315192743764,0.5248270975056689,0.7403075396825396,DESCRIPTIVE,42,14,"{""chance_top1_mean"": 0.08035714285714286, ""tied_cells"": 0, ""tied_pair_share"": 0.0, ""tied_share"": 0.0, ""top1_hits"": 3}"
all_grid_tie_free_auc_c:F-15-micro,all,grid,tie_free,AUC c:F-15-micro,0.6212585034013606,0.5071428571428571,0.7247165532879818,DESCRIPTIVE,42,14,"{""chance_top1_mean"": 0.08035714285714286, ""tied_cells"": 0, ""tied_pair_share"": 0.0, ""tied_share"": 0.0, ""top1_hits"": 3}"
all_grid_tie_free_auc_c:F-15-macro,all,grid,tie_free,AUC c:F-15-macro,0.6240362811791383,0.5292517006802722,0.7117361111111111,DESCRIPTIVE,42,14,"{""chance_top1_mean"": 0.08035714285714286, ""tied_cells"": 0, ""tied_pair_share"": 0.0, ""tied_share"": 0.0, ""top1_hits"": 2}"
all_grid_tie_free_auc_c:C-F-1,all,grid,tie_free,AUC c:C-F-1,0.4610544217687074,0.4231292517006802,0.49710884353741486,DESCRIPTIVE,42,14,"{""chance_top1_mean"": 0.08035714285714286, ""tied_cells"": 0, ""tied_pair_share"": 0.0, ""tied_share"": 0.0, ""top1_hits"": 0}"
all_grid_tie_free_auc_c:C-F-5,all,grid,tie_free,AUC c:C-F-5,0.6058956916099774,0.5152465986394558,0.689910714285714,DESCRIPTIVE,42,14,"{""chance_top1_mean"": 0.08035714285714286, ""tied_cells"": 0, ""tied_pair_share"": 0.0, ""tied_share"": 0.0, ""top1_hits"": 2}"
all_grid_tie_free_auc_c:C-F-15,all,grid,tie_free,AUC c:C-F-15,0.6069727891156463,0.48945578231292514,0.7138903061224489,DESCRIPTIVE,42,14,"{""chance_top1_mean"": 0.08035714285714286, ""tied_cells"": 0, ""tied_pair_share"": 0.0, ""tied_share"": 0.0, ""top1_hits"": 3}"
all_grid_tie_free_auc_c:J,all,grid,tie_free,AUC c:J,0.5543650793650793,0.4744288548752834,0.6374149659863946,DESCRIPTIVE,42,14,"{""chance_top1_mean"": 0.08035714285714286, ""tied_cells"": 0, ""tied_pair_share"": 0.0, ""tied_share"": 0.0, ""top1_hits"": 4}"
all_grid_tie_free_auc_c:C-J,all,grid,tie_free,AUC c:C-J,0.5668367346938775,0.520124716553288,0.6034013605442176,DESCRIPTIVE,42,14,"{""chance_top1_mean"": 0.08035714285714286, ""tied_cells"": 0, ""tied_pair_share"": 0.0, ""tied_share"": 0.0, ""top1_hits"": 1}"
all_grid_tie_free_auc_b:F-1-continuous,all,grid,tie_free,AUC b:F-1-continuous,0.5518140589569162,0.4994302721088435,0.6034041950113379,DESCRIPTIVE,42,14,"{""chance_top1_mean"": 0.08035714285714286, ""tied_cells"": 0, ""tied_pair_share"": 0.0, ""tied_share"": 0.0, ""top1_hits"": 1}"
all_grid_tie_free_auc_b:F-1-micro,all,grid,tie_free,AUC b:F-1-micro,0.5392290249433108,0.49319727891156456,0.5841298185941043,DESCRIPTIVE,42,14,"{""chance_top1_mean"": 0.08035714285714286, ""tied_cells"": 0, ""tied_pair_share"": 0.0, ""tied_share"": 0.0, ""top1_hits"": 0}"
all_grid_tie_free_auc_b:F-1-macro,all,grid,tie_free,AUC b:F-1-macro,0.5041950113378685,0.40702806122448987,0.6013647959183671,DESCRIPTIVE,42,14,"{""chance_top1_mean"": 0.08035714285714286, ""tied_cells"": 0, ""tied_pair_share"": 0.0, ""tied_share"": 0.0, ""top1_hits"": 0}"
all_grid_tie_free_auc_b:F-5-continuous,all,grid,tie_free,AUC b:F-5-continuous,0.6244331065759637,0.5181391723356009,0.7240362811791383,DESCRIPTIVE,42,14,"{""chance_top1_mean"": 0.08035714285714286, ""tied_cells"": 0, ""tied_pair_share"": 0.0, ""tied_share"": 0.0, ""top1_hits"": 3}"
all_grid_tie_free_auc_b:F-5-micro,all,grid,tie_free,AUC b:F-5-micro,0.6306689342403627,0.528344671201814,0.7267587868480725,DESCRIPTIVE,42,14,"{""chance_top1_mean"": 0.08035714285714286, ""tied_cells"": 0, ""tied_pair_share"": 0.0, ""tied_share"": 0.0, ""top1_hits"": 3}"
all_grid_tie_free_auc_b:F-5-macro,all,grid,tie_free,AUC b:F-5-macro,0.5656462585034013,0.4575354308390023,0.6692743764172336,DESCRIPTIVE,42,14,"{""chance_top1_mean"": 0.08035714285714286, ""tied_cells"": 0, ""tied_pair_share"": 0.0, ""tied_share"": 0.0, ""top1_hits"": 3}"
all_grid_tie_free_auc_b:F-15-continuous,all,grid,tie_free,AUC b:F-15-continuous,0.6393424036281179,0.5282312925170068,0.7413860544217685,DESCRIPTIVE,42,14,"{""chance_top1_mean"": 0.08035714285714286, ""tied_cells"": 0, ""tied_pair_share"": 0.0, ""tied_share"": 0.0, ""top1_hits"": 3}"
all_grid_tie_free_auc_b:F-15-micro,all,grid,tie_free,AUC b:F-15-micro,0.6404195011337868,0.5303840702947846,0.7412698412698413,DESCRIPTIVE,42,14,"{""chance_top1_mean"": 0.08035714285714286, ""tied_cells"": 0, ""tied_pair_share"": 0.0, ""tied_share"": 0.0, ""top1_hits"": 3}"
all_grid_tie_free_auc_b:F-15-macro,all,grid,tie_free,AUC b:F-15-macro,0.6091836734693877,0.5098058390022675,0.6999433106575965,DESCRIPTIVE,42,14,"{""chance_top1_mean"": 0.08035714285714286, ""tied_cells"": 0, ""tied_pair_share"": 0.0, ""tied_share"": 0.0, ""top1_hits"": 3}"
all_grid_tie_free_auc_b:C-F-1,all,grid,tie_free,AUC b:C-F-1,0.48344671201814055,0.4405895691609977,0.5227891156462584,DESCRIPTIVE,42,14,"{""chance_top1_mean"": 0.08035714285714286, ""tied_cells"": 0, ""tied_pair_share"": 0.0, ""tied_share"": 0.0, ""top1_hits"": 0}"
all_grid_tie_free_auc_b:C-F-5,all,grid,tie_free,AUC b:C-F-5,0.6058956916099774,0.5152465986394558,0.689910714285714,DESCRIPTIVE,42,14,"{""chance_top1_mean"": 0.08035714285714286, ""tied_cells"": 0, ""tied_pair_share"": 0.0, ""tied_share"": 0.0, ""top1_hits"": 2}"
all_grid_tie_free_auc_b:C-F-15,all,grid,tie_free,AUC b:C-F-15,0.6118480725623583,0.499033446712018,0.7138350340136053,DESCRIPTIVE,42,14,"{""chance_top1_mean"": 0.08035714285714286, ""tied_cells"": 0, ""tied_pair_share"": 0.0, ""tied_share"": 0.0, ""top1_hits"": 3}"
all_grid_tie_free_auc_b:J,all,grid,tie_free,AUC b:J,0.578968253968254,0.5326530612244899,0.6297066326530611,DESCRIPTIVE,42,14,"{""chance_top1_mean"": 0.08035714285714286, ""tied_cells"": 0, ""tied_pair_share"": 0.0, ""tied_share"": 0.0, ""top1_hits"": 3}"
all_grid_tie_free_auc_b:C-J,all,grid,tie_free,AUC b:C-J,0.5517573696145124,0.49296768707482985,0.6073157596371882,DESCRIPTIVE,42,14,"{""chance_top1_mean"": 0.08035714285714286, ""tied_cells"": 0, ""tied_pair_share"": 0.0, ""tied_share"": 0.0, ""top1_hits"": 2}"
all_grid_tie_free_cost_ceiling_auc,all,grid,tie_free,cost_ceiling_auc,0.7857142857142857,0.6428571428571429,0.9285714285714286,DESCRIPTIVE,42,14,
all_grid_tie_free_endpoint_perception,all,grid,tie_free,endpoint_perception,0.2925170068027211,0.09215986394557822,0.4891241496598639,DESCRIPTIVE,42,14,
all_grid_tie_free_mean_one_step_dynamics,all,grid,tie_free,request-mean one_step_dynamics,-0.09893909944930353,-0.18445274538386786,-0.010511013929381243,DESCRIPTIVE,42,14,
all_grid_tie_free_mean_compounding,all,grid,tie_free,request-mean compounding,0.014755425979915774,-0.11780804583738258,0.1369713718820862,DESCRIPTIVE,42,14,
all_grid_tie_free_mean_anchor_perception,all,grid,tie_free,request-mean anchor_perception,0.00382248137350178,-0.010941346776805963,0.018618905895691595,DESCRIPTIVE,42,14,
all_grid_tie_free_mean_dynamics,all,grid,tie_free,request-mean dynamics,-0.08418367346938771,-0.26846230158730156,0.09619290573372208,DESCRIPTIVE,42,14,
all_grid_tie_free_mean_total,all,grid,tie_free,request-mean total,0.20833333333333334,0.05944484936831878,0.35375040492387433,DESCRIPTIVE,42,14,
all_grid_tie_free_F-1-continuous_one_step_dynamics,all,grid,tie_free,one_step_dynamics [F-1-continuous],-0.10691609977324261,-0.20340419501133794,-0.015136054421768713,DESCRIPTIVE,42,14,
all_grid_tie_free_F-1-continuous_compounding,all,grid,tie_free,compounding [F-1-continuous],0.03412698412698413,-0.1439356575963719,0.19677154195011334,DESCRIPTIVE,42,14,
all_grid_tie_free_F-1-continuous_anchor_perception,all,grid,tie_free,anchor_perception [F-1-continuous],-0.014172335600907028,-0.05215419501133787,0.020634920634920628,DESCRIPTIVE,42,14,
all_grid_tie_free_F-1-continuous_total,all,grid,tie_free,total [F-1-continuous],0.2197278911564626,0.03763888888888889,0.39831065759637174,DESCRIPTIVE,42,14,
all_grid_tie_free_F-1-micro_one_step_dynamics,all,grid,tie_free,one_step_dynamics [F-1-micro],-0.11666666666666665,-0.21843395691609974,-0.021138038548752926,DESCRIPTIVE,42,14,
all_grid_tie_free_F-1-micro_compounding,all,grid,tie_free,compounding [F-1-micro],0.07324263038548752,-0.10295634920634922,0.23151927437641723,DESCRIPTIVE,42,14,
all_grid_tie_free_F-1-micro_anchor_perception,all,grid,tie_free,anchor_perception [F-1-micro],0.00260770975056689,-0.022335600907029483,0.024829931972789116,DESCRIPTIVE,42,14,
all_grid_tie_free_F-1-micro_total,all,grid,tie_free,total [F-1-micro],0.24909297052154192,0.06950113378684808,0.41770691609977295,DESCRIPTIVE,42,14,
all_grid_tie_free_F-1-macro_one_step_dynamics,all,grid,tie_free,one_step_dynamics [F-1-macro],-0.14875283446712015,-0.29819727891156467,-0.006913265306122471,DESCRIPTIVE,42,14,
all_grid_tie_free_F-1-macro_compounding,all,grid,tie_free,compounding [F-1-macro],0.08803854875283444,-0.042518424036281185,0.21292517006802722,DESCRIPTIVE,42,14,
all_grid_tie_free_F-1-macro_anchor_perception,all,grid,tie_free,anchor_perception [F-1-macro],-0.049716553287981864,-0.09121456916099772,-0.0057256235827664505,DESCRIPTIVE,42,14,
all_grid_tie_free_F-1-macro_total,all,grid,tie_free,total [F-1-macro],0.2318027210884354,0.02946712018140592,0.4347519841269841,DESCRIPTIVE,42,14,
all_grid_tie_free_F-5-continuous_one_step_dynamics,all,grid,tie_free,one_step_dynamics [F-5-continuous],-0.11666666666666667,-0.2301643990929705,-0.013265306122448969,DESCRIPTIVE,42,14,
all_grid_tie_free_F-5-continuous_compounding,all,grid,tie_free,compounding [F-5-continuous],-0.006519274376417217,-0.1489257369614512,0.13300028344671194,DESCRIPTIVE,42,14,
all_grid_tie_free_F-5-continuous_anchor_perception,all,grid,tie_free,anchor_perception [F-5-continuous],0.008049886621315195,-0.007086167800453511,0.024376417233560082,DESCRIPTIVE,42,14,
all_grid_tie_free_F-5-continuous_total,all,grid,tie_free,total [F-5-continuous],0.16933106575963722,0.006972789115646282,0.3401955782312925,DESCRIPTIVE,42,14,
all_grid_tie_free_F-5-micro_one_step_dynamics,all,grid,tie_free,one_step_dynamics [F-5-micro],-0.11729024943310658,-0.22387046485260767,-0.01842403628117913,DESCRIPTIVE,42,14,
all_grid_tie_free_F-5-micro_compounding,all,grid,tie_free,compounding [F-5-micro],-0.012471655328798166,-0.16031746031746033,0.13056122448979587,DESCRIPTIVE,42,14,
all_grid_tie_free_F-5-micro_anchor_perception,all,grid,tie_free,anchor_perception [F-5-micro],0.007709750566893425,-0.0051020408163265285,0.02369614512471655,DESCRIPTIVE,42,14,
all_grid_tie_free_F-5-micro_total,all,grid,tie_free,total [F-5-micro],0.16275510204081636,-0.0010770975056689305,0.3329931972789115,DESCRIPTIVE,42,14,
all_grid_tie_free_F-5-macro_one_step_dynamics,all,grid,tie_free,one_step_dynamics [F-5-macro],-0.15130385487528347,-0.2939356575963718,-0.011676587301587318,DESCRIPTIVE,42,14,
all_grid_tie_free_F-5-macro_compounding,all,grid,tie_free,compounding [F-5-macro],0.13458049886621318,0.002267573696145113,0.2571428571428572,DESCRIPTIVE,42,14,
all_grid_tie_free_F-5-macro_anchor_perception,all,grid,tie_free,anchor_perception [F-5-macro],0.05572562358276643,-0.013210034013605446,0.1278344671201814,DESCRIPTIVE,42,14,
all_grid_tie_free_F-5-macro_total,all,grid,tie_free,total [F-5-macro],0.2757936507936508,0.15940901360544218,0.39166950113378685,DESCRIPTIVE,42,14,
all_grid_tie_free_F-15-continuous_one_step_dynamics,all,grid,tie_free,one_step_dynamics [F-15-continuous],-0.11122448979591835,-0.22613662131519277,0.005103458049886618,DESCRIPTIVE,42,14,
all_grid_tie_free_F-15-continuous_compounding,all,grid,tie_free,compounding [F-15-continuous],-0.03270975056689341,-0.18509070294784577,0.10890873015873005,DESCRIPTIVE,42,14,
all_grid_tie_free_F-15-continuous_anchor_perception,all,grid,tie_free,anchor_perception [F-15-continuous],0.002210884353741498,-0.0051020408163265285,0.010884353741496601,DESCRIPTIVE,42,14,
all_grid_tie_free_F-15-continuous_total,all,grid,tie_free,total [F-15-continuous],0.14858276643990928,-0.019615929705215404,0.32358276643990935,DESCRIPTIVE,42,14,
all_grid_tie_free_F-15-micro_one_step_dynamics,all,grid,tie_free,one_step_dynamics [F-15-micro],-0.10328798185941043,-0.21768849206349206,0.010432256235827655,DESCRIPTIVE,42,14,
all_grid_tie_free_F-15-micro_compounding,all,grid,tie_free,compounding [F-15-micro],-0.02477324263038547,-0.18056405895691607,0.12125992063492064,DESCRIPTIVE,42,14,
all_grid_tie_free_F-15-micro_anchor_perception,all,grid,tie_free,anchor_perception [F-15-micro],0.01916099773242631,0.0015873015873015893,0.038095238095238106,DESCRIPTIVE,42,14,
all_grid_tie_free_F-15-micro_total,all,grid,tie_free,total [F-15-micro],0.16445578231292518,0.006629818594104307,0.3328812358276644,DESCRIPTIVE,42,14,
all_grid_tie_free_F-15-macro_one_step_dynamics,all,grid,tie_free,one_step_dynamics [F-15-macro],-0.12074829931972789,-0.2658163265306122,0.020474773242630237,DESCRIPTIVE,42,14,
all_grid_tie_free_F-15-macro_compounding,all,grid,tie_free,compounding [F-15-macro],-0.010090702947845786,-0.1236989795918367,0.11349489795918365,DESCRIPTIVE,42,14,
all_grid_tie_free_F-15-macro_anchor_perception,all,grid,tie_free,anchor_perception [F-15-macro],-0.014852607709750566,-0.06014880952380953,0.0340702947845805,DESCRIPTIVE,42,14,
all_grid_tie_free_F-15-macro_total,all,grid,tie_free,total [F-15-macro],0.16167800453514738,0.017344104308390017,0.30425311791383225,DESCRIPTIVE,42,14,
all_grid_tie_free_C-F-1_one_step_dynamics,all,grid,tie_free,one_step_dynamics [C-F-1],-0.04665532879818594,-0.11394841269841273,0.022678571428571402,DESCRIPTIVE,42,14,
all_grid_tie_free_C-F-1_compounding,all,grid,tie_free,compounding [C-F-1],0.07879818594104308,-0.10878826530612243,0.25685941043083893,DESCRIPTIVE,42,14,
all_grid_tie_free_C-F-1_anchor_perception,all,grid,tie_free,anchor_perception [C-F-1],0.022392290249433105,-0.013833616780045362,0.06156746031746028,DESCRIPTIVE,42,14,
all_grid_tie_free_C-F-1_total,all,grid,tie_free,total [C-F-1],0.3246598639455782,0.19092403628117915,0.45379960317460316,DESCRIPTIVE,42,14,
all_grid_tie_free_C-F-5_one_step_dynamics,all,grid,tie_free,one_step_dynamics [C-F-5],-0.030442176870748284,-0.10504535147392288,0.038208616780045376,DESCRIPTIVE,42,14,
all_grid_tie_free_C-F-5_compounding,all,grid,tie_free,compounding [C-F-5],-0.08225623582766438,-0.25510204081632654,0.08305130385487529,DESCRIPTIVE,42,14,
all_grid_tie_free_C-F-5_anchor_perception,all,grid,tie_free,anchor_perception [C-F-5],0.0,0.0,0.0,DESCRIPTIVE,42,14,
all_grid_tie_free_C-F-5_total,all,grid,tie_free,total [C-F-5],0.17981859410430842,0.027210884353741503,0.3394047619047619,DESCRIPTIVE,42,14,
all_grid_tie_free_C-F-15_one_step_dynamics,all,grid,tie_free,one_step_dynamics [C-F-15],-0.04365079365079362,-0.13707482993197279,0.04818877551020406,DESCRIPTIVE,42,14,
all_grid_tie_free_C-F-15_compounding,all,grid,tie_free,compounding [C-F-15],-0.07012471655328799,-0.24263747165532876,0.09773242630385488,DESCRIPTIVE,42,14,
all_grid_tie_free_C-F-15_anchor_perception,all,grid,tie_free,anchor_perception [C-F-15],0.004875283446712022,-0.006349206349206347,0.0163265306122449,DESCRIPTIVE,42,14,
all_grid_tie_free_C-F-15_total,all,grid,tie_free,total [C-F-15],0.17874149659863944,0.0273200113378685,0.34031037414965976,DESCRIPTIVE,42,14,
all_grid_tie_free_J_one_step_dynamics,all,grid,tie_free,one_step_dynamics [J],-0.12199546485260769,-0.2360544217687075,-0.020408163265306107,DESCRIPTIVE,42,14,
all_grid_tie_free_J_compounding,all,grid,tie_free,compounding [J],0.06082766439909299,-0.12857284580498868,0.2269316893424036,DESCRIPTIVE,42,14,
all_grid_tie_free_J_anchor_perception,all,grid,tie_free,anchor_perception [J],0.024603174603174603,-0.04342403628117914,0.08979733560090704,DESCRIPTIVE,42,14,
all_grid_tie_free_J_total,all,grid,tie_free,total [J],0.23134920634920633,0.06337443310657598,0.3937740929705214,DESCRIPTIVE,42,14,
all_grid_tie_free_C-J_one_step_dynamics,all,grid,tie_free,one_step_dynamics [C-J],-0.04954648526077097,-0.12851473922902495,0.028690476190476117,DESCRIPTIVE,42,14,
all_grid_tie_free_C-J_compounding,all,grid,tie_free,compounding [C-J],-0.024092970521541936,-0.19353883219954643,0.13351190476190467,DESCRIPTIVE,42,14,
all_grid_tie_free_C-J_anchor_perception,all,grid,tie_free,anchor_perception [C-J],-0.015079365079365081,-0.057881235827664405,0.026418650793650772,DESCRIPTIVE,42,14,
all_grid_tie_free_C-J_total,all,grid,tie_free,total [C-J],0.21887755102040818,0.07420493197278907,0.3634396258503401,DESCRIPTIVE,42,14,
all_grid_count_auc_a,all,grid,count,AUC a,0.7105442176870749,0.5258503401360544,0.8843537414965985,DESCRIPTIVE,42,14,"{""chance_top1_mean"": 0.08035714285714286, ""tied_cells"": 3, ""tied_pair_share"": 0.22821576763485477, ""tied_share"": 0.07142857142857142, ""top1_hits"": 24}"
all_grid_count_auc_ap,all,grid,count,AUC ap,0.500170068027211,0.3186904761904762,0.6675170068027211,DESCRIPTIVE,42,14,"{""chance_top1_mean"": 0.08035714285714286, ""tied_cells"": 0, ""tied_pair_share"": 0.0, ""tied_share"": 0.0, ""top1_hits"": 3}"
all_grid_count_auc_d:F-1-continuous,all,grid,count,AUC d:F-1-continuous,0.597562358276644,0.4448965419501133,0.7363378684807256,DESCRIPTIVE,42,14,"{""chance_top1_mean"": 0.08035714285714286, ""tied_cells"": 0, ""tied_pair_share"": 0.0, ""tied_share"": 0.0, ""top1_hits"": 3}"
all_grid_count_auc_d:F-1-micro,all,grid,count,AUC d:F-1-micro,0.6039115646258503,0.45232142857142854,0.7417828798185941,DESCRIPTIVE,42,14,"{""chance_top1_mean"": 0.08035714285714286, ""tied_cells"": 0, ""tied_pair_share"": 0.0, ""tied_share"": 0.0, ""top1_hits"": 3}"
all_grid_count_auc_d:F-1-macro,all,grid,count,AUC d:F-1-macro,0.6069160997732428,0.5069160997732426,0.6988662131519275,DESCRIPTIVE,42,14,"{""chance_top1_mean"": 0.08035714285714286, ""tied_cells"": 0, ""tied_pair_share"": 0.0, ""tied_share"": 0.0, ""top1_hits"": 4}"
all_grid_count_auc_d:F-5-continuous,all,grid,count,AUC d:F-5-continuous,0.6047619047619047,0.4515844671201813,0.7421811224489797,DESCRIPTIVE,42,14,"{""chance_top1_mean"": 0.08035714285714286, ""tied_cells"": 0, ""tied_pair_share"": 0.0, ""tied_share"": 0.0, ""top1_hits"": 4}"
all_grid_count_auc_d:F-5-micro,all,grid,count,AUC d:F-5-micro,0.6071995464852609,0.45549461451247164,0.7431986961451247,DESCRIPTIVE,42,14,"{""chance_top1_mean"": 0.08035714285714286, ""tied_cells"": 0, ""tied_pair_share"": 0.0, ""tied_share"": 0.0, ""top1_hits"": 3}"
all_grid_count_auc_d:F-5-macro,all,grid,count,AUC d:F-5-macro,0.6091269841269842,0.5108843537414965,0.6999461451247166,DESCRIPTIVE,42,14,"{""chance_top1_mean"": 0.08035714285714286, ""tied_cells"": 0, ""tied_pair_share"": 0.0, ""tied_share"": 0.0, ""top1_hits"": 3}"
all_grid_count_auc_d:F-15-continuous,all,grid,count,AUC d:F-15-continuous,0.6029478458049887,0.4642290249433107,0.7346371882086168,DESCRIPTIVE,42,14,"{""chance_top1_mean"": 0.08035714285714286, ""tied_cells"": 0, ""tied_pair_share"": 0.0, ""tied_share"": 0.0, ""top1_hits"": 3}"
all_grid_count_auc_d:F-15-micro,all,grid,count,AUC d:F-15-micro,0.6022108843537416,0.464452947845805,0.7334467120181406,DESCRIPTIVE,42,14,"{""chance_top1_mean"": 0.08035714285714286, ""tied_cells"": 0, ""tied_pair_share"": 0.0, ""tied_share"": 0.0, ""top1_hits"": 3}"
all_grid_count_auc_d:F-15-macro,all,grid,count,AUC d:F-15-macro,0.5939342403628117,0.5048185941043084,0.6796485260770976,DESCRIPTIVE,42,14,"{""chance_top1_mean"": 0.08035714285714286, ""tied_cells"": 0, ""tied_pair_share"": 0.0, ""tied_share"": 0.0, ""top1_hits"": 2}"
all_grid_count_auc_d:C-F-1,all,grid,count,AUC d:C-F-1,0.543140589569161,0.36949263038548746,0.7043707482993196,DESCRIPTIVE,42,14,"{""chance_top1_mean"": 0.08035714285714286, ""tied_cells"": 0, ""tied_pair_share"": 0.0, ""tied_share"": 0.0, ""top1_hits"": 6}"
all_grid_count_auc_d:C-F-5,all,grid,count,AUC d:C-F-5,0.5227891156462585,0.3371301020408163,0.6951247165532879,DESCRIPTIVE,42,14,"{""chance_top1_mean"": 0.08035714285714286, ""tied_cells"": 0, ""tied_pair_share"": 0.0, ""tied_share"": 0.0, ""top1_hits"": 6}"
all_grid_count_auc_d:C-F-15,all,grid,count,AUC d:C-F-15,0.5375850340136054,0.3569160997732426,0.7101488095238094,DESCRIPTIVE,42,14,"{""chance_top1_mean"": 0.08035714285714286, ""tied_cells"": 0, ""tied_pair_share"": 0.0, ""tied_share"": 0.0, ""top1_hits"": 6}"
all_grid_count_auc_d:J,all,grid,count,AUC d:J,0.6078798185941042,0.46195436507936505,0.7379294217687073,DESCRIPTIVE,42,14,"{""chance_top1_mean"": 0.08035714285714286, ""tied_cells"": 0, ""tied_pair_share"": 0.0, ""tied_share"": 0.0, ""top1_hits"": 3}"
all_grid_count_auc_d:C-J,all,grid,count,AUC d:C-J,0.5476190476190477,0.37363945578231295,0.7096995464852608,DESCRIPTIVE,42,14,"{""chance_top1_mean"": 0.08035714285714286, ""tied_cells"": 0, ""tied_pair_share"": 0.0, ""tied_share"": 0.0, ""top1_hits"": 6}"
all_grid_count_auc_c:F-1-continuous,all,grid,count,AUC c:F-1-continuous,0.5104308390022675,0.4826530612244898,0.5355442176870747,DESCRIPTIVE,42,14,"{""chance_top1_mean"": 0.08035714285714286, ""tied_cells"": 32, ""tied_pair_share"": 0.9128630705394191, ""tied_share"": 0.7619047619047619, ""top1_hits"": 0}"
all_grid_count_auc_c:F-1-micro,all,grid,count,AUC c:F-1-micro,0.49319727891156456,0.46388747165532884,0.5198412698412698,DESCRIPTIVE,42,14,"{""chance_top1_mean"": 0.08035714285714286, ""tied_cells"": 34, ""tied_pair_share"": 0.8810511756569848, ""tied_share"": 0.8095238095238095, ""top1_hits"": 0}"
all_grid_count_auc_c:F-1-macro,all,grid,count,AUC c:F-1-macro,0.5125566893424037,0.46746031746031746,0.5626140873015872,DESCRIPTIVE,42,14,"{""chance_top1_mean"": 0.08035714285714286, ""tied_cells"": 24, ""tied_pair_share"": 0.7441217150760719, ""tied_share"": 0.5714285714285714, ""top1_hits"": 1}"
all_grid_count_auc_c:F-5-continuous,all,grid,count,AUC c:F-5-continuous,0.4145124716553288,0.3367290249433106,0.4795918367346938,DESCRIPTIVE,42,14,"{""chance_top1_mean"": 0.08035714285714286, ""tied_cells"": 0, ""tied_pair_share"": 0.0, ""tied_share"": 0.0, ""top1_hits"": 0}"
all_grid_count_auc_c:F-5-micro,all,grid,count,AUC c:F-5-micro,0.42528344671201807,0.3683106575963718,0.4840136054421769,DESCRIPTIVE,42,14,"{""chance_top1_mean"": 0.08035714285714286, ""tied_cells"": 0, ""tied_pair_share"": 0.016597510373443983, ""tied_share"": 0.0, ""top1_hits"": 0}"
all_grid_count_auc_c:F-5-macro,all,grid,count,AUC c:F-5-macro,0.4006235827664399,0.34750566893424034,0.4611692176870748,DESCRIPTIVE,42,14,"{""chance_top1_mean"": 0.08035714285714286, ""tied_cells"": 5, ""tied_pair_share"": 0.1715076071922545, ""tied_share"": 0.11904761904761904, ""top1_hits"": 0}"
all_grid_count_auc_c:F-15-continuous,all,grid,count,AUC c:F-15-continuous,0.49178004535147396,0.4107709750566894,0.5836167800453514,DESCRIPTIVE,42,14,"{""chance_top1_mean"": 0.08035714285714286, ""tied_cells"": 0, ""tied_pair_share"": 0.0, ""tied_share"": 0.0, ""top1_hits"": 1}"
all_grid_count_auc_c:F-15-micro,all,grid,count,AUC c:F-15-micro,0.47908163265306125,0.3950666099773243,0.5783475056689341,DESCRIPTIVE,42,14,"{""chance_top1_mean"": 0.08035714285714286, ""tied_cells"": 0, ""tied_pair_share"": 0.0, ""tied_share"": 0.0, ""top1_hits"": 2}"
all_grid_count_auc_c:F-15-macro,all,grid,count,AUC c:F-15-macro,0.4912131519274376,0.45453514739229023,0.526078514739229,DESCRIPTIVE,42,14,"{""chance_top1_mean"": 0.08035714285714286, ""tied_cells"": 0, ""tied_pair_share"": 0.0, ""tied_share"": 0.0, ""top1_hits"": 2}"
all_grid_count_auc_c:C-F-1,all,grid,count,AUC c:C-F-1,0.4678287981859411,0.44725056689342413,0.4865646258503401,DESCRIPTIVE,42,14,"{""chance_top1_mean"": 0.08035714285714286, ""tied_cells"": 26, ""tied_pair_share"": 0.8132780082987552, ""tied_share"": 0.6190476190476191, ""top1_hits"": 0}"
all_grid_count_auc_c:C-F-5,all,grid,count,AUC c:C-F-5,0.48560090702947845,0.4323100907029478,0.5325396825396824,DESCRIPTIVE,42,14,"{""chance_top1_mean"": 0.08035714285714286, ""tied_cells"": 0, ""tied_pair_share"": 0.0, ""tied_share"": 0.0, ""top1_hits"": 2}"
all_grid_count_auc_c:C-F-15,all,grid,count,AUC c:C-F-15,0.5056689342403629,0.4303854875283447,0.5863959750566894,DESCRIPTIVE,42,14,"{""chance_top1_mean"": 0.08035714285714286, ""tied_cells"": 0, ""tied_pair_share"": 0.0, ""tied_share"": 0.0, ""top1_hits"": 0}"
all_grid_count_auc_c:J,all,grid,count,AUC c:J,0.47060657596371885,0.41581632653061223,0.525595238095238,DESCRIPTIVE,42,14,"{""chance_top1_mean"": 0.08035714285714286, ""tied_cells"": 14, ""tied_pair_share"": 0.5449515905947441, ""tied_share"": 0.3333333333333333, ""top1_hits"": 0}"
all_grid_count_auc_c:C-J,all,grid,count,AUC c:C-J,0.5219954648526077,0.4741468253968253,0.5663265306122448,DESCRIPTIVE,42,14,"{""chance_top1_mean"": 0.08035714285714286, ""tied_cells"": 19, ""tied_pair_share"": 0.5975103734439834, ""tied_share"": 0.4523809523809524, ""top1_hits"": 1}"
all_grid_count_auc_b:F-1-continuous,all,grid,count,AUC b:F-1-continuous,0.4895408163265306,0.4652210884353742,0.5114803004535147,DESCRIPTIVE,42,14,"{""chance_top1_mean"": 0.08035714285714286, ""tied_cells"": 29, ""tied_pair_share"": 0.9017980636237898, ""tied_share"": 0.6904761904761905, ""top1_hits"": 0}"
all_grid_count_auc_b:F-1-micro,all,grid,count,AUC b:F-1-micro,0.5195578231292517,0.4973356009070295,0.5459764739229025,DESCRIPTIVE,42,14,"{""chance_top1_mean"": 0.08035714285714286, ""tied_cells"": 33, ""tied_pair_share"": 0.9059474412171508, ""tied_share"": 0.7857142857142857, ""top1_hits"": 0}"
all_grid_count_auc_b:F-1-macro,all,grid,count,AUC b:F-1-macro,0.5030045351473923,0.48441043083900226,0.5293650793650794,DESCRIPTIVE,42,14,"{""chance_top1_mean"": 0.08035714285714286, ""tied_cells"": 36, ""tied_pair_share"": 0.9405255878284924, ""tied_share"": 0.8571428571428571, ""top1_hits"": 0}"
all_grid_count_auc_b:F-5-continuous,all,grid,count,AUC b:F-5-continuous,0.5763038548752835,0.5041950113378684,0.6512528344671201,DESCRIPTIVE,42,14,"{""chance_top1_mean"": 0.08035714285714286, ""tied_cells"": 0, ""tied_pair_share"": 0.0, ""tied_share"": 0.0, ""top1_hits"": 1}"
all_grid_count_auc_b:F-5-micro,all,grid,count,AUC b:F-5-micro,0.5660430839002267,0.5203500566893423,0.6185388321995463,DESCRIPTIVE,42,14,"{""chance_top1_mean"": 0.08035714285714286, ""tied_cells"": 0, ""tied_pair_share"": 0.0, ""tied_share"": 0.0, ""top1_hits"": 1}"
all_grid_count_auc_b:F-5-macro,all,grid,count,AUC b:F-5-macro,0.5276643990929705,0.4845238095238096,0.568142006802721,DESCRIPTIVE,42,14,"{""chance_top1_mean"": 0.08035714285714286, ""tied_cells"": 6, ""tied_pair_share"": 0.20055325034578148, ""tied_share"": 0.14285714285714285, ""top1_hits"": 1}"
all_grid_count_auc_b:F-15-continuous,all,grid,count,AUC b:F-15-continuous,0.6372448979591836,0.5270379818594105,0.7384920634920633,DESCRIPTIVE,42,14,"{""chance_top1_mean"": 0.08035714285714286, ""tied_cells"": 0, ""tied_pair_share"": 0.0, ""tied_share"": 0.0, ""top1_hits"": 3}"
all_grid_count_auc_b:F-15-micro,all,grid,count,AUC b:F-15-micro,0.6340702947845804,0.5264668367346939,0.7321428571428571,DESCRIPTIVE,42,14,"{""chance_top1_mean"": 0.08035714285714286, ""tied_cells"": 0, ""tied_pair_share"": 0.0, ""tied_share"": 0.0, ""top1_hits"": 3}"
all_grid_count_auc_b:F-15-macro,all,grid,count,AUC b:F-15-macro,0.6105442176870748,0.512125850340136,0.7006278344671202,DESCRIPTIVE,42,14,"{""chance_top1_mean"": 0.08035714285714286, ""tied_cells"": 0, ""tied_pair_share"": 0.0, ""tied_share"": 0.0, ""top1_hits"": 3}"
all_grid_count_auc_b:C-F-1,all,grid,count,AUC b:C-F-1,0.45359977324263034,0.41003330498866214,0.4899659863945578,DESCRIPTIVE,42,14,"{""chance_top1_mean"": 0.08035714285714286, ""tied_cells"": 23, ""tied_pair_share"": 0.6639004149377593, ""tied_share"": 0.5476190476190477, ""top1_hits"": 0}"
all_grid_count_auc_b:C-F-5,all,grid,count,AUC b:C-F-5,0.4777210884353741,0.44126842403628114,0.5125283446712017,DESCRIPTIVE,42,14,"{""chance_top1_mean"": 0.08035714285714286, ""tied_cells"": 0, ""tied_pair_share"": 0.0, ""tied_share"": 0.0, ""top1_hits"": 1}"
all_grid_count_auc_b:C-F-15,all,grid,count,AUC b:C-F-15,0.6118480725623583,0.499033446712018,0.7138350340136053,DESCRIPTIVE,42,14,"{""chance_top1_mean"": 0.08035714285714286, ""tied_cells"": 0, ""tied_pair_share"": 0.0, ""tied_share"": 0.0, ""top1_hits"": 3}"
all_grid_count_auc_b:J,all,grid,count,AUC b:J,0.5246315192743763,0.4750566893424036,0.5718827947845806,DESCRIPTIVE,42,14,"{""chance_top1_mean"": 0.08035714285714286, ""tied_cells"": 19, ""tied_pair_share"": 0.5822959889349931, ""tied_share"": 0.4523809523809524, ""top1_hits"": 3}"
all_grid_count_auc_b:C-J,all,grid,count,AUC b:C-J,0.5187358276643992,0.4806675170068028,0.5570585317460317,DESCRIPTIVE,42,14,"{""chance_top1_mean"": 0.08035714285714286, ""tied_cells"": 23, ""tied_pair_share"": 0.5961272475795297, ""tied_share"": 0.5476190476190477, ""top1_hits"": 1}"
all_grid_count_cost_ceiling_auc,all,grid,count,cost_ceiling_auc,0.7105442176870749,0.5258503401360544,0.8843537414965985,DESCRIPTIVE,42,14,
all_grid_count_endpoint_perception,all,grid,count,endpoint_perception,0.21037414965986395,0.0030527210884353554,0.4241666666666664,DESCRIPTIVE,42,14,
all_grid_count_mean_one_step_dynamics,all,grid,count,request-mean one_step_dynamics,-0.08465743440233234,-0.16936902737285395,-0.00012481778425655753,DESCRIPTIVE,42,14,
all_grid_count_mean_compounding,all,grid,count,request-mean compounding,0.10837180110139293,-0.038208718011013915,0.2409384110787172,DESCRIPTIVE,42,14,
all_grid_count_mean_anchor_perception,all,grid,count,request-mean anchor_perception,0.07000931324910917,0.018483307013281488,0.12012066731454486,DESCRIPTIVE,42,14,
all_grid_count_mean_dynamics,all,grid,count,request-mean dynamics,0.023714366699060623,-0.16686153628117908,0.1999237730806608,DESCRIPTIVE,42,14,
all_grid_count_mean_total,all,grid,count,request-mean total,0.23408851635892453,0.045754069484936856,0.4141919237933268,DESCRIPTIVE,42,14,
all_grid_count_F-1-continuous_one_step_dynamics,all,grid,count,one_step_dynamics [F-1-continuous],-0.09739229024943308,-0.19002267573696144,-0.012468820861678042,DESCRIPTIVE,42,14,
all_grid_count_F-1-continuous_compounding,all,grid,count,compounding [F-1-continuous],0.08713151927437643,-0.06712018140589567,0.22562641723356003,DESCRIPTIVE,42,14,
all_grid_count_F-1-continuous_anchor_perception,all,grid,count,anchor_perception [F-1-continuous],-0.020890022675736957,-0.045012755102040815,0.0025800736961451185,DESCRIPTIVE,42,14,
all_grid_count_F-1-continuous_total,all,grid,count,total [F-1-continuous],0.20011337868480725,0.02017431972789115,0.37318735827664395,DESCRIPTIVE,42,14,
all_grid_count_F-1-micro_one_step_dynamics,all,grid,count,one_step_dynamics [F-1-micro],-0.10374149659863945,-0.19705498866213153,-0.0179081632653062,DESCRIPTIVE,42,14,
all_grid_count_F-1-micro_compounding,all,grid,count,compounding [F-1-micro],0.1107142857142857,-0.03866213151927437,0.2422363945578231,DESCRIPTIVE,42,14,
all_grid_count_F-1-micro_anchor_perception,all,grid,count,anchor_perception [F-1-micro],0.026360544217687073,-0.014965986394557826,0.07500141723356005,DESCRIPTIVE,42,14,
all_grid_count_F-1-micro_total,all,grid,count,total [F-1-micro],0.2173469387755102,0.0359396258503401,0.38906320861678007,DESCRIPTIVE,42,14,
all_grid_count_F-1-macro_one_step_dynamics,all,grid,count,one_step_dynamics [F-1-macro],-0.10674603174603173,-0.2664484126984127,0.04319869614512471,DESCRIPTIVE,42,14,
all_grid_count_F-1-macro_compounding,all,grid,count,compounding [F-1-macro],0.09435941043083898,-0.028883928571428564,0.20553004535147387,DESCRIPTIVE,42,14,
all_grid_count_F-1-macro_anchor_perception,all,grid,count,anchor_perception [F-1-macro],-0.009552154195011337,-0.05983560090702946,0.03696145124716553,DESCRIPTIVE,42,14,
all_grid_count_F-1-macro_total,all,grid,count,total [F-1-macro],0.19798752834467118,-0.0018721655328798263,0.39148880385487506,DESCRIPTIVE,42,14,
all_grid_count_F-5-continuous_one_step_dynamics,all,grid,count,one_step_dynamics [F-5-continuous],-0.10459183673469388,-0.21089285714285716,-0.011111111111111112,DESCRIPTIVE,42,14,
all_grid_count_F-5-continuous_compounding,all,grid,count,compounding [F-5-continuous],0.19024943310657597,0.014902210884353758,0.3689370748299319,DESCRIPTIVE,42,14,
all_grid_count_F-5-continuous_anchor_perception,all,grid,count,anchor_perception [F-5-continuous],0.16179138321995465,0.06292233560090701,0.2640617913832199,DESCRIPTIVE,42,14,
all_grid_count_F-5-continuous_total,all,grid,count,total [F-5-continuous],0.29603174603174603,0.08513605442176868,0.506473922902494,DESCRIPTIVE,42,14,
all_grid_count_F-5-micro_one_step_dynamics,all,grid,count,one_step_dynamics [F-5-micro],-0.10702947845804987,-0.2126984126984127,-0.014053287981859484,DESCRIPTIVE,42,14,
all_grid_count_F-5-micro_compounding,all,grid,count,compounding [F-5-micro],0.18191609977324258,0.004081632653061206,0.3477465986394556,DESCRIPTIVE,42,14,
all_grid_count_F-5-micro_anchor_perception,all,grid,count,anchor_perception [F-5-micro],0.1407596371882086,0.06008786848072563,0.21167942176870747,DESCRIPTIVE,42,14,
all_grid_count_F-5-micro_total,all,grid,count,total [F-5-micro],0.2852607709750567,0.10759637188208615,0.46099914965986394,DESCRIPTIVE,42,14,
all_grid_count_F-5-macro_one_step_dynamics,all,grid,count,one_step_dynamics [F-5-macro],-0.10895691609977323,-0.25986536281179134,0.031577380952380954,DESCRIPTIVE,42,14,
all_grid_count_F-5-macro_compounding,all,grid,count,compounding [F-5-macro],0.20850340136054424,0.058445294784580513,0.33730158730158727,DESCRIPTIVE,42,14,
all_grid_count_F-5-macro_anchor_perception,all,grid,count,anchor_perception [F-5-macro],0.1270408163265306,0.06808106575963717,0.1827097505668934,DESCRIPTIVE,42,14,
all_grid_count_F-5-macro_total,all,grid,count,total [F-5-macro],0.3099206349206349,0.14624716553287984,0.46588860544217664,DESCRIPTIVE,42,14,
all_grid_count_F-15-continuous_one_step_dynamics,all,grid,count,one_step_dynamics [F-15-continuous],-0.10277777777777775,-0.21417517006802722,0.010035430839002263,DESCRIPTIVE,42,14,
all_grid_count_F-15-continuous_compounding,all,grid,count,compounding [F-15-continuous],0.11116780045351472,-0.07455215419501135,0.29172760770975054,DESCRIPTIVE,42,14,
all_grid_count_F-15-continuous_anchor_perception,all,grid,count,anchor_perception [F-15-continuous],0.14546485260770975,-0.04858418367346942,0.31769132653061216,DESCRIPTIVE,42,14,
all_grid_count_F-15-continuous_total,all,grid,count,total [F-15-continuous],0.21876417233560091,-0.012077664399092962,0.43855017006802716,DESCRIPTIVE,42,14,
all_grid_count_F-15-micro_one_step_dynamics,all,grid,count,one_step_dynamics [F-15-micro],-0.1020408163265306,-0.21383219954648522,0.010204081632653067,DESCRIPTIVE,42,14,
all_grid_count_F-15-micro_compounding,all,grid,count,compounding [F-15-micro],0.12312925170068027,-0.0653670634920635,0.3043721655328797,DESCRIPTIVE,42,14,
all_grid_count_F-15-micro_anchor_perception,all,grid,count,anchor_perception [F-15-micro],0.15498866213151927,-0.04344246031746034,0.32755527210884344,DESCRIPTIVE,42,14,
all_grid_count_F-15-micro_total,all,grid,count,total [F-15-micro],0.23146258503401365,-0.00011621315192742246,0.45198979591836735,DESCRIPTIVE,42,14,
all_grid_count_F-15-macro_one_step_dynamics,all,grid,count,one_step_dynamics [F-15-macro],-0.09376417233560089,-0.23820861678004532,0.04331632653061219,DESCRIPTIVE,42,14,
all_grid_count_F-15-macro_compounding,all,grid,count,compounding [F-15-macro],0.10272108843537417,0.011901927437641747,0.1937131519274376,DESCRIPTIVE,42,14,
all_grid_count_F-15-macro_anchor_perception,all,grid,count,anchor_perception [F-15-macro],0.11933106575963719,0.0060090702947845865,0.22897108843537411,DESCRIPTIVE,42,14,
all_grid_count_F-15-macro_total,all,grid,count,total [F-15-macro],0.2193310657596372,0.03582482993197277,0.3977905328798185,DESCRIPTIVE,42,14,
all_grid_count_C-F-1_one_step_dynamics,all,grid,count,one_step_dynamics [C-F-1],-0.0429705215419501,-0.10850623582766442,0.02199971655328793,DESCRIPTIVE,42,14,
all_grid_count_C-F-1_compounding,all,grid,count,compounding [C-F-1],0.07531179138321994,-0.09467403628117915,0.23299390589569155,DESCRIPTIVE,42,14,
all_grid_count_C-F-1_anchor_perception,all,grid,count,anchor_perception [C-F-1],-0.014229024943310659,-0.06896329365079366,0.035238095238095166,DESCRIPTIVE,42,14,
all_grid_count_C-F-1_total,all,grid,count,total [C-F-1],0.2427154195011338,0.061336451247165504,0.4159956065759636,DESCRIPTIVE,42,14,
all_grid_count_C-F-5_one_step_dynamics,all,grid,count,one_step_dynamics [C-F-5],-0.02261904761904761,-0.09280187074829932,0.04195011337868483,DESCRIPTIVE,42,14,
all_grid_count_C-F-5_compounding,all,grid,count,compounding [C-F-5],0.03718820861678006,-0.15465277777777778,0.222906746031746,DESCRIPTIVE,42,14,
all_grid_count_C-F-5_anchor_perception,all,grid,count,anchor_perception [C-F-5],-0.007879818594104304,-0.0604889455782313,0.04954648526077098,DESCRIPTIVE,42,14,
all_grid_count_C-F-5_total,all,grid,count,total [C-F-5],0.22494331065759637,0.015306122448979628,0.42653061224489797,DESCRIPTIVE,42,14,
all_grid_count_C-F-15_one_step_dynamics,all,grid,count,one_step_dynamics [C-F-15],-0.03741496598639454,-0.13004535147392288,0.05459608843537412,DESCRIPTIVE,42,14,
all_grid_count_C-F-15_compounding,all,grid,count,compounding [C-F-15],0.03191609977324265,-0.19569444444444442,0.2525595238095237,DESCRIPTIVE,42,14,
all_grid_count_C-F-15_anchor_perception,all,grid,count,anchor_perception [C-F-15],0.10617913832199544,-0.06140022675736963,0.26842687074829924,DESCRIPTIVE,42,14,
all_grid_count_C-F-15_total,all,grid,count,total [C-F-15],0.20487528344671202,-0.015535714285714297,0.41605300453514726,DESCRIPTIVE,42,14,
all_grid_count_J_one_step_dynamics,all,grid,count,one_step_dynamics [J],-0.10770975056689343,-0.2213151927437642,-0.01309523809523811,DESCRIPTIVE,42,14,
all_grid_count_J_compounding,all,grid,count,compounding [J],0.13727324263038554,-0.00972222222222223,0.2660997732426304,DESCRIPTIVE,42,14,
all_grid_count_J_anchor_perception,all,grid,count,anchor_perception [J],0.054024943310657596,0.005554846938775525,0.0994628684807256,DESCRIPTIVE,42,14,
all_grid_count_J_total,all,grid,count,total [J],0.23993764172335602,0.06757086167800451,0.40056760204081626,DESCRIPTIVE,42,14,
all_grid_count_C-J_one_step_dynamics,all,grid,count,one_step_dynamics [C-J],-0.04744897959183673,-0.12165532879818593,0.02545493197278911,DESCRIPTIVE,42,14,
all_grid_count_C-J_compounding,all,grid,count,compounding [C-J],0.025623582766439917,-0.15233985260770974,0.1877565192743764,DESCRIPTIVE,42,14,
all_grid_count_C-J_anchor_perception,all,grid,count,anchor_perception [C-J],-0.0032596371882086077,-0.07092049319727892,0.0625283446712018,DESCRIPTIVE,42,14,
all_grid_count_C-J_total,all,grid,count,total [C-J],0.18854875283446712,0.020975056689342405,0.344563492063492,DESCRIPTIVE,42,14,
all_offset_tie_free_auc_a,all,offset,tie_free,AUC a,0.6666666666666666,0.5555555555555556,0.8333333333333334,DESCRIPTIVE,27,9,"{""chance_top1_mean"": 0.10303030303030301, ""tied_cells"": 18, ""tied_pair_share"": 0.6428571428571429, ""tied_share"": 0.6666666666666666, ""top1_hits"": 9}"
all_offset_tie_free_auc_ap,all,offset,tie_free,AUC ap,0.41666666666666663,0.3222222222222222,0.5166666666666666,DESCRIPTIVE,27,9,"{""chance_top1_mean"": 0.10303030303030301, ""tied_cells"": 0, ""tied_pair_share"": 0.0, ""tied_share"": 0.0, ""top1_hits"": 0}"
all_offset_tie_free_auc_d:F-1-continuous,all,offset,tie_free,AUC d:F-1-continuous,0.37777777777777777,0.2740740740740741,0.48148148148148157,DESCRIPTIVE,27,9,"{""chance_top1_mean"": 0.10303030303030301, ""tied_cells"": 0, ""tied_pair_share"": 0.0, ""tied_share"": 0.0, ""top1_hits"": 1}"
all_offset_tie_free_auc_d:F-1-micro,all,offset,tie_free,AUC d:F-1-micro,0.3703703703703704,0.27777777777777773,0.462962962962963,DESCRIPTIVE,27,9,"{""chance_top1_mean"": 0.10303030303030301, ""tied_cells"": 0, ""tied_pair_share"": 0.0, ""tied_share"": 0.0, ""top1_hits"": 1}"
all_offset_tie_free_auc_d:F-1-macro,all,offset,tie_free,AUC d:F-1-macro,0.45000000000000007,0.3574074074074074,0.562962962962963,DESCRIPTIVE,27,9,"{""chance_top1_mean"": 0.10303030303030301, ""tied_cells"": 0, ""tied_pair_share"": 0.0, ""tied_share"": 0.0, ""top1_hits"": 3}"
all_offset_tie_free_auc_d:F-5-continuous,all,offset,tie_free,AUC d:F-5-continuous,0.5814814814814816,0.4073148148148148,0.7444444444444446,DESCRIPTIVE,27,9,"{""chance_top1_mean"": 0.10303030303030301, ""tied_cells"": 0, ""tied_pair_share"": 0.0, ""tied_share"": 0.0, ""top1_hits"": 5}"
all_offset_tie_free_auc_d:F-5-micro,all,offset,tie_free,AUC d:F-5-micro,0.5740740740740741,0.4,0.737037037037037,DESCRIPTIVE,27,9,"{""chance_top1_mean"": 0.10303030303030301, ""tied_cells"": 0, ""tied_pair_share"": 0.0, ""tied_share"": 0.0, ""top1_hits"": 5}"
all_offset_tie_free_auc_d:F-5-macro,all,offset,tie_free,AUC d:F-5-macro,0.5611111111111111,0.4222222222222222,0.6870370370370371,DESCRIPTIVE,27,9,"{""chance_top1_mean"": 0.10303030303030301, ""tied_cells"": 0, ""tied_pair_share"": 0.0, ""tied_share"": 0.0, ""top1_hits"": 5}"
all_offset_tie_free_auc_d:F-15-continuous,all,offset,tie_free,AUC d:F-15-continuous,0.5,0.29259259259259257,0.7111111111111111,DESCRIPTIVE,27,9,"{""chance_top1_mean"": 0.10303030303030301, ""tied_cells"": 0, ""tied_pair_share"": 0.0, ""tied_share"": 0.0, ""top1_hits"": 3}"
all_offset_tie_free_auc_d:F-15-micro,all,offset,tie_free,AUC d:F-15-micro,0.5111111111111112,0.29629629629629634,0.7223148148148135,DESCRIPTIVE,27,9,"{""chance_top1_mean"": 0.10303030303030301, ""tied_cells"": 0, ""tied_pair_share"": 0.0, ""tied_share"": 0.0, ""top1_hits"": 3}"
all_offset_tie_free_auc_d:F-15-macro,all,offset,tie_free,AUC d:F-15-macro,0.5425925925925926,0.42037037037037034,0.6777777777777778,DESCRIPTIVE,27,9,"{""chance_top1_mean"": 0.10303030303030301, ""tied_cells"": 0, ""tied_pair_share"": 0.0, ""tied_share"": 0.0, ""top1_hits"": 3}"
all_offset_tie_free_auc_d:C-F-1,all,offset,tie_free,AUC d:C-F-1,0.4037037037037037,0.2777777777777778,0.5074074074074074,DESCRIPTIVE,27,9,"{""chance_top1_mean"": 0.10303030303030301, ""tied_cells"": 0, ""tied_pair_share"": 0.0, ""tied_share"": 0.0, ""top1_hits"": 0}"
all_offset_tie_free_auc_d:C-F-5,all,offset,tie_free,AUC d:C-F-5,0.48148148148148145,0.3222222222222222,0.6296296296296297,DESCRIPTIVE,27,9,"{""chance_top1_mean"": 0.10303030303030301, ""tied_cells"": 0, ""tied_pair_share"": 0.0, ""tied_share"": 0.0, ""top1_hits"": 2}"
all_offset_tie_free_auc_d:C-F-15,all,offset,tie_free,AUC d:C-F-15,0.4407407407407407,0.26296296296296295,0.6185185185185185,DESCRIPTIVE,27,9,"{""chance_top1_mean"": 0.10303030303030301, ""tied_cells"": 0, ""tied_pair_share"": 0.0, ""tied_share"": 0.0, ""top1_hits"": 1}"
all_offset_tie_free_auc_d:J,all,offset,tie_free,AUC d:J,0.36296296296296293,0.24814814814814812,0.48148148148148145,DESCRIPTIVE,27,9,"{""chance_top1_mean"": 0.10303030303030301, ""tied_cells"": 0, ""tied_pair_share"": 0.0, ""tied_share"": 0.0, ""top1_hits"": 1}"
all_offset_tie_free_auc_d:C-J,all,offset,tie_free,AUC d:C-J,0.4351851851851851,0.3222222222222222,0.5148148148148147,DESCRIPTIVE,27,9,"{""chance_top1_mean"": 0.10303030303030301, ""tied_cells"": 0, ""tied_pair_share"": 0.0, ""tied_share"": 0.0, ""top1_hits"": 0}"
all_offset_tie_free_auc_c:F-1-continuous,all,offset,tie_free,AUC c:F-1-continuous,0.4740740740740741,0.4407407407407407,0.5037037037037037,DESCRIPTIVE,27,9,"{""chance_top1_mean"": 0.10303030303030301, ""tied_cells"": 0, ""tied_pair_share"": 0.0, ""tied_share"": 0.0, ""top1_hits"": 0}"
all_offset_tie_free_auc_c:F-1-micro,all,offset,tie_free,AUC c:F-1-micro,0.4703703703703704,0.4407407407407407,0.5,DESCRIPTIVE,27,9,"{""chance_top1_mean"": 0.10303030303030301, ""tied_cells"": 0, ""tied_pair_share"": 0.0, ""tied_share"": 0.0, ""top1_hits"": 0}"
all_offset_tie_free_auc_c:F-1-macro,all,offset,tie_free,AUC c:F-1-macro,0.3222222222222222,0.24814814814814815,0.3925925925925926,DESCRIPTIVE,27,9,"{""chance_top1_mean"": 0.10303030303030301, ""tied_cells"": 0, ""tied_pair_share"": 0.0, ""tied_share"": 0.0, ""top1_hits"": 0}"
all_offset_tie_free_auc_c:F-5-continuous,all,offset,tie_free,AUC c:F-5-continuous,0.5203703703703703,0.3888888888888889,0.65,DESCRIPTIVE,27,9,"{""chance_top1_mean"": 0.10303030303030301, ""tied_cells"": 0, ""tied_pair_share"": 0.0, ""tied_share"": 0.0, ""top1_hits"": 2}"
all_offset_tie_free_auc_c:F-5-micro,all,offset,tie_free,AUC c:F-5-micro,0.5092592592592592,0.3833333333333333,0.6388888888888888,DESCRIPTIVE,27,9,"{""chance_top1_mean"": 0.10303030303030301, ""tied_cells"": 0, ""tied_pair_share"": 0.0, ""tied_share"": 0.0, ""top1_hits"": 2}"
all_offset_tie_free_auc_c:F-5-macro,all,offset,tie_free,AUC c:F-5-macro,0.6111111111111112,0.5037037037037037,0.711111111111111,DESCRIPTIVE,27,9,"{""chance_top1_mean"": 0.10303030303030301, ""tied_cells"": 0, ""tied_pair_share"": 0.0, ""tied_share"": 0.0, ""top1_hits"": 6}"
all_offset_tie_free_auc_c:F-15-continuous,all,offset,tie_free,AUC c:F-15-continuous,0.4333333333333333,0.32962962962962966,0.537037037037037,DESCRIPTIVE,27,9,"{""chance_top1_mean"": 0.10303030303030301, ""tied_cells"": 0, ""tied_pair_share"": 0.0, ""tied_share"": 0.0, ""top1_hits"": 0}"
all_offset_tie_free_auc_c:F-15-micro,all,offset,tie_free,AUC c:F-15-micro,0.49074074074074076,0.35925925925925933,0.6166666666666667,DESCRIPTIVE,27,9,"{""chance_top1_mean"": 0.10303030303030301, ""tied_cells"": 0, ""tied_pair_share"": 0.0, ""tied_share"": 0.0, ""top1_hits"": 1}"
all_offset_tie_free_auc_c:F-15-macro,all,offset,tie_free,AUC c:F-15-macro,0.4555555555555555,0.37407407407407406,0.5296296296296296,DESCRIPTIVE,27,9,"{""chance_top1_mean"": 0.10303030303030301, ""tied_cells"": 0, ""tied_pair_share"": 0.0, ""tied_share"": 0.0, ""top1_hits"": 0}"
all_offset_tie_free_auc_c:C-F-1,all,offset,tie_free,AUC c:C-F-1,0.5296296296296297,0.4962962962962963,0.5629629629629629,DESCRIPTIVE,27,9,"{""chance_top1_mean"": 0.10303030303030301, ""tied_cells"": 0, ""tied_pair_share"": 0.0, ""tied_share"": 0.0, ""top1_hits"": 0}"
all_offset_tie_free_auc_c:C-F-5,all,offset,tie_free,AUC c:C-F-5,0.6722222222222223,0.5481481481481482,0.7814814814814816,DESCRIPTIVE,27,9,"{""chance_top1_mean"": 0.10303030303030301, ""tied_cells"": 0, ""tied_pair_share"": 0.0, ""tied_share"": 0.0, ""top1_hits"": 8}"
all_offset_tie_free_auc_c:C-F-15,all,offset,tie_free,AUC c:C-F-15,0.5666666666666668,0.41111111111111115,0.7148148148148148,DESCRIPTIVE,27,9,"{""chance_top1_mean"": 0.10303030303030301, ""tied_cells"": 0, ""tied_pair_share"": 0.0, ""tied_share"": 0.0, ""top1_hits"": 2}"
all_offset_tie_free_auc_c:J,all,offset,tie_free,AUC c:J,0.4222222222222223,0.3333333333333333,0.5148148148148148,DESCRIPTIVE,27,9,"{""chance_top1_mean"": 0.10303030303030301, ""tied_cells"": 0, ""tied_pair_share"": 0.0, ""tied_share"": 0.0, ""top1_hits"": 1}"
all_offset_tie_free_auc_c:C-J,all,offset,tie_free,AUC c:C-J,0.5703703703703704,0.4666666666666667,0.6629629629629631,DESCRIPTIVE,27,9,"{""chance_top1_mean"": 0.10303030303030301, ""tied_cells"": 0, ""tied_pair_share"": 0.0, ""tied_share"": 0.0, ""top1_hits"": 4}"
all_offset_tie_free_auc_b:F-1-continuous,all,offset,tie_free,AUC b:F-1-continuous,0.4703703703703704,0.4407407407407407,0.5,DESCRIPTIVE,27,9,"{""chance_top1_mean"": 0.10303030303030301, ""tied_cells"": 0, ""tied_pair_share"": 0.0, ""tied_share"": 0.0, ""top1_hits"": 0}"
all_offset_tie_free_auc_b:F-1-micro,all,offset,tie_free,AUC b:F-1-micro,0.4703703703703704,0.4407407407407407,0.5,DESCRIPTIVE,27,9,"{""chance_top1_mean"": 0.10303030303030301, ""tied_cells"": 0, ""tied_pair_share"": 0.0, ""tied_share"": 0.0, ""top1_hits"": 0}"
all_offset_tie_free_auc_b:F-1-macro,all,offset,tie_free,AUC b:F-1-macro,0.35555555555555557,0.3037037037037037,0.4037037037037037,DESCRIPTIVE,27,9,"{""chance_top1_mean"": 0.10303030303030301, ""tied_cells"": 0, ""tied_pair_share"": 0.0, ""tied_share"": 0.0, ""top1_hits"": 0}"
all_offset_tie_free_auc_b:F-5-continuous,all,offset,tie_free,AUC b:F-5-continuous,0.5166666666666667,0.3851851851851852,0.6370370370370371,DESCRIPTIVE,27,9,"{""chance_top1_mean"": 0.10303030303030301, ""tied_cells"": 0, ""tied_pair_share"": 0.0, ""tied_share"": 0.0, ""top1_hits"": 2}"
all_offset_tie_free_auc_b:F-5-micro,all,offset,tie_free,AUC b:F-5-micro,0.4870370370370371,0.3666666666666667,0.6000000000000001,DESCRIPTIVE,27,9,"{""chance_top1_mean"": 0.10303030303030301, ""tied_cells"": 0, ""tied_pair_share"": 0.0, ""tied_share"": 0.0, ""top1_hits"": 1}"
all_offset_tie_free_auc_b:F-5-macro,all,offset,tie_free,AUC b:F-5-macro,0.5407407407407407,0.4703703703703704,0.6074074074074074,DESCRIPTIVE,27,9,"{""chance_top1_mean"": 0.10303030303030301, ""tied_cells"": 0, ""tied_pair_share"": 0.0, ""tied_share"": 0.0, ""top1_hits"": 1}"
all_offset_tie_free_auc_b:F-15-continuous,all,offset,tie_free,AUC b:F-15-continuous,0.4148148148148148,0.32222222222222224,0.5037037037037037,DESCRIPTIVE,27,9,"{""chance_top1_mean"": 0.10303030303030301, ""tied_cells"": 0, ""tied_pair_share"": 0.0, ""tied_share"": 0.0, ""top1_hits"": 0}"
all_offset_tie_free_auc_b:F-15-micro,all,offset,tie_free,AUC b:F-15-micro,0.42592592592592593,0.32592592592592595,0.5186111111111098,DESCRIPTIVE,27,9,"{""chance_top1_mean"": 0.10303030303030301, ""tied_cells"": 0, ""tied_pair_share"": 0.0, ""tied_share"": 0.0, ""top1_hits"": 0}"
all_offset_tie_free_auc_b:F-15-macro,all,offset,tie_free,AUC b:F-15-macro,0.4629629629629629,0.4111111111111111,0.5111111111111111,DESCRIPTIVE,27,9,"{""chance_top1_mean"": 0.10303030303030301, ""tied_cells"": 0, ""tied_pair_share"": 0.0, ""tied_share"": 0.0, ""top1_hits"": 0}"
all_offset_tie_free_auc_b:C-F-1,all,offset,tie_free,AUC b:C-F-1,0.5314814814814814,0.49259259259259264,0.5722222222222222,DESCRIPTIVE,27,9,"{""chance_top1_mean"": 0.10303030303030301, ""tied_cells"": 0, ""tied_pair_share"": 0.0, ""tied_share"": 0.0, ""top1_hits"": 0}"
all_offset_tie_free_auc_b:C-F-5,all,offset,tie_free,AUC b:C-F-5,0.6574074074074073,0.5314814814814814,0.7685185185185185,DESCRIPTIVE,27,9,"{""chance_top1_mean"": 0.10303030303030301, ""tied_cells"": 0, ""tied_pair_share"": 0.0, ""tied_share"": 0.0, ""top1_hits"": 5}"
all_offset_tie_free_auc_b:C-F-15,all,offset,tie_free,AUC b:C-F-15,0.5592592592592593,0.4111111111111111,0.7000000000000001,DESCRIPTIVE,27,9,"{""chance_top1_mean"": 0.10303030303030301, ""tied_cells"": 0, ""tied_pair_share"": 0.0, ""tied_share"": 0.0, ""top1_hits"": 2}"
all_offset_tie_free_auc_b:J,all,offset,tie_free,AUC b:J,0.5037037037037037,0.4555555555555555,0.5481481481481482,DESCRIPTIVE,27,9,"{""chance_top1_mean"": 0.10303030303030301, ""tied_cells"": 0, ""tied_pair_share"": 0.0, ""tied_share"": 0.0, ""top1_hits"": 2}"
all_offset_tie_free_auc_b:C-J,all,offset,tie_free,AUC b:C-J,0.5888888888888889,0.48148148148148145,0.6962962962962964,DESCRIPTIVE,27,9,"{""chance_top1_mean"": 0.10303030303030301, ""tied_cells"": 0, ""tied_pair_share"": 0.0, ""tied_share"": 0.0, ""top1_hits"": 5}"
all_offset_tie_free_cost_ceiling_auc,all,offset,tie_free,cost_ceiling_auc,0.6666666666666666,0.5555555555555556,0.8333333333333334,DESCRIPTIVE,27,9,
all_offset_tie_free_endpoint_perception,all,offset,tie_free,endpoint_perception,0.25,0.06666666666666668,0.4388888888888889,DESCRIPTIVE,27,9,
all_offset_tie_free_mean_one_step_dynamics,all,offset,tie_free,request-mean one_step_dynamics,-0.054232804232804174,-0.1756613756613756,0.06826058201058198,DESCRIPTIVE,27,9,
all_offset_tie_free_mean_compounding,all,offset,tie_free,request-mean compounding,-0.032539682539682535,-0.13941798941798939,0.08015873015873015,DESCRIPTIVE,27,9,
all_offset_tie_free_mean_anchor_perception,all,offset,tie_free,request-mean anchor_perception,-0.004497354497354498,-0.01746031746031746,0.009259259259259259,DESCRIPTIVE,27,9,
all_offset_tie_free_mean_dynamics,all,offset,tie_free,request-mean dynamics,-0.08677248677248674,-0.22037037037037027,0.0468253968253968,DESCRIPTIVE,27,9,
all_offset_tie_free_mean_total,all,offset,tie_free,request-mean total,0.1632275132275134,-0.026455026455026356,0.39101190476190484,DESCRIPTIVE,27,9,
all_offset_tie_free_F-1-continuous_one_step_dynamics,all,offset,tie_free,one_step_dynamics [F-1-continuous],0.03888888888888889,-0.04259259259259259,0.11666666666666667,DESCRIPTIVE,27,9,
all_offset_tie_free_F-1-continuous_compounding,all,offset,tie_free,compounding [F-1-continuous],-0.09629629629629628,-0.2037037037037037,0.011111111111111106,DESCRIPTIVE,27,9,
all_offset_tie_free_F-1-continuous_anchor_perception,all,offset,tie_free,anchor_perception [F-1-continuous],-0.003703703703703703,-0.011111111111111108,0.0,DESCRIPTIVE,27,9,
all_offset_tie_free_F-1-continuous_total,all,offset,tie_free,total [F-1-continuous],0.1925925925925926,0.044444444444444446,0.38888888888888884,DESCRIPTIVE,27,9,
all_offset_tie_free_F-1-micro_one_step_dynamics,all,offset,tie_free,one_step_dynamics [F-1-micro],0.046296296296296294,-0.020370370370370372,0.11296296296296296,DESCRIPTIVE,27,9,
all_offset_tie_free_F-1-micro_compounding,all,offset,tie_free,compounding [F-1-micro],-0.09999999999999999,-0.1962962962962963,-0.003703703703703715,DESCRIPTIVE,27,9,
all_offset_tie_free_F-1-micro_anchor_perception,all,offset,tie_free,anchor_perception [F-1-micro],0.0,0.0,0.0,DESCRIPTIVE,27,9,
all_offset_tie_free_F-1-micro_total,all,offset,tie_free,total [F-1-micro],0.1962962962962963,0.04814814814814815,0.3888888888888889,DESCRIPTIVE,27,9,
all_offset_tie_free_F-1-macro_one_step_dynamics,all,offset,tie_free,one_step_dynamics [F-1-macro],-0.033333333333333326,-0.1962962962962963,0.1111111111111111,DESCRIPTIVE,27,9,
all_offset_tie_free_F-1-macro_compounding,all,offset,tie_free,compounding [F-1-macro],0.12777777777777777,0.025925925925925915,0.24444444444444446,DESCRIPTIVE,27,9,
all_offset_tie_free_F-1-macro_anchor_perception,all,offset,tie_free,anchor_perception [F-1-macro],0.03333333333333334,-0.06296296296296296,0.14074074074074072,DESCRIPTIVE,27,9,
all_offset_tie_free_F-1-macro_total,all,offset,tie_free,total [F-1-macro],0.3444444444444444,0.14444444444444446,0.5777777777777778,DESCRIPTIVE,27,9,
all_offset_tie_free_F-5-continuous_one_step_dynamics,all,offset,tie_free,one_step_dynamics [F-5-continuous],-0.16481481481481478,-0.36296296296296293,0.022222222222222237,DESCRIPTIVE,27,9,
all_offset_tie_free_F-5-continuous_compounding,all,offset,tie_free,compounding [F-5-continuous],0.061111111111111116,-0.09814814814814815,0.2000925925925913,DESCRIPTIVE,27,9,
all_offset_tie_free_F-5-continuous_anchor_perception,all,offset,tie_free,anchor_perception [F-5-continuous],-0.003703703703703709,-0.03703703703703705,0.029629629629629624,DESCRIPTIVE,27,9,
all_offset_tie_free_F-5-continuous_total,all,offset,tie_free,total [F-5-continuous],0.14629629629629626,-0.1037037037037037,0.41115740740740675,DESCRIPTIVE,27,9,
all_offset_tie_free_F-5-micro_one_step_dynamics,all,offset,tie_free,one_step_dynamics [F-5-micro],-0.15740740740740738,-0.3555555555555554,0.027777777777777776,DESCRIPTIVE,27,9,
all_offset_tie_free_F-5-micro_compounding,all,offset,tie_free,compounding [F-5-micro],0.06481481481481481,-0.09074074074074076,0.2037037037037037,DESCRIPTIVE,27,9,
all_offset_tie_free_F-5-micro_anchor_perception,all,offset,tie_free,anchor_perception [F-5-micro],-0.022222222222222223,-0.05925925925925926,0.011111111111111105,DESCRIPTIVE,27,9,
all_offset_tie_free_F-5-micro_total,all,offset,tie_free,total [F-5-micro],0.15740740740740738,-0.09259259259259262,0.42037037037037034,DESCRIPTIVE,27,9,
all_offset_tie_free_F-5-macro_one_step_dynamics,all,offset,tie_free,one_step_dynamics [F-5-macro],-0.14444444444444446,-0.3222222222222222,0.029629629629629624,DESCRIPTIVE,27,9,
all_offset_tie_free_F-5-macro_compounding,all,offset,tie_free,compounding [F-5-macro],-0.04999999999999999,-0.22592592592592592,0.12037037037037039,DESCRIPTIVE,27,9,
all_offset_tie_free_F-5-macro_anchor_perception,all,offset,tie_free,anchor_perception [F-5-macro],-0.07037037037037036,-0.2037037037037037,0.07037037037037036,DESCRIPTIVE,27,9,
all_offset_tie_free_F-5-macro_total,all,offset,tie_free,total [F-5-macro],0.05555555555555555,-0.11111111111111109,0.22592592592592592,DESCRIPTIVE,27,9,
all_offset_tie_free_F-15-continuous_one_step_dynamics,all,offset,tie_free,one_step_dynamics [F-15-continuous],-0.08333333333333337,-0.3277777777777778,0.13333333333333333,DESCRIPTIVE,27,9,
all_offset_tie_free_F-15-continuous_compounding,all,offset,tie_free,compounding [F-15-continuous],0.06666666666666667,-0.19259259259259265,0.3259259259259259,DESCRIPTIVE,27,9,
all_offset_tie_free_F-15-continuous_anchor_perception,all,offset,tie_free,anchor_perception [F-15-continuous],-0.01851851851851852,-0.04074074074074075,0.0,DESCRIPTIVE,27,9,
all_offset_tie_free_F-15-continuous_total,all,offset,tie_free,total [F-15-continuous],0.2333333333333334,0.007407407407407418,0.4851851851851852,DESCRIPTIVE,27,9,
all_offset_tie_free_F-15-micro_one_step_dynamics,all,offset,tie_free,one_step_dynamics [F-15-micro],-0.09444444444444447,-0.34078703703703705,0.12597222222222157,DESCRIPTIVE,27,9,
all_offset_tie_free_F-15-micro_compounding,all,offset,tie_free,compounding [F-15-micro],0.020370370370370372,-0.25740740740740736,0.2944907407407401,DESCRIPTIVE,27,9,
all_offset_tie_free_F-15-micro_anchor_perception,all,offset,tie_free,anchor_perception [F-15-micro],-0.06481481481481483,-0.10000000000000002,-0.03333333333333334,DESCRIPTIVE,27,9,
all_offset_tie_free_F-15-micro_total,all,offset,tie_free,total [F-15-micro],0.17592592592592599,-0.07407407407407407,0.4537499999999995,DESCRIPTIVE,27,9,
all_offset_tie_free_F-15-macro_one_step_dynamics,all,offset,tie_free,one_step_dynamics [F-15-macro],-0.12592592592592589,-0.3037037037037037,0.044444444444444446,DESCRIPTIVE,27,9,
all_offset_tie_free_F-15-macro_compounding,all,offset,tie_free,compounding [F-15-macro],0.08703703703703702,-0.061111111111111144,0.2666666666666667,DESCRIPTIVE,27,9,
all_offset_tie_free_F-15-macro_anchor_perception,all,offset,tie_free,anchor_perception [F-15-macro],0.0074074074074074086,-0.05185185185185185,0.07037037037037037,DESCRIPTIVE,27,9,
all_offset_tie_free_F-15-macro_total,all,offset,tie_free,total [F-15-macro],0.21111111111111114,0.018518518518518517,0.43333333333333335,DESCRIPTIVE,27,9,
all_offset_tie_free_C-F-1_one_step_dynamics,all,offset,tie_free,one_step_dynamics [C-F-1],0.012962962962962966,-0.09259259259259259,0.1351851851851852,DESCRIPTIVE,27,9,
all_offset_tie_free_C-F-1_compounding,all,offset,tie_free,compounding [C-F-1],-0.1259259259259259,-0.27037037037037037,-0.018518518518518507,DESCRIPTIVE,27,9,
all_offset_tie_free_C-F-1_anchor_perception,all,offset,tie_free,anchor_perception [C-F-1],0.0018518518518518545,-0.04444444444444444,0.04814814814814815,DESCRIPTIVE,27,9,
all_offset_tie_free_C-F-1_total,all,offset,tie_free,total [C-F-1],0.137037037037037,0.007407407407407412,0.29259259259259257,DESCRIPTIVE,27,9,
all_offset_tie_free_C-F-5_one_step_dynamics,all,offset,tie_free,one_step_dynamics [C-F-5],-0.06481481481481481,-0.22592592592592592,0.0962962962962963,DESCRIPTIVE,27,9,
all_offset_tie_free_C-F-5_compounding,all,offset,tie_free,compounding [C-F-5],-0.19074074074074074,-0.36481481481481487,0.014814814814814805,DESCRIPTIVE,27,9,
all_offset_tie_free_C-F-5_anchor_perception,all,offset,tie_free,anchor_perception [C-F-5],-0.014814814814814812,-0.02592592592592592,-0.003703703703703703,DESCRIPTIVE,27,9,
all_offset_tie_free_C-F-5_total,all,offset,tie_free,total [C-F-5],-0.005555555555555548,-0.24259259259259258,0.270416666666666,DESCRIPTIVE,27,9,
all_offset_tie_free_C-F-15_one_step_dynamics,all,offset,tie_free,one_step_dynamics [C-F-15],-0.024074074074074088,-0.2241203703703704,0.15925925925925924,DESCRIPTIVE,27,9,
all_offset_tie_free_C-F-15_compounding,all,offset,tie_free,compounding [C-F-15],-0.12592592592592594,-0.362962962962963,0.14074074074074072,DESCRIPTIVE,27,9,
all_offset_tie_free_C-F-15_anchor_perception,all,offset,tie_free,anchor_perception [C-F-15],-0.007407407407407406,-0.022222222222222216,0.007407407407407406,DESCRIPTIVE,27,9,
all_offset_tie_free_C-F-15_total,all,offset,tie_free,total [C-F-15],0.10000000000000002,-0.16666666666666669,0.40370370370370373,DESCRIPTIVE,27,9,
all_offset_tie_free_J_one_step_dynamics,all,offset,tie_free,one_step_dynamics [J],0.0537037037037037,-0.04814814814814814,0.15185185185185185,DESCRIPTIVE,27,9,
all_offset_tie_free_J_compounding,all,offset,tie_free,compounding [J],-0.05925925925925926,-0.2,0.07037037037037036,DESCRIPTIVE,27,9,
all_offset_tie_free_J_anchor_perception,all,offset,tie_free,anchor_perception [J],0.08148148148148146,-3.0839528461809905e-17,0.16296296296296295,DESCRIPTIVE,27,9,
all_offset_tie_free_J_total,all,offset,tie_free,total [J],0.2444444444444444,0.07037037037037036,0.4444444444444444,DESCRIPTIVE,27,9,
all_offset_tie_free_C-J_one_step_dynamics,all,offset,tie_free,one_step_dynamics [C-J],-0.018518518518518528,-0.12962962962962965,0.1111111111111111,DESCRIPTIVE,27,9,
all_offset_tie_free_C-J_compounding,all,offset,tie_free,compounding [C-J],-0.13518518518518519,-0.22777777777777775,-0.03333333333333332,DESCRIPTIVE,27,9,
all_offset_tie_free_C-J_anchor_perception,all,offset,tie_free,anchor_perception [C-J],0.018518518518518528,-0.05185185185185184,0.08888888888888888,DESCRIPTIVE,27,9,
all_offset_tie_free_C-J_total,all,offset,tie_free,total [C-J],0.0962962962962963,-0.1148148148148148,0.34083333333333204,DESCRIPTIVE,27,9,
all_offset_count_auc_a,all,offset,count,AUC a,0.6083333333333333,0.44166666666666665,0.8055555555555556,DESCRIPTIVE,27,9,"{""chance_top1_mean"": 0.10303030303030301, ""tied_cells"": 3, ""tied_pair_share"": 0.5357142857142857, ""tied_share"": 0.1111111111111111, ""top1_hits"": 9}"
all_offset_count_auc_ap,all,offset,count,AUC ap,0.41666666666666663,0.3222222222222222,0.5166666666666666,DESCRIPTIVE,27,9,"{""chance_top1_mean"": 0.10303030303030301, ""tied_cells"": 0, ""tied_pair_share"": 0.0, ""tied_share"": 0.0, ""top1_hits"": 0}"
all_offset_count_auc_d:F-1-continuous,all,offset,count,AUC d:F-1-continuous,0.374074074074074,0.27037037037037037,0.47777777777777775,DESCRIPTIVE,27,9,"{""chance_top1_mean"": 0.10303030303030301, ""tied_cells"": 0, ""tied_pair_share"": 0.0, ""tied_share"": 0.0, ""top1_hits"": 1}"
all_offset_count_auc_d:F-1-micro,all,offset,count,AUC d:F-1-micro,0.3666666666666666,0.26296296296296295,0.4666666666666667,DESCRIPTIVE,27,9,"{""chance_top1_mean"": 0.10303030303030301, ""tied_cells"": 0, ""tied_pair_share"": 0.0, ""tied_share"": 0.0, ""top1_hits"": 1}"
all_offset_count_auc_d:F-1-macro,all,offset,count,AUC d:F-1-macro,0.43518518518518523,0.3351851851851852,0.5537499999999994,DESCRIPTIVE,27,9,"{""chance_top1_mean"": 0.10303030303030301, ""tied_cells"": 0, ""tied_pair_share"": 0.0, ""tied_share"": 0.0, ""top1_hits"": 4}"
all_offset_count_auc_d:F-5-continuous,all,offset,count,AUC d:F-5-continuous,0.5666666666666668,0.3925925925925926,0.7296296296296297,DESCRIPTIVE,27,9,"{""chance_top1_mean"": 0.10303030303030301, ""tied_cells"": 0, ""tied_pair_share"": 0.0, ""tied_share"": 0.0, ""top1_hits"": 5}"
all_offset_count_auc_d:F-5-micro,all,offset,count,AUC d:F-5-micro,0.5629629629629629,0.3777777777777778,0.7296296296296297,DESCRIPTIVE,27,9,"{""chance_top1_mean"": 0.10303030303030301, ""tied_cells"": 0, ""tied_pair_share"": 0.0, ""tied_share"": 0.0, ""top1_hits"": 5}"
all_offset_count_auc_d:F-5-macro,all,offset,count,AUC d:F-5-macro,0.5092592592592592,0.37407407407407406,0.6333333333333333,DESCRIPTIVE,27,9,"{""chance_top1_mean"": 0.10303030303030301, ""tied_cells"": 0, ""tied_pair_share"": 0.0, ""tied_share"": 0.0, ""top1_hits"": 4}"
all_offset_count_auc_d:F-15-continuous,all,offset,count,AUC d:F-15-continuous,0.47777777777777775,0.2777777777777778,0.6814814814814815,DESCRIPTIVE,27,9,"{""chance_top1_mean"": 0.10303030303030301, ""tied_cells"": 0, ""tied_pair_share"": 0.0, ""tied_share"": 0.0, ""top1_hits"": 3}"
all_offset_count_auc_d:F-15-micro,all,offset,count,AUC d:F-15-micro,0.5,0.2925925925925926,0.7074074074074074,DESCRIPTIVE,27,9,"{""chance_top1_mean"": 0.10303030303030301, ""tied_cells"": 0, ""tied_pair_share"": 0.0, ""tied_share"": 0.0, ""top1_hits"": 3}"
all_offset_count_auc_d:F-15-macro,all,offset,count,AUC d:F-15-macro,0.5092592592592592,0.38888888888888884,0.6370370370370371,DESCRIPTIVE,27,9,"{""chance_top1_mean"": 0.10303030303030301, ""tied_cells"": 0, ""tied_pair_share"": 0.0, ""tied_share"": 0.0, ""top1_hits"": 2}"
all_offset_count_auc_d:C-F-1,all,offset,count,AUC d:C-F-1,0.39444444444444443,0.27037037037037037,0.49444444444444446,DESCRIPTIVE,27,9,"{""chance_top1_mean"": 0.10303030303030301, ""tied_cells"": 0, ""tied_pair_share"": 0.0, ""tied_share"": 0.0, ""top1_hits"": 0}"
all_offset_count_auc_d:C-F-5,all,offset,count,AUC d:C-F-5,0.47777777777777775,0.31851851851851853,0.6259259259259259,DESCRIPTIVE,27,9,"{""chance_top1_mean"": 0.10303030303030301, ""tied_cells"": 0, ""tied_pair_share"": 0.0, ""tied_share"": 0.0, ""top1_hits"": 1}"
all_offset_count_auc_d:C-F-15,all,offset,count,AUC d:C-F-15,0.4444444444444444,0.26666666666666666,0.6185185185185186,DESCRIPTIVE,27,9,"{""chance_top1_mean"": 0.10303030303030301, ""tied_cells"": 0, ""tied_pair_share"": 0.0, ""tied_share"": 0.0, ""top1_hits"": 1}"
all_offset_count_auc_d:J,all,offset,count,AUC d:J,0.36296296296296293,0.25185185185185177,0.4740740740740741,DESCRIPTIVE,27,9,"{""chance_top1_mean"": 0.10303030303030301, ""tied_cells"": 0, ""tied_pair_share"": 0.0, ""tied_share"": 0.0, ""top1_hits"": 1}"
all_offset_count_auc_d:C-J,all,offset,count,AUC d:C-J,0.4333333333333333,0.31481481481481477,0.5222222222222221,DESCRIPTIVE,27,9,"{""chance_top1_mean"": 0.10303030303030301, ""tied_cells"": 0, ""tied_pair_share"": 0.0, ""tied_share"": 0.0, ""top1_hits"": 0}"
all_offset_count_auc_c:F-1-continuous,all,offset,count,AUC c:F-1-continuous,0.5166666666666667,0.48148148148148145,0.5555555555555556,DESCRIPTIVE,27,9,"{""chance_top1_mean"": 0.10303030303030301, ""tied_cells"": 22, ""tied_pair_share"": 0.9206349206349206, ""tied_share"": 0.8148148148148148, ""top1_hits"": 0}"
all_offset_count_auc_c:F-1-micro,all,offset,count,AUC c:F-1-micro,0.5,0.4888888888888888,0.5111111111111111,DESCRIPTIVE,27,9,"{""chance_top1_mean"": 0.10303030303030301, ""tied_cells"": 24, ""tied_pair_share"": 0.8968253968253969, ""tied_share"": 0.8888888888888888, ""top1_hits"": 0}"
all_offset_count_auc_c:F-1-macro,all,offset,count,AUC c:F-1-macro,0.5037037037037037,0.4444444444444444,0.5592592592592592,DESCRIPTIVE,27,9,"{""chance_top1_mean"": 0.10303030303030301, ""tied_cells"": 20, ""tied_pair_share"": 0.7777777777777778, ""tied_share"": 0.7407407407407407, ""top1_hits"": 1}"
all_offset_count_auc_c:F-5-continuous,all,offset,count,AUC c:F-5-continuous,0.574074074074074,0.5074074074074075,0.6481481481481481,DESCRIPTIVE,27,9,"{""chance_top1_mean"": 0.10303030303030301, ""tied_cells"": 1, ""tied_pair_share"": 0.03968253968253968, ""tied_share"": 0.037037037037037035, ""top1_hits"": 0}"
all_offset_count_auc_c:F-5-micro,all,offset,count,AUC c:F-5-micro,0.5759259259259258,0.4907407407407407,0.659305555555555,DESCRIPTIVE,27,9,"{""chance_top1_mean"": 0.10303030303030301, ""tied_cells"": 0, ""tied_pair_share"": 0.03571428571428571, ""tied_share"": 0.0, ""top1_hits"": 1}"
all_offset_count_auc_c:F-5-macro,all,offset,count,AUC c:F-5-macro,0.5944444444444444,0.5166666666666666,0.6740740740740742,DESCRIPTIVE,27,9,"{""chance_top1_mean"": 0.10303030303030301, ""tied_cells"": 4, ""tied_pair_share"": 0.15873015873015872, ""tied_share"": 0.14814814814814814, ""top1_hits"": 1}"
all_offset_count_auc_c:F-15-continuous,all,offset,count,AUC c:F-15-continuous,0.4407407407407407,0.34814814814814815,0.5037037037037037,DESCRIPTIVE,27,9,"{""chance_top1_mean"": 0.10303030303030301, ""tied_cells"": 0, ""tied_pair_share"": 0.0, ""tied_share"": 0.0, ""top1_hits"": 0}"
all_offset_count_auc_c:F-15-micro,all,offset,count,AUC c:F-15-micro,0.4870370370370371,0.4148148148148148,0.5444444444444445,DESCRIPTIVE,27,9,"{""chance_top1_mean"": 0.10303030303030301, ""tied_cells"": 0, ""tied_pair_share"": 0.0, ""tied_share"": 0.0, ""top1_hits"": 0}"
all_offset_count_auc_c:F-15-macro,all,offset,count,AUC c:F-15-macro,0.5222222222222223,0.48888888888888893,0.5592592592592593,DESCRIPTIVE,27,9,"{""chance_top1_mean"": 0.10303030303030301, ""tied_cells"": 0, ""tied_pair_share"": 0.0, ""tied_share"": 0.0, ""top1_hits"": 0}"
all_offset_count_auc_c:C-F-1,all,offset,count,AUC c:C-F-1,0.5203703703703704,0.48888888888888893,0.5518981481481474,DESCRIPTIVE,27,9,"{""chance_top1_mean"": 0.10303030303030301, ""tied_cells"": 19, ""tied_pair_share"": 0.8293650793650794, ""tied_share"": 0.7037037037037037, ""top1_hits"": 0}"
all_offset_count_auc_c:C-F-5,all,offset,count,AUC c:C-F-5,0.624074074074074,0.5277777777777777,0.7092592592592593,DESCRIPTIVE,27,9,"{""chance_top1_mean"": 0.10303030303030301, ""tied_cells"": 0, ""tied_pair_share"": 0.0, ""tied_share"": 0.0, ""top1_hits"": 6}"
all_offset_count_auc_c:C-F-15,all,offset,count,AUC c:C-F-15,0.5518518518518518,0.4592592592592592,0.6407407407407406,DESCRIPTIVE,27,9,"{""chance_top1_mean"": 0.10303030303030301, ""tied_cells"": 0, ""tied_pair_share"": 0.0, ""tied_share"": 0.0, ""top1_hits"": 0}"
all_offset_count_auc_c:J,all,offset,count,AUC c:J,0.5074074074074074,0.4555555555555555,0.5592592592592592,DESCRIPTIVE,27,9,"{""chance_top1_mean"": 0.10303030303030301, ""tied_cells"": 15, ""tied_pair_share"": 0.6309523809523809, ""tied_share"": 0.5555555555555556, ""top1_hits"": 0}"
all_offset_count_auc_c:C-J,all,offset,count,AUC c:C-J,0.5462962962962963,0.4962962962962963,0.5925925925925924,DESCRIPTIVE,27,9,"{""chance_top1_mean"": 0.10303030303030301, ""tied_cells"": 14, ""tied_pair_share"": 0.5634920634920635, ""tied_share"": 0.5185185185185185, ""top1_hits"": 1}"
all_offset_count_auc_b:F-1-continuous,all,offset,count,AUC b:F-1-continuous,0.5083333333333333,0.47129629629629627,0.5444444444444445,DESCRIPTIVE,27,9,"{""chance_top1_mean"": 0.10303030303030301, ""tied_cells"": 21, ""tied_pair_share"": 0.8809523809523809, ""tied_share"": 0.7777777777777778, ""top1_hits"": 0}"
all_offset_count_auc_b:F-1-micro,all,offset,count,AUC b:F-1-micro,0.5370370370370371,0.5111111111111111,0.5685185185185184,DESCRIPTIVE,27,9,"{""chance_top1_mean"": 0.10303030303030301, ""tied_cells"": 22, ""tied_pair_share"": 0.9206349206349206, ""tied_share"": 0.8148148148148148, ""top1_hits"": 1}"
all_offset_count_auc_b:F-1-macro,all,offset,count,AUC b:F-1-macro,0.5,0.5,0.5,DESCRIPTIVE,27,9,"{""chance_top1_mean"": 0.10303030303030301, ""tied_cells"": 24, ""tied_pair_share"": 0.9126984126984127, ""tied_share"": 0.8888888888888888, ""top1_hits"": 0}"
all_offset_count_auc_b:F-5-continuous,all,offset,count,AUC b:F-5-continuous,0.5203703703703704,0.3925925925925926,0.6315277777777772,DESCRIPTIVE,27,9,"{""chance_top1_mean"": 0.10303030303030301, ""tied_cells"": 0, ""tied_pair_share"": 0.0, ""tied_share"": 0.0, ""top1_hits"": 2}"
all_offset_count_auc_b:F-5-micro,all,offset,count,AUC b:F-5-micro,0.5648148148148149,0.4592592592592593,0.6444444444444444,DESCRIPTIVE,27,9,"{""chance_top1_mean"": 0.10303030303030301, ""tied_cells"": 0, ""tied_pair_share"": 0.0, ""tied_share"": 0.0, ""top1_hits"": 3}"
all_offset_count_auc_b:F-5-macro,all,offset,count,AUC b:F-5-macro,0.5037037037037037,0.4185185185185185,0.5814814814814816,DESCRIPTIVE,27,9,"{""chance_top1_mean"": 0.10303030303030301, ""tied_cells"": 2, ""tied_pair_share"": 0.07936507936507936, ""tied_share"": 0.07407407407407407, ""top1_hits"": 1}"
all_offset_count_auc_b:F-15-continuous,all,offset,count,AUC b:F-15-continuous,0.42592592592592593,0.32592592592592595,0.5186111111111098,DESCRIPTIVE,27,9,"{""chance_top1_mean"": 0.10303030303030301, ""tied_cells"": 0, ""tied_pair_share"": 0.0, ""tied_share"": 0.0, ""top1_hits"": 0}"
all_offset_count_auc_b:F-15-micro,all,offset,count,AUC b:F-15-micro,0.4407407407407407,0.3333333333333333,0.5444444444444444,DESCRIPTIVE,27,9,"{""chance_top1_mean"": 0.10303030303030301, ""tied_cells"": 0, ""tied_pair_share"": 0.0, ""tied_share"": 0.0, ""top1_hits"": 0}"
all_offset_count_auc_b:F-15-macro,all,offset,count,AUC b:F-15-macro,0.4629629629629629,0.4111111111111111,0.5111111111111111,DESCRIPTIVE,27,9,"{""chance_top1_mean"": 0.10303030303030301, ""tied_cells"": 0, ""tied_pair_share"": 0.0, ""tied_share"": 0.0, ""top1_hits"": 0}"
all_offset_count_auc_b:C-F-1,all,offset,count,AUC b:C-F-1,0.4833333333333333,0.4444444444444444,0.5240740740740741,DESCRIPTIVE,27,9,"{""chance_top1_mean"": 0.10303030303030301, ""tied_cells"": 17, ""tied_pair_share"": 0.7182539682539683, ""tied_share"": 0.6296296296296297, ""top1_hits"": 0}"
all_offset_count_auc_b:C-F-5,all,offset,count,AUC b:C-F-5,0.3851851851851852,0.3259259259259259,0.45185185185185184,DESCRIPTIVE,27,9,"{""chance_top1_mean"": 0.10303030303030301, ""tied_cells"": 0, ""tied_pair_share"": 0.0, ""tied_share"": 0.0, ""top1_hits"": 1}"
all_offset_count_auc_b:C-F-15,all,offset,count,AUC b:C-F-15,0.5518518518518519,0.4000000000000001,0.6962962962962963,DESCRIPTIVE,27,9,"{""chance_top1_mean"": 0.10303030303030301, ""tied_cells"": 0, ""tied_pair_share"": 0.0, ""tied_share"": 0.0, ""top1_hits"": 2}"
all_offset_count_auc_b:J,all,offset,count,AUC b:J,0.5499999999999999,0.4851851851851852,0.6092592592592592,DESCRIPTIVE,27,9,"{""chance_top1_mean"": 0.10303030303030301, ""tied_cells"": 15, ""tied_pair_share"": 0.6468253968253969, ""tied_share"": 0.5555555555555556, ""top1_hits"": 1}"
all_offset_count_auc_b:C-J,all,offset,count,AUC b:C-J,0.5074074074074074,0.462962962962963,0.5555555555555556,DESCRIPTIVE,27,9,"{""chance_top1_mean"": 0.10303030303030301, ""tied_cells"": 19, ""tied_pair_share"": 0.7063492063492064, ""tied_share"": 0.7037037037037037, ""top1_hits"": 0}"
all_offset_count_cost_ceiling_auc,all,offset,count,cost_ceiling_auc,0.6083333333333333,0.44166666666666665,0.8055555555555556,DESCRIPTIVE,27,9,
all_offset_count_endpoint_perception,all,offset,count,endpoint_perception,0.19166666666666668,-0.016666666666666656,0.4111111111111111,DESCRIPTIVE,27,9,
all_offset_count_mean_one_step_dynamics,all,offset,count,request-mean one_step_dynamics,-0.041534391534391486,-0.16507936507936505,0.08069444444444442,DESCRIPTIVE,27,9,
all_offset_count_mean_compounding,all,offset,count,request-mean compounding,-0.07500000000000001,-0.19378306878306878,0.023416005291005248,DESCRIPTIVE,27,9,
all_offset_count_mean_anchor_perception,all,offset,count,request-mean anchor_perception,-0.037367724867724855,-0.08829365079365077,0.018849206349206345,DESCRIPTIVE,27,9,
all_offset_count_mean_dynamics,all,offset,count,request-mean dynamics,-0.11653439153439143,-0.21138227513227506,-0.017711640211640296,DESCRIPTIVE,27,9,
all_offset_count_mean_total,all,offset,count,request-mean total,0.07513227513227523,-0.09523809523809515,0.2657539682539682,DESCRIPTIVE,27,9,
all_offset_count_F-1-continuous_one_step_dynamics,all,offset,count,one_step_dynamics [F-1-continuous],0.04259259259259259,-0.03518518518518518,0.11481481481481483,DESCRIPTIVE,27,9,
all_offset_count_F-1-continuous_compounding,all,offset,count,compounding [F-1-continuous],-0.14259259259259258,-0.274074074074074,-0.014814814814814812,DESCRIPTIVE,27,9,
all_offset_count_F-1-continuous_anchor_perception,all,offset,count,anchor_perception [F-1-continuous],-0.008333333333333337,-0.05555555555555555,0.03796296296296295,DESCRIPTIVE,27,9,
all_offset_count_F-1-continuous_total,all,offset,count,total [F-1-continuous],0.09166666666666666,-0.0842824074074074,0.29814814814814816,DESCRIPTIVE,27,9,
all_offset_count_F-1-micro_one_step_dynamics,all,offset,count,one_step_dynamics [F-1-micro],0.049999999999999996,-0.014814814814814812,0.11666666666666667,DESCRIPTIVE,27,9,
all_offset_count_F-1-micro_compounding,all,offset,count,compounding [F-1-micro],-0.13333333333333333,-0.23333333333333334,-0.033333333333333354,DESCRIPTIVE,27,9,
all_offset_count_F-1-micro_anchor_perception,all,offset,count,anchor_perception [F-1-micro],0.037037037037037035,0.003703703703703703,0.07407407407407407,DESCRIPTIVE,27,9,
all_offset_count_F-1-micro_total,all,offset,count,total [F-1-micro],0.10833333333333334,-0.062037037037037016,0.3074074074074074,DESCRIPTIVE,27,9,
all_offset_count_F-1-macro_one_step_dynamics,all,offset,count,one_step_dynamics [F-1-macro],-0.018518518518518504,-0.19259259259259254,0.12962962962962965,DESCRIPTIVE,27,9,
all_offset_count_F-1-macro_compounding,all,offset,count,compounding [F-1-macro],-0.06851851851851852,-0.18523148148148147,0.06296296296296294,DESCRIPTIVE,27,9,
all_offset_count_F-1-macro_anchor_perception,all,offset,count,anchor_perception [F-1-macro],-0.0037037037037037,-0.05925925925925926,0.05555555555555555,DESCRIPTIVE,27,9,
all_offset_count_F-1-macro_total,all,offset,count,total [F-1-macro],0.10462962962962963,-0.06483796296296294,0.29907407407407405,DESCRIPTIVE,27,9,
all_offset_count_F-5-continuous_one_step_dynamics,all,offset,count,one_step_dynamics [F-5-continuous],-0.14999999999999997,-0.3518518518518518,0.03888888888888889,DESCRIPTIVE,27,9,
all_offset_count_F-5-continuous_compounding,all,offset,count,compounding [F-5-continuous],-0.007407407407407418,-0.2296296296296297,0.20740740740740737,DESCRIPTIVE,27,9,
all_offset_count_F-5-continuous_anchor_perception,all,offset,count,anchor_perception [F-5-continuous],-0.05370370370370372,-0.23888888888888893,0.10925925925925926,DESCRIPTIVE,27,9,
all_offset_count_F-5-continuous_total,all,offset,count,total [F-5-continuous],0.03425925925925926,-0.11296296296296296,0.1990740740740741,DESCRIPTIVE,27,9,
all_offset_count_F-5-micro_one_step_dynamics,all,offset,count,one_step_dynamics [F-5-micro],-0.14629629629629626,-0.35185185185185175,0.049999999999999996,DESCRIPTIVE,27,9,
all_offset_count_F-5-micro_compounding,all,offset,count,compounding [F-5-micro],-0.012962962962962978,-0.26481481481481484,0.21851851851851853,DESCRIPTIVE,27,9,
all_offset_count_F-5-micro_anchor_perception,all,offset,count,anchor_perception [F-5-micro],-0.011111111111111127,-0.12962962962962965,0.10925925925925922,DESCRIPTIVE,27,9,
all_offset_count_F-5-micro_total,all,offset,count,total [F-5-micro],0.03240740740740741,-0.14722222222222223,0.22870370370370374,DESCRIPTIVE,27,9,
all_offset_count_F-5-macro_one_step_dynamics,all,offset,count,one_step_dynamics [F-5-macro],-0.09259259259259256,-0.27037037037037037,0.08888888888888889,DESCRIPTIVE,27,9,
all_offset_count_F-5-macro_compounding,all,offset,count,compounding [F-5-macro],-0.08518518518518518,-0.27037037037037037,0.07777777777777778,DESCRIPTIVE,27,9,
all_offset_count_F-5-macro_anchor_perception,all,offset,count,anchor_perception [F-5-macro],-0.09074074074074076,-0.2203703703703704,0.022222222222222213,DESCRIPTIVE,27,9,
all_offset_count_F-5-macro_total,all,offset,count,total [F-5-macro],0.013888888888888899,-0.12502314814814813,0.15740740740740738,DESCRIPTIVE,27,9,
all_offset_count_F-15-continuous_one_step_dynamics,all,offset,count,one_step_dynamics [F-15-continuous],-0.0611111111111111,-0.29629629629629634,0.14629629629629629,DESCRIPTIVE,27,9,
all_offset_count_F-15-continuous_compounding,all,offset,count,compounding [F-15-continuous],0.03703703703703703,-0.15185185185185185,0.22592592592592592,DESCRIPTIVE,27,9,
all_offset_count_F-15-continuous_anchor_perception,all,offset,count,anchor_perception [F-15-continuous],-0.014814814814814817,-0.12962962962962965,0.09259259259259259,DESCRIPTIVE,27,9,
all_offset_count_F-15-continuous_total,all,offset,count,total [F-15-continuous],0.1675925925925926,-0.03055555555555554,0.40555555555555556,DESCRIPTIVE,27,9,
all_offset_count_F-15-micro_one_step_dynamics,all,offset,count,one_step_dynamics [F-15-micro],-0.08333333333333337,-0.32222222222222224,0.12597222222222154,DESCRIPTIVE,27,9,
all_offset_count_F-15-micro_compounding,all,offset,count,compounding [F-15-micro],0.012962962962962975,-0.19259259259259262,0.21481481481481485,DESCRIPTIVE,27,9,
all_offset_count_F-15-micro_anchor_perception,all,offset,count,anchor_perception [F-15-micro],-0.0462962962962963,-0.15925925925925927,0.06851851851851852,DESCRIPTIVE,27,9,
all_offset_count_F-15-micro_total,all,offset,count,total [F-15-micro],0.1212962962962963,-0.08148148148148147,0.35,DESCRIPTIVE,27,9,
all_offset_count_F-15-macro_one_step_dynamics,all,offset,count,one_step_dynamics [F-15-macro],-0.0925925925925926,-0.2629629629629629,0.07037037037037036,DESCRIPTIVE,27,9,
all_offset_count_F-15-macro_compounding,all,offset,count,compounding [F-15-macro],-0.01296296296296296,-0.14074074074074072,0.10740740740740742,DESCRIPTIVE,27,9,
all_offset_count_F-15-macro_anchor_perception,all,offset,count,anchor_perception [F-15-macro],-0.05925925925925927,-0.12222222222222223,0.0037037037037036904,DESCRIPTIVE,27,9,
all_offset_count_F-15-macro_total,all,offset,count,total [F-15-macro],0.0861111111111111,-0.060185185185185196,0.25,DESCRIPTIVE,27,9,
all_offset_count_C-F-1_one_step_dynamics,all,offset,count,one_step_dynamics [C-F-1],0.02222222222222223,-0.07037037037037036,0.14074074074074072,DESCRIPTIVE,27,9,
all_offset_count_C-F-1_compounding,all,offset,count,compounding [C-F-1],-0.1259259259259259,-0.2759259259259259,-0.011111111111111106,DESCRIPTIVE,27,9,
all_offset_count_C-F-1_anchor_perception,all,offset,count,anchor_perception [C-F-1],-0.03703703703703703,-0.08148148148148147,0.011111111111111117,DESCRIPTIVE,27,9,
all_offset_count_C-F-1_total,all,offset,count,total [C-F-1],0.08796296296296297,-0.07685185185185185,0.27314814814814814,DESCRIPTIVE,27,9,
all_offset_count_C-F-5_one_step_dynamics,all,offset,count,one_step_dynamics [C-F-5],-0.0611111111111111,-0.21851851851851853,0.09999999999999998,DESCRIPTIVE,27,9,
all_offset_count_C-F-5_compounding,all,offset,count,compounding [C-F-5],-0.14629629629629629,-0.3574074074074074,0.06666666666666668,DESCRIPTIVE,27,9,
all_offset_count_C-F-5_anchor_perception,all,offset,count,anchor_perception [C-F-5],-0.23888888888888893,-0.3315277777777778,-0.1444444444444445,DESCRIPTIVE,27,9,
all_offset_count_C-F-5_total,all,offset,count,total [C-F-5],-0.01574074074074074,-0.2250231481481481,0.20555555555555555,DESCRIPTIVE,27,9,
all_offset_count_C-F-15_one_step_dynamics,all,offset,count,one_step_dynamics [C-F-15],-0.027777777777777804,-0.2259722222222222,0.15555555555555556,DESCRIPTIVE,27,9,
all_offset_count_C-F-15_compounding,all,offset,count,compounding [C-F-15],-0.10740740740740741,-0.2888888888888889,0.06666666666666665,DESCRIPTIVE,27,9,
all_offset_count_C-F-15_anchor_perception,all,offset,count,anchor_perception [C-F-15],6.1679056923619804e-18,-0.12962962962962962,0.15925925925925927,DESCRIPTIVE,27,9,
all_offset_count_C-F-15_total,all,offset,count,total [C-F-15],0.056481481481481466,-0.16851851851851854,0.29724537037037,DESCRIPTIVE,27,9,
all_offset_count_J_one_step_dynamics,all,offset,count,one_step_dynamics [J],0.05370370370370371,-0.044444444444444446,0.14814814814814817,DESCRIPTIVE,27,9,
all_offset_count_J_compounding,all,offset,count,compounding [J],-0.14444444444444446,-0.2833333333333333,-0.024074074074074074,DESCRIPTIVE,27,9,
all_offset_count_J_anchor_perception,all,offset,count,anchor_perception [J],0.0425925925925926,0.007407407407407412,0.07962962962962965,DESCRIPTIVE,27,9,
all_offset_count_J_total,all,offset,count,total [J],0.10092592592592593,-0.05462962962962962,0.26851851851851855,DESCRIPTIVE,27,9,
all_offset_count_C-J_one_step_dynamics,all,offset,count,one_step_dynamics [C-J],-0.01666666666666667,-0.1259259259259259,0.1111111111111111,DESCRIPTIVE,27,9,
all_offset_count_C-J_compounding,all,offset,count,compounding [C-J],-0.11296296296296296,-0.22037037037037038,-0.022222222222222213,DESCRIPTIVE,27,9,
all_offset_count_C-J_anchor_perception,all,offset,count,anchor_perception [C-J],-0.038888888888888876,-0.1148148148148148,0.04444444444444446,DESCRIPTIVE,27,9,
all_offset_count_C-J_total,all,offset,count,total [C-J],0.062037037037037036,-0.13796296296296295,0.2898148148148148,DESCRIPTIVE,27,9,
all_angle_tie_free_auc_a,all,angle,tie_free,AUC a,0.8571428571428571,0.7142857142857143,1.0,DESCRIPTIVE,21,7,"{""chance_top1_mean"": 0.07783882783882783, ""tied_cells"": 6, ""tied_pair_share"": 0.27710843373493976, ""tied_share"": 0.2857142857142857, ""top1_hits"": 15}"
all_angle_tie_free_auc_ap,all,angle,tie_free,AUC ap,0.3841991341991342,0.13419913419913418,0.6493506493506492,DESCRIPTIVE,21,7,"{""chance_top1_mean"": 0.07783882783882783, ""tied_cells"": 0, ""tied_pair_share"": 0.0, ""tied_share"": 0.0, ""top1_hits"": 3}"
all_angle_tie_free_auc_d:F-1-continuous,all,angle,tie_free,AUC d:F-1-continuous,0.3975468975468975,0.1688311688311688,0.6428571428571429,DESCRIPTIVE,21,7,"{""chance_top1_mean"": 0.07783882783882783, ""tied_cells"": 0, ""tied_pair_share"": 0.0, ""tied_share"": 0.0, ""top1_hits"": 3}"
all_angle_tie_free_auc_d:F-1-micro,all,angle,tie_free,AUC d:F-1-micro,0.40584415584415584,0.17857142857142858,0.6547619047619048,DESCRIPTIVE,21,7,"{""chance_top1_mean"": 0.07783882783882783, ""tied_cells"": 0, ""tied_pair_share"": 0.0, ""tied_share"": 0.0, ""top1_hits"": 3}"
all_angle_tie_free_auc_d:F-1-macro,all,angle,tie_free,AUC d:F-1-macro,0.3578643578643579,0.16666666666666666,0.588023088023088,DESCRIPTIVE,21,7,"{""chance_top1_mean"": 0.07783882783882783, ""tied_cells"": 0, ""tied_pair_share"": 0.0, ""tied_share"": 0.0, ""top1_hits"": 2}"
all_angle_tie_free_auc_d:F-5-continuous,all,angle,tie_free,AUC d:F-5-continuous,0.4177489177489178,0.18253968253968256,0.655844155844156,DESCRIPTIVE,21,7,"{""chance_top1_mean"": 0.07783882783882783, ""tied_cells"": 0, ""tied_pair_share"": 0.0, ""tied_share"": 0.0, ""top1_hits"": 3}"
all_angle_tie_free_auc_d:F-5-micro,all,angle,tie_free,AUC d:F-5-micro,0.4177489177489178,0.18253968253968256,0.655844155844156,DESCRIPTIVE,21,7,"{""chance_top1_mean"": 0.07783882783882783, ""tied_cells"": 0, ""tied_pair_share"": 0.0, ""tied_share"": 0.0, ""top1_hits"": 3}"
all_angle_tie_free_auc_d:F-5-macro,all,angle,tie_free,AUC d:F-5-macro,0.38636363636363635,0.1865079365079365,0.6139971139971141,DESCRIPTIVE,21,7,"{""chance_top1_mean"": 0.07783882783882783, ""tied_cells"": 0, ""tied_pair_share"": 0.0, ""tied_share"": 0.0, ""top1_hits"": 2}"
all_angle_tie_free_auc_d:F-15-continuous,all,angle,tie_free,AUC d:F-15-continuous,0.4145021645021645,0.18037518037518038,0.6626984126984128,DESCRIPTIVE,21,7,"{""chance_top1_mean"": 0.07783882783882783, ""tied_cells"": 0, ""tied_pair_share"": 0.0, ""tied_share"": 0.0, ""top1_hits"": 3}"
all_angle_tie_free_auc_d:F-15-micro,all,angle,tie_free,AUC d:F-15-micro,0.4227994227994228,0.18470418470418473,0.6706349206349207,DESCRIPTIVE,21,7,"{""chance_top1_mean"": 0.07783882783882783, ""tied_cells"": 0, ""tied_pair_share"": 0.0, ""tied_share"": 0.0, ""top1_hits"": 3}"
all_angle_tie_free_auc_d:F-15-macro,all,angle,tie_free,AUC d:F-15-macro,0.3953823953823954,0.17063492063492064,0.6309523809523808,DESCRIPTIVE,21,7,"{""chance_top1_mean"": 0.07783882783882783, ""tied_cells"": 0, ""tied_pair_share"": 0.0, ""tied_share"": 0.0, ""top1_hits"": 3}"
all_angle_tie_free_auc_d:C-F-1,all,angle,tie_free,AUC d:C-F-1,0.34812409812409817,0.12193362193362194,0.6100288600288601,DESCRIPTIVE,21,7,"{""chance_top1_mean"": 0.07783882783882783, ""tied_cells"": 0, ""tied_pair_share"": 0.0, ""tied_share"": 0.0, ""top1_hits"": 3}"
all_angle_tie_free_auc_d:C-F-5,all,angle,tie_free,AUC d:C-F-5,0.35569985569985574,0.12941017316017325,0.6176046176046176,DESCRIPTIVE,21,7,"{""chance_top1_mean"": 0.07783882783882783, ""tied_cells"": 0, ""tied_pair_share"": 0.0, ""tied_share"": 0.0, ""top1_hits"": 3}"
all_angle_tie_free_auc_d:C-F-15,all,angle,tie_free,AUC d:C-F-15,0.36327561327561325,0.1251803751803752,0.6269841269841271,DESCRIPTIVE,21,7,"{""chance_top1_mean"": 0.07783882783882783, ""tied_cells"": 0, ""tied_pair_share"": 0.0, ""tied_share"": 0.0, ""top1_hits"": 3}"
all_angle_tie_free_auc_d:J,all,angle,tie_free,AUC d:J,0.4098124098124098,0.16774891774891776,0.6587301587301587,DESCRIPTIVE,21,7,"{""chance_top1_mean"": 0.07783882783882783, ""tied_cells"": 0, ""tied_pair_share"": 0.0, ""tied_share"": 0.0, ""top1_hits"": 3}"
all_angle_tie_free_auc_d:C-J,all,angle,tie_free,AUC d:C-J,0.363997113997114,0.13383838383838384,0.621933621933622,DESCRIPTIVE,21,7,"{""chance_top1_mean"": 0.07783882783882783, ""tied_cells"": 0, ""tied_pair_share"": 0.0, ""tied_share"": 0.0, ""top1_hits"": 3}"
all_angle_tie_free_auc_c:F-1-continuous,all,angle,tie_free,AUC c:F-1-continuous,0.44660894660894657,0.4206349206349206,0.47474747474747475,DESCRIPTIVE,21,7,"{""chance_top1_mean"": 0.07783882783882783, ""tied_cells"": 0, ""tied_pair_share"": 0.0, ""tied_share"": 0.0, ""top1_hits"": 0}"
all_angle_tie_free_auc_c:F-1-micro,all,angle,tie_free,AUC c:F-1-micro,0.44660894660894657,0.4206349206349206,0.47474747474747475,DESCRIPTIVE,21,7,"{""chance_top1_mean"": 0.07783882783882783, ""tied_cells"": 0, ""tied_pair_share"": 0.0, ""tied_share"": 0.0, ""top1_hits"": 0}"
all_angle_tie_free_auc_c:F-1-macro,all,angle,tie_free,AUC c:F-1-macro,0.37626262626262624,0.3311688311688311,0.42063492063492064,DESCRIPTIVE,21,7,"{""chance_top1_mean"": 0.07783882783882783, ""tied_cells"": 0, ""tied_pair_share"": 0.0, ""tied_share"": 0.0, ""top1_hits"": 0}"
all_angle_tie_free_auc_c:F-5-continuous,all,angle,tie_free,AUC c:F-5-continuous,0.3766233766233767,0.2777777777777778,0.483044733044733,DESCRIPTIVE,21,7,"{""chance_top1_mean"": 0.07783882783882783, ""tied_cells"": 0, ""tied_pair_share"": 0.0, ""tied_share"": 0.0, ""top1_hits"": 0}"
all_angle_tie_free_auc_c:F-5-micro,all,angle,tie_free,AUC c:F-5-micro,0.38852813852813844,0.28968253968253965,0.4909812409812409,DESCRIPTIVE,21,7,"{""chance_top1_mean"": 0.07783882783882783, ""tied_cells"": 0, ""tied_pair_share"": 0.0, ""tied_share"": 0.0, ""top1_hits"": 0}"
all_angle_tie_free_auc_c:F-5-macro,all,angle,tie_free,AUC c:F-5-macro,0.6471861471861471,0.5595238095238095,0.7344877344877345,DESCRIPTIVE,21,7,"{""chance_top1_mean"": 0.07783882783882783, ""tied_cells"": 0, ""tied_pair_share"": 0.0, ""tied_share"": 0.0, ""top1_hits"": 4}"
all_angle_tie_free_auc_c:F-15-continuous,all,angle,tie_free,AUC c:F-15-continuous,0.34415584415584416,0.2619047619047619,0.43722943722943725,DESCRIPTIVE,21,7,"{""chance_top1_mean"": 0.07783882783882783, ""tied_cells"": 0, ""tied_pair_share"": 0.0, ""tied_share"": 0.0, ""top1_hits"": 0}"
all_angle_tie_free_auc_c:F-15-micro,all,angle,tie_free,AUC c:F-15-micro,0.3564213564213564,0.2619047619047619,0.45815295815295815,DESCRIPTIVE,21,7,"{""chance_top1_mean"": 0.07783882783882783, ""tied_cells"": 0, ""tied_pair_share"": 0.0, ""tied_share"": 0.0, ""top1_hits"": 0}"
all_angle_tie_free_auc_c:F-15-macro,all,angle,tie_free,AUC c:F-15-macro,0.42748917748917753,0.3531746031746032,0.49783549783549785,DESCRIPTIVE,21,7,"{""chance_top1_mean"": 0.07783882783882783, ""tied_cells"": 0, ""tied_pair_share"": 0.0, ""tied_share"": 0.0, ""top1_hits"": 0}"
all_angle_tie_free_auc_c:C-F-1,all,angle,tie_free,AUC c:C-F-1,0.5577200577200576,0.536075036075036,0.5793650793650793,DESCRIPTIVE,21,7,"{""chance_top1_mean"": 0.07783882783882783, ""tied_cells"": 0, ""tied_pair_share"": 0.0, ""tied_share"": 0.0, ""top1_hits"": 0}"
all_angle_tie_free_auc_c:C-F-5,all,angle,tie_free,AUC c:C-F-5,0.5292207792207793,0.4087301587301587,0.6497113997113998,DESCRIPTIVE,21,7,"{""chance_top1_mean"": 0.07783882783882783, ""tied_cells"": 0, ""tied_pair_share"": 0.0, ""tied_share"": 0.0, ""top1_hits"": 0}"
all_angle_tie_free_auc_c:C-F-15,all,angle,tie_free,AUC c:C-F-15,0.3968253968253968,0.2857142857142857,0.5079365079365079,DESCRIPTIVE,21,7,"{""chance_top1_mean"": 0.07783882783882783, ""tied_cells"": 0, ""tied_pair_share"": 0.0, ""tied_share"": 0.0, ""top1_hits"": 0}"
all_angle_tie_free_auc_c:J,all,angle,tie_free,AUC c:J,0.5292207792207793,0.3730158730158731,0.687950937950938,DESCRIPTIVE,21,7,"{""chance_top1_mean"": 0.07783882783882783, ""tied_cells"": 0, ""tied_pair_share"": 0.0, ""tied_share"": 0.0, ""top1_hits"": 3}"
all_angle_tie_free_auc_c:C-J,all,angle,tie_free,AUC c:C-J,0.4563492063492064,0.3531746031746032,0.5555555555555556,DESCRIPTIVE,21,7,"{""chance_top1_mean"": 0.07783882783882783, ""tied_cells"": 0, ""tied_pair_share"": 0.0, ""tied_share"": 0.0, ""top1_hits"": 0}"
all_angle_tie_free_auc_b:F-1-continuous,all,angle,tie_free,AUC b:F-1-continuous,0.44660894660894657,0.4206349206349206,0.47474747474747475,DESCRIPTIVE,21,7,"{""chance_top1_mean"": 0.07783882783882783, ""tied_cells"": 0, ""tied_pair_share"": 0.0, ""tied_share"": 0.0, ""top1_hits"": 0}"
all_angle_tie_free_auc_b:F-1-micro,all,angle,tie_free,AUC b:F-1-micro,0.44660894660894657,0.4206349206349206,0.47474747474747475,DESCRIPTIVE,21,7,"{""chance_top1_mean"": 0.07783882783882783, ""tied_cells"": 0, ""tied_pair_share"": 0.0, ""tied_share"": 0.0, ""top1_hits"": 0}"
all_angle_tie_free_auc_b:F-1-macro,all,angle,tie_free,AUC b:F-1-macro,0.3971861471861472,0.338023088023088,0.4642857142857143,DESCRIPTIVE,21,7,"{""chance_top1_mean"": 0.07783882783882783, ""tied_cells"": 0, ""tied_pair_share"": 0.0, ""tied_share"": 0.0, ""top1_hits"": 1}"
all_angle_tie_free_auc_b:F-5-continuous,all,angle,tie_free,AUC b:F-5-continuous,0.38059163059163065,0.2776785714285715,0.4945887445887445,DESCRIPTIVE,21,7,"{""chance_top1_mean"": 0.07783882783882783, ""tied_cells"": 0, ""tied_pair_share"": 0.0, ""tied_share"": 0.0, ""top1_hits"": 0}"
all_angle_tie_free_auc_b:F-5-micro,all,angle,tie_free,AUC b:F-5-micro,0.3643578643578644,0.26587301587301587,0.4693362193362193,DESCRIPTIVE,21,7,"{""chance_top1_mean"": 0.07783882783882783, ""tied_cells"": 0, ""tied_pair_share"": 0.0, ""tied_share"": 0.0, ""top1_hits"": 0}"
all_angle_tie_free_auc_b:F-5-macro,all,angle,tie_free,AUC b:F-5-macro,0.48196248196248187,0.4065656565656566,0.5533910533910534,DESCRIPTIVE,21,7,"{""chance_top1_mean"": 0.07783882783882783, ""tied_cells"": 0, ""tied_pair_share"": 0.0, ""tied_share"": 0.0, ""top1_hits"": 1}"
all_angle_tie_free_auc_b:F-15-continuous,all,angle,tie_free,AUC b:F-15-continuous,0.33982683982683987,0.2619047619047619,0.42424242424242425,DESCRIPTIVE,21,7,"{""chance_top1_mean"": 0.07783882783882783, ""tied_cells"": 0, ""tied_pair_share"": 0.0, ""tied_share"": 0.0, ""top1_hits"": 0}"
all_angle_tie_free_auc_b:F-15-micro,all,angle,tie_free,AUC b:F-15-micro,0.3437950937950938,0.2619047619047619,0.4282106782106782,DESCRIPTIVE,21,7,"{""chance_top1_mean"": 0.07783882783882783, ""tied_cells"": 0, ""tied_pair_share"": 0.0, ""tied_share"": 0.0, ""top1_hits"": 0}"
all_angle_tie_free_auc_b:F-15-macro,all,angle,tie_free,AUC b:F-15-macro,0.4664502164502164,0.3831168831168831,0.5357142857142856,DESCRIPTIVE,21,7,"{""chance_top1_mean"": 0.07783882783882783, ""tied_cells"": 0, ""tied_pair_share"": 0.0, ""tied_share"": 0.0, ""top1_hits"": 3}"
all_angle_tie_free_auc_b:C-F-1,all,angle,tie_free,AUC b:C-F-1,0.5624098124098124,0.5386002886002885,0.5851370851370852,DESCRIPTIVE,21,7,"{""chance_top1_mean"": 0.07783882783882783, ""tied_cells"": 0, ""tied_pair_share"": 0.0, ""tied_share"": 0.0, ""top1_hits"": 0}"
all_angle_tie_free_auc_b:C-F-5,all,angle,tie_free,AUC b:C-F-5,0.509018759018759,0.3888888888888889,0.6291486291486291,DESCRIPTIVE,21,7,"{""chance_top1_mean"": 0.07783882783882783, ""tied_cells"": 0, ""tied_pair_share"": 0.0, ""tied_share"": 0.0, ""top1_hits"": 0}"
all_angle_tie_free_auc_b:C-F-15,all,angle,tie_free,AUC b:C-F-15,0.3968253968253968,0.2857142857142857,0.5079365079365079,DESCRIPTIVE,21,7,"{""chance_top1_mean"": 0.07783882783882783, ""tied_cells"": 0, ""tied_pair_share"": 0.0, ""tied_share"": 0.0, ""top1_hits"": 0}"
all_angle_tie_free_auc_b:J,all,angle,tie_free,AUC b:J,0.4332611832611833,0.33477633477633484,0.5158730158730158,DESCRIPTIVE,21,7,"{""chance_top1_mean"": 0.07783882783882783, ""tied_cells"": 0, ""tied_pair_share"": 0.0, ""tied_share"": 0.0, ""top1_hits"": 1}"
all_angle_tie_free_auc_b:C-J,all,angle,tie_free,AUC b:C-J,0.4642857142857143,0.3531746031746032,0.5714285714285714,DESCRIPTIVE,21,7,"{""chance_top1_mean"": 0.07783882783882783, ""tied_cells"": 0, ""tied_pair_share"": 0.0, ""tied_share"": 0.0, ""top1_hits"": 1}"
all_angle_tie_free_cost_ceiling_auc,all,angle,tie_free,cost_ceiling_auc,0.8571428571428571,0.7142857142857143,1.0,DESCRIPTIVE,21,7,
all_angle_tie_free_endpoint_perception,all,angle,tie_free,endpoint_perception,0.47294372294372294,0.0800865800865801,0.8181818181818182,DESCRIPTIVE,21,7,
all_angle_tie_free_mean_one_step_dynamics,all,angle,tie_free,request-mean one_step_dynamics,-0.005565862708719804,-0.06821467223252928,0.06434240362811797,DESCRIPTIVE,21,7,
all_angle_tie_free_mean_compounding,all,angle,tie_free,request-mean compounding,-0.05875077303648735,-0.26766903731189445,0.16383219954648517,DESCRIPTIVE,21,7,
all_angle_tie_free_mean_anchor_perception,all,angle,tie_free,request-mean anchor_perception,-0.017573696145124714,-0.028628117913832192,-0.003968253968253968,DESCRIPTIVE,21,7,
all_angle_tie_free_mean_dynamics,all,angle,tie_free,request-mean dynamics,-0.06431663574520718,-0.29924242424242425,0.18537414965986396,DESCRIPTIVE,21,7,
all_angle_tie_free_mean_total,all,angle,tie_free,request-mean total,0.40862708719851565,0.20037105751391457,0.6040320294784579,DESCRIPTIVE,21,7,
all_angle_tie_free_F-1-continuous_one_step_dynamics,all,angle,tie_free,one_step_dynamics [F-1-continuous],-0.01334776334776335,-0.08874458874458875,0.06601731601731602,DESCRIPTIVE,21,7,
all_angle_tie_free_F-1-continuous_compounding,all,angle,tie_free,compounding [F-1-continuous],-0.04906204906204905,-0.2673160173160173,0.18650793650793648,DESCRIPTIVE,21,7,
all_angle_tie_free_F-1-continuous_anchor_perception,all,angle,tie_free,anchor_perception [F-1-continuous],0.0,0.0,0.0,DESCRIPTIVE,21,7,
all_angle_tie_free_F-1-continuous_total,all,angle,tie_free,total [F-1-continuous],0.4105339105339106,0.23556998556998557,0.5793650793650793,DESCRIPTIVE,21,7,
all_angle_tie_free_F-1-micro_one_step_dynamics,all,angle,tie_free,one_step_dynamics [F-1-micro],-0.021645021645021644,-0.09307359307359307,0.04978354978354978,DESCRIPTIVE,21,7,
all_angle_tie_free_F-1-micro_compounding,all,angle,tie_free,compounding [F-1-micro],-0.04076479076479076,-0.262987012987013,0.1944444444444444,DESCRIPTIVE,21,7,
all_angle_tie_free_F-1-micro_anchor_perception,all,angle,tie_free,anchor_perception [F-1-micro],0.0,0.0,0.0,DESCRIPTIVE,21,7,
all_angle_tie_free_F-1-micro_total,all,angle,tie_free,total [F-1-micro],0.4105339105339106,0.23556998556998557,0.5793650793650793,DESCRIPTIVE,21,7,
all_angle_tie_free_F-1-macro_one_step_dynamics,all,angle,tie_free,one_step_dynamics [F-1-macro],0.02633477633477633,-0.08080808080808084,0.1626984126984127,DESCRIPTIVE,21,7,
all_angle_tie_free_F-1-macro_compounding,all,angle,tie_free,compounding [F-1-macro],-0.018398268398268396,-0.22619047619047622,0.21969696969696972,DESCRIPTIVE,21,7,
all_angle_tie_free_F-1-macro_anchor_perception,all,angle,tie_free,anchor_perception [F-1-macro],0.02092352092352091,-0.04256854256854258,0.0854978354978355,DESCRIPTIVE,21,7,
all_angle_tie_free_F-1-macro_total,all,angle,tie_free,total [F-1-macro],0.48088023088023096,0.32213203463203466,0.6190476190476192,DESCRIPTIVE,21,7,
all_angle_tie_free_F-5-continuous_one_step_dynamics,all,angle,tie_free,one_step_dynamics [F-5-continuous],-0.03354978354978356,-0.11435786435786435,0.04761904761904761,DESCRIPTIVE,21,7,
all_angle_tie_free_F-5-continuous_compounding,all,angle,tie_free,compounding [F-5-continuous],0.04112554112554112,-0.1825396825396825,0.25803571428571287,DESCRIPTIVE,21,7,
all_angle_tie_free_F-5-continuous_anchor_perception,all,angle,tie_free,anchor_perception [F-5-continuous],0.0039682539682539646,-0.015873015873015876,0.023809523809523805,DESCRIPTIVE,21,7,
all_angle_tie_free_F-5-continuous_total,all,angle,tie_free,total [F-5-continuous],0.4805194805194805,0.2153679653679654,0.7142857142857143,DESCRIPTIVE,21,7,
all_angle_tie_free_F-5-micro_one_step_dynamics,all,angle,tie_free,one_step_dynamics [F-5-micro],-0.03354978354978356,-0.11435786435786435,0.04761904761904761,DESCRIPTIVE,21,7,
all_angle_tie_free_F-5-micro_compounding,all,angle,tie_free,compounding [F-5-micro],0.029220779220779234,-0.1944444444444444,0.25,DESCRIPTIVE,21,7,
all_angle_tie_free_F-5-micro_anchor_perception,all,angle,tie_free,anchor_perception [F-5-micro],-0.024170274170274175,-0.043650793650793655,-0.003968253968253976,DESCRIPTIVE,21,7,
all_angle_tie_free_F-5-micro_total,all,angle,tie_free,total [F-5-micro],0.46861471861471865,0.20743145743145747,0.7063492063492064,DESCRIPTIVE,21,7,
all_angle_tie_free_F-5-macro_one_step_dynamics,all,angle,tie_free,one_step_dynamics [F-5-macro],-0.0021645021645021567,-0.11760461760461759,0.14285714285714285,DESCRIPTIVE,21,7,
all_angle_tie_free_F-5-macro_compounding,all,angle,tie_free,compounding [F-5-macro],-0.2608225108225108,-0.4711399711399711,-0.06529581529581531,DESCRIPTIVE,21,7,
all_angle_tie_free_F-5-macro_anchor_perception,all,angle,tie_free,anchor_perception [F-5-macro],-0.16522366522366522,-0.2803030303030303,-0.026334776334776332,DESCRIPTIVE,21,7,
all_angle_tie_free_F-5-macro_total,all,angle,tie_free,total [F-5-macro],0.20995670995670995,-0.028499278499278462,0.4246031746031746,DESCRIPTIVE,21,7,
all_angle_tie_free_F-15-continuous_one_step_dynamics,all,angle,tie_free,one_step_dynamics [F-15-continuous],-0.030303030303030307,-0.1186868686868687,0.04761904761904761,DESCRIPTIVE,21,7,
all_angle_tie_free_F-15-continuous_compounding,all,angle,tie_free,compounding [F-15-continuous],0.07034632034632035,-0.1468253968253968,0.29653679653679654,DESCRIPTIVE,21,7,
all_angle_tie_free_F-15-continuous_anchor_perception,all,angle,tie_free,anchor_perception [F-15-continuous],-0.004329004329004331,-0.012987012987012991,0.0,DESCRIPTIVE,21,7,
all_angle_tie_free_F-15-continuous_total,all,angle,tie_free,total [F-15-continuous],0.512987012987013,0.26515151515151514,0.738095238095238,DESCRIPTIVE,21,7,
all_angle_tie_free_F-15-micro_one_step_dynamics,all,angle,tie_free,one_step_dynamics [F-15-micro],-0.0386002886002886,-0.13167388167388167,0.036796536796536786,DESCRIPTIVE,21,7,
all_angle_tie_free_F-15-micro_compounding,all,angle,tie_free,compounding [F-15-micro],0.0663780663780664,-0.14610389610389607,0.2817460317460317,DESCRIPTIVE,21,7,
all_angle_tie_free_F-15-micro_anchor_perception,all,angle,tie_free,anchor_perception [F-15-micro],-0.012626262626262633,-0.029942279942279958,0.0,DESCRIPTIVE,21,7,
all_angle_tie_free_F-15-micro_total,all,angle,tie_free,total [F-15-micro],0.5007215007215007,0.24422799422799418,0.738095238095238,DESCRIPTIVE,21,7,
all_angle_tie_free_F-15-macro_one_step_dynamics,all,angle,tie_free,one_step_dynamics [F-15-macro],-0.011183261183261194,-0.13275613275613277,0.11507936507936505,DESCRIPTIVE,21,7,
all_angle_tie_free_F-15-macro_compounding,all,angle,tie_free,compounding [F-15-macro],-0.03210678210678209,-0.23809523809523808,0.18217893217893222,DESCRIPTIVE,21,7,
all_angle_tie_free_F-15-macro_anchor_perception,all,angle,tie_free,anchor_perception [F-15-macro],0.03896103896103897,-0.025974025974025976,0.10317460317460318,DESCRIPTIVE,21,7,
all_angle_tie_free_F-15-macro_total,all,angle,tie_free,total [F-15-macro],0.4296536796536796,0.20562770562770566,0.6269841269841271,DESCRIPTIVE,21,7,
all_angle_tie_free_C-F-1_one_step_dynamics,all,angle,tie_free,one_step_dynamics [C-F-1],0.03607503607503606,0.004329004329004322,0.08369408369408367,DESCRIPTIVE,21,7,
all_angle_tie_free_C-F-1_compounding,all,angle,tie_free,compounding [C-F-1],-0.20959595959595959,-0.44769119769119764,0.06746031746031747,DESCRIPTIVE,21,7,
all_angle_tie_free_C-F-1_anchor_perception,all,angle,tie_free,anchor_perception [C-F-1],0.004689754689754691,-0.01190476190476191,0.025974025974025983,DESCRIPTIVE,21,7,
all_angle_tie_free_C-F-1_total,all,angle,tie_free,total [C-F-1],0.2994227994227994,0.1605339105339105,0.4325396825396826,DESCRIPTIVE,21,7,
all_angle_tie_free_C-F-5_one_step_dynamics,all,angle,tie_free,one_step_dynamics [C-F-5],0.028499278499278493,-0.007936507936507941,0.08008658008658008,DESCRIPTIVE,21,7,
all_angle_tie_free_C-F-5_compounding,all,angle,tie_free,compounding [C-F-5],-0.1735209235209235,-0.39646464646464646,0.04761904761904762,DESCRIPTIVE,21,7,
all_angle_tie_free_C-F-5_anchor_perception,all,angle,tie_free,anchor_perception [C-F-5],-0.020202020202020193,-0.02849927849927849,-0.011904761904761895,DESCRIPTIVE,21,7,
all_angle_tie_free_C-F-5_total,all,angle,tie_free,total [C-F-5],0.327922077922078,0.05122655122655127,0.5912698412698413,DESCRIPTIVE,21,7,
all_angle_tie_free_C-F-15_one_step_dynamics,all,angle,tie_free,one_step_dynamics [C-F-15],0.020923520923520924,-0.014790764790764797,0.05663780663780665,DESCRIPTIVE,21,7,
all_angle_tie_free_C-F-15_compounding,all,angle,tie_free,compounding [C-F-15],-0.03354978354978356,-0.27525252525252525,0.20243506493506414,DESCRIPTIVE,21,7,
all_angle_tie_free_C-F-15_anchor_perception,all,angle,tie_free,anchor_perception [C-F-15],0.0,0.0,0.0,DESCRIPTIVE,21,7,
all_angle_tie_free_C-F-15_total,all,angle,tie_free,total [C-F-15],0.46031746031746035,0.18650793650793648,0.7063492063492063,DESCRIPTIVE,21,7,
all_angle_tie_free_J_one_step_dynamics,all,angle,tie_free,one_step_dynamics [J],-0.025613275613275612,-0.07503607503607504,0.01190476190476191,DESCRIPTIVE,21,7,
all_angle_tie_free_J_compounding,all,angle,tie_free,compounding [J],-0.11940836940836941,-0.40476190476190477,0.1746031746031746,DESCRIPTIVE,21,7,
all_angle_tie_free_J_anchor_perception,all,angle,tie_free,anchor_perception [J],-0.09595959595959598,-0.2546897546897547,0.0541125541125541,DESCRIPTIVE,21,7,
all_angle_tie_free_J_total,all,angle,tie_free,total [J],0.3279220779220779,0.14646464646464644,0.5328282828282828,DESCRIPTIVE,21,7,
all_angle_tie_free_C-J_one_step_dynamics,all,angle,tie_free,one_step_dynamics [C-J],0.020202020202020193,-0.007936507936507941,0.06385281385281383,DESCRIPTIVE,21,7,
all_angle_tie_free_C-J_compounding,all,angle,tie_free,compounding [C-J],-0.09235209235209234,-0.32142857142857145,0.13780663780663785,DESCRIPTIVE,21,7,
all_angle_tie_free_C-J_anchor_perception,all,angle,tie_free,anchor_perception [C-J],0.00793650793650795,-0.007936507936507924,0.019841269841269864,DESCRIPTIVE,21,7,
all_angle_tie_free_C-J_total,all,angle,tie_free,total [C-J],0.40079365079365076,0.1468253968253968,0.634920634920635,DESCRIPTIVE,21,7,
all_angle_count_auc_a,all,angle,count,AUC a,0.8246753246753247,0.6103896103896104,1.0,DESCRIPTIVE,21,7,"{""chance_top1_mean"": 0.07783882783882783, ""tied_cells"": 3, ""tied_pair_share"": 0.21686746987951808, ""tied_share"": 0.14285714285714285, ""top1_hits"": 15}"
all_angle_count_auc_ap,all,angle,count,AUC ap,0.3841991341991342,0.13419913419913418,0.6493506493506492,DESCRIPTIVE,21,7,"{""chance_top1_mean"": 0.07783882783882783, ""tied_cells"": 0, ""tied_pair_share"": 0.0, ""tied_share"": 0.0, ""top1_hits"": 3}"
all_angle_count_auc_d:F-1-continuous,all,angle,count,AUC d:F-1-continuous,0.39754689754689754,0.1688311688311688,0.6428571428571429,DESCRIPTIVE,21,7,"{""chance_top1_mean"": 0.07783882783882783, ""tied_cells"": 0, ""tied_pair_share"": 0.0, ""tied_share"": 0.0, ""top1_hits"": 3}"
all_angle_count_auc_d:F-1-micro,all,angle,count,AUC d:F-1-micro,0.40584415584415584,0.17857142857142858,0.6547619047619048,DESCRIPTIVE,21,7,"{""chance_top1_mean"": 0.07783882783882783, ""tied_cells"": 0, ""tied_pair_share"": 0.0, ""tied_share"": 0.0, ""top1_hits"": 3}"
all_angle_count_auc_d:F-1-macro,all,angle,count,AUC d:F-1-macro,0.34523809523809523,0.16666666666666666,0.5515873015873016,DESCRIPTIVE,21,7,"{""chance_top1_mean"": 0.07783882783882783, ""tied_cells"": 0, ""tied_pair_share"": 0.0, ""tied_share"": 0.0, ""top1_hits"": 1}"
all_angle_count_auc_d:F-5-continuous,all,angle,count,AUC d:F-5-continuous,0.41378066378066375,0.17857142857142858,0.6558441558441558,DESCRIPTIVE,21,7,"{""chance_top1_mean"": 0.07783882783882783, ""tied_cells"": 0, ""tied_pair_share"": 0.0, ""tied_share"": 0.0, ""top1_hits"": 3}"
all_angle_count_auc_d:F-5-micro,all,angle,count,AUC d:F-5-micro,0.4177489177489178,0.18253968253968256,0.655844155844156,DESCRIPTIVE,21,7,"{""chance_top1_mean"": 0.07783882783882783, ""tied_cells"": 0, ""tied_pair_share"": 0.0, ""tied_share"": 0.0, ""top1_hits"": 3}"
all_angle_count_auc_d:F-5-macro,all,angle,count,AUC d:F-5-macro,0.3658008658008658,0.17857142857142858,0.5800865800865801,DESCRIPTIVE,21,7,"{""chance_top1_mean"": 0.07783882783882783, ""tied_cells"": 0, ""tied_pair_share"": 0.0, ""tied_share"": 0.0, ""top1_hits"": 1}"
all_angle_count_auc_d:F-15-continuous,all,angle,count,AUC d:F-15-continuous,0.4148629148629149,0.18073593073593072,0.6626984126984127,DESCRIPTIVE,21,7,"{""chance_top1_mean"": 0.07783882783882783, ""tied_cells"": 0, ""tied_pair_share"": 0.0, ""tied_share"": 0.0, ""top1_hits"": 3}"
all_angle_count_auc_d:F-15-micro,all,angle,count,AUC d:F-15-micro,0.42279942279942284,0.18470418470418468,0.6666666666666666,DESCRIPTIVE,21,7,"{""chance_top1_mean"": 0.07783882783882783, ""tied_cells"": 0, ""tied_pair_share"": 0.0, ""tied_share"": 0.0, ""top1_hits"": 3}"
all_angle_count_auc_d:F-15-macro,all,angle,count,AUC d:F-15-macro,0.3654401154401154,0.16305916305916304,0.5836940836940837,DESCRIPTIVE,21,7,"{""chance_top1_mean"": 0.07783882783882783, ""tied_cells"": 0, ""tied_pair_share"": 0.0, ""tied_share"": 0.0, ""top1_hits"": 1}"
all_angle_count_auc_d:C-F-1,all,angle,count,AUC d:C-F-1,0.34812409812409817,0.12193362193362194,0.6100288600288601,DESCRIPTIVE,21,7,"{""chance_top1_mean"": 0.07783882783882783, ""tied_cells"": 0, ""tied_pair_share"": 0.0, ""tied_share"": 0.0, ""top1_hits"": 3}"
all_angle_count_auc_d:C-F-5,all,angle,count,AUC d:C-F-5,0.36002886002886003,0.13095238095238096,0.6191197691197682,DESCRIPTIVE,21,7,"{""chance_top1_mean"": 0.07783882783882783, ""tied_cells"": 0, ""tied_pair_share"": 0.0, ""tied_share"": 0.0, ""top1_hits"": 3}"
all_angle_count_auc_d:C-F-15,all,angle,count,AUC d:C-F-15,0.3676046176046176,0.12950937950937952,0.632034632034632,DESCRIPTIVE,21,7,"{""chance_top1_mean"": 0.07783882783882783, ""tied_cells"": 0, ""tied_pair_share"": 0.0, ""tied_share"": 0.0, ""top1_hits"": 3}"
all_angle_count_auc_d:J,all,angle,count,AUC d:J,0.4098124098124098,0.1637806637806638,0.6626984126984128,DESCRIPTIVE,21,7,"{""chance_top1_mean"": 0.07783882783882783, ""tied_cells"": 0, ""tied_pair_share"": 0.0, ""tied_share"": 0.0, ""top1_hits"": 3}"
all_angle_count_auc_d:C-J,all,angle,count,AUC d:C-J,0.363997113997114,0.13383838383838384,0.621933621933622,DESCRIPTIVE,21,7,"{""chance_top1_mean"": 0.07783882783882783, ""tied_cells"": 0, ""tied_pair_share"": 0.0, ""tied_share"": 0.0, ""top1_hits"": 3}"
all_angle_count_auc_c:F-1-continuous,all,angle,count,AUC c:F-1-continuous,0.5198412698412699,0.5,0.5436507936507937,DESCRIPTIVE,21,7,"{""chance_top1_mean"": 0.07783882783882783, ""tied_cells"": 19, ""tied_pair_share"": 0.9357429718875502, ""tied_share"": 0.9047619047619048, ""top1_hits"": 0}"
all_angle_count_auc_c:F-1-micro,all,angle,count,AUC c:F-1-micro,0.501984126984127,0.44642857142857145,0.5595238095238095,DESCRIPTIVE,21,7,"{""chance_top1_mean"": 0.07783882783882783, ""tied_cells"": 19, ""tied_pair_share"": 0.9156626506024096, ""tied_share"": 0.9047619047619048, ""top1_hits"": 0}"
all_angle_count_auc_c:F-1-macro,all,angle,count,AUC c:F-1-macro,0.505952380952381,0.4226190476190476,0.5833333333333334,DESCRIPTIVE,21,7,"{""chance_top1_mean"": 0.07783882783882783, ""tied_cells"": 15, ""tied_pair_share"": 0.7429718875502008, ""tied_share"": 0.7142857142857143, ""top1_hits"": 0}"
all_angle_count_auc_c:F-5-continuous,all,angle,count,AUC c:F-5-continuous,0.5808080808080808,0.49747474747474746,0.6626984126984128,DESCRIPTIVE,21,7,"{""chance_top1_mean"": 0.07783882783882783, ""tied_cells"": 0, ""tied_pair_share"": 0.0, ""tied_share"": 0.0, ""top1_hits"": 0}"
all_angle_count_auc_c:F-5-micro,all,angle,count,AUC c:F-5-micro,0.6093073593073592,0.5537518037518037,0.6706349206349207,DESCRIPTIVE,21,7,"{""chance_top1_mean"": 0.07783882783882783, ""tied_cells"": 0, ""tied_pair_share"": 0.0, ""tied_share"": 0.0, ""top1_hits"": 0}"
all_angle_count_auc_c:F-5-macro,all,angle,count,AUC c:F-5-macro,0.6345598845598845,0.5873015873015872,0.6785714285714286,DESCRIPTIVE,21,7,"{""chance_top1_mean"": 0.07783882783882783, ""tied_cells"": 3, ""tied_pair_share"": 0.14457831325301204, ""tied_share"": 0.14285714285714285, ""top1_hits"": 1}"
all_angle_count_auc_c:F-15-continuous,all,angle,count,AUC c:F-15-continuous,0.4502164502164502,0.3232323232323232,0.5613726551226544,DESCRIPTIVE,21,7,"{""chance_top1_mean"": 0.07783882783882783, ""tied_cells"": 0, ""tied_pair_share"": 0.0, ""tied_share"": 0.0, ""top1_hits"": 1}"
all_angle_count_auc_c:F-15-micro,all,angle,count,AUC c:F-15-micro,0.45021645021645024,0.358946608946609,0.5238095238095238,DESCRIPTIVE,21,7,"{""chance_top1_mean"": 0.07783882783882783, ""tied_cells"": 0, ""tied_pair_share"": 0.0, ""tied_share"": 0.0, ""top1_hits"": 0}"
all_angle_count_auc_c:F-15-macro,all,angle,count,AUC c:F-15-macro,0.5335497835497834,0.5,0.5692640692640693,DESCRIPTIVE,21,7,"{""chance_top1_mean"": 0.07783882783882783, ""tied_cells"": 0, ""tied_pair_share"": 0.0, ""tied_share"": 0.0, ""top1_hits"": 0}"
all_angle_count_auc_c:C-F-1,all,angle,count,AUC c:C-F-1,0.47709235209235207,0.43344155844155846,0.5257936507936508,DESCRIPTIVE,21,7,"{""chance_top1_mean"": 0.07783882783882783, ""tied_cells"": 14, ""tied_pair_share"": 0.8433734939759037, ""tied_share"": 0.6666666666666666, ""top1_hits"": 0}"
all_angle_count_auc_c:C-F-5,all,angle,count,AUC c:C-F-5,0.5764790764790764,0.5079365079365079,0.65007215007215,DESCRIPTIVE,21,7,"{""chance_top1_mean"": 0.07783882783882783, ""tied_cells"": 0, ""tied_pair_share"": 0.0, ""tied_share"": 0.0, ""top1_hits"": 0}"
all_angle_count_auc_c:C-F-15,all,angle,count,AUC c:C-F-15,0.47474747474747475,0.40476190476190477,0.5436507936507937,DESCRIPTIVE,21,7,"{""chance_top1_mean"": 0.07783882783882783, ""tied_cells"": 0, ""tied_pair_share"": 0.0, ""tied_share"": 0.0, ""top1_hits"": 0}"
all_angle_count_auc_c:J,all,angle,count,AUC c:J,0.5654761904761905,0.5198412698412699,0.625,DESCRIPTIVE,21,7,"{""chance_top1_mean"": 0.07783882783882783, ""tied_cells"": 11, ""tied_pair_share"": 0.6024096385542169, ""tied_share"": 0.5238095238095238, ""top1_hits"": 0}"
all_angle_count_auc_c:C-J,all,angle,count,AUC c:C-J,0.5459956709956709,0.4880952380952381,0.6114718614718615,DESCRIPTIVE,21,7,"{""chance_top1_mean"": 0.07783882783882783, ""tied_cells"": 9, ""tied_pair_share"": 0.5622489959839357, ""tied_share"": 0.42857142857142855, ""top1_hits"": 0}"
all_angle_count_auc_b:F-1-continuous,all,angle,count,AUC b:F-1-continuous,0.5061327561327562,0.47835497835497837,0.5378787878787878,DESCRIPTIVE,21,7,"{""chance_top1_mean"": 0.07783882783882783, ""tied_cells"": 17, ""tied_pair_share"": 0.9156626506024096, ""tied_share"": 0.8095238095238095, ""top1_hits"": 0}"
all_angle_count_auc_b:F-1-micro,all,angle,count,AUC b:F-1-micro,0.5124458874458874,0.5,0.525974025974026,DESCRIPTIVE,21,7,"{""chance_top1_mean"": 0.07783882783882783, ""tied_cells"": 19, ""tied_pair_share"": 0.9759036144578314, ""tied_share"": 0.9047619047619048, ""top1_hits"": 1}"
all_angle_count_auc_b:F-1-macro,all,angle,count,AUC b:F-1-macro,0.5037878787878788,0.4917027417027417,0.5178571428571428,DESCRIPTIVE,21,7,"{""chance_top1_mean"": 0.07783882783882783, ""tied_cells"": 16, ""tied_pair_share"": 0.8955823293172691, ""tied_share"": 0.7619047619047619, ""top1_hits"": 0}"
all_angle_count_auc_b:F-5-continuous,all,angle,count,AUC b:F-5-continuous,0.43614718614718617,0.3447871572871573,0.5346320346320346,DESCRIPTIVE,21,7,"{""chance_top1_mean"": 0.07783882783882783, ""tied_cells"": 0, ""tied_pair_share"": 0.0, ""tied_share"": 0.0, ""top1_hits"": 0}"
all_angle_count_auc_b:F-5-micro,all,angle,count,AUC b:F-5-micro,0.45526695526695526,0.35714285714285715,0.5454545454545454,DESCRIPTIVE,21,7,"{""chance_top1_mean"": 0.07783882783882783, ""tied_cells"": 0, ""tied_pair_share"": 0.0, ""tied_share"": 0.0, ""top1_hits"": 0}"
all_angle_count_auc_b:F-5-macro,all,angle,count,AUC b:F-5-macro,0.44985569985569984,0.35714285714285715,0.5555555555555556,DESCRIPTIVE,21,7,"{""chance_top1_mean"": 0.07783882783882783, ""tied_cells"": 3, ""tied_pair_share"": 0.14457831325301204, ""tied_share"": 0.14285714285714285, ""top1_hits"": 0}"
all_angle_count_auc_b:F-15-continuous,all,angle,count,AUC b:F-15-continuous,0.33982683982683987,0.2619047619047619,0.42424242424242425,DESCRIPTIVE,21,7,"{""chance_top1_mean"": 0.07783882783882783, ""tied_cells"": 0, ""tied_pair_share"": 0.0, ""tied_share"": 0.0, ""top1_hits"": 0}"
all_angle_count_auc_b:F-15-micro,all,angle,count,AUC b:F-15-micro,0.3481240981240981,0.2619047619047619,0.4411976911976912,DESCRIPTIVE,21,7,"{""chance_top1_mean"": 0.07783882783882783, ""tied_cells"": 0, ""tied_pair_share"": 0.0, ""tied_share"": 0.0, ""top1_hits"": 0}"
all_angle_count_auc_b:F-15-macro,all,angle,count,AUC b:F-15-macro,0.4664502164502164,0.3831168831168831,0.5357142857142856,DESCRIPTIVE,21,7,"{""chance_top1_mean"": 0.07783882783882783, ""tied_cells"": 0, ""tied_pair_share"": 0.0, ""tied_share"": 0.0, ""top1_hits"": 3}"
all_angle_count_auc_b:C-F-1,all,angle,count,AUC b:C-F-1,0.49603174603174605,0.4642857142857143,0.5297619047619049,DESCRIPTIVE,21,7,"{""chance_top1_mean"": 0.07783882783882783, ""tied_cells"": 17, ""tied_pair_share"": 0.9036144578313253, ""tied_share"": 0.8095238095238095, ""top1_hits"": 0}"
all_angle_count_auc_b:C-F-5,all,angle,count,AUC b:C-F-5,0.41053391053391053,0.3531746031746032,0.4621212121212121,DESCRIPTIVE,21,7,"{""chance_top1_mean"": 0.07783882783882783, ""tied_cells"": 0, ""tied_pair_share"": 0.0, ""tied_share"": 0.0, ""top1_hits"": 0}"
all_angle_count_auc_b:C-F-15,all,angle,count,AUC b:C-F-15,0.3924963924963925,0.2857142857142857,0.49927849927849927,DESCRIPTIVE,21,7,"{""chance_top1_mean"": 0.07783882783882783, ""tied_cells"": 0, ""tied_pair_share"": 0.0, ""tied_share"": 0.0, ""top1_hits"": 0}"
all_angle_count_auc_b:J,all,angle,count,AUC b:J,0.5835137085137084,0.5261498917748917,0.6468253968253969,DESCRIPTIVE,21,7,"{""chance_top1_mean"": 0.07783882783882783, ""tied_cells"": 11, ""tied_pair_share"": 0.6385542168674698, ""tied_share"": 0.5238095238095238, ""top1_hits"": 2}"
all_angle_count_auc_b:C-J,all,angle,count,AUC b:C-J,0.4981962481962482,0.47041847041847046,0.5317460317460317,DESCRIPTIVE,21,7,"{""chance_top1_mean"": 0.07783882783882783, ""tied_cells"": 13, ""tied_pair_share"": 0.642570281124498, ""tied_share"": 0.6190476190476191, ""top1_hits"": 0}"
all_angle_count_cost_ceiling_auc,all,angle,count,cost_ceiling_auc,0.8246753246753247,0.6103896103896104,1.0,DESCRIPTIVE,21,7,
all_angle_count_endpoint_perception,all,angle,count,endpoint_perception,0.4404761904761905,0.04732142857142885,0.7976190476190477,DESCRIPTIVE,21,7,
all_angle_count_mean_one_step_dynamics,all,angle,count,request-mean one_step_dynamics,-0.0014172335600906676,-0.062641723356009,0.06547619047619048,DESCRIPTIVE,21,7,
all_angle_count_mean_compounding,all,angle,count,request-mean compounding,-0.14482838589981448,-0.37542517006802717,0.10743918779633058,DESCRIPTIVE,21,7,
all_angle_count_mean_anchor_perception,all,angle,count,request-mean anchor_perception,-0.07338693052978769,-0.1308106575963719,-0.020356627499484647,DESCRIPTIVE,21,7,
all_angle_count_mean_dynamics,all,angle,count,request-mean dynamics,-0.1462456194599051,-0.40319006390434947,0.1319573283858999,DESCRIPTIVE,21,7,
all_angle_count_mean_total,all,angle,count,request-mean total,0.29423057101628525,0.08505076272933416,0.4675453514739228,DESCRIPTIVE,21,7,
all_angle_count_F-1-continuous_one_step_dynamics,all,angle,count,one_step_dynamics [F-1-continuous],-0.013347763347763358,-0.07683982683982686,0.05411255411255411,DESCRIPTIVE,21,7,
all_angle_count_F-1-continuous_compounding,all,angle,count,compounding [F-1-continuous],-0.12229437229437232,-0.36904761904761907,0.13961038961038957,DESCRIPTIVE,21,7,
all_angle_count_F-1-continuous_anchor_perception,all,angle,count,anchor_perception [F-1-continuous],-0.01370851370851371,-0.05916305916305916,0.028138528138528133,DESCRIPTIVE,21,7,
all_angle_count_F-1-continuous_total,all,angle,count,total [F-1-continuous],0.3048340548340548,0.09301046176046182,0.4801587301587302,DESCRIPTIVE,21,7,
all_angle_count_F-1-micro_one_step_dynamics,all,angle,count,one_step_dynamics [F-1-micro],-0.021645021645021644,-0.09307359307359307,0.04978354978354978,DESCRIPTIVE,21,7,
all_angle_count_F-1-micro_compounding,all,angle,count,compounding [F-1-micro],-0.09613997113997115,-0.3024891774891775,0.134018759018759,DESCRIPTIVE,21,7,
all_angle_count_F-1-micro_anchor_perception,all,angle,count,anchor_perception [F-1-micro],0.010461760461760462,-0.053030303030303025,0.07539682539682539,DESCRIPTIVE,21,7,
all_angle_count_F-1-micro_total,all,angle,count,total [F-1-micro],0.32269119769119775,0.09701028138528141,0.5158730158730159,DESCRIPTIVE,21,7,
all_angle_count_F-1-macro_one_step_dynamics,all,angle,count,one_step_dynamics [F-1-macro],0.038961038961038974,-0.07287157287157287,0.16269841269841273,DESCRIPTIVE,21,7,
all_angle_count_F-1-macro_compounding,all,angle,count,compounding [F-1-macro],-0.16071428571428573,-0.396875,0.10917658730158657,DESCRIPTIVE,21,7,
all_angle_count_F-1-macro_anchor_perception,all,angle,count,anchor_perception [F-1-macro],-0.0021645021645021667,-0.0773809523809524,0.07702020202020202,DESCRIPTIVE,21,7,
all_angle_count_F-1-macro_total,all,angle,count,total [F-1-macro],0.3187229437229437,0.16847041847041844,0.4424603174603175,DESCRIPTIVE,21,7,
all_angle_count_F-5-continuous_one_step_dynamics,all,angle,count,one_step_dynamics [F-5-continuous],-0.029581529581529598,-0.10317460317460321,0.04761904761904761,DESCRIPTIVE,21,7,
all_angle_count_F-5-continuous_compounding,all,angle,count,compounding [F-5-continuous],-0.16702741702741702,-0.44841269841269843,0.09488636363636348,DESCRIPTIVE,21,7,
all_angle_count_F-5-continuous_anchor_perception,all,angle,count,anchor_perception [F-5-continuous],-0.14466089466089466,-0.29545454545454547,-0.0014430014430014443,DESCRIPTIVE,21,7,
all_angle_count_F-5-continuous_total,all,angle,count,total [F-5-continuous],0.24386724386724384,0.03715728715728716,0.4325396825396825,DESCRIPTIVE,21,7,
all_angle_count_F-5-micro_one_step_dynamics,all,angle,count,one_step_dynamics [F-5-micro],-0.03354978354978356,-0.11435786435786435,0.04761904761904761,DESCRIPTIVE,21,7,
all_angle_count_F-5-micro_compounding,all,angle,count,compounding [F-5-micro],-0.19155844155844154,-0.4722222222222222,0.08333333333333334,DESCRIPTIVE,21,7,
all_angle_count_F-5-micro_anchor_perception,all,angle,count,anchor_perception [F-5-micro],-0.15404040404040403,-0.29292929292929293,-0.027777777777777783,DESCRIPTIVE,21,7,
all_angle_count_F-5-micro_total,all,angle,count,total [F-5-micro],0.21536796536796537,0.025974025974025962,0.373015873015873,DESCRIPTIVE,21,7,
all_angle_count_F-5-macro_one_step_dynamics,all,angle,count,one_step_dynamics [F-5-macro],0.018398268398268396,-0.09812409812409813,0.16269841269841273,DESCRIPTIVE,21,7,
all_angle_count_F-5-macro_compounding,all,angle,count,compounding [F-5-macro],-0.2687590187590188,-0.47294372294372294,-0.033504689754690405,DESCRIPTIVE,21,7,
all_angle_count_F-5-macro_anchor_perception,all,angle,count,anchor_perception [F-5-macro],-0.18470418470418465,-0.3095238095238095,-0.04978354978354978,DESCRIPTIVE,21,7,
all_angle_count_F-5-macro_total,all,angle,count,total [F-5-macro],0.19011544011544013,-0.03246753246753247,0.373015873015873,DESCRIPTIVE,21,7,
all_angle_count_F-15-continuous_one_step_dynamics,all,angle,count,one_step_dynamics [F-15-continuous],-0.030663780663780664,-0.12481962481962482,0.04764610389610349,DESCRIPTIVE,21,7,
all_angle_count_F-15-continuous_compounding,all,angle,count,compounding [F-15-continuous],-0.03535353535353537,-0.30158730158730157,0.23448773448773444,DESCRIPTIVE,21,7,
all_angle_count_F-15-continuous_anchor_perception,all,angle,count,anchor_perception [F-15-continuous],-0.11038961038961038,-0.27705627705627706,0.045111832611832346,DESCRIPTIVE,21,7,
all_angle_count_F-15-continuous_total,all,angle,count,total [F-15-continuous],0.3744588744588745,0.12337662337662336,0.6165223665223666,DESCRIPTIVE,21,7,
all_angle_count_F-15-micro_one_step_dynamics,all,angle,count,one_step_dynamics [F-15-micro],-0.03860028860028859,-0.1277056277056277,0.03571428571428571,DESCRIPTIVE,21,7,
all_angle_count_F-15-micro_compounding,all,angle,count,compounding [F-15-micro],-0.027417027417027458,-0.25000000000000006,0.207070707070707,DESCRIPTIVE,21,7,
all_angle_count_F-15-micro_anchor_perception,all,angle,count,anchor_perception [F-15-micro],-0.10209235209235211,-0.24206349206349206,0.02092352092352091,DESCRIPTIVE,21,7,
all_angle_count_F-15-micro_total,all,angle,count,total [F-15-micro],0.37445887445887444,0.12734487734487734,0.5952380952380951,DESCRIPTIVE,21,7,
all_angle_count_F-15-macro_one_step_dynamics,all,angle,count,one_step_dynamics [F-15-macro],0.01875901875901875,-0.07359307359307359,0.12881493506493466,DESCRIPTIVE,21,7,
all_angle_count_F-15-macro_compounding,all,angle,count,compounding [F-15-macro],-0.16810966810966807,-0.39682539682539675,0.06857864357864307,DESCRIPTIVE,21,7,
all_angle_count_F-15-macro_anchor_perception,all,angle,count,anchor_perception [F-15-macro],-0.0670995670995671,-0.15476190476190474,-0.003607503607503597,DESCRIPTIVE,21,7,
all_angle_count_F-15-macro_total,all,angle,count,total [F-15-macro],0.2911255411255412,0.08766233766233766,0.45238095238095244,DESCRIPTIVE,21,7,
all_angle_count_C-F-1_one_step_dynamics,all,angle,count,one_step_dynamics [C-F-1],0.03607503607503606,0.004329004329004322,0.08369408369408367,DESCRIPTIVE,21,7,
all_angle_count_C-F-1_compounding,all,angle,count,compounding [C-F-1],-0.12896825396825395,-0.36507936507936506,0.12301587301587302,DESCRIPTIVE,21,7,
all_angle_count_C-F-1_anchor_perception,all,angle,count,anchor_perception [C-F-1],0.01893939393939394,-0.04256854256854258,0.08748196248196248,DESCRIPTIVE,21,7,
all_angle_count_C-F-1_total,all,angle,count,total [C-F-1],0.3475829725829726,0.13922709235209238,0.5317460317460317,DESCRIPTIVE,21,7,
all_angle_count_C-F-5_one_step_dynamics,all,angle,count,one_step_dynamics [C-F-5],0.024170274170274158,-0.007936507936507941,0.07575757575757573,DESCRIPTIVE,21,7,
all_angle_count_C-F-5_compounding,all,angle,count,compounding [C-F-5],-0.21645021645021645,-0.45490620490620487,0.03968253968253969,DESCRIPTIVE,21,7,
all_angle_count_C-F-5_anchor_perception,all,angle,count,anchor_perception [C-F-5],-0.16594516594516592,-0.24386724386724382,-0.07467532467532466,DESCRIPTIVE,21,7,
all_angle_count_C-F-5_total,all,angle,count,total [C-F-5],0.24819624819624822,-0.04112554112554113,0.48015873015873023,DESCRIPTIVE,21,7,
all_angle_count_C-F-15_one_step_dynamics,all,angle,count,one_step_dynamics [C-F-15],0.016594516594516592,-0.01587301587301587,0.04834054834054835,DESCRIPTIVE,21,7,
all_angle_count_C-F-15_compounding,all,angle,count,compounding [C-F-15],-0.10714285714285714,-0.3611111111111111,0.1587301587301587,DESCRIPTIVE,21,7,
all_angle_count_C-F-15_anchor_perception,all,angle,count,anchor_perception [C-F-15],-0.08225108225108224,-0.19841269841269843,0.018037518037518043,DESCRIPTIVE,21,7,
all_angle_count_C-F-15_total,all,angle,count,total [C-F-15],0.3499278499278499,0.08874458874458872,0.5793650793650793,DESCRIPTIVE,21,7,
all_angle_count_J_one_step_dynamics,all,angle,count,one_step_dynamics [J],-0.025613275613275612,-0.07287157287157287,0.00793650793650794,DESCRIPTIVE,21,7,
all_angle_count_J_compounding,all,angle,count,compounding [J],-0.15566378066378064,-0.4235209235209235,0.134018759018759,DESCRIPTIVE,21,7,
all_angle_count_J_anchor_perception,all,angle,count,anchor_perception [J],0.018037518037518043,-0.08315295815295817,0.11507936507936507,DESCRIPTIVE,21,7,
all_angle_count_J_total,all,angle,count,total [J],0.2591991341991342,0.06132756132756133,0.42658730158730157,DESCRIPTIVE,21,7,
all_angle_count_C-J_one_step_dynamics,all,angle,count,one_step_dynamics [C-J],0.020202020202020193,-0.007936507936507941,0.06385281385281383,DESCRIPTIVE,21,7,
all_angle_count_C-J_compounding,all,angle,count,compounding [C-J],-0.181998556998557,-0.4166666666666666,0.08928571428571429,DESCRIPTIVE,21,7,
all_angle_count_C-J_anchor_perception,all,angle,count,anchor_perception [C-J],-0.04779942279942281,-0.12341720779220777,0.035533910533910536,DESCRIPTIVE,21,7,
all_angle_count_C-J_total,all,angle,count,total [C-J],0.2786796536796537,0.05627705627705628,0.46428571428571436,DESCRIPTIVE,21,7,
all_power_tie_free_auc_a,all,power,tie_free,AUC a,0.75,0.5625,0.9375,DESCRIPTIVE,24,8,"{""chance_top1_mean"": 0.052083333333333336, ""tied_cells"": 12, ""tied_pair_share"": 0.48299319727891155, ""tied_share"": 0.5, ""top1_hits"": 12}"
all_power_tie_free_auc_ap,all,power,tie_free,AUC ap,0.7279135338345865,0.5460526315789473,0.881578947368421,DESCRIPTIVE,24,8,"{""chance_top1_mean"": 0.052083333333333336, ""tied_cells"": 0, ""tied_pair_share"": 0.0, ""tied_share"": 0.0, ""top1_hits"": 3}"
all_power_tie_free_auc_d:F-1-continuous,all,power,tie_free,AUC d:F-1-continuous,0.768170426065163,0.6096491228070176,0.913549498746867,DESCRIPTIVE,24,8,"{""chance_top1_mean"": 0.052083333333333336, ""tied_cells"": 0, ""tied_pair_share"": 0.0, ""tied_share"": 0.0, ""top1_hits"": 6}"
all_power_tie_free_auc_d:F-1-micro,all,power,tie_free,AUC d:F-1-micro,0.7593984962406015,0.5876958020050126,0.9166666666666666,DESCRIPTIVE,24,8,"{""chance_top1_mean"": 0.052083333333333336, ""tied_cells"": 0, ""tied_pair_share"": 0.0, ""tied_share"": 0.0, ""top1_hits"": 7}"
all_power_tie_free_auc_d:F-1-macro,all,power,tie_free,AUC d:F-1-macro,0.6793546365914787,0.5543546365914787,0.8051378446115288,DESCRIPTIVE,24,8,"{""chance_top1_mean"": 0.052083333333333336, ""tied_cells"": 0, ""tied_pair_share"": 0.0, ""tied_share"": 0.0, ""top1_hits"": 5}"
all_power_tie_free_auc_d:F-5-continuous,all,power,tie_free,AUC d:F-5-continuous,0.7630012531328321,0.6051065162907268,0.9075814536340852,DESCRIPTIVE,24,8,"{""chance_top1_mean"": 0.052083333333333336, ""tied_cells"": 0, ""tied_pair_share"": 0.0, ""tied_share"": 0.0, ""top1_hits"": 6}"
all_power_tie_free_auc_d:F-5-micro,all,power,tie_free,AUC d:F-5-micro,0.7608082706766917,0.6007205513784462,0.9078947368421053,DESCRIPTIVE,24,8,"{""chance_top1_mean"": 0.052083333333333336, ""tied_cells"": 0, ""tied_pair_share"": 0.0, ""tied_share"": 0.0, ""top1_hits"": 6}"
all_power_tie_free_auc_d:F-5-macro,all,power,tie_free,AUC d:F-5-macro,0.6901629072681703,0.5789473684210527,0.8070175438596492,DESCRIPTIVE,24,8,"{""chance_top1_mean"": 0.052083333333333336, ""tied_cells"": 0, ""tied_pair_share"": 0.0, ""tied_share"": 0.0, ""top1_hits"": 7}"
all_power_tie_free_auc_d:F-15-continuous,all,power,tie_free,AUC d:F-15-continuous,0.7526629072681705,0.612312030075188,0.8776629072681704,DESCRIPTIVE,24,8,"{""chance_top1_mean"": 0.052083333333333336, ""tied_cells"": 0, ""tied_pair_share"": 0.0, ""tied_share"": 0.0, ""top1_hits"": 4}"
all_power_tie_free_auc_d:F-15-micro,all,power,tie_free,AUC d:F-15-micro,0.7622180451127819,0.6218671679197995,0.8894110275689222,DESCRIPTIVE,24,8,"{""chance_top1_mean"": 0.052083333333333336, ""tied_cells"": 0, ""tied_pair_share"": 0.0, ""tied_share"": 0.0, ""top1_hits"": 4}"
all_power_tie_free_auc_d:F-15-macro,all,power,tie_free,AUC d:F-15-macro,0.681234335839599,0.5620300751879699,0.8092105263157894,DESCRIPTIVE,24,8,"{""chance_top1_mean"": 0.052083333333333336, ""tied_cells"": 0, ""tied_pair_share"": 0.0, ""tied_share"": 0.0, ""top1_hits"": 5}"
all_power_tie_free_auc_d:C-F-1,all,power,tie_free,AUC d:C-F-1,0.7747493734335839,0.6688596491228069,0.8784617794486214,DESCRIPTIVE,24,8,"{""chance_top1_mean"": 0.052083333333333336, ""tied_cells"": 0, ""tied_pair_share"": 0.0, ""tied_share"": 0.0, ""top1_hits"": 3}"
all_power_tie_free_auc_d:C-F-5,all,power,tie_free,AUC d:C-F-5,0.7739661654135338,0.6864035087719298,0.861219454887218,DESCRIPTIVE,24,8,"{""chance_top1_mean"": 0.052083333333333336, ""tied_cells"": 0, ""tied_pair_share"": 0.0, ""tied_share"": 0.0, ""top1_hits"": 2}"
all_power_tie_free_auc_d:C-F-15,all,power,tie_free,AUC d:C-F-15,0.7636278195488722,0.6666666666666666,0.849624060150376,DESCRIPTIVE,24,8,"{""chance_top1_mean"": 0.052083333333333336, ""tied_cells"": 0, ""tied_pair_share"": 0.0, ""tied_share"": 0.0, ""top1_hits"": 2}"
all_power_tie_free_auc_d:J,all,power,tie_free,AUC d:J,0.7637844611528821,0.6146616541353382,0.906328320802005,DESCRIPTIVE,24,8,"{""chance_top1_mean"": 0.052083333333333336, ""tied_cells"": 0, ""tied_pair_share"": 0.0, ""tied_share"": 0.0, ""top1_hits"": 6}"
all_power_tie_free_auc_d:C-J,all,power,tie_free,AUC d:C-J,0.7490601503759398,0.6578947368421053,0.8455513784461153,DESCRIPTIVE,24,8,"{""chance_top1_mean"": 0.052083333333333336, ""tied_cells"": 0, ""tied_pair_share"": 0.0, ""tied_share"": 0.0, ""top1_hits"": 2}"
all_power_tie_free_auc_c:F-1-continuous,all,power,tie_free,AUC c:F-1-continuous,0.5761278195488722,0.47525062656641603,0.6625939849624061,DESCRIPTIVE,24,8,"{""chance_top1_mean"": 0.052083333333333336, ""tied_cells"": 0, ""tied_pair_share"": 0.0, ""tied_share"": 0.0, ""top1_hits"": 0}"
all_power_tie_free_auc_c:F-1-micro,all,power,tie_free,AUC c:F-1-micro,0.5460526315789473,0.4649122807017544,0.6162280701754386,DESCRIPTIVE,24,8,"{""chance_top1_mean"": 0.052083333333333336, ""tied_cells"": 0, ""tied_pair_share"": 0.0, ""tied_share"": 0.0, ""top1_hits"": 0}"
all_power_tie_free_auc_c:F-1-macro,all,power,tie_free,AUC c:F-1-macro,0.4046052631578947,0.3399122807017544,0.462719298245614,DESCRIPTIVE,24,8,"{""chance_top1_mean"": 0.052083333333333336, ""tied_cells"": 0, ""tied_pair_share"": 0.0, ""tied_share"": 0.0, ""top1_hits"": 0}"
all_power_tie_free_auc_c:F-5-continuous,all,power,tie_free,AUC c:F-5-continuous,0.7377819548872181,0.6864035087719298,0.7957393483709274,DESCRIPTIVE,24,8,"{""chance_top1_mean"": 0.052083333333333336, ""tied_cells"": 0, ""tied_pair_share"": 0.0, ""tied_share"": 0.0, ""top1_hits"": 0}"
all_power_tie_free_auc_c:F-5-micro,all,power,tie_free,AUC c:F-5-micro,0.7333959899749374,0.6798245614035088,0.7938596491228069,DESCRIPTIVE,24,8,"{""chance_top1_mean"": 0.052083333333333336, ""tied_cells"": 0, ""tied_pair_share"": 0.0, ""tied_share"": 0.0, ""top1_hits"": 0}"
all_power_tie_free_auc_c:F-5-macro,all,power,tie_free,AUC c:F-5-macro,0.6934523809523809,0.5935150375939849,0.7987155388471178,DESCRIPTIVE,24,8,"{""chance_top1_mean"": 0.052083333333333336, ""tied_cells"": 0, ""tied_pair_share"": 0.0, ""tied_share"": 0.0, ""top1_hits"": 2}"
all_power_tie_free_auc_c:F-15-continuous,all,power,tie_free,AUC c:F-15-continuous,0.7296365914786967,0.6895363408521303,0.7829182330827065,DESCRIPTIVE,24,8,"{""chance_top1_mean"": 0.052083333333333336, ""tied_cells"": 0, ""tied_pair_share"": 0.0, ""tied_share"": 0.0, ""top1_hits"": 0}"
all_power_tie_free_auc_c:F-15-micro,all,power,tie_free,AUC c:F-15-micro,0.7391917293233082,0.6956453634085212,0.7919799498746867,DESCRIPTIVE,24,8,"{""chance_top1_mean"": 0.052083333333333336, ""tied_cells"": 0, ""tied_pair_share"": 0.0, ""tied_share"": 0.0, ""top1_hits"": 0}"
all_power_tie_free_auc_c:F-15-macro,all,power,tie_free,AUC c:F-15-macro,0.6795112781954886,0.6049498746867168,0.7587719298245614,DESCRIPTIVE,24,8,"{""chance_top1_mean"": 0.052083333333333336, ""tied_cells"": 0, ""tied_pair_share"": 0.0, ""tied_share"": 0.0, ""top1_hits"": 0}"
all_power_tie_free_auc_c:C-F-1,all,power,tie_free,AUC c:C-F-1,0.5114348370927317,0.4473684210526315,0.5701754385964912,DESCRIPTIVE,24,8,"{""chance_top1_mean"": 0.052083333333333336, ""tied_cells"": 0, ""tied_pair_share"": 0.0, ""tied_share"": 0.0, ""top1_hits"": 0}"
all_power_tie_free_auc_c:C-F-5,all,power,tie_free,AUC c:C-F-5,0.7604949874686716,0.706140350877193,0.8223684210526315,DESCRIPTIVE,24,8,"{""chance_top1_mean"": 0.052083333333333336, ""tied_cells"": 0, ""tied_pair_share"": 0.0, ""tied_share"": 0.0, ""top1_hits"": 0}"
all_power_tie_free_auc_c:C-F-15,all,power,tie_free,AUC c:C-F-15,0.7465538847117794,0.6951754385964912,0.8023182957393484,DESCRIPTIVE,24,8,"{""chance_top1_mean"": 0.052083333333333336, ""tied_cells"": 0, ""tied_pair_share"": 0.0, ""tied_share"": 0.0, ""top1_hits"": 0}"
all_power_tie_free_auc_c:J,all,power,tie_free,AUC c:J,0.4039786967418546,0.3355263157894737,0.4719611528822055,DESCRIPTIVE,24,8,"{""chance_top1_mean"": 0.052083333333333336, ""tied_cells"": 0, ""tied_pair_share"": 0.0, ""tied_share"": 0.0, ""top1_hits"": 0}"
all_power_tie_free_auc_c:C-J,all,power,tie_free,AUC c:C-J,0.6015037593984962,0.5708020050125313,0.6284461152882206,DESCRIPTIVE,24,8,"{""chance_top1_mean"": 0.052083333333333336, ""tied_cells"": 0, ""tied_pair_share"": 0.0, ""tied_share"": 0.0, ""top1_hits"": 0}"
all_power_tie_free_auc_b:F-1-continuous,all,power,tie_free,AUC b:F-1-continuous,0.5020363408521302,0.4298245614035088,0.5745614035087718,DESCRIPTIVE,24,8,"{""chance_top1_mean"": 0.052083333333333336, ""tied_cells"": 0, ""tied_pair_share"": 0.0, ""tied_share"": 0.0, ""top1_hits"": 0}"
all_power_tie_free_auc_b:F-1-micro,all,power,tie_free,AUC b:F-1-micro,0.4799498746867168,0.42105263157894735,0.5369674185463659,DESCRIPTIVE,24,8,"{""chance_top1_mean"": 0.052083333333333336, ""tied_cells"": 0, ""tied_pair_share"": 0.0, ""tied_share"": 0.0, ""top1_hits"": 0}"
all_power_tie_free_auc_b:F-1-macro,all,power,tie_free,AUC b:F-1-macro,0.4057017543859649,0.3157894736842105,0.5,DESCRIPTIVE,24,8,"{""chance_top1_mean"": 0.052083333333333336, ""tied_cells"": 0, ""tied_pair_share"": 0.0, ""tied_share"": 0.0, ""top1_hits"": 1}"
all_power_tie_free_auc_b:F-5-continuous,all,power,tie_free,AUC b:F-5-continuous,0.7348057644110276,0.684515977443609,0.7963659147869675,DESCRIPTIVE,24,8,"{""chance_top1_mean"": 0.052083333333333336, ""tied_cells"": 0, ""tied_pair_share"": 0.0, ""tied_share"": 0.0, ""top1_hits"": 0}"
all_power_tie_free_auc_b:F-5-micro,all,power,tie_free,AUC b:F-5-micro,0.7326127819548873,0.6820175438596492,0.7943804824561397,DESCRIPTIVE,24,8,"{""chance_top1_mean"": 0.052083333333333336, ""tied_cells"": 0, ""tied_pair_share"": 0.0, ""tied_share"": 0.0, ""top1_hits"": 0}"
all_power_tie_free_auc_b:F-5-macro,all,power,tie_free,AUC b:F-5-macro,0.7095864661654135,0.630639097744361,0.7960526315789473,DESCRIPTIVE,24,8,"{""chance_top1_mean"": 0.052083333333333336, ""tied_cells"": 0, ""tied_pair_share"": 0.0, ""tied_share"": 0.0, ""top1_hits"": 2}"
all_power_tie_free_auc_b:F-15-continuous,all,power,tie_free,AUC b:F-15-continuous,0.7230576441102756,0.6776315789473684,0.7794486215538847,DESCRIPTIVE,24,8,"{""chance_top1_mean"": 0.052083333333333336, ""tied_cells"": 0, ""tied_pair_share"": 0.0, ""tied_share"": 0.0, ""top1_hits"": 0}"
all_power_tie_free_auc_b:F-15-micro,all,power,tie_free,AUC b:F-15-micro,0.7230576441102756,0.6754385964912281,0.781641604010025,DESCRIPTIVE,24,8,"{""chance_top1_mean"": 0.052083333333333336, ""tied_cells"": 0, ""tied_pair_share"": 0.0, ""tied_share"": 0.0, ""top1_hits"": 0}"
all_power_tie_free_auc_b:F-15-macro,all,power,tie_free,AUC b:F-15-macro,0.6744987468671679,0.6209273182957393,0.7459508145363405,DESCRIPTIVE,24,8,"{""chance_top1_mean"": 0.052083333333333336, ""tied_cells"": 0, ""tied_pair_share"": 0.0, ""tied_share"": 0.0, ""top1_hits"": 0}"
all_power_tie_free_auc_b:C-F-1,all,power,tie_free,AUC b:C-F-1,0.5634398496240602,0.5151942355889725,0.6027568922305765,DESCRIPTIVE,24,8,"{""chance_top1_mean"": 0.052083333333333336, ""tied_cells"": 0, ""tied_pair_share"": 0.0, ""tied_share"": 0.0, ""top1_hits"": 0}"
all_power_tie_free_auc_b:C-F-5,all,power,tie_free,AUC b:C-F-5,0.7561090225563909,0.6995614035087718,0.8197055137844611,DESCRIPTIVE,24,8,"{""chance_top1_mean"": 0.052083333333333336, ""tied_cells"": 0, ""tied_pair_share"": 0.0, ""tied_share"": 0.0, ""top1_hits"": 0}"
all_power_tie_free_auc_b:C-F-15,all,power,tie_free,AUC b:C-F-15,0.7399749373433584,0.6798245614035088,0.8013784461152882,DESCRIPTIVE,24,8,"{""chance_top1_mean"": 0.052083333333333336, ""tied_cells"": 0, ""tied_pair_share"": 0.0, ""tied_share"": 0.0, ""top1_hits"": 0}"
all_power_tie_free_auc_b:J,all,power,tie_free,AUC b:J,0.5415100250626567,0.4517543859649123,0.6292332393483709,DESCRIPTIVE,24,8,"{""chance_top1_mean"": 0.052083333333333336, ""tied_cells"": 0, ""tied_pair_share"": 0.0, ""tied_share"": 0.0, ""top1_hits"": 1}"
all_power_tie_free_auc_b:C-J,all,power,tie_free,AUC b:C-J,0.6469298245614035,0.5986842105263157,0.6951754385964912,DESCRIPTIVE,24,8,"{""chance_top1_mean"": 0.052083333333333336, ""tied_cells"": 0, ""tied_pair_share"": 0.0, ""tied_share"": 0.0, ""top1_hits"": 2}"
all_power_tie_free_cost_ceiling_auc,all,power,tie_free,cost_ceiling_auc,0.75,0.5625,0.9375,DESCRIPTIVE,24,8,
all_power_tie_free_endpoint_perception,all,power,tie_free,endpoint_perception,0.022086466165413515,-0.23778195488721804,0.3125587406015029,DESCRIPTIVE,24,8,
all_power_tie_free_mean_one_step_dynamics,all,power,tie_free,request-mean one_step_dynamics,-0.01795784103114923,-0.22425986842105258,0.10500833557107057,DESCRIPTIVE,24,8,
all_power_tie_free_mean_compounding,all,power,tie_free,request-mean compounding,0.11274838882921591,-0.0011004072681704117,0.2181690274794128,DESCRIPTIVE,24,8,
all_power_tie_free_mean_anchor_perception,all,power,tie_free,request-mean anchor_perception,0.004967776584317938,-0.00646706050841389,0.015194795023272457,DESCRIPTIVE,24,8,
all_power_tie_free_mean_dynamics,all,power,tie_free,request-mean dynamics,0.09479054779806662,-0.06892230576441102,0.23498534282133896,DESCRIPTIVE,24,8,
all_power_tie_free_mean_total,all,power,tie_free,request-mean total,0.1168770139634801,-0.0779627640529896,0.31174644199785156,DESCRIPTIVE,24,8,
all_power_tie_free_F-1-continuous_one_step_dynamics,all,power,tie_free,one_step_dynamics [F-1-continuous],-0.04025689223057642,-0.2683270676691729,0.10526315789473686,DESCRIPTIVE,24,8,
all_power_tie_free_F-1-continuous_compounding,all,power,tie_free,compounding [F-1-continuous],0.19204260651629074,0.002169486215538875,0.36748120300751885,DESCRIPTIVE,24,8,
all_power_tie_free_F-1-continuous_anchor_perception,all,power,tie_free,anchor_perception [F-1-continuous],-0.07409147869674187,-0.13941102756892232,-0.019266917293233085,DESCRIPTIVE,24,8,
all_power_tie_free_F-1-continuous_total,all,power,tie_free,total [F-1-continuous],0.17387218045112787,-0.09194862155388471,0.4418859649122807,DESCRIPTIVE,24,8,
all_power_tie_free_F-1-micro_one_step_dynamics,all,power,tie_free,one_step_dynamics [F-1-micro],-0.03148496240601502,-0.2653704573934837,0.1256265664160401,DESCRIPTIVE,24,8,
all_power_tie_free_F-1-micro_compounding,all,power,tie_free,compounding [F-1-micro],0.21334586466165417,0.03070175438596492,0.3778195488721805,DESCRIPTIVE,24,8,
all_power_tie_free_F-1-micro_anchor_perception,all,power,tie_free,anchor_perception [F-1-micro],-0.06610275689223057,-0.14097744360902253,-0.006578947368421038,DESCRIPTIVE,24,8,
all_power_tie_free_F-1-micro_total,all,power,tie_free,total [F-1-micro],0.20394736842105265,-0.03618421052631577,0.44627192982456143,DESCRIPTIVE,24,8,
all_power_tie_free_F-1-macro_one_step_dynamics,all,power,tie_free,one_step_dynamics [F-1-macro],0.048558897243107746,-0.19517543859649128,0.20645363408521303,DESCRIPTIVE,24,8,
all_power_tie_free_F-1-macro_compounding,all,power,tie_free,compounding [F-1-macro],0.27474937343358397,0.16666666666666669,0.3837875939849622,DESCRIPTIVE,24,8,
all_power_tie_free_F-1-macro_anchor_perception,all,power,tie_free,anchor_perception [F-1-macro],0.0010964912280701823,-0.08223684210526315,0.08991228070175439,DESCRIPTIVE,24,8,
all_power_tie_free_F-1-macro_total,all,power,tie_free,total [F-1-macro],0.3453947368421053,0.11184210526315794,0.5712993421052628,DESCRIPTIVE,24,8,
all_power_tie_free_F-5-continuous_one_step_dynamics,all,power,tie_free,one_step_dynamics [F-5-continuous],-0.035087719298245605,-0.26754385964912275,0.11842105263157894,DESCRIPTIVE,24,8,
all_power_tie_free_F-5-continuous_compounding,all,power,tie_free,compounding [F-5-continuous],0.025219298245614037,-0.13925438596491227,0.17214912280701755,DESCRIPTIVE,24,8,
all_power_tie_free_F-5-continuous_anchor_perception,all,power,tie_free,anchor_perception [F-5-continuous],-0.002976190476190479,-0.013314536340852121,0.006578947368421045,DESCRIPTIVE,24,8,
all_power_tie_free_F-5-continuous_total,all,power,tie_free,total [F-5-continuous],0.012218045112781961,-0.18468045112781956,0.20942982456140352,DESCRIPTIVE,24,8,
all_power_tie_free_F-5-micro_one_step_dynamics,all,power,tie_free,one_step_dynamics [F-5-micro],-0.032894736842105254,-0.26535087719298245,0.12280701754385964,DESCRIPTIVE,24,8,
all_power_tie_free_F-5-micro_compounding,all,power,tie_free,compounding [F-5-micro],0.02741228070175438,-0.1370614035087719,0.17543859649122806,DESCRIPTIVE,24,8,
all_power_tie_free_F-5-micro_anchor_perception,all,power,tie_free,anchor_perception [F-5-micro],-0.0007832080200501308,-0.008928571428571425,0.006578947368421041,DESCRIPTIVE,24,8,
all_power_tie_free_F-5-micro_total,all,power,tie_free,total [F-5-micro],0.016604010025062677,-0.18060776942355888,0.2138157894736842,DESCRIPTIVE,24,8,
all_power_tie_free_F-5-macro_one_step_dynamics,all,power,tie_free,one_step_dynamics [F-5-macro],0.037750626566416035,-0.21224937343358397,0.20441729323308272,DESCRIPTIVE,24,8,
all_power_tie_free_F-5-macro_compounding,all,power,tie_free,compounding [F-5-macro],-0.003289473684210547,-0.1710526315789474,0.1699561403508772,DESCRIPTIVE,24,8,
all_power_tie_free_F-5-macro_anchor_perception,all,power,tie_free,anchor_perception [F-5-macro],0.01613408521303257,-0.07597117794486215,0.11920426065162906,DESCRIPTIVE,24,8,
all_power_tie_free_F-5-macro_total,all,power,tie_free,total [F-5-macro],0.05654761904761904,-0.07237233709273183,0.19141604010025062,DESCRIPTIVE,24,8,
all_power_tie_free_F-15-continuous_one_step_dynamics,all,power,tie_free,one_step_dynamics [F-15-continuous],-0.024749373433583938,-0.26597744360902253,0.1381578947368421,DESCRIPTIVE,24,8,
all_power_tie_free_F-15-continuous_compounding,all,power,tie_free,compounding [F-15-continuous],0.023026315789473686,-0.11842105263157894,0.15241228070175436,DESCRIPTIVE,24,8,
all_power_tie_free_F-15-continuous_anchor_perception,all,power,tie_free,anchor_perception [F-15-continuous],-0.006578947368421059,-0.013157894736842118,-0.002192982456140353,DESCRIPTIVE,24,8,
all_power_tie_free_F-15-continuous_total,all,power,tie_free,total [F-15-continuous],0.020363408521303278,-0.16212406015037592,0.20285087719298245,DESCRIPTIVE,24,8,
all_power_tie_free_F-15-micro_one_step_dynamics,all,power,tie_free,one_step_dynamics [F-15-micro],-0.034304511278195456,-0.27192982456140347,0.12719298245614036,DESCRIPTIVE,24,8,
all_power_tie_free_F-15-micro_compounding,all,power,tie_free,compounding [F-15-micro],0.023026315789473683,-0.11842105263157895,0.15350877192982454,DESCRIPTIVE,24,8,
all_power_tie_free_F-15-micro_anchor_perception,all,power,tie_free,anchor_perception [F-15-micro],-0.01613408521303259,-0.023496240601503772,-0.008771929824561412,DESCRIPTIVE,24,8,
all_power_tie_free_F-15-micro_total,all,power,tie_free,total [F-15-micro],0.010808270676691739,-0.1788847117794486,0.20050125313283207,DESCRIPTIVE,24,8,
all_power_tie_free_F-15-macro_one_step_dynamics,all,power,tie_free,one_step_dynamics [F-15-macro],0.04667919799498745,-0.20614035087719304,0.21272713032581442,DESCRIPTIVE,24,8,
all_power_tie_free_F-15-macro_compounding,all,power,tie_free,compounding [F-15-macro],0.0017230576441102608,-0.10526315789473685,0.10432330827067668,DESCRIPTIVE,24,8,
all_power_tie_free_F-15-macro_anchor_perception,all,power,tie_free,anchor_perception [F-15-macro],-0.005012531328320809,-0.04824561403508773,0.03822055137844611,DESCRIPTIVE,24,8,
all_power_tie_free_F-15-macro_total,all,power,tie_free,total [F-15-macro],0.07048872180451127,-0.08414395363408518,0.22807017543859648,DESCRIPTIVE,24,8,
all_power_tie_free_C-F-1_one_step_dynamics,all,power,tie_free,one_step_dynamics [C-F-1],-0.046835839598997495,-0.19078947368421056,0.05184837092731831,DESCRIPTIVE,24,8,
all_power_tie_free_C-F-1_compounding,all,power,tie_free,compounding [C-F-1],0.2633145363408521,0.12296365914786969,0.4100877192982456,DESCRIPTIVE,24,8,
all_power_tie_free_C-F-1_anchor_perception,all,power,tie_free,anchor_perception [C-F-1],0.05200501253132832,0.0021929824561403464,0.1199874686716792,DESCRIPTIVE,24,8,
all_power_tie_free_C-F-1_total,all,power,tie_free,total [C-F-1],0.23856516290726817,0.07471804511278196,0.4041353383458647,DESCRIPTIVE,24,8,
all_power_tie_free_C-F-5_one_step_dynamics,all,power,tie_free,one_step_dynamics [C-F-5],-0.04605263157894737,-0.22368421052631582,0.07017543859649125,DESCRIPTIVE,24,8,
all_power_tie_free_C-F-5_compounding,all,power,tie_free,compounding [C-F-5],0.013471177944862169,-0.07644110275689223,0.0968045112781955,DESCRIPTIVE,24,8,
all_power_tie_free_C-F-5_anchor_perception,all,power,tie_free,anchor_perception [C-F-5],-0.004385964912280706,-0.010964912280701764,0.0,DESCRIPTIVE,24,8,
all_power_tie_free_C-F-5_total,all,power,tie_free,total [C-F-5],-0.010494987468671682,-0.2075501253132832,0.1875,DESCRIPTIVE,24,8,
all_power_tie_free_C-F-15_one_step_dynamics,all,power,tie_free,one_step_dynamics [C-F-15],-0.03571428571428571,-0.19362468671679198,0.08930137844611509,DESCRIPTIVE,24,8,
all_power_tie_free_C-F-15_compounding,all,power,tie_free,compounding [C-F-15],0.017073934837092707,-0.07894736842105267,0.08020050125313281,DESCRIPTIVE,24,8,
all_power_tie_free_C-F-15_anchor_perception,all,power,tie_free,anchor_perception [C-F-15],-0.006578947368421045,-0.01315789473684209,-0.0021929824561403486,DESCRIPTIVE,24,8,
all_power_tie_free_C-F-15_total,all,power,tie_free,total [C-F-15],0.0034461152882205442,-0.19376566416040103,0.2006578947368421,DESCRIPTIVE,24,8,
all_power_tie_free_J_one_step_dynamics,all,power,tie_free,one_step_dynamics [J],-0.03587092731829571,-0.26394110275689214,0.10526315789473684,DESCRIPTIVE,24,8,
all_power_tie_free_J_compounding,all,power,tie_free,compounding [J],0.3598057644110276,0.2590852130325815,0.46742246240601504,DESCRIPTIVE,24,8,
all_power_tie_free_J_anchor_perception,all,power,tie_free,anchor_perception [J],0.137531328320802,0.03446115288220552,0.256618107769423,DESCRIPTIVE,24,8,
all_power_tie_free_J_total,all,power,tie_free,total [J],0.3460213032581454,0.149906015037594,0.5296052631578947,DESCRIPTIVE,24,8,
all_power_tie_free_C-J_one_step_dynamics,all,power,tie_free,one_step_dynamics [C-J],-0.021146616541353386,-0.15789473684210528,0.06954887218045114,DESCRIPTIVE,24,8,
all_power_tie_free_C-J_compounding,all,power,tie_free,compounding [C-J],0.1475563909774436,0.061403508771929814,0.23309837092731808,DESCRIPTIVE,24,8,
all_power_tie_free_C-J_anchor_perception,all,power,tie_free,anchor_perception [C-J],0.04542606516290727,0.02506265664160402,0.06954887218045112,DESCRIPTIVE,24,8,
all_power_tie_free_C-J_total,all,power,tie_free,total [C-J],0.14849624060150377,-0.0593671679197995,0.35792606516290726,DESCRIPTIVE,24,8,
all_power_count_auc_a,all,power,count,AUC a,0.7159304511278195,0.5075187969924811,0.9243421052631579,DESCRIPTIVE,24,8,"{""chance_top1_mean"": 0.052083333333333336, ""tied_cells"": 0, ""tied_pair_share"": 0.41496598639455784, ""tied_share"": 0.0, ""top1_hits"": 12}"
all_power_count_auc_ap,all,power,count,AUC ap,0.7213345864661653,0.5394736842105263,0.8792293233082706,DESCRIPTIVE,24,8,"{""chance_top1_mean"": 0.052083333333333336, ""tied_cells"": 0, ""tied_pair_share"": 0.0, ""tied_share"": 0.0, ""top1_hits"": 3}"
all_power_count_auc_d:F-1-continuous,all,power,count,AUC d:F-1-continuous,0.768170426065163,0.6096491228070176,0.913549498746867,DESCRIPTIVE,24,8,"{""chance_top1_mean"": 0.052083333333333336, ""tied_cells"": 0, ""tied_pair_share"": 0.0, ""tied_share"": 0.0, ""top1_hits"": 6}"
all_power_count_auc_d:F-1-micro,all,power,count,AUC d:F-1-micro,0.7659774436090225,0.6014880952380952,0.9172932330827067,DESCRIPTIVE,24,8,"{""chance_top1_mean"": 0.052083333333333336, ""tied_cells"": 0, ""tied_pair_share"": 0.0, ""tied_share"": 0.0, ""top1_hits"": 7}"
all_power_count_auc_d:F-1-macro,all,power,count,AUC d:F-1-macro,0.7429511278195489,0.600407268170426,0.881578947368421,DESCRIPTIVE,24,8,"{""chance_top1_mean"": 0.052083333333333336, ""tied_cells"": 0, ""tied_pair_share"": 0.0, ""tied_share"": 0.0, ""top1_hits"": 7}"
all_power_count_auc_d:F-5-continuous,all,power,count,AUC d:F-5-continuous,0.7673872180451127,0.6116854636591478,0.9116541353383458,DESCRIPTIVE,24,8,"{""chance_top1_mean"": 0.052083333333333336, ""tied_cells"": 0, ""tied_pair_share"": 0.0, ""tied_share"": 0.0, ""top1_hits"": 6}"
all_power_count_auc_d:F-5-micro,all,power,count,AUC d:F-5-micro,0.7630012531328321,0.6030701754385964,0.9096177944862154,DESCRIPTIVE,24,8,"{""chance_top1_mean"": 0.052083333333333336, ""tied_cells"": 0, ""tied_pair_share"": 0.0, ""tied_share"": 0.0, ""top1_hits"": 6}"
all_power_count_auc_d:F-5-macro,all,power,count,AUC d:F-5-macro,0.731829573934837,0.6090225563909775,0.8612546992481198,DESCRIPTIVE,24,8,"{""chance_top1_mean"": 0.052083333333333336, ""tied_cells"": 0, ""tied_pair_share"": 0.0, ""tied_share"": 0.0, ""top1_hits"": 8}"
all_power_count_auc_d:F-15-continuous,all,power,count,AUC d:F-15-continuous,0.7644110275689222,0.6228070175438596,0.8916040100250626,DESCRIPTIVE,24,8,"{""chance_top1_mean"": 0.052083333333333336, ""tied_cells"": 0, ""tied_pair_share"": 0.0, ""tied_share"": 0.0, ""top1_hits"": 5}"
all_power_count_auc_d:F-15-micro,all,power,count,AUC d:F-15-micro,0.7592418546365916,0.6162280701754386,0.8869360902255635,DESCRIPTIVE,24,8,"{""chance_top1_mean"": 0.052083333333333336, ""tied_cells"": 0, ""tied_pair_share"": 0.0, ""tied_share"": 0.0, ""top1_hits"": 5}"
all_power_count_auc_d:F-15-macro,all,power,count,AUC d:F-15-macro,0.7207080200501252,0.5993107769423558,0.8464912280701755,DESCRIPTIVE,24,8,"{""chance_top1_mean"": 0.052083333333333336, ""tied_cells"": 0, ""tied_pair_share"": 0.0, ""tied_share"": 0.0, ""top1_hits"": 5}"
all_power_count_auc_d:C-F-1,all,power,count,AUC d:C-F-1,0.7659774436090225,0.6585056390977443,0.8746867167919798,DESCRIPTIVE,24,8,"{""chance_top1_mean"": 0.052083333333333336, ""tied_cells"": 0, ""tied_pair_share"": 0.0, ""tied_share"": 0.0, ""top1_hits"": 3}"
all_power_count_auc_d:C-F-5,all,power,count,AUC d:C-F-5,0.7695802005012531,0.6842105263157894,0.856829573934837,DESCRIPTIVE,24,8,"{""chance_top1_mean"": 0.052083333333333336, ""tied_cells"": 0, ""tied_pair_share"": 0.0, ""tied_share"": 0.0, ""top1_hits"": 2}"
all_power_count_auc_d:C-F-15,all,power,count,AUC d:C-F-15,0.7636278195488722,0.6666666666666666,0.849624060150376,DESCRIPTIVE,24,8,"{""chance_top1_mean"": 0.052083333333333336, ""tied_cells"": 0, ""tied_pair_share"": 0.0, ""tied_share"": 0.0, ""top1_hits"": 2}"
all_power_count_auc_d:J,all,power,count,AUC d:J,0.7659774436090225,0.6184210526315789,0.9047775689223057,DESCRIPTIVE,24,8,"{""chance_top1_mean"": 0.052083333333333336, ""tied_cells"": 0, ""tied_pair_share"": 0.0, ""tied_share"": 0.0, ""top1_hits"": 6}"
all_power_count_auc_d:C-J,all,power,count,AUC d:C-J,0.7446741854636592,0.6535087719298245,0.8433583959899749,DESCRIPTIVE,24,8,"{""chance_top1_mean"": 0.052083333333333336, ""tied_cells"": 0, ""tied_pair_share"": 0.0, ""tied_share"": 0.0, ""top1_hits"": 2}"
all_power_count_auc_c:F-1-continuous,all,power,count,AUC c:F-1-continuous,0.5091635338345865,0.4883302005012532,0.5361842105263158,DESCRIPTIVE,24,8,"{""chance_top1_mean"": 0.052083333333333336, ""tied_cells"": 21, ""tied_pair_share"": 0.9455782312925171, ""tied_share"": 0.875, ""top1_hits"": 0}"
all_power_count_auc_c:F-1-micro,all,power,count,AUC c:F-1-micro,0.5198151629072681,0.5043859649122807,0.5417449874686716,DESCRIPTIVE,24,8,"{""chance_top1_mean"": 0.052083333333333336, ""tied_cells"": 21, ""tied_pair_share"": 0.9614512471655329, ""tied_share"": 0.875, ""top1_hits"": 0}"
all_power_count_auc_c:F-1-macro,all,power,count,AUC c:F-1-macro,0.5274122807017544,0.4736842105263158,0.5921052631578948,DESCRIPTIVE,24,8,"{""chance_top1_mean"": 0.052083333333333336, ""tied_cells"": 14, ""tied_pair_share"": 0.780045351473923, ""tied_share"": 0.5833333333333334, ""top1_hits"": 0}"
all_power_count_auc_c:F-5-continuous,all,power,count,AUC c:F-5-continuous,0.45817669172932335,0.37374686716791977,0.5493421052631579,DESCRIPTIVE,24,8,"{""chance_top1_mean"": 0.052083333333333336, ""tied_cells"": 1, ""tied_pair_share"": 0.04308390022675737, ""tied_share"": 0.041666666666666664, ""top1_hits"": 0}"
all_power_count_auc_c:F-5-micro,all,power,count,AUC c:F-5-micro,0.468828320802005,0.37938596491228066,0.5460526315789473,DESCRIPTIVE,24,8,"{""chance_top1_mean"": 0.052083333333333336, ""tied_cells"": 0, ""tied_pair_share"": 0.0, ""tied_share"": 0.0, ""top1_hits"": 0}"
all_power_count_auc_c:F-5-macro,all,power,count,AUC c:F-5-macro,0.5014097744360901,0.4135338345864662,0.6055764411027569,DESCRIPTIVE,24,8,"{""chance_top1_mean"": 0.052083333333333336, ""tied_cells"": 4, ""tied_pair_share"": 0.20861678004535147, ""tied_share"": 0.16666666666666666, ""top1_hits"": 0}"
all_power_count_auc_c:F-15-continuous,all,power,count,AUC c:F-15-continuous,0.46177944862155385,0.40256892230576435,0.5275689223057645,DESCRIPTIVE,24,8,"{""chance_top1_mean"": 0.052083333333333336, ""tied_cells"": 0, ""tied_pair_share"": 0.0, ""tied_share"": 0.0, ""top1_hits"": 0}"
all_power_count_auc_c:F-15-micro,all,power,count,AUC c:F-15-micro,0.4515977443609023,0.3991228070175439,0.519619360902255,DESCRIPTIVE,24,8,"{""chance_top1_mean"": 0.052083333333333336, ""tied_cells"": 0, ""tied_pair_share"": 0.0, ""tied_share"": 0.0, ""top1_hits"": 0}"
all_power_count_auc_c:F-15-macro,all,power,count,AUC c:F-15-macro,0.4993734335839599,0.4379699248120301,0.5592105263157894,DESCRIPTIVE,24,8,"{""chance_top1_mean"": 0.052083333333333336, ""tied_cells"": 0, ""tied_pair_share"": 0.0, ""tied_share"": 0.0, ""top1_hits"": 0}"
all_power_count_auc_c:C-F-1,all,power,count,AUC c:C-F-1,0.5087719298245614,0.4736842105263158,0.5504385964912281,DESCRIPTIVE,24,8,"{""chance_top1_mean"": 0.052083333333333336, ""tied_cells"": 15, ""tied_pair_share"": 0.7959183673469388, ""tied_share"": 0.625, ""top1_hits"": 0}"
all_power_count_auc_c:C-F-5,all,power,count,AUC c:C-F-5,0.6051065162907268,0.49122807017543857,0.7279135338345865,DESCRIPTIVE,24,8,"{""chance_top1_mean"": 0.052083333333333336, ""tied_cells"": 0, ""tied_pair_share"": 0.0, ""tied_share"": 0.0, ""top1_hits"": 0}"
all_power_count_auc_c:C-F-15,all,power,count,AUC c:C-F-15,0.5765977443609023,0.4954573934837092,0.6774749373433584,DESCRIPTIVE,24,8,"{""chance_top1_mean"": 0.052083333333333336, ""tied_cells"": 0, ""tied_pair_share"": 0.0, ""tied_share"": 0.0, ""top1_hits"": 0}"
all_power_count_auc_c:J,all,power,count,AUC c:J,0.5287437343358395,0.46929824561403505,0.5906171679197996,DESCRIPTIVE,24,8,"{""chance_top1_mean"": 0.052083333333333336, ""tied_cells"": 13, ""tied_pair_share"": 0.6077097505668935, ""tied_share"": 0.5416666666666666, ""top1_hits"": 0}"
all_power_count_auc_c:C-J,all,power,count,AUC c:C-J,0.5579573934837092,0.49671052631578944,0.606046365914787,DESCRIPTIVE,24,8,"{""chance_top1_mean"": 0.052083333333333336, ""tied_cells"": 13, ""tied_pair_share"": 0.5782312925170068, ""tied_share"": 0.5416666666666666, ""top1_hits"": 0}"
all_power_count_auc_b:F-1-continuous,all,power,count,AUC b:F-1-continuous,0.49631892230576447,0.480889724310777,0.5087719298245614,DESCRIPTIVE,24,8,"{""chance_top1_mean"": 0.052083333333333336, ""tied_cells"": 19, ""tied_pair_share"": 0.8979591836734694, ""tied_share"": 0.7916666666666666, ""top1_hits"": 1}"
all_power_count_auc_b:F-1-micro,all,power,count,AUC b:F-1-micro,0.513157894736842,0.5010964912280702,0.5328947368421053,DESCRIPTIVE,24,8,"{""chance_top1_mean"": 0.052083333333333336, ""tied_cells"": 21, ""tied_pair_share"": 0.909297052154195, ""tied_share"": 0.875, ""top1_hits"": 0}"
all_power_count_auc_b:F-1-macro,all,power,count,AUC b:F-1-macro,0.49013157894736836,0.4736842105263158,0.5021929824561403,DESCRIPTIVE,24,8,"{""chance_top1_mean"": 0.052083333333333336, ""tied_cells"": 21, ""tied_pair_share"": 0.8707482993197279, ""tied_share"": 0.875, ""top1_hits"": 0}"
all_power_count_auc_b:F-5-continuous,all,power,count,AUC b:F-5-continuous,0.6453634085213034,0.5610902255639099,0.7192982456140351,DESCRIPTIVE,24,8,"{""chance_top1_mean"": 0.052083333333333336, ""tied_cells"": 0, ""tied_pair_share"": 0.0, ""tied_share"": 0.0, ""top1_hits"": 0}"
all_power_count_auc_b:F-5-micro,all,power,count,AUC b:F-5-micro,0.5433897243107769,0.46052239974937337,0.631578947368421,DESCRIPTIVE,24,8,"{""chance_top1_mean"": 0.052083333333333336, ""tied_cells"": 0, ""tied_pair_share"": 0.0, ""tied_share"": 0.0, ""top1_hits"": 0}"
all_power_count_auc_b:F-5-macro,all,power,count,AUC b:F-5-macro,0.587562656641604,0.5082980889724311,0.675438596491228,DESCRIPTIVE,24,8,"{""chance_top1_mean"": 0.052083333333333336, ""tied_cells"": 3, ""tied_pair_share"": 0.1292517006802721, ""tied_share"": 0.125, ""top1_hits"": 1}"
all_power_count_auc_b:F-15-continuous,all,power,count,AUC b:F-15-continuous,0.725250626566416,0.6785714285714286,0.7822681704260652,DESCRIPTIVE,24,8,"{""chance_top1_mean"": 0.052083333333333336, ""tied_cells"": 0, ""tied_pair_share"": 0.0, ""tied_share"": 0.0, ""top1_hits"": 0}"
all_power_count_auc_b:F-15-micro,all,power,count,AUC b:F-15-micro,0.7274436090225564,0.6754385964912281,0.7844611528822055,DESCRIPTIVE,24,8,"{""chance_top1_mean"": 0.052083333333333336, ""tied_cells"": 0, ""tied_pair_share"": 0.0, ""tied_share"": 0.0, ""top1_hits"": 0}"
all_power_count_auc_b:F-15-macro,all,power,count,AUC b:F-15-macro,0.6481829573934836,0.6177944862155389,0.6798245614035088,DESCRIPTIVE,24,8,"{""chance_top1_mean"": 0.052083333333333336, ""tied_cells"": 0, ""tied_pair_share"": 0.0, ""tied_share"": 0.0, ""top1_hits"": 0}"
all_power_count_auc_b:C-F-1,all,power,count,AUC b:C-F-1,0.5032894736842105,0.4736842105263157,0.5339912280701754,DESCRIPTIVE,24,8,"{""chance_top1_mean"": 0.052083333333333336, ""tied_cells"": 16, ""tied_pair_share"": 0.9160997732426304, ""tied_share"": 0.6666666666666666, ""top1_hits"": 0}"
all_power_count_auc_b:C-F-5,all,power,count,AUC b:C-F-5,0.4107142857142857,0.3533834586466165,0.4692982456140351,DESCRIPTIVE,24,8,"{""chance_top1_mean"": 0.052083333333333336, ""tied_cells"": 0, ""tied_pair_share"": 0.0, ""tied_share"": 0.0, ""top1_hits"": 0}"
all_power_count_auc_b:C-F-15,all,power,count,AUC b:C-F-15,0.7399749373433584,0.6798245614035088,0.8013784461152882,DESCRIPTIVE,24,8,"{""chance_top1_mean"": 0.052083333333333336, ""tied_cells"": 0, ""tied_pair_share"": 0.0, ""tied_share"": 0.0, ""top1_hits"": 0}"
all_power_count_auc_b:J,all,power,count,AUC b:J,0.5722117794486214,0.5076754385964912,0.6271929824561404,DESCRIPTIVE,24,8,"{""chance_top1_mean"": 0.052083333333333336, ""tied_cells"": 11, ""tied_pair_share"": 0.6077097505668935, ""tied_share"": 0.4583333333333333, ""top1_hits"": 1}"
all_power_count_auc_b:C-J,all,power,count,AUC b:C-J,0.44595864661654133,0.4013157894736842,0.4901315789473684,DESCRIPTIVE,24,8,"{""chance_top1_mean"": 0.052083333333333336, ""tied_cells"": 16, ""tied_pair_share"": 0.7029478458049887, ""tied_share"": 0.6666666666666666, ""top1_hits"": 0}"
all_power_count_cost_ceiling_auc,all,power,count,cost_ceiling_auc,0.7159304511278195,0.5075187969924811,0.9243421052631579,DESCRIPTIVE,24,8,
all_power_count_endpoint_perception,all,power,count,endpoint_perception,-0.0054041353383458834,-0.2760808270676691,0.30380639097744355,DESCRIPTIVE,24,8,
all_power_count_mean_one_step_dynamics,all,power,count,request-mean one_step_dynamics,-0.03534505907626202,-0.23642224982098098,0.08443010427855362,DESCRIPTIVE,24,8,
all_power_count_mean_compounding,all,power,count,request-mean compounding,0.24419866630862874,0.1320488721804511,0.34539124037773,DESCRIPTIVE,24,8,
all_power_count_mean_anchor_perception,all,power,count,request-mean anchor_perception,0.06244405656999642,0.034538075098460436,0.08662476503759395,DESCRIPTIVE,24,8,
all_power_count_mean_dynamics,all,power,count,request-mean dynamics,0.20885360723236668,0.03947913869495171,0.3535917080648049,DESCRIPTIVE,24,8,
all_power_count_mean_total,all,power,count,request-mean total,0.20344947189402082,-0.010629251700680228,0.418468045112782,DESCRIPTIVE,24,8,
all_power_count_F-1-continuous_one_step_dynamics,all,power,count,one_step_dynamics [F-1-continuous],-0.04683583959899747,-0.269110275689223,0.0899122807017544,DESCRIPTIVE,24,8,
all_power_count_F-1-continuous_compounding,all,power,count,compounding [F-1-continuous],0.25900689223057644,0.09782268170426064,0.4083646616541353,DESCRIPTIVE,24,8,
all_power_count_F-1-continuous_anchor_perception,all,power,count,anchor_perception [F-1-continuous],-0.012844611528822051,-0.05451127819548872,0.015350877192982454,DESCRIPTIVE,24,8,
all_power_count_F-1-continuous_total,all,power,count,total [F-1-continuous],0.2067669172932331,-0.001566416040100247,0.42872807017543857,DESCRIPTIVE,24,8,
all_power_count_F-1-micro_one_step_dynamics,all,power,count,one_step_dynamics [F-1-micro],-0.04464285714285713,-0.269110275689223,0.09649122807017546,DESCRIPTIVE,24,8,
all_power_count_F-1-micro_compounding,all,power,count,compounding [F-1-micro],0.24616228070175433,0.08552631578947366,0.39365405701754363,DESCRIPTIVE,24,8,
all_power_count_F-1-micro_anchor_perception,all,power,count,anchor_perception [F-1-micro],-0.0066572681704260665,-0.0362625313283208,0.02506265664160401,DESCRIPTIVE,24,8,
all_power_count_F-1-micro_total,all,power,count,total [F-1-micro],0.1961152882205514,-0.02882205513784461,0.4232456140350877,DESCRIPTIVE,24,8,
all_power_count_F-1-macro_one_step_dynamics,all,power,count,one_step_dynamics [F-1-macro],-0.02161654135338343,-0.24999999999999994,0.11278195488721807,DESCRIPTIVE,24,8,
all_power_count_F-1-macro_compounding,all,power,count,compounding [F-1-macro],0.21553884711779447,0.09226190476190477,0.33176691729323304,DESCRIPTIVE,24,8,
all_power_count_F-1-macro_anchor_perception,all,power,count,anchor_perception [F-1-macro],-0.03728070175438596,-0.10416666666666666,0.018640350877192985,DESCRIPTIVE,24,8,
all_power_count_F-1-macro_total,all,power,count,total [F-1-macro],0.18851817042606517,0.006422305764411031,0.374921679197995,DESCRIPTIVE,24,8,
all_power_count_F-5-continuous_one_step_dynamics,all,power,count,one_step_dynamics [F-5-continuous],-0.046052631578947345,-0.27192982456140347,0.10087719298245615,DESCRIPTIVE,24,8,
all_power_count_F-5-continuous_compounding,all,power,count,compounding [F-5-continuous],0.3092105263157895,0.1337719298245614,0.4692982456140351,DESCRIPTIVE,24,8,
all_power_count_F-5-continuous_anchor_perception,all,power,count,anchor_perception [F-5-continuous],0.18718671679197996,0.12406015037593984,0.25407268170426067,DESCRIPTIVE,24,8,
all_power_count_F-5-continuous_total,all,power,count,total [F-5-continuous],0.25775375939849626,0.0034461152882205685,0.5208333333333333,DESCRIPTIVE,24,8,
all_power_count_F-5-micro_one_step_dynamics,all,power,count,one_step_dynamics [F-5-micro],-0.04166666666666666,-0.2697368421052631,0.10526315789473684,DESCRIPTIVE,24,8,
all_power_count_F-5-micro_compounding,all,power,count,compounding [F-5-micro],0.2941729323308271,0.13157894736842105,0.4432957393483709,DESCRIPTIVE,24,8,
all_power_count_F-5-micro_anchor_perception,all,power,count,anchor_perception [F-5-micro],0.07456140350877194,-0.0350877192982456,0.15570175438596492,DESCRIPTIVE,24,8,
all_power_count_F-5-micro_total,all,power,count,total [F-5-micro],0.24710213032581452,0.020492637844611555,0.49122807017543857,DESCRIPTIVE,24,8,
all_power_count_F-5-macro_one_step_dynamics,all,power,count,one_step_dynamics [F-5-macro],-0.010494987468671661,-0.2478070175438596,0.13518170426065165,DESCRIPTIVE,24,8,
all_power_count_F-5-macro_compounding,all,power,count,compounding [F-5-macro],0.23041979949874689,0.14818295739348375,0.31829573934837097,DESCRIPTIVE,24,8,
all_power_count_F-5-macro_anchor_perception,all,power,count,anchor_perception [F-5-macro],0.08615288220551379,-0.0213032581453634,0.2039473684210526,DESCRIPTIVE,24,8,
all_power_count_F-5-macro_total,all,power,count,total [F-5-macro],0.21452067669172933,0.06030701754385968,0.38009085213032584,DESCRIPTIVE,24,8,
all_power_count_F-15-continuous_one_step_dynamics,all,power,count,one_step_dynamics [F-15-continuous],-0.04307644110275687,-0.2777255639097744,0.1162280701754386,DESCRIPTIVE,24,8,
all_power_count_F-15-continuous_compounding,all,power,count,compounding [F-15-continuous],0.3026315789473684,0.12719298245614036,0.4714912280701754,DESCRIPTIVE,24,8,
all_power_count_F-15-continuous_anchor_perception,all,power,count,anchor_perception [F-15-continuous],0.26347117794486213,0.17606516290726815,0.36215538847117795,DESCRIPTIVE,24,8,
all_power_count_F-15-continuous_total,all,power,count,total [F-15-continuous],0.25415100250626566,0.016212406015037623,0.49321937656641557,DESCRIPTIVE,24,8,
all_power_count_F-15-micro_one_step_dynamics,all,power,count,one_step_dynamics [F-15-micro],-0.037907268170426035,-0.2747493734335839,0.12156954887218026,DESCRIPTIVE,24,8,
all_power_count_F-15-micro_compounding,all,power,count,compounding [F-15-micro],0.3076441102756892,0.13815789473684212,0.4661889097744357,DESCRIPTIVE,24,8,
all_power_count_F-15-micro_anchor_perception,all,power,count,anchor_perception [F-15-micro],0.27584586466165417,0.20080278822055136,0.3618421052631579,DESCRIPTIVE,24,8,
all_power_count_F-15-micro_total,all,power,count,total [F-15-micro],0.26433270676691734,0.017700501253132855,0.5143327067669173,DESCRIPTIVE,24,8,
all_power_count_F-15-macro_one_step_dynamics,all,power,count,one_step_dynamics [F-15-macro],0.0006265664160401349,-0.2434210526315789,0.16134085213032584,DESCRIPTIVE,24,8,
all_power_count_F-15-macro_compounding,all,power,count,compounding [F-15-macro],0.22133458646616538,0.1293859649122807,0.3132832080200501,DESCRIPTIVE,24,8,
all_power_count_F-15-macro_anchor_perception,all,power,count,anchor_perception [F-15-macro],0.1488095238095238,0.10526315789473685,0.19424342105263148,DESCRIPTIVE,24,8,
all_power_count_F-15-macro_total,all,power,count,total [F-15-macro],0.21655701754385964,0.053728070175438604,0.3826754385964912,DESCRIPTIVE,24,8,
all_power_count_C-F-1_one_step_dynamics,all,power,count,one_step_dynamics [C-F-1],-0.04464285714285712,-0.17841478696741853,0.054041353383458675,DESCRIPTIVE,24,8,
all_power_count_C-F-1_compounding,all,power,count,compounding [C-F-1],0.25720551378446116,0.11795112781954886,0.3870614035087719,DESCRIPTIVE,24,8,
all_power_count_C-F-1_anchor_perception,all,power,count,anchor_perception [C-F-1],-0.005482456140350878,-0.055921052631578955,0.04057017543859649,DESCRIPTIVE,24,8,
all_power_count_C-F-1_total,all,power,count,total [C-F-1],0.20715852130325815,0.007595159774436097,0.4100877192982456,DESCRIPTIVE,24,8,
all_power_count_C-F-5_one_step_dynamics,all,power,count,one_step_dynamics [C-F-5],-0.04824561403508772,-0.21710526315789475,0.06798245614035088,DESCRIPTIVE,24,8,
all_power_count_C-F-5_compounding,all,power,count,compounding [C-F-5],0.16447368421052633,0.050438596491228074,0.26973684210526316,DESCRIPTIVE,24,8,
all_power_count_C-F-5_anchor_perception,all,power,count,anchor_perception [C-F-5],-0.1943922305764411,-0.33615288220551376,-0.06939223057644112,DESCRIPTIVE,24,8,
all_power_count_C-F-5_total,all,power,count,total [C-F-5],0.11082393483709274,-0.1381833489974937,0.37949169799498705,DESCRIPTIVE,24,8,
all_power_count_C-F-15_one_step_dynamics,all,power,count,one_step_dynamics [C-F-15],-0.04229323308270676,-0.20175438596491227,0.08771929824561403,DESCRIPTIVE,24,8,
all_power_count_C-F-15_compounding,all,power,count,compounding [C-F-15],0.1870300751879699,0.08552631578947366,0.27036340852130325,DESCRIPTIVE,24,8,
all_power_count_C-F-15_anchor_perception,all,power,count,anchor_perception [C-F-15],0.16337719298245618,0.11403508771929827,0.20175438596491233,DESCRIPTIVE,24,8,
all_power_count_C-F-15_total,all,power,count,total [C-F-15],0.13933270676691728,-0.0787907268170426,0.3783677944862155,DESCRIPTIVE,24,8,
all_power_count_J_one_step_dynamics,all,power,count,one_step_dynamics [J],-0.04464285714285711,-0.26613408521303256,0.08834586466165414,DESCRIPTIVE,24,8,
all_power_count_J_compounding,all,power,count,compounding [J],0.23723370927318296,0.1414473684210526,0.3326284461152882,DESCRIPTIVE,24,8,
all_power_count_J_anchor_perception,all,power,count,anchor_perception [J],0.04346804511278196,-0.00775375939849624,0.10087719298245615,DESCRIPTIVE,24,8,
all_power_count_J_total,all,power,count,total [J],0.18718671679197996,-0.025540413533834617,0.3999138471177944,DESCRIPTIVE,24,8,
all_power_count_C-J_one_step_dynamics,all,power,count,one_step_dynamics [C-J],-0.023339598997493723,-0.15711152882205515,0.07174185463659148,DESCRIPTIVE,24,8,
all_power_count_C-J_compounding,all,power,count,compounding [C-J],0.18671679197994986,0.10526315789473684,0.2619165100250625,DESCRIPTIVE,24,8,
all_power_count_C-J_anchor_perception,all,power,count,anchor_perception [C-J],-0.11199874686716793,-0.19423950501253132,-0.024279448621553887,DESCRIPTIVE,24,8,
all_power_count_C-J_total,all,power,count,total [C-J],0.15797305764411032,-0.032659774436090215,0.3531484962406015,DESCRIPTIVE,24,8,
held_out_grid_tie_free_auc_a,held_out,grid,tie_free,AUC a,0.6666666666666666,0.5,1.0,DESCRIPTIVE,9,3,"{""chance_top1_mean"": 0.0625, ""tied_cells"": 6, ""tied_pair_share"": 0.6666666666666666, ""tied_share"": 0.6666666666666666, ""top1_hits"": 3}"
held_out_grid_tie_free_auc_ap,held_out,grid,tie_free,AUC ap,0.5111111111111111,0.4000000000000001,0.6666666666666666,DESCRIPTIVE,9,3,"{""chance_top1_mean"": 0.0625, ""tied_cells"": 0, ""tied_pair_share"": 0.0, ""tied_share"": 0.0, ""top1_hits"": 0}"
held_out_grid_tie_free_auc_d:F-1-continuous,held_out,grid,tie_free,AUC d:F-1-continuous,0.6592592592592593,0.6,0.7555555555555555,DESCRIPTIVE,9,3,"{""chance_top1_mean"": 0.0625, ""tied_cells"": 0, ""tied_pair_share"": 0.0, ""tied_share"": 0.0, ""top1_hits"": 0}"
held_out_grid_tie_free_auc_d:F-1-micro,held_out,grid,tie_free,AUC d:F-1-micro,0.674074074074074,0.6,0.7555555555555555,DESCRIPTIVE,9,3,"{""chance_top1_mean"": 0.0625, ""tied_cells"": 0, ""tied_pair_share"": 0.0, ""tied_share"": 0.0, ""top1_hits"": 0}"
held_out_grid_tie_free_auc_d:F-1-macro,held_out,grid,tie_free,AUC d:F-1-macro,0.6666666666666666,0.6666666666666666,0.6666666666666666,DESCRIPTIVE,9,3,"{""chance_top1_mean"": 0.0625, ""tied_cells"": 0, ""tied_pair_share"": 0.0, ""tied_share"": 0.0, ""top1_hits"": 0}"
held_out_grid_tie_free_auc_d:F-5-continuous,held_out,grid,tie_free,AUC d:F-5-continuous,0.6888888888888888,0.6444444444444445,0.7555555555555555,DESCRIPTIVE,9,3,"{""chance_top1_mean"": 0.0625, ""tied_cells"": 0, ""tied_pair_share"": 0.0, ""tied_share"": 0.0, ""top1_hits"": 0}"
held_out_grid_tie_free_auc_d:F-5-micro,held_out,grid,tie_free,AUC d:F-5-micro,0.6962962962962963,0.6444444444444445,0.7777777777777778,DESCRIPTIVE,9,3,"{""chance_top1_mean"": 0.0625, ""tied_cells"": 0, ""tied_pair_share"": 0.0, ""tied_share"": 0.0, ""top1_hits"": 0}"
held_out_grid_tie_free_auc_d:F-5-macro,held_out,grid,tie_free,AUC d:F-5-macro,0.6814814814814816,0.6222222222222222,0.7333333333333334,DESCRIPTIVE,9,3,"{""chance_top1_mean"": 0.0625, ""tied_cells"": 0, ""tied_pair_share"": 0.0, ""tied_share"": 0.0, ""top1_hits"": 1}"
held_out_grid_tie_free_auc_d:F-15-continuous,held_out,grid,tie_free,AUC d:F-15-continuous,0.7851851851851852,0.6666666666666666,0.9111111111111111,DESCRIPTIVE,9,3,"{""chance_top1_mean"": 0.0625, ""tied_cells"": 0, ""tied_pair_share"": 0.0, ""tied_share"": 0.0, ""top1_hits"": 0}"
held_out_grid_tie_free_auc_d:F-15-micro,held_out,grid,tie_free,AUC d:F-15-micro,0.7777777777777778,0.6666666666666666,0.888888888888889,DESCRIPTIVE,9,3,"{""chance_top1_mean"": 0.0625, ""tied_cells"": 0, ""tied_pair_share"": 0.0, ""tied_share"": 0.0, ""top1_hits"": 0}"
held_out_grid_tie_free_auc_d:F-15-macro,held_out,grid,tie_free,AUC d:F-15-macro,0.7111111111111111,0.6444444444444445,0.8444444444444444,DESCRIPTIVE,9,3,"{""chance_top1_mean"": 0.0625, ""tied_cells"": 0, ""tied_pair_share"": 0.0, ""tied_share"": 0.0, ""top1_hits"": 0}"
held_out_grid_tie_free_auc_d:C-F-1,held_out,grid,tie_free,AUC d:C-F-1,0.6222222222222222,0.5111111111111111,0.7111111111111111,DESCRIPTIVE,9,3,"{""chance_top1_mean"": 0.0625, ""tied_cells"": 0, ""tied_pair_share"": 0.0, ""tied_share"": 0.0, ""top1_hits"": 0}"
held_out_grid_tie_free_auc_d:C-F-5,held_out,grid,tie_free,AUC d:C-F-5,0.6,0.35555555555555557,0.7333333333333333,DESCRIPTIVE,9,3,"{""chance_top1_mean"": 0.0625, ""tied_cells"": 0, ""tied_pair_share"": 0.0, ""tied_share"": 0.0, ""top1_hits"": 0}"
held_out_grid_tie_free_auc_d:C-F-15,held_out,grid,tie_free,AUC d:C-F-15,0.6592592592592593,0.4222222222222222,0.8222222222222223,DESCRIPTIVE,9,3,"{""chance_top1_mean"": 0.0625, ""tied_cells"": 0, ""tied_pair_share"": 0.0, ""tied_share"": 0.0, ""top1_hits"": 0}"
held_out_grid_tie_free_auc_d:J,held_out,grid,tie_free,AUC d:J,0.674074074074074,0.6666666666666666,0.6888888888888888,DESCRIPTIVE,9,3,"{""chance_top1_mean"": 0.0625, ""tied_cells"": 0, ""tied_pair_share"": 0.0, ""tied_share"": 0.0, ""top1_hits"": 1}"
held_out_grid_tie_free_auc_d:C-J,held_out,grid,tie_free,AUC d:C-J,0.6444444444444445,0.4444444444444445,0.7777777777777778,DESCRIPTIVE,9,3,"{""chance_top1_mean"": 0.0625, ""tied_cells"": 0, ""tied_pair_share"": 0.0, ""tied_share"": 0.0, ""top1_hits"": 0}"
held_out_grid_tie_free_auc_c:F-1-continuous,held_out,grid,tie_free,AUC c:F-1-continuous,0.6074074074074074,0.48888888888888893,0.6888888888888888,DESCRIPTIVE,9,3,"{""chance_top1_mean"": 0.0625, ""tied_cells"": 0, ""tied_pair_share"": 0.0, ""tied_share"": 0.0, ""top1_hits"": 0}"
held_out_grid_tie_free_auc_c:F-1-micro,held_out,grid,tie_free,AUC c:F-1-micro,0.5851851851851851,0.4666666666666666,0.6444444444444445,DESCRIPTIVE,9,3,"{""chance_top1_mean"": 0.0625, ""tied_cells"": 0, ""tied_pair_share"": 0.0, ""tied_share"": 0.0, ""top1_hits"": 0}"
held_out_grid_tie_free_auc_c:F-1-macro,held_out,grid,tie_free,AUC c:F-1-macro,0.6074074074074075,0.4888888888888889,0.688888888888889,DESCRIPTIVE,9,3,"{""chance_top1_mean"": 0.0625, ""tied_cells"": 0, ""tied_pair_share"": 0.0, ""tied_share"": 0.0, ""top1_hits"": 0}"
held_out_grid_tie_free_auc_c:F-5-continuous,held_out,grid,tie_free,AUC c:F-5-continuous,0.7555555555555555,0.7111111111111111,0.7777777777777778,DESCRIPTIVE,9,3,"{""chance_top1_mean"": 0.0625, ""tied_cells"": 0, ""tied_pair_share"": 0.0, ""tied_share"": 0.0, ""top1_hits"": 0}"
held_out_grid_tie_free_auc_c:F-5-micro,held_out,grid,tie_free,AUC c:F-5-micro,0.7481481481481481,0.7111111111111111,0.7777777777777778,DESCRIPTIVE,9,3,"{""chance_top1_mean"": 0.0625, ""tied_cells"": 0, ""tied_pair_share"": 0.0, ""tied_share"": 0.0, ""top1_hits"": 0}"
held_out_grid_tie_free_auc_c:F-5-macro,held_out,grid,tie_free,AUC c:F-5-macro,0.4370370370370371,0.3555555555555556,0.5333333333333333,DESCRIPTIVE,9,3,"{""chance_top1_mean"": 0.0625, ""tied_cells"": 0, ""tied_pair_share"": 0.0, ""tied_share"": 0.0, ""top1_hits"": 0}"
held_out_grid_tie_free_auc_c:F-15-continuous,held_out,grid,tie_free,AUC c:F-15-continuous,0.7777777777777778,0.7333333333333333,0.8000000000000002,DESCRIPTIVE,9,3,"{""chance_top1_mean"": 0.0625, ""tied_cells"": 0, ""tied_pair_share"": 0.0, ""tied_share"": 0.0, ""top1_hits"": 0}"
held_out_grid_tie_free_auc_c:F-15-micro,held_out,grid,tie_free,AUC c:F-15-micro,0.7481481481481481,0.7333333333333333,0.7555555555555555,DESCRIPTIVE,9,3,"{""chance_top1_mean"": 0.0625, ""tied_cells"": 0, ""tied_pair_share"": 0.0, ""tied_share"": 0.0, ""top1_hits"": 0}"
held_out_grid_tie_free_auc_c:F-15-macro,held_out,grid,tie_free,AUC c:F-15-macro,0.7333333333333334,0.6666666666666666,0.8000000000000002,DESCRIPTIVE,9,3,"{""chance_top1_mean"": 0.0625, ""tied_cells"": 0, ""tied_pair_share"": 0.0, ""tied_share"": 0.0, ""top1_hits"": 0}"
held_out_grid_tie_free_auc_c:C-F-1,held_out,grid,tie_free,AUC c:C-F-1,0.40740740740740744,0.35555555555555557,0.48888888888888893,DESCRIPTIVE,9,3,"{""chance_top1_mean"": 0.0625, ""tied_cells"": 0, ""tied_pair_share"": 0.0, ""tied_share"": 0.0, ""top1_hits"": 0}"
held_out_grid_tie_free_auc_c:C-F-5,held_out,grid,tie_free,AUC c:C-F-5,0.7037037037037037,0.6888888888888888,0.7111111111111111,DESCRIPTIVE,9,3,"{""chance_top1_mean"": 0.0625, ""tied_cells"": 0, ""tied_pair_share"": 0.0, ""tied_share"": 0.0, ""top1_hits"": 0}"
held_out_grid_tie_free_auc_c:C-F-15,held_out,grid,tie_free,AUC c:C-F-15,0.7259259259259259,0.7111111111111111,0.7333333333333333,DESCRIPTIVE,9,3,"{""chance_top1_mean"": 0.0625, ""tied_cells"": 0, ""tied_pair_share"": 0.0, ""tied_share"": 0.0, ""top1_hits"": 0}"
held_out_grid_tie_free_auc_c:J,held_out,grid,tie_free,AUC c:J,0.5407407407407407,0.4666666666666666,0.6666666666666666,DESCRIPTIVE,9,3,"{""chance_top1_mean"": 0.0625, ""tied_cells"": 0, ""tied_pair_share"": 0.0, ""tied_share"": 0.0, ""top1_hits"": 0}"
held_out_grid_tie_free_auc_c:C-J,held_out,grid,tie_free,AUC c:C-J,0.6074074074074074,0.6,0.6222222222222222,DESCRIPTIVE,9,3,"{""chance_top1_mean"": 0.0625, ""tied_cells"": 0, ""tied_pair_share"": 0.0, ""tied_share"": 0.0, ""top1_hits"": 0}"
held_out_grid_tie_free_auc_b:F-1-continuous,held_out,grid,tie_free,AUC b:F-1-continuous,0.6296296296296297,0.5111111111111111,0.688888888888889,DESCRIPTIVE,9,3,"{""chance_top1_mean"": 0.0625, ""tied_cells"": 0, ""tied_pair_share"": 0.0, ""tied_share"": 0.0, ""top1_hits"": 0}"
held_out_grid_tie_free_auc_b:F-1-micro,held_out,grid,tie_free,AUC b:F-1-micro,0.5777777777777778,0.48888888888888893,0.6222222222222222,DESCRIPTIVE,9,3,"{""chance_top1_mean"": 0.0625, ""tied_cells"": 0, ""tied_pair_share"": 0.0, ""tied_share"": 0.0, ""top1_hits"": 0}"
held_out_grid_tie_free_auc_b:F-1-macro,held_out,grid,tie_free,AUC b:F-1-macro,0.5333333333333333,0.4666666666666666,0.6000000000000001,DESCRIPTIVE,9,3,"{""chance_top1_mean"": 0.0625, ""tied_cells"": 0, ""tied_pair_share"": 0.0, ""tied_share"": 0.0, ""top1_hits"": 0}"
held_out_grid_tie_free_auc_b:F-5-continuous,held_out,grid,tie_free,AUC b:F-5-continuous,0.7481481481481481,0.7111111111111111,0.7777777777777778,DESCRIPTIVE,9,3,"{""chance_top1_mean"": 0.0625, ""tied_cells"": 0, ""tied_pair_share"": 0.0, ""tied_share"": 0.0, ""top1_hits"": 0}"
held_out_grid_tie_free_auc_b:F-5-micro,held_out,grid,tie_free,AUC b:F-5-micro,0.7481481481481481,0.7111111111111111,0.7777777777777778,DESCRIPTIVE,9,3,"{""chance_top1_mean"": 0.0625, ""tied_cells"": 0, ""tied_pair_share"": 0.0, ""tied_share"": 0.0, ""top1_hits"": 0}"
held_out_grid_tie_free_auc_b:F-5-macro,held_out,grid,tie_free,AUC b:F-5-macro,0.637037037037037,0.5777777777777778,0.6666666666666666,DESCRIPTIVE,9,3,"{""chance_top1_mean"": 0.0625, ""tied_cells"": 0, ""tied_pair_share"": 0.0, ""tied_share"": 0.0, ""top1_hits"": 0}"
held_out_grid_tie_free_auc_b:F-15-continuous,held_out,grid,tie_free,AUC b:F-15-continuous,0.7777777777777778,0.7333333333333333,0.8000000000000002,DESCRIPTIVE,9,3,"{""chance_top1_mean"": 0.0625, ""tied_cells"": 0, ""tied_pair_share"": 0.0, ""tied_share"": 0.0, ""top1_hits"": 0}"
held_out_grid_tie_free_auc_b:F-15-micro,held_out,grid,tie_free,AUC b:F-15-micro,0.7777777777777778,0.7333333333333333,0.8222222222222223,DESCRIPTIVE,9,3,"{""chance_top1_mean"": 0.0625, ""tied_cells"": 0, ""tied_pair_share"": 0.0, ""tied_share"": 0.0, ""top1_hits"": 0}"
held_out_grid_tie_free_auc_b:F-15-macro,held_out,grid,tie_free,AUC b:F-15-macro,0.7407407407407408,0.6222222222222222,0.8444444444444444,DESCRIPTIVE,9,3,"{""chance_top1_mean"": 0.0625, ""tied_cells"": 0, ""tied_pair_share"": 0.0, ""tied_share"": 0.0, ""top1_hits"": 0}"
held_out_grid_tie_free_auc_b:C-F-1,held_out,grid,tie_free,AUC b:C-F-1,0.4296296296296296,0.35555555555555557,0.5333333333333333,DESCRIPTIVE,9,3,"{""chance_top1_mean"": 0.0625, ""tied_cells"": 0, ""tied_pair_share"": 0.0, ""tied_share"": 0.0, ""top1_hits"": 0}"
held_out_grid_tie_free_auc_b:C-F-5,held_out,grid,tie_free,AUC b:C-F-5,0.7037037037037037,0.6888888888888888,0.7111111111111111,DESCRIPTIVE,9,3,"{""chance_top1_mean"": 0.0625, ""tied_cells"": 0, ""tied_pair_share"": 0.0, ""tied_share"": 0.0, ""top1_hits"": 0}"
held_out_grid_tie_free_auc_b:C-F-15,held_out,grid,tie_free,AUC b:C-F-15,0.7259259259259259,0.7111111111111111,0.7333333333333333,DESCRIPTIVE,9,3,"{""chance_top1_mean"": 0.0625, ""tied_cells"": 0, ""tied_pair_share"": 0.0, ""tied_share"": 0.0, ""top1_hits"": 0}"
held_out_grid_tie_free_auc_b:J,held_out,grid,tie_free,AUC b:J,0.6296296296296297,0.5555555555555555,0.6666666666666666,DESCRIPTIVE,9,3,"{""chance_top1_mean"": 0.0625, ""tied_cells"": 0, ""tied_pair_share"": 0.0, ""tied_share"": 0.0, ""top1_hits"": 0}"
held_out_grid_tie_free_auc_b:C-J,held_out,grid,tie_free,AUC b:C-J,0.6592592592592592,0.6222222222222222,0.6888888888888888,DESCRIPTIVE,9,3,"{""chance_top1_mean"": 0.0625, ""tied_cells"": 0, ""tied_pair_share"": 0.0, ""tied_share"": 0.0, ""top1_hits"": 0}"
held_out_grid_tie_free_cost_ceiling_auc,held_out,grid,tie_free,cost_ceiling_auc,0.6666666666666666,0.5,1.0,DESCRIPTIVE,9,3,
held_out_grid_tie_free_endpoint_perception,held_out,grid,tie_free,endpoint_perception,0.15555555555555553,0.033333333333333326,0.3333333333333333,DESCRIPTIVE,9,3,
held_out_grid_tie_free_mean_one_step_dynamics,held_out,grid,tie_free,request-mean one_step_dynamics,-0.1703703703703703,-0.2809523809523809,-0.00793650793650788,DESCRIPTIVE,9,3,
held_out_grid_tie_free_mean_compounding,held_out,grid,tie_free,request-mean compounding,0.0396825396825397,-0.04126984126984123,0.09682539682539681,DESCRIPTIVE,9,3,
held_out_grid_tie_free_mean_anchor_perception,held_out,grid,tie_free,request-mean anchor_perception,0.02380952380952381,0.014285714285714282,0.03492063492063493,DESCRIPTIVE,9,3,
held_out_grid_tie_free_mean_dynamics,held_out,grid,tie_free,request-mean dynamics,-0.13068783068783066,-0.2634920634920635,0.05555555555555561,DESCRIPTIVE,9,3,
held_out_grid_tie_free_mean_total,held_out,grid,tie_free,request-mean total,0.024867724867724834,-0.16349206349206347,0.3888888888888888,DESCRIPTIVE,9,3,
held_out_grid_tie_free_F-1-continuous_one_step_dynamics,held_out,grid,tie_free,one_step_dynamics [F-1-continuous],-0.14814814814814814,-0.35555555555555557,0.06666666666666665,DESCRIPTIVE,9,3,
held_out_grid_tie_free_F-1-continuous_compounding,held_out,grid,tie_free,compounding [F-1-continuous],0.051851851851851836,-0.06666666666666672,0.11111111111111112,DESCRIPTIVE,9,3,
held_out_grid_tie_free_F-1-continuous_anchor_perception,held_out,grid,tie_free,anchor_perception [F-1-continuous],0.0222222222222222,-3.700743415417188e-17,0.04444444444444442,DESCRIPTIVE,9,3,
held_out_grid_tie_free_F-1-continuous_total,held_out,grid,tie_free,total [F-1-continuous],0.059259259259259234,-0.1888888888888889,0.5111111111111111,DESCRIPTIVE,9,3,
held_out_grid_tie_free_F-1-micro_one_step_dynamics,held_out,grid,tie_free,one_step_dynamics [F-1-micro],-0.16296296296296298,-0.35555555555555557,0.06666666666666665,DESCRIPTIVE,9,3,
held_out_grid_tie_free_F-1-micro_compounding,held_out,grid,tie_free,compounding [F-1-micro],0.08888888888888886,0.0222222222222222,0.1333333333333333,DESCRIPTIVE,9,3,
held_out_grid_tie_free_F-1-micro_anchor_perception,held_out,grid,tie_free,anchor_perception [F-1-micro],-0.007407407407407431,-0.022222222222222254,0.022222222222222216,DESCRIPTIVE,9,3,
held_out_grid_tie_free_F-1-micro_total,held_out,grid,tie_free,total [F-1-micro],0.08148148148148147,-0.14444444444444446,0.5333333333333333,DESCRIPTIVE,9,3,
held_out_grid_tie_free_F-1-macro_one_step_dynamics,held_out,grid,tie_free,one_step_dynamics [F-1-macro],-0.15555555555555553,-0.2666666666666666,-3.700743415417188e-17,DESCRIPTIVE,9,3,
held_out_grid_tie_free_F-1-macro_compounding,held_out,grid,tie_free,compounding [F-1-macro],0.05925925925925924,-0.02222222222222227,0.1777777777777778,DESCRIPTIVE,9,3,
held_out_grid_tie_free_F-1-macro_anchor_perception,held_out,grid,tie_free,anchor_perception [F-1-macro],-0.07407407407407408,-0.15555555555555559,-0.022222222222222216,DESCRIPTIVE,9,3,
held_out_grid_tie_free_F-1-macro_total,held_out,grid,tie_free,total [F-1-macro],0.05925925925925927,-0.1888888888888889,0.5111111111111112,DESCRIPTIVE,9,3,
held_out_grid_tie_free_F-5-continuous_one_step_dynamics,held_out,grid,tie_free,one_step_dynamics [F-5-continuous],-0.1777777777777778,-0.2888888888888889,0.0,DESCRIPTIVE,9,3,
held_out_grid_tie_free_F-5-continuous_compounding,held_out,grid,tie_free,compounding [F-5-continuous],-0.06666666666666667,-0.13333333333333333,-0.022222222222222216,DESCRIPTIVE,9,3,
held_out_grid_tie_free_F-5-continuous_anchor_perception,held_out,grid,tie_free,anchor_perception [F-5-continuous],-0.007407407407407405,-0.022222222222222216,0.0,DESCRIPTIVE,9,3,
held_out_grid_tie_free_F-5-continuous_total,held_out,grid,tie_free,total [F-5-continuous],-0.08888888888888889,-0.2777777777777778,0.2888888888888889,DESCRIPTIVE,9,3,
held_out_grid_tie_free_F-5-micro_one_step_dynamics,held_out,grid,tie_free,one_step_dynamics [F-5-micro],-0.1851851851851852,-0.3111111111111111,0.0,DESCRIPTIVE,9,3,
held_out_grid_tie_free_F-5-micro_compounding,held_out,grid,tie_free,compounding [F-5-micro],-0.05185185185185185,-0.13333333333333333,0.022222222222222216,DESCRIPTIVE,9,3,
held_out_grid_tie_free_F-5-micro_anchor_perception,held_out,grid,tie_free,anchor_perception [F-5-micro],0.0,0.0,0.0,DESCRIPTIVE,9,3,
held_out_grid_tie_free_F-5-micro_total,held_out,grid,tie_free,total [F-5-micro],-0.0814814814814815,-0.2777777777777778,0.2888888888888889,DESCRIPTIVE,9,3,
held_out_grid_tie_free_F-5-macro_one_step_dynamics,held_out,grid,tie_free,one_step_dynamics [F-5-macro],-0.17037037037037037,-0.2222222222222222,-0.0666666666666667,DESCRIPTIVE,9,3,
held_out_grid_tie_free_F-5-macro_compounding,held_out,grid,tie_free,compounding [F-5-macro],0.24444444444444444,0.19999999999999998,0.3333333333333333,DESCRIPTIVE,9,3,
held_out_grid_tie_free_F-5-macro_anchor_perception,held_out,grid,tie_free,anchor_perception [F-5-macro],0.19999999999999998,0.13333333333333333,0.3111111111111111,DESCRIPTIVE,9,3,
held_out_grid_tie_free_F-5-macro_total,held_out,grid,tie_free,total [F-5-macro],0.22962962962962963,0.07777777777777778,0.4666666666666666,DESCRIPTIVE,9,3,
held_out_grid_tie_free_F-15-continuous_one_step_dynamics,held_out,grid,tie_free,one_step_dynamics [F-15-continuous],-0.2740740740740741,-0.4444444444444445,0.0,DESCRIPTIVE,9,3,
held_out_grid_tie_free_F-15-continuous_compounding,held_out,grid,tie_free,compounding [F-15-continuous],0.007407407407407395,-0.06666666666666665,0.11111111111111109,DESCRIPTIVE,9,3,
held_out_grid_tie_free_F-15-continuous_anchor_perception,held_out,grid,tie_free,anchor_perception [F-15-continuous],0.0,0.0,0.0,DESCRIPTIVE,9,3,
held_out_grid_tie_free_F-15-continuous_total,held_out,grid,tie_free,total [F-15-continuous],-0.11111111111111112,-0.30000000000000004,0.2666666666666667,DESCRIPTIVE,9,3,
held_out_grid_tie_free_F-15-micro_one_step_dynamics,held_out,grid,tie_free,one_step_dynamics [F-15-micro],-0.26666666666666666,-0.4222222222222222,0.0,DESCRIPTIVE,9,3,
held_out_grid_tie_free_F-15-micro_compounding,held_out,grid,tie_free,compounding [F-15-micro],0.029629629629629634,-0.06666666666666665,0.13333333333333333,DESCRIPTIVE,9,3,
held_out_grid_tie_free_F-15-micro_anchor_perception,held_out,grid,tie_free,anchor_perception [F-15-micro],0.029629629629629634,0.0,0.0666666666666667,DESCRIPTIVE,9,3,
held_out_grid_tie_free_F-15-micro_total,held_out,grid,tie_free,total [F-15-micro],-0.08148148148148149,-0.2555555555555556,0.2666666666666667,DESCRIPTIVE,9,3,
held_out_grid_tie_free_F-15-macro_one_step_dynamics,held_out,grid,tie_free,one_step_dynamics [F-15-macro],-0.20000000000000004,-0.37777777777777777,0.02222222222222218,DESCRIPTIVE,9,3,
held_out_grid_tie_free_F-15-macro_compounding,held_out,grid,tie_free,compounding [F-15-macro],-0.022222222222222216,-0.0888888888888889,0.04444444444444443,DESCRIPTIVE,9,3,
held_out_grid_tie_free_F-15-macro_anchor_perception,held_out,grid,tie_free,anchor_perception [F-15-macro],0.007407407407407407,-0.04444444444444443,0.04444444444444443,DESCRIPTIVE,9,3,
held_out_grid_tie_free_F-15-macro_total,held_out,grid,tie_free,total [F-15-macro],-0.06666666666666671,-0.30000000000000004,0.3333333333333333,DESCRIPTIVE,9,3,
held_out_grid_tie_free_C-F-1_one_step_dynamics,held_out,grid,tie_free,one_step_dynamics [C-F-1],-0.1111111111111111,-0.17777777777777778,-0.04444444444444443,DESCRIPTIVE,9,3,
held_out_grid_tie_free_C-F-1_compounding,held_out,grid,tie_free,compounding [C-F-1],0.2148148148148148,0.15555555555555553,0.26666666666666666,DESCRIPTIVE,9,3,
held_out_grid_tie_free_C-F-1_anchor_perception,held_out,grid,tie_free,anchor_perception [C-F-1],0.02222222222222221,-1.850371707708594e-17,0.04444444444444443,DESCRIPTIVE,9,3,
held_out_grid_tie_free_C-F-1_total,held_out,grid,tie_free,total [C-F-1],0.25925925925925924,0.12222222222222223,0.5111111111111111,DESCRIPTIVE,9,3,
held_out_grid_tie_free_C-F-5_one_step_dynamics,held_out,grid,tie_free,one_step_dynamics [C-F-5],-0.08888888888888886,-0.26666666666666666,0.04444444444444449,DESCRIPTIVE,9,3,
held_out_grid_tie_free_C-F-5_compounding,held_out,grid,tie_free,compounding [C-F-5],-0.10370370370370374,-0.3555555555555556,0.022222222222222216,DESCRIPTIVE,9,3,
held_out_grid_tie_free_C-F-5_anchor_perception,held_out,grid,tie_free,anchor_perception [C-F-5],0.0,0.0,0.0,DESCRIPTIVE,9,3,
held_out_grid_tie_free_C-F-5_total,held_out,grid,tie_free,total [C-F-5],-0.037037037037037014,-0.2111111111111111,0.31111111111111117,DESCRIPTIVE,9,3,
held_out_grid_tie_free_C-F-15_one_step_dynamics,held_out,grid,tie_free,one_step_dynamics [C-F-15],-0.14814814814814817,-0.35555555555555557,-0.02222222222222218,DESCRIPTIVE,9,3,
held_out_grid_tie_free_C-F-15_compounding,held_out,grid,tie_free,compounding [C-F-15],-0.06666666666666667,-0.2888888888888889,0.0888888888888889,DESCRIPTIVE,9,3,
held_out_grid_tie_free_C-F-15_anchor_perception,held_out,grid,tie_free,anchor_perception [C-F-15],0.0,-0.022222222222222216,0.022222222222222216,DESCRIPTIVE,9,3,
held_out_grid_tie_free_C-F-15_total,held_out,grid,tie_free,total [C-F-15],-0.059259259259259234,-0.2333333333333333,0.2666666666666667,DESCRIPTIVE,9,3,
held_out_grid_tie_free_J_one_step_dynamics,held_out,grid,tie_free,one_step_dynamics [J],-0.16296296296296295,-0.28888888888888886,-3.700743415417188e-17,DESCRIPTIVE,9,3,
held_out_grid_tie_free_J_compounding,held_out,grid,tie_free,compounding [J],0.1333333333333333,0.02222222222222218,0.19999999999999996,DESCRIPTIVE,9,3,
held_out_grid_tie_free_J_anchor_perception,held_out,grid,tie_free,anchor_perception [J],0.08888888888888886,-3.700743415417188e-17,0.1777777777777778,DESCRIPTIVE,9,3,
held_out_grid_tie_free_J_total,held_out,grid,tie_free,total [J],0.1259259259259259,-0.1666666666666667,0.5111111111111112,DESCRIPTIVE,9,3,
held_out_grid_tie_free_C-J_one_step_dynamics,held_out,grid,tie_free,one_step_dynamics [C-J],-0.13333333333333333,-0.3111111111111111,-0.04444444444444442,DESCRIPTIVE,9,3,
held_out_grid_tie_free_C-J_compounding,held_out,grid,tie_free,compounding [C-J],0.03703703703703705,-0.15555555555555553,0.1777777777777778,DESCRIPTIVE,9,3,
held_out_grid_tie_free_C-J_anchor_perception,held_out,grid,tie_free,anchor_perception [C-J],0.051851851851851836,0.0,0.08888888888888886,DESCRIPTIVE,9,3,
held_out_grid_tie_free_C-J_total,held_out,grid,tie_free,total [C-J],0.05925925925925927,-0.09999999999999998,0.37777777777777777,DESCRIPTIVE,9,3,
held_out_grid_count_auc_a,held_out,grid,count,AUC a,0.5666666666666667,0.3333333333333333,1.0,DESCRIPTIVE,9,3,"{""chance_top1_mean"": 0.0625, ""tied_cells"": 0, ""tied_pair_share"": 0.4666666666666667, ""tied_share"": 0.0, ""top1_hits"": 3}"
held_out_grid_count_auc_ap,held_out,grid,count,AUC ap,0.5333333333333333,0.4000000000000001,0.6666666666666666,DESCRIPTIVE,9,3,"{""chance_top1_mean"": 0.0625, ""tied_cells"": 0, ""tied_pair_share"": 0.0, ""tied_share"": 0.0, ""top1_hits"": 0}"
held_out_grid_count_auc_d:F-1-continuous,held_out,grid,count,AUC d:F-1-continuous,0.6592592592592593,0.6,0.7333333333333334,DESCRIPTIVE,9,3,"{""chance_top1_mean"": 0.0625, ""tied_cells"": 0, ""tied_pair_share"": 0.0, ""tied_share"": 0.0, ""top1_hits"": 0}"
held_out_grid_count_auc_d:F-1-micro,held_out,grid,count,AUC d:F-1-micro,0.6814814814814815,0.6444444444444444,0.7555555555555555,DESCRIPTIVE,9,3,"{""chance_top1_mean"": 0.0625, ""tied_cells"": 0, ""tied_pair_share"": 0.0, ""tied_share"": 0.0, ""top1_hits"": 0}"
held_out_grid_count_auc_d:F-1-macro,held_out,grid,count,AUC d:F-1-macro,0.6222222222222222,0.6,0.6666666666666666,DESCRIPTIVE,9,3,"{""chance_top1_mean"": 0.0625, ""tied_cells"": 0, ""tied_pair_share"": 0.0, ""tied_share"": 0.0, ""top1_hits"": 0}"
held_out_grid_count_auc_d:F-5-continuous,held_out,grid,count,AUC d:F-5-continuous,0.6814814814814815,0.6444444444444445,0.7333333333333334,DESCRIPTIVE,9,3,"{""chance_top1_mean"": 0.0625, ""tied_cells"": 0, ""tied_pair_share"": 0.0, ""tied_share"": 0.0, ""top1_hits"": 0}"
held_out_grid_count_auc_d:F-5-micro,held_out,grid,count,AUC d:F-5-micro,0.6888888888888888,0.6444444444444445,0.7555555555555555,DESCRIPTIVE,9,3,"{""chance_top1_mean"": 0.0625, ""tied_cells"": 0, ""tied_pair_share"": 0.0, ""tied_share"": 0.0, ""top1_hits"": 0}"
held_out_grid_count_auc_d:F-5-macro,held_out,grid,count,AUC d:F-5-macro,0.6296296296296297,0.5333333333333333,0.7111111111111111,DESCRIPTIVE,9,3,"{""chance_top1_mean"": 0.0625, ""tied_cells"": 0, ""tied_pair_share"": 0.0, ""tied_share"": 0.0, ""top1_hits"": 0}"
held_out_grid_count_auc_d:F-15-continuous,held_out,grid,count,AUC d:F-15-continuous,0.762962962962963,0.6666666666666666,0.888888888888889,DESCRIPTIVE,9,3,"{""chance_top1_mean"": 0.0625, ""tied_cells"": 0, ""tied_pair_share"": 0.0, ""tied_share"": 0.0, ""top1_hits"": 0}"
held_out_grid_count_auc_d:F-15-micro,held_out,grid,count,AUC d:F-15-micro,0.762962962962963,0.6666666666666666,0.8666666666666667,DESCRIPTIVE,9,3,"{""chance_top1_mean"": 0.0625, ""tied_cells"": 0, ""tied_pair_share"": 0.0, ""tied_share"": 0.0, ""top1_hits"": 0}"
held_out_grid_count_auc_d:F-15-macro,held_out,grid,count,AUC d:F-15-macro,0.6666666666666666,0.5555555555555555,0.8000000000000002,DESCRIPTIVE,9,3,"{""chance_top1_mean"": 0.0625, ""tied_cells"": 0, ""tied_pair_share"": 0.0, ""tied_share"": 0.0, ""top1_hits"": 0}"
held_out_grid_count_auc_d:C-F-1,held_out,grid,count,AUC d:C-F-1,0.6296296296296297,0.5333333333333333,0.7111111111111111,DESCRIPTIVE,9,3,"{""chance_top1_mean"": 0.0625, ""tied_cells"": 0, ""tied_pair_share"": 0.0, ""tied_share"": 0.0, ""top1_hits"": 0}"
held_out_grid_count_auc_d:C-F-5,held_out,grid,count,AUC d:C-F-5,0.6,0.35555555555555557,0.7333333333333333,DESCRIPTIVE,9,3,"{""chance_top1_mean"": 0.0625, ""tied_cells"": 0, ""tied_pair_share"": 0.0, ""tied_share"": 0.0, ""top1_hits"": 0}"
held_out_grid_count_auc_d:C-F-15,held_out,grid,count,AUC d:C-F-15,0.6666666666666666,0.4222222222222222,0.8222222222222223,DESCRIPTIVE,9,3,"{""chance_top1_mean"": 0.0625, ""tied_cells"": 0, ""tied_pair_share"": 0.0, ""tied_share"": 0.0, ""top1_hits"": 0}"
held_out_grid_count_auc_d:J,held_out,grid,count,AUC d:J,0.6592592592592591,0.6444444444444444,0.6888888888888888,DESCRIPTIVE,9,3,"{""chance_top1_mean"": 0.0625, ""tied_cells"": 0, ""tied_pair_share"": 0.0, ""tied_share"": 0.0, ""top1_hits"": 1}"
held_out_grid_count_auc_d:C-J,held_out,grid,count,AUC d:C-J,0.6518518518518519,0.4666666666666666,0.7777777777777778,DESCRIPTIVE,9,3,"{""chance_top1_mean"": 0.0625, ""tied_cells"": 0, ""tied_pair_share"": 0.0, ""tied_share"": 0.0, ""top1_hits"": 0}"
held_out_grid_count_auc_c:F-1-continuous,held_out,grid,count,AUC c:F-1-continuous,0.5481481481481482,0.5,0.5777777777777778,DESCRIPTIVE,9,3,"{""chance_top1_mean"": 0.0625, ""tied_cells"": 6, ""tied_pair_share"": 0.7703703703703704, ""tied_share"": 0.6666666666666666, ""top1_hits"": 0}"
held_out_grid_count_auc_c:F-1-micro,held_out,grid,count,AUC c:F-1-micro,0.4888888888888889,0.4666666666666666,0.5,DESCRIPTIVE,9,3,"{""chance_top1_mean"": 0.0625, ""tied_cells"": 8, ""tied_pair_share"": 0.9777777777777777, ""tied_share"": 0.8888888888888888, ""top1_hits"": 0}"
held_out_grid_count_auc_c:F-1-macro,held_out,grid,count,AUC c:F-1-macro,0.5296296296296296,0.4444444444444444,0.6,DESCRIPTIVE,9,3,"{""chance_top1_mean"": 0.0625, ""tied_cells"": 5, ""tied_pair_share"": 0.6592592592592592, ""tied_share"": 0.5555555555555556, ""top1_hits"": 0}"
held_out_grid_count_auc_c:F-5-continuous,held_out,grid,count,AUC c:F-5-continuous,0.4962962962962963,0.3111111111111111,0.6,DESCRIPTIVE,9,3,"{""chance_top1_mean"": 0.0625, ""tied_cells"": 0, ""tied_pair_share"": 0.0, ""tied_share"": 0.0, ""top1_hits"": 0}"
held_out_grid_count_auc_c:F-5-micro,held_out,grid,count,AUC c:F-5-micro,0.4666666666666666,0.37777777777777777,0.5555555555555555,DESCRIPTIVE,9,3,"{""chance_top1_mean"": 0.0625, ""tied_cells"": 0, ""tied_pair_share"": 0.08888888888888889, ""tied_share"": 0.0, ""top1_hits"": 0}"
held_out_grid_count_auc_c:F-5-macro,held_out,grid,count,AUC c:F-5-macro,0.3592592592592592,0.2888888888888889,0.39999999999999997,DESCRIPTIVE,9,3,"{""chance_top1_mean"": 0.0625, ""tied_cells"": 1, ""tied_pair_share"": 0.21481481481481482, ""tied_share"": 0.1111111111111111, ""top1_hits"": 0}"
held_out_grid_count_auc_c:F-15-continuous,held_out,grid,count,AUC c:F-15-continuous,0.4444444444444444,0.4222222222222222,0.4666666666666666,DESCRIPTIVE,9,3,"{""chance_top1_mean"": 0.0625, ""tied_cells"": 0, ""tied_pair_share"": 0.0, ""tied_share"": 0.0, ""top1_hits"": 0}"
held_out_grid_count_auc_c:F-15-micro,held_out,grid,count,AUC c:F-15-micro,0.4148148148148148,0.39999999999999997,0.4444444444444444,DESCRIPTIVE,9,3,"{""chance_top1_mean"": 0.0625, ""tied_cells"": 0, ""tied_pair_share"": 0.0, ""tied_share"": 0.0, ""top1_hits"": 0}"
held_out_grid_count_auc_c:F-15-macro,held_out,grid,count,AUC c:F-15-macro,0.5185185185185185,0.4444444444444444,0.5777777777777778,DESCRIPTIVE,9,3,"{""chance_top1_mean"": 0.0625, ""tied_cells"": 0, ""tied_pair_share"": 0.0, ""tied_share"": 0.0, ""top1_hits"": 0}"
held_out_grid_count_auc_c:C-F-1,held_out,grid,count,AUC c:C-F-1,0.4777777777777778,0.4444444444444444,0.5,DESCRIPTIVE,9,3,"{""chance_top1_mean"": 0.0625, ""tied_cells"": 6, ""tied_pair_share"": 0.8518518518518519, ""tied_share"": 0.6666666666666666, ""top1_hits"": 0}"
held_out_grid_count_auc_c:C-F-5,held_out,grid,count,AUC c:C-F-5,0.5703703703703703,0.5111111111111111,0.6,DESCRIPTIVE,9,3,"{""chance_top1_mean"": 0.0625, ""tied_cells"": 0, ""tied_pair_share"": 0.0, ""tied_share"": 0.0, ""top1_hits"": 1}"
held_out_grid_count_auc_c:C-F-15,held_out,grid,count,AUC c:C-F-15,0.4666666666666666,0.4222222222222222,0.5333333333333333,DESCRIPTIVE,9,3,"{""chance_top1_mean"": 0.0625, ""tied_cells"": 0, ""tied_pair_share"": 0.0, ""tied_share"": 0.0, ""top1_hits"": 0}"
held_out_grid_count_auc_c:J,held_out,grid,count,AUC c:J,0.4296296296296296,0.3444444444444444,0.5222222222222223,DESCRIPTIVE,9,3,"{""chance_top1_mean"": 0.0625, ""tied_cells"": 2, ""tied_pair_share"": 0.5037037037037037, ""tied_share"": 0.2222222222222222, ""top1_hits"": 0}"
held_out_grid_count_auc_c:C-J,held_out,grid,count,AUC c:C-J,0.46296296296296297,0.3222222222222222,0.5444444444444444,DESCRIPTIVE,9,3,"{""chance_top1_mean"": 0.0625, ""tied_cells"": 3, ""tied_pair_share"": 0.5407407407407407, ""tied_share"": 0.3333333333333333, ""top1_hits"": 0}"
held_out_grid_count_auc_b:F-1-continuous,held_out,grid,count,AUC b:F-1-continuous,0.5148148148148147,0.5,0.5333333333333333,DESCRIPTIVE,9,3,"{""chance_top1_mean"": 0.0625, ""tied_cells"": 7, ""tied_pair_share"": 0.9703703703703703, ""tied_share"": 0.7777777777777778, ""top1_hits"": 0}"
held_out_grid_count_auc_b:F-1-micro,held_out,grid,count,AUC b:F-1-micro,0.562962962962963,0.5,0.611111111111111,DESCRIPTIVE,9,3,"{""chance_top1_mean"": 0.0625, ""tied_cells"": 6, ""tied_pair_share"": 0.7555555555555555, ""tied_share"": 0.6666666666666666, ""top1_hits"": 0}"
held_out_grid_count_auc_b:F-1-macro,held_out,grid,count,AUC b:F-1-macro,0.5370370370370371,0.4777777777777778,0.6444444444444445,DESCRIPTIVE,9,3,"{""chance_top1_mean"": 0.0625, ""tied_cells"": 6, ""tied_pair_share"": 0.8518518518518519, ""tied_share"": 0.6666666666666666, ""top1_hits"": 0}"
held_out_grid_count_auc_b:F-5-continuous,held_out,grid,count,AUC b:F-5-continuous,0.7407407407407406,0.6888888888888888,0.7777777777777777,DESCRIPTIVE,9,3,"{""chance_top1_mean"": 0.0625, ""tied_cells"": 0, ""tied_pair_share"": 0.0, ""tied_share"": 0.0, ""top1_hits"": 0}"
held_out_grid_count_auc_b:F-5-micro,held_out,grid,count,AUC b:F-5-micro,0.7111111111111111,0.6,0.7777777777777778,DESCRIPTIVE,9,3,"{""chance_top1_mean"": 0.0625, ""tied_cells"": 0, ""tied_pair_share"": 0.0, ""tied_share"": 0.0, ""top1_hits"": 0}"
held_out_grid_count_auc_b:F-5-macro,held_out,grid,count,AUC b:F-5-macro,0.5481481481481482,0.5111111111111112,0.611111111111111,DESCRIPTIVE,9,3,"{""chance_top1_mean"": 0.0625, ""tied_cells"": 2, ""tied_pair_share"": 0.2222222222222222, ""tied_share"": 0.2222222222222222, ""top1_hits"": 0}"
held_out_grid_count_auc_b:F-15-continuous,held_out,grid,count,AUC b:F-15-continuous,0.7629629629629631,0.7333333333333333,0.8000000000000002,DESCRIPTIVE,9,3,"{""chance_top1_mean"": 0.0625, ""tied_cells"": 0, ""tied_pair_share"": 0.0, ""tied_share"": 0.0, ""top1_hits"": 0}"
held_out_grid_count_auc_b:F-15-micro,held_out,grid,count,AUC b:F-15-micro,0.762962962962963,0.7333333333333333,0.7777777777777778,DESCRIPTIVE,9,3,"{""chance_top1_mean"": 0.0625, ""tied_cells"": 0, ""tied_pair_share"": 0.0, ""tied_share"": 0.0, ""top1_hits"": 0}"
held_out_grid_count_auc_b:F-15-macro,held_out,grid,count,AUC b:F-15-macro,0.7407407407407408,0.6222222222222222,0.8444444444444444,DESCRIPTIVE,9,3,"{""chance_top1_mean"": 0.0625, ""tied_cells"": 0, ""tied_pair_share"": 0.0, ""tied_share"": 0.0, ""top1_hits"": 0}"
held_out_grid_count_auc_b:C-F-1,held_out,grid,count,AUC b:C-F-1,0.3814814814814815,0.25555555555555554,0.5444444444444444,DESCRIPTIVE,9,3,"{""chance_top1_mean"": 0.0625, ""tied_cells"": 2, ""tied_pair_share"": 0.4666666666666667, ""tied_share"": 0.2222222222222222, ""top1_hits"": 0}"
held_out_grid_count_auc_b:C-F-5,held_out,grid,count,AUC b:C-F-5,0.47407407407407404,0.35555555555555557,0.5555555555555555,DESCRIPTIVE,9,3,"{""chance_top1_mean"": 0.0625, ""tied_cells"": 0, ""tied_pair_share"": 0.0, ""tied_share"": 0.0, ""top1_hits"": 0}"
held_out_grid_count_auc_b:C-F-15,held_out,grid,count,AUC b:C-F-15,0.7259259259259259,0.7111111111111111,0.7333333333333333,DESCRIPTIVE,9,3,"{""chance_top1_mean"": 0.0625, ""tied_cells"": 0, ""tied_pair_share"": 0.0, ""tied_share"": 0.0, ""top1_hits"": 0}"
held_out_grid_count_auc_b:J,held_out,grid,count,AUC b:J,0.48148148148148145,0.4666666666666666,0.4888888888888889,DESCRIPTIVE,9,3,"{""chance_top1_mean"": 0.0625, ""tied_cells"": 3, ""tied_pair_share"": 0.5777777777777777, ""tied_share"": 0.3333333333333333, ""top1_hits"": 0}"
held_out_grid_count_auc_b:C-J,held_out,grid,count,AUC b:C-J,0.4740740740740741,0.4444444444444444,0.48888888888888893,DESCRIPTIVE,9,3,"{""chance_top1_mean"": 0.0625, ""tied_cells"": 6, ""tied_pair_share"": 0.7703703703703704, ""tied_share"": 0.6666666666666666, ""top1_hits"": 0}"
held_out_grid_count_cost_ceiling_auc,held_out,grid,count,cost_ceiling_auc,0.5666666666666667,0.3333333333333333,1.0,DESCRIPTIVE,9,3,
held_out_grid_count_endpoint_perception,held_out,grid,count,endpoint_perception,0.03333333333333332,-0.16666666666666666,0.3333333333333333,DESCRIPTIVE,9,3,
held_out_grid_count_mean_one_step_dynamics,held_out,grid,count,request-mean one_step_dynamics,-0.13544973544973543,-0.19841269841269835,-0.015873015873015872,DESCRIPTIVE,9,3,
held_out_grid_count_mean_compounding,held_out,grid,count,request-mean compounding,0.19206349206349208,0.1380952380952381,0.21904761904761907,DESCRIPTIVE,9,3,
held_out_grid_count_mean_anchor_perception,held_out,grid,count,request-mean anchor_perception,0.1246031746031746,0.1103174603174603,0.1492063492063492,DESCRIPTIVE,9,3,
held_out_grid_count_mean_dynamics,held_out,grid,count,request-mean dynamics,0.05661375661375667,-0.060317460317460235,0.2031746031746032,DESCRIPTIVE,9,3,
held_out_grid_count_mean_total,held_out,grid,count,request-mean total,0.08994708994708993,-0.13968253968253963,0.5365079365079364,DESCRIPTIVE,9,3,
held_out_grid_count_F-1-continuous_one_step_dynamics,held_out,grid,count,one_step_dynamics [F-1-continuous],-0.1259259259259259,-0.3333333333333333,0.022222222222222216,DESCRIPTIVE,9,3,
held_out_grid_count_F-1-continuous_compounding,held_out,grid,count,compounding [F-1-continuous],0.1111111111111111,0.07777777777777777,0.15555555555555559,DESCRIPTIVE,9,3,
held_out_grid_count_F-1-continuous_anchor_perception,held_out,grid,count,anchor_perception [F-1-continuous],-0.033333333333333326,-0.06666666666666665,0.011111111111111108,DESCRIPTIVE,9,3,
held_out_grid_count_F-1-continuous_total,held_out,grid,count,total [F-1-continuous],0.018518518518518507,-0.24444444444444446,0.43333333333333335,DESCRIPTIVE,9,3,
held_out_grid_count_F-1-micro_one_step_dynamics,held_out,grid,count,one_step_dynamics [F-1-micro],-0.14814814814814817,-0.35555555555555557,0.022222222222222216,DESCRIPTIVE,9,3,
held_out_grid_count_F-1-micro_compounding,held_out,grid,count,compounding [F-1-micro],0.19259259259259257,0.1444444444444444,0.2555555555555556,DESCRIPTIVE,9,3,
held_out_grid_count_F-1-micro_anchor_perception,held_out,grid,count,anchor_perception [F-1-micro],0.07407407407407406,0.0,0.1444444444444444,DESCRIPTIVE,9,3,
held_out_grid_count_F-1-micro_total,held_out,grid,count,total [F-1-micro],0.07777777777777777,-0.16666666666666666,0.5,DESCRIPTIVE,9,3,
held_out_grid_count_F-1-macro_one_step_dynamics,held_out,grid,count,one_step_dynamics [F-1-macro],-0.08888888888888889,-0.19999999999999996,-3.700743415417188e-17,DESCRIPTIVE,9,3,
held_out_grid_count_F-1-macro_compounding,held_out,grid,count,compounding [F-1-macro],0.09259259259259257,-3.700743415417188e-17,0.22222222222222224,DESCRIPTIVE,9,3,
held_out_grid_count_F-1-macro_anchor_perception,held_out,grid,count,anchor_perception [F-1-macro],0.007407407407407411,-0.055555555555555546,0.04444444444444443,DESCRIPTIVE,9,3,
held_out_grid_count_F-1-macro_total,held_out,grid,count,total [F-1-macro],0.037037037037037014,-0.2333333333333334,0.5555555555555556,DESCRIPTIVE,9,3,
held_out_grid_count_F-5-continuous_one_step_dynamics,held_out,grid,count,one_step_dynamics [F-5-continuous],-0.14814814814814814,-0.24444444444444446,0.0,DESCRIPTIVE,9,3,
held_out_grid_count_F-5-continuous_compounding,held_out,grid,count,compounding [F-5-continuous],0.1851851851851852,0.0666666666666667,0.35555555555555557,DESCRIPTIVE,9,3,
held_out_grid_count_F-5-continuous_anchor_perception,held_out,grid,count,anchor_perception [F-5-continuous],0.24444444444444446,0.15555555555555559,0.37777777777777777,DESCRIPTIVE,9,3,
held_out_grid_count_F-5-continuous_total,held_out,grid,count,total [F-5-continuous],0.07037037037037042,-0.24444444444444446,0.688888888888889,DESCRIPTIVE,9,3,
held_out_grid_count_F-5-micro_one_step_dynamics,held_out,grid,count,one_step_dynamics [F-5-micro],-0.15555555555555556,-0.24444444444444446,0.0,DESCRIPTIVE,9,3,
held_out_grid_count_F-5-micro_compounding,held_out,grid,count,compounding [F-5-micro],0.22222222222222218,0.17777777777777773,0.28888888888888886,DESCRIPTIVE,9,3,
held_out_grid_count_F-5-micro_anchor_perception,held_out,grid,count,anchor_perception [F-5-micro],0.24444444444444446,0.20000000000000004,0.3111111111111111,DESCRIPTIVE,9,3,
held_out_grid_count_F-5-micro_total,held_out,grid,count,total [F-5-micro],0.09999999999999998,-0.18888888888888888,0.6222222222222222,DESCRIPTIVE,9,3,
held_out_grid_count_F-5-macro_one_step_dynamics,held_out,grid,count,one_step_dynamics [F-5-macro],-0.09629629629629627,-0.13333333333333328,-0.044444444444444474,DESCRIPTIVE,9,3,
held_out_grid_count_F-5-macro_compounding,held_out,grid,count,compounding [F-5-macro],0.2703703703703703,0.24444444444444438,0.3111111111111111,DESCRIPTIVE,9,3,
held_out_grid_count_F-5-macro_anchor_perception,held_out,grid,count,anchor_perception [F-5-macro],0.18888888888888888,0.12222222222222225,0.2333333333333333,DESCRIPTIVE,9,3,
held_out_grid_count_F-5-macro_total,held_out,grid,count,total [F-5-macro],0.2074074074074074,-0.022222222222222254,0.6000000000000001,DESCRIPTIVE,9,3,
held_out_grid_count_F-15-continuous_one_step_dynamics,held_out,grid,count,one_step_dynamics [F-15-continuous],-0.22962962962962963,-0.3555555555555556,0.0,DESCRIPTIVE,9,3,
held_out_grid_count_F-15-continuous_compounding,held_out,grid,count,compounding [F-15-continuous],0.3185185185185186,0.19999999999999998,0.4666666666666668,DESCRIPTIVE,9,3,
held_out_grid_count_F-15-continuous_anchor_perception,held_out,grid,count,anchor_perception [F-15-continuous],0.3185185185185186,0.26666666666666666,0.3555555555555556,DESCRIPTIVE,9,3,
held_out_grid_count_F-15-continuous_total,held_out,grid,count,total [F-15-continuous],0.12222222222222219,-0.11111111111111116,0.5333333333333333,DESCRIPTIVE,9,3,
held_out_grid_count_F-15-micro_one_step_dynamics,held_out,grid,count,one_step_dynamics [F-15-micro],-0.22962962962962963,-0.35555555555555557,0.0,DESCRIPTIVE,9,3,
held_out_grid_count_F-15-micro_compounding,held_out,grid,count,compounding [F-15-micro],0.34814814814814826,0.2222222222222222,0.46666666666666673,DESCRIPTIVE,9,3,
held_out_grid_count_F-15-micro_anchor_perception,held_out,grid,count,anchor_perception [F-15-micro],0.34814814814814815,0.28888888888888886,0.3777777777777778,DESCRIPTIVE,9,3,
held_out_grid_count_F-15-micro_total,held_out,grid,count,total [F-15-micro],0.1518518518518519,-0.06666666666666667,0.5555555555555557,DESCRIPTIVE,9,3,
held_out_grid_count_F-15-macro_one_step_dynamics,held_out,grid,count,one_step_dynamics [F-15-macro],-0.13333333333333333,-0.26666666666666666,0.02222222222222218,DESCRIPTIVE,9,3,
held_out_grid_count_F-15-macro_compounding,held_out,grid,count,compounding [F-15-macro],0.14814814814814817,0.11111111111111115,0.2222222222222222,DESCRIPTIVE,9,3,
held_out_grid_count_F-15-macro_anchor_perception,held_out,grid,count,anchor_perception [F-15-macro],0.22222222222222224,0.08888888888888889,0.31111111111111117,DESCRIPTIVE,9,3,
held_out_grid_count_F-15-macro_total,held_out,grid,count,total [F-15-macro],0.04814814814814811,-0.21111111111111117,0.4666666666666666,DESCRIPTIVE,9,3,
held_out_grid_count_C-F-1_one_step_dynamics,held_out,grid,count,one_step_dynamics [C-F-1],-0.09629629629629628,-0.13333333333333328,-0.04444444444444443,DESCRIPTIVE,9,3,
held_out_grid_count_C-F-1_compounding,held_out,grid,count,compounding [C-F-1],0.15185185185185182,0.04444444444444442,0.2666666666666666,DESCRIPTIVE,9,3,
held_out_grid_count_C-F-1_anchor_perception,held_out,grid,count,anchor_perception [C-F-1],-0.09629629629629632,-0.24444444444444446,0.09999999999999999,DESCRIPTIVE,9,3,
held_out_grid_count_C-F-1_total,held_out,grid,count,total [C-F-1],0.08888888888888886,-0.15555555555555559,0.5555555555555556,DESCRIPTIVE,9,3,
held_out_grid_count_C-F-5_one_step_dynamics,held_out,grid,count,one_step_dynamics [C-F-5],-0.06666666666666664,-0.19999999999999998,0.04444444444444449,DESCRIPTIVE,9,3,
held_out_grid_count_C-F-5_compounding,held_out,grid,count,compounding [C-F-5],0.02962962962962958,-0.24444444444444455,0.19999999999999996,DESCRIPTIVE,9,3,
held_out_grid_count_C-F-5_anchor_perception,held_out,grid,count,anchor_perception [C-F-5],-0.09629629629629631,-0.15555555555555556,-0.04444444444444445,DESCRIPTIVE,9,3,
held_out_grid_count_C-F-5_total,held_out,grid,count,total [C-F-5],-0.0037037037037036904,-0.26666666666666666,0.48888888888888893,DESCRIPTIVE,9,3,
held_out_grid_count_C-F-15_one_step_dynamics,held_out,grid,count,one_step_dynamics [C-F-15],-0.13333333333333333,-0.2888888888888889,-0.02222222222222218,DESCRIPTIVE,9,3,
held_out_grid_count_C-F-15_compounding,held_out,grid,count,compounding [C-F-15],0.20000000000000004,-0.022222222222222216,0.3333333333333333,DESCRIPTIVE,9,3,
held_out_grid_count_C-F-15_anchor_perception,held_out,grid,count,anchor_perception [C-F-15],0.25925925925925924,0.19999999999999998,0.2888888888888889,DESCRIPTIVE,9,3,
held_out_grid_count_C-F-15_total,held_out,grid,count,total [C-F-15],0.10000000000000002,-0.16666666666666666,0.5777777777777778,DESCRIPTIVE,9,3,
held_out_grid_count_J_one_step_dynamics,held_out,grid,count,one_step_dynamics [J],-0.1259259259259259,-0.24444444444444444,-0.022222222222222254,DESCRIPTIVE,9,3,
held_out_grid_count_J_compounding,held_out,grid,count,compounding [J],0.22962962962962963,0.16666666666666666,0.30000000000000004,DESCRIPTIVE,9,3,
held_out_grid_count_J_anchor_perception,held_out,grid,count,anchor_perception [J],0.05185185185185184,-0.05555555555555556,0.14444444444444443,DESCRIPTIVE,9,3,
held_out_grid_count_J_total,held_out,grid,count,total [J],0.13703703703703704,-0.05555555555555558,0.4777777777777778,DESCRIPTIVE,9,3,
held_out_grid_count_C-J_one_step_dynamics,held_out,grid,count,one_step_dynamics [C-J],-0.11851851851851852,-0.24444444444444446,-0.04444444444444443,DESCRIPTIVE,9,3,
held_out_grid_count_C-J_compounding,held_out,grid,count,compounding [C-J],0.18888888888888888,0.14444444444444443,0.2555555555555556,DESCRIPTIVE,9,3,
held_out_grid_count_C-J_anchor_perception,held_out,grid,count,anchor_perception [C-J],0.011111111111111115,-0.055555555555555546,0.12222222222222222,DESCRIPTIVE,9,3,
held_out_grid_count_C-J_total,held_out,grid,count,total [C-J],0.10370370370370369,-0.15555555555555559,0.45555555555555555,DESCRIPTIVE,9,3,
held_out_offset_tie_free_auc_a,held_out,offset,tie_free,AUC a,0.6666666666666666,0.5,1.0,DESCRIPTIVE,9,3,"{""chance_top1_mean"": 0.09090909090909091, ""tied_cells"": 6, ""tied_pair_share"": 0.6666666666666666, ""tied_share"": 0.6666666666666666, ""top1_hits"": 3}"
held_out_offset_tie_free_auc_ap,held_out,offset,tie_free,AUC ap,0.3666666666666667,0.20000000000000004,0.5,DESCRIPTIVE,9,3,"{""chance_top1_mean"": 0.09090909090909091, ""tied_cells"": 0, ""tied_pair_share"": 0.0, ""tied_share"": 0.0, ""top1_hits"": 0}"
held_out_offset_tie_free_auc_d:F-1-continuous,held_out,offset,tie_free,AUC d:F-1-continuous,0.27777777777777773,0.16666666666666666,0.39999999999999997,DESCRIPTIVE,9,3,"{""chance_top1_mean"": 0.09090909090909091, ""tied_cells"": 0, ""tied_pair_share"": 0.0, ""tied_share"": 0.0, ""top1_hits"": 0}"
held_out_offset_tie_free_auc_d:F-1-micro,held_out,offset,tie_free,AUC d:F-1-micro,0.3,0.19999999999999998,0.4333333333333333,DESCRIPTIVE,9,3,"{""chance_top1_mean"": 0.09090909090909091, ""tied_cells"": 0, ""tied_pair_share"": 0.0, ""tied_share"": 0.0, ""top1_hits"": 0}"
held_out_offset_tie_free_auc_d:F-1-macro,held_out,offset,tie_free,AUC d:F-1-macro,0.3444444444444445,0.2333333333333333,0.43333333333333335,DESCRIPTIVE,9,3,"{""chance_top1_mean"": 0.09090909090909091, ""tied_cells"": 0, ""tied_pair_share"": 0.0, ""tied_share"": 0.0, ""top1_hits"": 0}"
held_out_offset_tie_free_auc_d:F-5-continuous,held_out,offset,tie_free,AUC d:F-5-continuous,0.4444444444444445,0.16666666666666666,0.7333333333333334,DESCRIPTIVE,9,3,"{""chance_top1_mean"": 0.09090909090909091, ""tied_cells"": 0, ""tied_pair_share"": 0.0, ""tied_share"": 0.0, ""top1_hits"": 0}"
held_out_offset_tie_free_auc_d:F-5-micro,held_out,offset,tie_free,AUC d:F-5-micro,0.4444444444444445,0.16666666666666666,0.7333333333333334,DESCRIPTIVE,9,3,"{""chance_top1_mean"": 0.09090909090909091, ""tied_cells"": 0, ""tied_pair_share"": 0.0, ""tied_share"": 0.0, ""top1_hits"": 0}"
held_out_offset_tie_free_auc_d:F-5-macro,held_out,offset,tie_free,AUC d:F-5-macro,0.4222222222222222,0.13333333333333333,0.6333333333333333,DESCRIPTIVE,9,3,"{""chance_top1_mean"": 0.09090909090909091, ""tied_cells"": 0, ""tied_pair_share"": 0.0, ""tied_share"": 0.0, ""top1_hits"": 1}"
held_out_offset_tie_free_auc_d:F-15-continuous,held_out,offset,tie_free,AUC d:F-15-continuous,0.5666666666666668,0.2333333333333333,0.9,DESCRIPTIVE,9,3,"{""chance_top1_mean"": 0.09090909090909091, ""tied_cells"": 0, ""tied_pair_share"": 0.0, ""tied_share"": 0.0, ""top1_hits"": 1}"
held_out_offset_tie_free_auc_d:F-15-micro,held_out,offset,tie_free,AUC d:F-15-micro,0.5888888888888889,0.2333333333333333,0.9,DESCRIPTIVE,9,3,"{""chance_top1_mean"": 0.09090909090909091, ""tied_cells"": 0, ""tied_pair_share"": 0.0, ""tied_share"": 0.0, ""top1_hits"": 1}"
held_out_offset_tie_free_auc_d:F-15-macro,held_out,offset,tie_free,AUC d:F-15-macro,0.4888888888888889,0.3,0.6666666666666666,DESCRIPTIVE,9,3,"{""chance_top1_mean"": 0.09090909090909091, ""tied_cells"": 0, ""tied_pair_share"": 0.0, ""tied_share"": 0.0, ""top1_hits"": 1}"
held_out_offset_tie_free_auc_d:C-F-1,held_out,offset,tie_free,AUC d:C-F-1,0.2888888888888889,0.0,0.6,DESCRIPTIVE,9,3,"{""chance_top1_mean"": 0.09090909090909091, ""tied_cells"": 0, ""tied_pair_share"": 0.0, ""tied_share"": 0.0, ""top1_hits"": 0}"
held_out_offset_tie_free_auc_d:C-F-5,held_out,offset,tie_free,AUC d:C-F-5,0.4000000000000001,0.10000000000000002,0.6,DESCRIPTIVE,9,3,"{""chance_top1_mean"": 0.09090909090909091, ""tied_cells"": 0, ""tied_pair_share"": 0.0, ""tied_share"": 0.0, ""top1_hits"": 0}"
held_out_offset_tie_free_auc_d:C-F-15,held_out,offset,tie_free,AUC d:C-F-15,0.4222222222222223,0.10000000000000002,0.6,DESCRIPTIVE,9,3,"{""chance_top1_mean"": 0.09090909090909091, ""tied_cells"": 0, ""tied_pair_share"": 0.0, ""tied_share"": 0.0, ""top1_hits"": 0}"
held_out_offset_tie_free_auc_d:J,held_out,offset,tie_free,AUC d:J,0.26666666666666666,0.16666666666666666,0.3333333333333333,DESCRIPTIVE,9,3,"{""chance_top1_mean"": 0.09090909090909091, ""tied_cells"": 0, ""tied_pair_share"": 0.0, ""tied_share"": 0.0, ""top1_hits"": 0}"
held_out_offset_tie_free_auc_d:C-J,held_out,offset,tie_free,AUC d:C-J,0.35555555555555557,0.03333333333333333,0.6,DESCRIPTIVE,9,3,"{""chance_top1_mean"": 0.09090909090909091, ""tied_cells"": 0, ""tied_pair_share"": 0.0, ""tied_share"": 0.0, ""top1_hits"": 0}"
held_out_offset_tie_free_auc_c:F-1-continuous,held_out,offset,tie_free,AUC c:F-1-continuous,0.4777777777777777,0.39999999999999997,0.5333333333333333,DESCRIPTIVE,9,3,"{""chance_top1_mean"": 0.09090909090909091, ""tied_cells"": 0, ""tied_pair_share"": 0.0, ""tied_share"": 0.0, ""top1_hits"": 0}"
held_out_offset_tie_free_auc_c:F-1-micro,held_out,offset,tie_free,AUC c:F-1-micro,0.4666666666666666,0.39999999999999997,0.5,DESCRIPTIVE,9,3,"{""chance_top1_mean"": 0.09090909090909091, ""tied_cells"": 0, ""tied_pair_share"": 0.0, ""tied_share"": 0.0, ""top1_hits"": 0}"
held_out_offset_tie_free_auc_c:F-1-macro,held_out,offset,tie_free,AUC c:F-1-macro,0.31111111111111106,0.2333333333333333,0.3666666666666667,DESCRIPTIVE,9,3,"{""chance_top1_mean"": 0.09090909090909091, ""tied_cells"": 0, ""tied_pair_share"": 0.0, ""tied_share"": 0.0, ""top1_hits"": 0}"
held_out_offset_tie_free_auc_c:F-5-continuous,held_out,offset,tie_free,AUC c:F-5-continuous,0.5,0.2333333333333333,0.6333333333333333,DESCRIPTIVE,9,3,"{""chance_top1_mean"": 0.09090909090909091, ""tied_cells"": 0, ""tied_pair_share"": 0.0, ""tied_share"": 0.0, ""top1_hits"": 0}"
held_out_offset_tie_free_auc_c:F-5-micro,held_out,offset,tie_free,AUC c:F-5-micro,0.4777777777777778,0.2333333333333333,0.6,DESCRIPTIVE,9,3,"{""chance_top1_mean"": 0.09090909090909091, ""tied_cells"": 0, ""tied_pair_share"": 0.0, ""tied_share"": 0.0, ""top1_hits"": 0}"
held_out_offset_tie_free_auc_c:F-5-macro,held_out,offset,tie_free,AUC c:F-5-macro,0.5222222222222221,0.3,0.6666666666666666,DESCRIPTIVE,9,3,"{""chance_top1_mean"": 0.09090909090909091, ""tied_cells"": 0, ""tied_pair_share"": 0.0, ""tied_share"": 0.0, ""top1_hits"": 2}"
held_out_offset_tie_free_auc_c:F-15-continuous,held_out,offset,tie_free,AUC c:F-15-continuous,0.4222222222222222,0.20000000000000004,0.5333333333333333,DESCRIPTIVE,9,3,"{""chance_top1_mean"": 0.09090909090909091, ""tied_cells"": 0, ""tied_pair_share"": 0.0, ""tied_share"": 0.0, ""top1_hits"": 0}"
held_out_offset_tie_free_auc_c:F-15-micro,held_out,offset,tie_free,AUC c:F-15-micro,0.4888888888888889,0.20000000000000004,0.6333333333333333,DESCRIPTIVE,9,3,"{""chance_top1_mean"": 0.09090909090909091, ""tied_cells"": 0, ""tied_pair_share"": 0.0, ""tied_share"": 0.0, ""top1_hits"": 0}"
held_out_offset_tie_free_auc_c:F-15-macro,held_out,offset,tie_free,AUC c:F-15-macro,0.5111111111111111,0.39999999999999997,0.6333333333333333,DESCRIPTIVE,9,3,"{""chance_top1_mean"": 0.09090909090909091, ""tied_cells"": 0, ""tied_pair_share"": 0.0, ""tied_share"": 0.0, ""top1_hits"": 0}"
held_out_offset_tie_free_auc_c:C-F-1,held_out,offset,tie_free,AUC c:C-F-1,0.5333333333333333,0.5,0.6,DESCRIPTIVE,9,3,"{""chance_top1_mean"": 0.09090909090909091, ""tied_cells"": 0, ""tied_pair_share"": 0.0, ""tied_share"": 0.0, ""top1_hits"": 0}"
held_out_offset_tie_free_auc_c:C-F-5,held_out,offset,tie_free,AUC c:C-F-5,0.6777777777777777,0.3666666666666667,0.8333333333333334,DESCRIPTIVE,9,3,"{""chance_top1_mean"": 0.09090909090909091, ""tied_cells"": 0, ""tied_pair_share"": 0.0, ""tied_share"": 0.0, ""top1_hits"": 4}"
held_out_offset_tie_free_auc_c:C-F-15,held_out,offset,tie_free,AUC c:C-F-15,0.5666666666666667,0.20000000000000004,0.7666666666666666,DESCRIPTIVE,9,3,"{""chance_top1_mean"": 0.09090909090909091, ""tied_cells"": 0, ""tied_pair_share"": 0.0, ""tied_share"": 0.0, ""top1_hits"": 0}"
held_out_offset_tie_free_auc_c:J,held_out,offset,tie_free,AUC c:J,0.5222222222222223,0.3666666666666667,0.6333333333333334,DESCRIPTIVE,9,3,"{""chance_top1_mean"": 0.09090909090909091, ""tied_cells"": 0, ""tied_pair_share"": 0.0, ""tied_share"": 0.0, ""top1_hits"": 1}"
held_out_offset_tie_free_auc_c:C-J,held_out,offset,tie_free,AUC c:C-J,0.5888888888888889,0.3333333333333333,0.7333333333333334,DESCRIPTIVE,9,3,"{""chance_top1_mean"": 0.09090909090909091, ""tied_cells"": 0, ""tied_pair_share"": 0.0, ""tied_share"": 0.0, ""top1_hits"": 1}"
held_out_offset_tie_free_auc_b:F-1-continuous,held_out,offset,tie_free,AUC b:F-1-continuous,0.4666666666666666,0.39999999999999997,0.5,DESCRIPTIVE,9,3,"{""chance_top1_mean"": 0.09090909090909091, ""tied_cells"": 0, ""tied_pair_share"": 0.0, ""tied_share"": 0.0, ""top1_hits"": 0}"
held_out_offset_tie_free_auc_b:F-1-micro,held_out,offset,tie_free,AUC b:F-1-micro,0.4666666666666666,0.39999999999999997,0.5,DESCRIPTIVE,9,3,"{""chance_top1_mean"": 0.09090909090909091, ""tied_cells"": 0, ""tied_pair_share"": 0.0, ""tied_share"": 0.0, ""top1_hits"": 0}"
held_out_offset_tie_free_auc_b:F-1-macro,held_out,offset,tie_free,AUC b:F-1-macro,0.3444444444444444,0.3,0.43333333333333335,DESCRIPTIVE,9,3,"{""chance_top1_mean"": 0.09090909090909091, ""tied_cells"": 0, ""tied_pair_share"": 0.0, ""tied_share"": 0.0, ""top1_hits"": 0}"
held_out_offset_tie_free_auc_b:F-5-continuous,held_out,offset,tie_free,AUC b:F-5-continuous,0.5222222222222223,0.20000000000000004,0.7000000000000001,DESCRIPTIVE,9,3,"{""chance_top1_mean"": 0.09090909090909091, ""tied_cells"": 0, ""tied_pair_share"": 0.0, ""tied_share"": 0.0, ""top1_hits"": 1}"
held_out_offset_tie_free_auc_b:F-5-micro,held_out,offset,tie_free,AUC b:F-5-micro,0.4888888888888889,0.20000000000000004,0.6333333333333333,DESCRIPTIVE,9,3,"{""chance_top1_mean"": 0.09090909090909091, ""tied_cells"": 0, ""tied_pair_share"": 0.0, ""tied_share"": 0.0, ""top1_hits"": 0}"
held_out_offset_tie_free_auc_b:F-5-macro,held_out,offset,tie_free,AUC b:F-5-macro,0.5555555555555555,0.39999999999999997,0.6333333333333333,DESCRIPTIVE,9,3,"{""chance_top1_mean"": 0.09090909090909091, ""tied_cells"": 0, ""tied_pair_share"": 0.0, ""tied_share"": 0.0, ""top1_hits"": 1}"
held_out_offset_tie_free_auc_b:F-15-continuous,held_out,offset,tie_free,AUC b:F-15-continuous,0.41111111111111104,0.20000000000000004,0.5333333333333333,DESCRIPTIVE,9,3,"{""chance_top1_mean"": 0.09090909090909091, ""tied_cells"": 0, ""tied_pair_share"": 0.0, ""tied_share"": 0.0, ""top1_hits"": 0}"
held_out_offset_tie_free_auc_b:F-15-micro,held_out,offset,tie_free,AUC b:F-15-micro,0.43333333333333335,0.20000000000000004,0.5666666666666667,DESCRIPTIVE,9,3,"{""chance_top1_mean"": 0.09090909090909091, ""tied_cells"": 0, ""tied_pair_share"": 0.0, ""tied_share"": 0.0, ""top1_hits"": 0}"
held_out_offset_tie_free_auc_b:F-15-macro,held_out,offset,tie_free,AUC b:F-15-macro,0.4666666666666666,0.43333333333333335,0.5,DESCRIPTIVE,9,3,"{""chance_top1_mean"": 0.09090909090909091, ""tied_cells"": 0, ""tied_pair_share"": 0.0, ""tied_share"": 0.0, ""top1_hits"": 0}"
held_out_offset_tie_free_auc_b:C-F-1,held_out,offset,tie_free,AUC b:C-F-1,0.5333333333333333,0.5,0.6,DESCRIPTIVE,9,3,"{""chance_top1_mean"": 0.09090909090909091, ""tied_cells"": 0, ""tied_pair_share"": 0.0, ""tied_share"": 0.0, ""top1_hits"": 0}"
held_out_offset_tie_free_auc_b:C-F-5,held_out,offset,tie_free,AUC b:C-F-5,0.6666666666666666,0.3666666666666667,0.8333333333333334,DESCRIPTIVE,9,3,"{""chance_top1_mean"": 0.09090909090909091, ""tied_cells"": 0, ""tied_pair_share"": 0.0, ""tied_share"": 0.0, ""top1_hits"": 3}"
held_out_offset_tie_free_auc_b:C-F-15,held_out,offset,tie_free,AUC b:C-F-15,0.5666666666666668,0.2333333333333333,0.7333333333333334,DESCRIPTIVE,9,3,"{""chance_top1_mean"": 0.09090909090909091, ""tied_cells"": 0, ""tied_pair_share"": 0.0, ""tied_share"": 0.0, ""top1_hits"": 0}"
held_out_offset_tie_free_auc_b:J,held_out,offset,tie_free,AUC b:J,0.4666666666666666,0.3666666666666667,0.5333333333333333,DESCRIPTIVE,9,3,"{""chance_top1_mean"": 0.09090909090909091, ""tied_cells"": 0, ""tied_pair_share"": 0.0, ""tied_share"": 0.0, ""top1_hits"": 1}"
held_out_offset_tie_free_auc_b:C-J,held_out,offset,tie_free,AUC b:C-J,0.5555555555555556,0.3333333333333333,0.7333333333333334,DESCRIPTIVE,9,3,"{""chance_top1_mean"": 0.09090909090909091, ""tied_cells"": 0, ""tied_pair_share"": 0.0, ""tied_share"": 0.0, ""top1_hits"": 2}"
held_out_offset_tie_free_cost_ceiling_auc,held_out,offset,tie_free,cost_ceiling_auc,0.6666666666666666,0.5,1.0,DESCRIPTIVE,9,3,
held_out_offset_tie_free_endpoint_perception,held_out,offset,tie_free,endpoint_perception,0.3,0.0,0.6,DESCRIPTIVE,9,3,
held_out_offset_tie_free_mean_one_step_dynamics,held_out,offset,tie_free,request-mean one_step_dynamics,-0.034126984126984054,-0.3428571428571428,0.2404761904761906,DESCRIPTIVE,9,3,
held_out_offset_tie_free_mean_compounding,held_out,offset,tie_free,request-mean compounding,-0.10396825396825397,-0.20476190476190478,-0.045238095238095244,DESCRIPTIVE,9,3,
held_out_offset_tie_free_mean_anchor_perception,held_out,offset,tie_free,request-mean anchor_perception,-0.008730158730158734,-0.02619047619047619,0.014285714285714275,DESCRIPTIVE,9,3,
held_out_offset_tie_free_mean_dynamics,held_out,offset,tie_free,request-mean dynamics,-0.138095238095238,-0.3880952380952379,0.0357142857142857,DESCRIPTIVE,9,3,
held_out_offset_tie_free_mean_total,held_out,offset,tie_free,request-mean total,0.1619047619047621,-0.088095238095238,0.6357142857142861,DESCRIPTIVE,9,3,
held_out_offset_tie_free_F-1-continuous_one_step_dynamics,held_out,offset,tie_free,one_step_dynamics [F-1-continuous],0.0888888888888889,-0.06666666666666667,0.23333333333333336,DESCRIPTIVE,9,3,
held_out_offset_tie_free_F-1-continuous_compounding,held_out,offset,tie_free,compounding [F-1-continuous],-0.19999999999999998,-0.26666666666666666,-0.09999999999999999,DESCRIPTIVE,9,3,
held_out_offset_tie_free_F-1-continuous_anchor_perception,held_out,offset,tie_free,anchor_perception [F-1-continuous],-0.011111111111111108,-0.033333333333333326,0.0,DESCRIPTIVE,9,3,
held_out_offset_tie_free_F-1-continuous_total,held_out,offset,tie_free,total [F-1-continuous],0.18888888888888888,-0.033333333333333326,0.6,DESCRIPTIVE,9,3,
held_out_offset_tie_free_F-1-micro_one_step_dynamics,held_out,offset,tie_free,one_step_dynamics [F-1-micro],0.06666666666666668,-0.06666666666666667,0.20000000000000004,DESCRIPTIVE,9,3,
held_out_offset_tie_free_F-1-micro_compounding,held_out,offset,tie_free,compounding [F-1-micro],-0.16666666666666666,-0.2333333333333333,-0.06666666666666667,DESCRIPTIVE,9,3,
held_out_offset_tie_free_F-1-micro_anchor_perception,held_out,offset,tie_free,anchor_perception [F-1-micro],0.0,0.0,0.0,DESCRIPTIVE,9,3,
held_out_offset_tie_free_F-1-micro_total,held_out,offset,tie_free,total [F-1-micro],0.19999999999999998,0.0,0.6,DESCRIPTIVE,9,3,
held_out_offset_tie_free_F-1-macro_one_step_dynamics,held_out,offset,tie_free,one_step_dynamics [F-1-macro],0.02222222222222224,-0.16666666666666663,0.16666666666666666,DESCRIPTIVE,9,3,
held_out_offset_tie_free_F-1-macro_compounding,held_out,offset,tie_free,compounding [F-1-macro],0.03333333333333332,-2.7755575615628914e-17,0.09999999999999998,DESCRIPTIVE,9,3,
held_out_offset_tie_free_F-1-macro_anchor_perception,held_out,offset,tie_free,anchor_perception [F-1-macro],0.03333333333333333,-0.06666666666666667,0.19999999999999998,DESCRIPTIVE,9,3,
held_out_offset_tie_free_F-1-macro_total,held_out,offset,tie_free,total [F-1-macro],0.35555555555555557,0.13333333333333333,0.7666666666666666,DESCRIPTIVE,9,3,
held_out_offset_tie_free_F-5-continuous_one_step_dynamics,held_out,offset,tie_free,one_step_dynamics [F-5-continuous],-0.07777777777777777,-0.5333333333333333,0.23333333333333336,DESCRIPTIVE,9,3,
held_out_offset_tie_free_F-5-continuous_compounding,held_out,offset,tie_free,compounding [F-5-continuous],-0.055555555555555546,-0.19999999999999998,0.10000000000000002,DESCRIPTIVE,9,3,
held_out_offset_tie_free_F-5-continuous_anchor_perception,held_out,offset,tie_free,anchor_perception [F-5-continuous],0.022222222222222216,-0.033333333333333326,0.06666666666666665,DESCRIPTIVE,9,3,
held_out_offset_tie_free_F-5-continuous_total,held_out,offset,tie_free,total [F-5-continuous],0.16666666666666666,-0.13333333333333333,0.7666666666666666,DESCRIPTIVE,9,3,
held_out_offset_tie_free_F-5-micro_one_step_dynamics,held_out,offset,tie_free,one_step_dynamics [F-5-micro],-0.07777777777777777,-0.5333333333333333,0.23333333333333336,DESCRIPTIVE,9,3,
held_out_offset_tie_free_F-5-micro_compounding,held_out,offset,tie_free,compounding [F-5-micro],-0.03333333333333335,-0.1666666666666667,0.13333333333333333,DESCRIPTIVE,9,3,
held_out_offset_tie_free_F-5-micro_anchor_perception,held_out,offset,tie_free,anchor_perception [F-5-micro],0.011111111111111108,-0.033333333333333326,0.033333333333333326,DESCRIPTIVE,9,3,
held_out_offset_tie_free_F-5-micro_total,held_out,offset,tie_free,total [F-5-micro],0.18888888888888886,-0.10000000000000002,0.7666666666666666,DESCRIPTIVE,9,3,
held_out_offset_tie_free_F-5-macro_one_step_dynamics,held_out,offset,tie_free,one_step_dynamics [F-5-macro],-0.05555555555555556,-0.43333333333333335,0.26666666666666666,DESCRIPTIVE,9,3,
held_out_offset_tie_free_F-5-macro_compounding,held_out,offset,tie_free,compounding [F-5-macro],-0.09999999999999998,-0.5333333333333333,0.20000000000000004,DESCRIPTIVE,9,3,
held_out_offset_tie_free_F-5-macro_anchor_perception,held_out,offset,tie_free,anchor_perception [F-5-macro],0.033333333333333326,-0.26666666666666666,0.3333333333333333,DESCRIPTIVE,9,3,
held_out_offset_tie_free_F-5-macro_total,held_out,offset,tie_free,total [F-5-macro],0.14444444444444446,-0.09999999999999999,0.3333333333333333,DESCRIPTIVE,9,3,
held_out_offset_tie_free_F-15-continuous_one_step_dynamics,held_out,offset,tie_free,one_step_dynamics [F-15-continuous],-0.20000000000000004,-0.7000000000000001,0.16666666666666666,DESCRIPTIVE,9,3,
held_out_offset_tie_free_F-15-continuous_compounding,held_out,offset,tie_free,compounding [F-15-continuous],0.14444444444444446,0.033333333333333326,0.3666666666666667,DESCRIPTIVE,9,3,
held_out_offset_tie_free_F-15-continuous_anchor_perception,held_out,offset,tie_free,anchor_perception [F-15-continuous],-0.011111111111111108,-0.033333333333333326,0.0,DESCRIPTIVE,9,3,
held_out_offset_tie_free_F-15-continuous_total,held_out,offset,tie_free,total [F-15-continuous],0.2444444444444445,-0.033333333333333326,0.8000000000000002,DESCRIPTIVE,9,3,
held_out_offset_tie_free_F-15-micro_one_step_dynamics,held_out,offset,tie_free,one_step_dynamics [F-15-micro],-0.22222222222222224,-0.7000000000000001,0.16666666666666666,DESCRIPTIVE,9,3,
held_out_offset_tie_free_F-15-micro_compounding,held_out,offset,tie_free,compounding [F-15-micro],0.09999999999999999,0.0,0.26666666666666666,DESCRIPTIVE,9,3,
held_out_offset_tie_free_F-15-micro_anchor_perception,held_out,offset,tie_free,anchor_perception [F-15-micro],-0.05555555555555557,-0.10000000000000002,0.0,DESCRIPTIVE,9,3,
held_out_offset_tie_free_F-15-micro_total,held_out,offset,tie_free,total [F-15-micro],0.1777777777777778,-0.13333333333333333,0.8000000000000002,DESCRIPTIVE,9,3,
held_out_offset_tie_free_F-15-macro_one_step_dynamics,held_out,offset,tie_free,one_step_dynamics [F-15-macro],-0.12222222222222219,-0.4666666666666666,0.10000000000000002,DESCRIPTIVE,9,3,
held_out_offset_tie_free_F-15-macro_compounding,held_out,offset,tie_free,compounding [F-15-macro],-0.022222222222222237,-0.10000000000000003,0.033333333333333305,DESCRIPTIVE,9,3,
held_out_offset_tie_free_F-15-macro_anchor_perception,held_out,offset,tie_free,anchor_perception [F-15-macro],-0.044444444444444446,-0.16666666666666666,0.033333333333333326,DESCRIPTIVE,9,3,
held_out_offset_tie_free_F-15-macro_total,held_out,offset,tie_free,total [F-15-macro],0.15555555555555556,-0.13333333333333333,0.6,DESCRIPTIVE,9,3,
held_out_offset_tie_free_C-F-1_one_step_dynamics,held_out,offset,tie_free,one_step_dynamics [C-F-1],0.07777777777777779,-0.10000000000000002,0.4000000000000001,DESCRIPTIVE,9,3,
held_out_offset_tie_free_C-F-1_compounding,held_out,offset,tie_free,compounding [C-F-1],-0.24444444444444444,-0.6,0.10000000000000002,DESCRIPTIVE,9,3,
held_out_offset_tie_free_C-F-1_anchor_perception,held_out,offset,tie_free,anchor_perception [C-F-1],0.0,0.0,0.0,DESCRIPTIVE,9,3,
held_out_offset_tie_free_C-F-1_total,held_out,offset,tie_free,total [C-F-1],0.13333333333333333,0.0,0.39999999999999997,DESCRIPTIVE,9,3,
held_out_offset_tie_free_C-F-5_one_step_dynamics,held_out,offset,tie_free,one_step_dynamics [C-F-5],-0.033333333333333326,-0.3,0.30000000000000004,DESCRIPTIVE,9,3,
held_out_offset_tie_free_C-F-5_compounding,held_out,offset,tie_free,compounding [C-F-5],-0.27777777777777773,-0.3333333333333333,-0.2333333333333333,DESCRIPTIVE,9,3,
held_out_offset_tie_free_C-F-5_anchor_perception,held_out,offset,tie_free,anchor_perception [C-F-5],-0.011111111111111108,-0.033333333333333326,0.0,DESCRIPTIVE,9,3,
held_out_offset_tie_free_C-F-5_total,held_out,offset,tie_free,total [C-F-5],-0.011111111111111108,-0.3333333333333333,0.6333333333333333,DESCRIPTIVE,9,3,
held_out_offset_tie_free_C-F-15_one_step_dynamics,held_out,offset,tie_free,one_step_dynamics [C-F-15],-0.055555555555555546,-0.39999999999999997,0.30000000000000004,DESCRIPTIVE,9,3,
held_out_offset_tie_free_C-F-15_compounding,held_out,offset,tie_free,compounding [C-F-15],-0.14444444444444446,-0.1666666666666667,-0.10000000000000002,DESCRIPTIVE,9,3,
held_out_offset_tie_free_C-F-15_anchor_perception,held_out,offset,tie_free,anchor_perception [C-F-15],0.0,-0.033333333333333326,0.033333333333333326,DESCRIPTIVE,9,3,
held_out_offset_tie_free_C-F-15_total,held_out,offset,tie_free,total [C-F-15],0.10000000000000005,-0.26666666666666666,0.8000000000000002,DESCRIPTIVE,9,3,
held_out_offset_tie_free_J_one_step_dynamics,held_out,offset,tie_free,one_step_dynamics [J],0.10000000000000002,-0.13333333333333333,0.23333333333333336,DESCRIPTIVE,9,3,
held_out_offset_tie_free_J_compounding,held_out,offset,tie_free,compounding [J],-0.25555555555555554,-0.4666666666666666,-0.03333333333333333,DESCRIPTIVE,9,3,
held_out_offset_tie_free_J_anchor_perception,held_out,offset,tie_free,anchor_perception [J],-0.05555555555555558,-0.1333333333333334,9.25185853854297e-18,DESCRIPTIVE,9,3,
held_out_offset_tie_free_J_total,held_out,offset,tie_free,total [J],0.14444444444444446,-0.06666666666666667,0.3666666666666667,DESCRIPTIVE,9,3,
held_out_offset_tie_free_C-J_one_step_dynamics,held_out,offset,tie_free,one_step_dynamics [C-J],0.011111111111111108,-0.23333333333333336,0.3666666666666667,DESCRIPTIVE,9,3,
held_out_offset_tie_free_C-J_compounding,held_out,offset,tie_free,compounding [C-J],-0.2333333333333333,-0.3,-0.09999999999999998,DESCRIPTIVE,9,3,
held_out_offset_tie_free_C-J_anchor_perception,held_out,offset,tie_free,anchor_perception [C-J],-0.033333333333333326,-0.09999999999999999,1.850371707708594e-17,DESCRIPTIVE,9,3,
held_out_offset_tie_free_C-J_total,held_out,offset,tie_free,total [C-J],0.07777777777777778,-0.2333333333333333,0.6666666666666666,DESCRIPTIVE,9,3,
held_out_offset_count_auc_a,held_out,offset,count,AUC a,0.6166666666666667,0.4000000000000001,1.0,DESCRIPTIVE,9,3,"{""chance_top1_mean"": 0.09090909090909091, ""tied_cells"": 0, ""tied_pair_share"": 0.5666666666666667, ""tied_share"": 0.0, ""top1_hits"": 3}"
held_out_offset_count_auc_ap,held_out,offset,count,AUC ap,0.3666666666666667,0.20000000000000004,0.5,DESCRIPTIVE,9,3,"{""chance_top1_mean"": 0.09090909090909091, ""tied_cells"": 0, ""tied_pair_share"": 0.0, ""tied_share"": 0.0, ""top1_hits"": 0}"
held_out_offset_count_auc_d:F-1-continuous,held_out,offset,count,AUC d:F-1-continuous,0.27777777777777773,0.16666666666666666,0.4333333333333333,DESCRIPTIVE,9,3,"{""chance_top1_mean"": 0.09090909090909091, ""tied_cells"": 0, ""tied_pair_share"": 0.0, ""tied_share"": 0.0, ""top1_hits"": 0}"
held_out_offset_count_auc_d:F-1-micro,held_out,offset,count,AUC d:F-1-micro,0.27777777777777773,0.16666666666666666,0.4333333333333333,DESCRIPTIVE,9,3,"{""chance_top1_mean"": 0.09090909090909091, ""tied_cells"": 0, ""tied_pair_share"": 0.0, ""tied_share"": 0.0, ""top1_hits"": 0}"
held_out_offset_count_auc_d:F-1-macro,held_out,offset,count,AUC d:F-1-macro,0.28888888888888886,0.19999999999999998,0.39999999999999997,DESCRIPTIVE,9,3,"{""chance_top1_mean"": 0.09090909090909091, ""tied_cells"": 0, ""tied_pair_share"": 0.0, ""tied_share"": 0.0, ""top1_hits"": 0}"
held_out_offset_count_auc_d:F-5-continuous,held_out,offset,count,AUC d:F-5-continuous,0.43333333333333335,0.16666666666666666,0.7333333333333334,DESCRIPTIVE,9,3,"{""chance_top1_mean"": 0.09090909090909091, ""tied_cells"": 0, ""tied_pair_share"": 0.0, ""tied_share"": 0.0, ""top1_hits"": 0}"
held_out_offset_count_auc_d:F-5-micro,held_out,offset,count,AUC d:F-5-micro,0.4222222222222223,0.09999999999999999,0.7333333333333334,DESCRIPTIVE,9,3,"{""chance_top1_mean"": 0.09090909090909091, ""tied_cells"": 0, ""tied_pair_share"": 0.0, ""tied_share"": 0.0, ""top1_hits"": 0}"
held_out_offset_count_auc_d:F-5-macro,held_out,offset,count,AUC d:F-5-macro,0.35555555555555557,0.13333333333333333,0.6,DESCRIPTIVE,9,3,"{""chance_top1_mean"": 0.09090909090909091, ""tied_cells"": 0, ""tied_pair_share"": 0.0, ""tied_share"": 0.0, ""top1_hits"": 0}"
held_out_offset_count_auc_d:F-15-continuous,held_out,offset,count,AUC d:F-15-continuous,0.5222222222222223,0.20000000000000004,0.8666666666666666,DESCRIPTIVE,9,3,"{""chance_top1_mean"": 0.09090909090909091, ""tied_cells"": 0, ""tied_pair_share"": 0.0, ""tied_share"": 0.0, ""top1_hits"": 1}"
held_out_offset_count_auc_d:F-15-micro,held_out,offset,count,AUC d:F-15-micro,0.5555555555555556,0.2333333333333333,0.8666666666666666,DESCRIPTIVE,9,3,"{""chance_top1_mean"": 0.09090909090909091, ""tied_cells"": 0, ""tied_pair_share"": 0.0, ""tied_share"": 0.0, ""top1_hits"": 1}"
held_out_offset_count_auc_d:F-15-macro,held_out,offset,count,AUC d:F-15-macro,0.4000000000000001,0.26666666666666666,0.6333333333333334,DESCRIPTIVE,9,3,"{""chance_top1_mean"": 0.09090909090909091, ""tied_cells"": 0, ""tied_pair_share"": 0.0, ""tied_share"": 0.0, ""top1_hits"": 0}"
held_out_offset_count_auc_d:C-F-1,held_out,offset,count,AUC d:C-F-1,0.2888888888888889,0.0,0.6,DESCRIPTIVE,9,3,"{""chance_top1_mean"": 0.09090909090909091, ""tied_cells"": 0, ""tied_pair_share"": 0.0, ""tied_share"": 0.0, ""top1_hits"": 0}"
held_out_offset_count_auc_d:C-F-5,held_out,offset,count,AUC d:C-F-5,0.4000000000000001,0.10000000000000002,0.6,DESCRIPTIVE,9,3,"{""chance_top1_mean"": 0.09090909090909091, ""tied_cells"": 0, ""tied_pair_share"": 0.0, ""tied_share"": 0.0, ""top1_hits"": 0}"
held_out_offset_count_auc_d:C-F-15,held_out,offset,count,AUC d:C-F-15,0.4222222222222223,0.10000000000000002,0.6,DESCRIPTIVE,9,3,"{""chance_top1_mean"": 0.09090909090909091, ""tied_cells"": 0, ""tied_pair_share"": 0.0, ""tied_share"": 0.0, ""top1_hits"": 0}"
held_out_offset_count_auc_d:J,held_out,offset,count,AUC d:J,0.27777777777777773,0.16666666666666666,0.3333333333333333,DESCRIPTIVE,9,3,"{""chance_top1_mean"": 0.09090909090909091, ""tied_cells"": 0, ""tied_pair_share"": 0.0, ""tied_share"": 0.0, ""top1_hits"": 0}"
held_out_offset_count_auc_d:C-J,held_out,offset,count,AUC d:C-J,0.3666666666666667,0.03333333333333333,0.6333333333333333,DESCRIPTIVE,9,3,"{""chance_top1_mean"": 0.09090909090909091, ""tied_cells"": 0, ""tied_pair_share"": 0.0, ""tied_share"": 0.0, ""top1_hits"": 0}"
held_out_offset_count_auc_c:F-1-continuous,held_out,offset,count,AUC c:F-1-continuous,0.5388888888888889,0.48333333333333334,0.6333333333333333,DESCRIPTIVE,9,3,"{""chance_top1_mean"": 0.09090909090909091, ""tied_cells"": 7, ""tied_pair_share"": 0.8777777777777778, ""tied_share"": 0.7777777777777778, ""top1_hits"": 0}"
held_out_offset_count_auc_c:F-1-micro,held_out,offset,count,AUC c:F-1-micro,0.5,0.5,0.5,DESCRIPTIVE,9,3,"{""chance_top1_mean"": 0.09090909090909091, ""tied_cells"": 8, ""tied_pair_share"": 0.8888888888888888, ""tied_share"": 0.8888888888888888, ""top1_hits"": 0}"
held_out_offset_count_auc_c:F-1-macro,held_out,offset,count,AUC c:F-1-macro,0.5333333333333333,0.5,0.5666666666666667,DESCRIPTIVE,9,3,"{""chance_top1_mean"": 0.09090909090909091, ""tied_cells"": 6, ""tied_pair_share"": 0.7333333333333333, ""tied_share"": 0.6666666666666666, ""top1_hits"": 0}"
held_out_offset_count_auc_c:F-5-continuous,held_out,offset,count,AUC c:F-5-continuous,0.6777777777777779,0.6,0.8000000000000002,DESCRIPTIVE,9,3,"{""chance_top1_mean"": 0.09090909090909091, ""tied_cells"": 1, ""tied_pair_share"": 0.1111111111111111, ""tied_share"": 0.1111111111111111, ""top1_hits"": 0}"
held_out_offset_count_auc_c:F-5-micro,held_out,offset,count,AUC c:F-5-micro,0.6277777777777779,0.5,0.8000000000000002,DESCRIPTIVE,9,3,"{""chance_top1_mean"": 0.09090909090909091, ""tied_cells"": 0, ""tied_pair_share"": 0.1, ""tied_share"": 0.0, ""top1_hits"": 0}"
held_out_offset_count_auc_c:F-5-macro,held_out,offset,count,AUC c:F-5-macro,0.5555555555555557,0.43333333333333335,0.8000000000000002,DESCRIPTIVE,9,3,"{""chance_top1_mean"": 0.09090909090909091, ""tied_cells"": 2, ""tied_pair_share"": 0.2222222222222222, ""tied_share"": 0.2222222222222222, ""top1_hits"": 0}"
held_out_offset_count_auc_c:F-15-continuous,held_out,offset,count,AUC c:F-15-continuous,0.3222222222222222,0.13333333333333333,0.43333333333333335,DESCRIPTIVE,9,3,"{""chance_top1_mean"": 0.09090909090909091, ""tied_cells"": 0, ""tied_pair_share"": 0.0, ""tied_share"": 0.0, ""top1_hits"": 0}"
held_out_offset_count_auc_c:F-15-micro,held_out,offset,count,AUC c:F-15-micro,0.39999999999999997,0.26666666666666666,0.5,DESCRIPTIVE,9,3,"{""chance_top1_mean"": 0.09090909090909091, ""tied_cells"": 0, ""tied_pair_share"": 0.0, ""tied_share"": 0.0, ""top1_hits"": 0}"
held_out_offset_count_auc_c:F-15-macro,held_out,offset,count,AUC c:F-15-macro,0.5444444444444444,0.5,0.6333333333333334,DESCRIPTIVE,9,3,"{""chance_top1_mean"": 0.09090909090909091, ""tied_cells"": 0, ""tied_pair_share"": 0.0, ""tied_share"": 0.0, ""top1_hits"": 0}"
held_out_offset_count_auc_c:C-F-1,held_out,offset,count,AUC c:C-F-1,0.5499999999999999,0.5,0.6166666666666667,DESCRIPTIVE,9,3,"{""chance_top1_mean"": 0.09090909090909091, ""tied_cells"": 6, ""tied_pair_share"": 0.8333333333333334, ""tied_share"": 0.6666666666666666, ""top1_hits"": 0}"
held_out_offset_count_auc_c:C-F-5,held_out,offset,count,AUC c:C-F-5,0.6777777777777777,0.6,0.7666666666666666,DESCRIPTIVE,9,3,"{""chance_top1_mean"": 0.09090909090909091, ""tied_cells"": 0, ""tied_pair_share"": 0.0, ""tied_share"": 0.0, ""top1_hits"": 2}"
held_out_offset_count_auc_c:C-F-15,held_out,offset,count,AUC c:C-F-15,0.5555555555555556,0.3333333333333333,0.7333333333333334,DESCRIPTIVE,9,3,"{""chance_top1_mean"": 0.09090909090909091, ""tied_cells"": 0, ""tied_pair_share"": 0.0, ""tied_share"": 0.0, ""top1_hits"": 0}"
held_out_offset_count_auc_c:J,held_out,offset,count,AUC c:J,0.48888888888888893,0.3666666666666667,0.6,DESCRIPTIVE,9,3,"{""chance_top1_mean"": 0.09090909090909091, ""tied_cells"": 3, ""tied_pair_share"": 0.4666666666666667, ""tied_share"": 0.3333333333333333, ""top1_hits"": 0}"
held_out_offset_count_auc_c:C-J,held_out,offset,count,AUC c:C-J,0.5277777777777778,0.4666666666666666,0.6333333333333333,DESCRIPTIVE,9,3,"{""chance_top1_mean"": 0.09090909090909091, ""tied_cells"": 4, ""tied_pair_share"": 0.5222222222222223, ""tied_share"": 0.4444444444444444, ""top1_hits"": 0}"
held_out_offset_count_auc_b:F-1-continuous,held_out,offset,count,AUC b:F-1-continuous,0.5277777777777778,0.5,0.5833333333333334,DESCRIPTIVE,9,3,"{""chance_top1_mean"": 0.09090909090909091, ""tied_cells"": 8, ""tied_pair_share"": 0.9444444444444444, ""tied_share"": 0.8888888888888888, ""top1_hits"": 0}"
held_out_offset_count_auc_b:F-1-micro,held_out,offset,count,AUC b:F-1-micro,0.5611111111111111,0.5,0.6166666666666667,DESCRIPTIVE,9,3,"{""chance_top1_mean"": 0.09090909090909091, ""tied_cells"": 7, ""tied_pair_share"": 0.8777777777777778, ""tied_share"": 0.7777777777777778, ""top1_hits"": 1}"
held_out_offset_count_auc_b:F-1-macro,held_out,offset,count,AUC b:F-1-macro,0.5,0.5,0.5,DESCRIPTIVE,9,3,"{""chance_top1_mean"": 0.09090909090909091, ""tied_cells"": 7, ""tied_pair_share"": 0.8666666666666667, ""tied_share"": 0.7777777777777778, ""top1_hits"": 0}"
held_out_offset_count_auc_b:F-5-continuous,held_out,offset,count,AUC b:F-5-continuous,0.49999999999999994,0.20000000000000004,0.6666666666666666,DESCRIPTIVE,9,3,"{""chance_top1_mean"": 0.09090909090909091, ""tied_cells"": 0, ""tied_pair_share"": 0.0, ""tied_share"": 0.0, ""top1_hits"": 1}"
held_out_offset_count_auc_b:F-5-micro,held_out,offset,count,AUC b:F-5-micro,0.5888888888888888,0.4666666666666666,0.6666666666666666,DESCRIPTIVE,9,3,"{""chance_top1_mean"": 0.09090909090909091, ""tied_cells"": 0, ""tied_pair_share"": 0.0, ""tied_share"": 0.0, ""top1_hits"": 2}"
held_out_offset_count_auc_b:F-5-macro,held_out,offset,count,AUC b:F-5-macro,0.5,0.5,0.5,DESCRIPTIVE,9,3,"{""chance_top1_mean"": 0.09090909090909091, ""tied_cells"": 2, ""tied_pair_share"": 0.2222222222222222, ""tied_share"": 0.2222222222222222, ""top1_hits"": 1}"
held_out_offset_count_auc_b:F-15-continuous,held_out,offset,count,AUC b:F-15-continuous,0.43333333333333335,0.20000000000000004,0.5666666666666667,DESCRIPTIVE,9,3,"{""chance_top1_mean"": 0.09090909090909091, ""tied_cells"": 0, ""tied_pair_share"": 0.0, ""tied_share"": 0.0, ""top1_hits"": 0}"
held_out_offset_count_auc_b:F-15-micro,held_out,offset,count,AUC b:F-15-micro,0.4555555555555555,0.20000000000000004,0.6,DESCRIPTIVE,9,3,"{""chance_top1_mean"": 0.09090909090909091, ""tied_cells"": 0, ""tied_pair_share"": 0.0, ""tied_share"": 0.0, ""top1_hits"": 0}"
held_out_offset_count_auc_b:F-15-macro,held_out,offset,count,AUC b:F-15-macro,0.4666666666666666,0.43333333333333335,0.5,DESCRIPTIVE,9,3,"{""chance_top1_mean"": 0.09090909090909091, ""tied_cells"": 0, ""tied_pair_share"": 0.0, ""tied_share"": 0.0, ""top1_hits"": 0}"
held_out_offset_count_auc_b:C-F-1,held_out,offset,count,AUC b:C-F-1,0.4833333333333334,0.43333333333333335,0.5166666666666667,DESCRIPTIVE,9,3,"{""chance_top1_mean"": 0.09090909090909091, ""tied_cells"": 4, ""tied_pair_share"": 0.5444444444444444, ""tied_share"": 0.4444444444444444, ""top1_hits"": 0}"
held_out_offset_count_auc_b:C-F-5,held_out,offset,count,AUC b:C-F-5,0.3444444444444444,0.26666666666666666,0.5,DESCRIPTIVE,9,3,"{""chance_top1_mean"": 0.09090909090909091, ""tied_cells"": 0, ""tied_pair_share"": 0.0, ""tied_share"": 0.0, ""top1_hits"": 0}"
held_out_offset_count_auc_b:C-F-15,held_out,offset,count,AUC b:C-F-15,0.5444444444444445,0.20000000000000004,0.7333333333333334,DESCRIPTIVE,9,3,"{""chance_top1_mean"": 0.09090909090909091, ""tied_cells"": 0, ""tied_pair_share"": 0.0, ""tied_share"": 0.0, ""top1_hits"": 0}"
held_out_offset_count_auc_b:J,held_out,offset,count,AUC b:J,0.48333333333333334,0.3666666666666667,0.6333333333333333,DESCRIPTIVE,9,3,"{""chance_top1_mean"": 0.09090909090909091, ""tied_cells"": 3, ""tied_pair_share"": 0.6111111111111112, ""tied_share"": 0.3333333333333333, ""top1_hits"": 1}"
held_out_offset_count_auc_b:C-J,held_out,offset,count,AUC b:C-J,0.4666666666666666,0.39999999999999997,0.5,DESCRIPTIVE,9,3,"{""chance_top1_mean"": 0.09090909090909091, ""tied_cells"": 8, ""tied_pair_share"": 0.8888888888888888, ""tied_share"": 0.8888888888888888, ""top1_hits"": 0}"
held_out_offset_count_cost_ceiling_auc,held_out,offset,count,cost_ceiling_auc,0.6166666666666667,0.4000000000000001,1.0,DESCRIPTIVE,9,3,
held_out_offset_count_endpoint_perception,held_out,offset,count,endpoint_perception,0.25,-0.09999999999999998,0.6,DESCRIPTIVE,9,3,
held_out_offset_count_mean_one_step_dynamics,held_out,offset,count,request-mean one_step_dynamics,-0.011111111111111053,-0.33095238095238094,0.2523809523809525,DESCRIPTIVE,9,3,
held_out_offset_count_mean_compounding,held_out,offset,count,request-mean compounding,-0.15793650793650796,-0.3976190476190477,-0.002380952380952384,DESCRIPTIVE,9,3,
held_out_offset_count_mean_anchor_perception,held_out,offset,count,request-mean anchor_perception,-0.046031746031746014,-0.144047619047619,0.009523809523809526,DESCRIPTIVE,9,3,
held_out_offset_count_mean_dynamics,held_out,offset,count,request-mean dynamics,-0.16904761904761897,-0.33333333333333326,-0.028571428571428456,DESCRIPTIVE,9,3,
held_out_offset_count_mean_total,held_out,offset,count,request-mean total,0.08095238095238105,-0.12857142857142848,0.45476190476190487,DESCRIPTIVE,9,3,
held_out_offset_count_F-1-continuous_one_step_dynamics,held_out,offset,count,one_step_dynamics [F-1-continuous],0.0888888888888889,-0.033333333333333326,0.23333333333333336,DESCRIPTIVE,9,3,
held_out_offset_count_F-1-continuous_compounding,held_out,offset,count,compounding [F-1-continuous],-0.26111111111111107,-0.39999999999999997,-0.05000000000000001,DESCRIPTIVE,9,3,
held_out_offset_count_F-1-continuous_anchor_perception,held_out,offset,count,anchor_perception [F-1-continuous],-0.011111111111111115,-0.05000000000000001,0.016666666666666663,DESCRIPTIVE,9,3,
held_out_offset_count_F-1-continuous_total,held_out,offset,count,total [F-1-continuous],0.07777777777777778,-0.18333333333333335,0.5,DESCRIPTIVE,9,3,
held_out_offset_count_F-1-micro_one_step_dynamics,held_out,offset,count,one_step_dynamics [F-1-micro],0.0888888888888889,-0.033333333333333326,0.23333333333333336,DESCRIPTIVE,9,3,
held_out_offset_count_F-1-micro_compounding,held_out,offset,count,compounding [F-1-micro],-0.2222222222222222,-0.3333333333333333,-0.06666666666666667,DESCRIPTIVE,9,3,
held_out_offset_count_F-1-micro_anchor_perception,held_out,offset,count,anchor_perception [F-1-micro],0.061111111111111095,0.0,0.11666666666666665,DESCRIPTIVE,9,3,
held_out_offset_count_F-1-micro_total,held_out,offset,count,total [F-1-micro],0.11666666666666668,-0.09999999999999998,0.5,DESCRIPTIVE,9,3,
held_out_offset_count_F-1-macro_one_step_dynamics,held_out,offset,count,one_step_dynamics [F-1-macro],0.07777777777777779,-0.19999999999999996,0.2333333333333333,DESCRIPTIVE,9,3,
held_out_offset_count_F-1-macro_compounding,held_out,offset,count,compounding [F-1-macro],-0.24444444444444446,-0.3666666666666667,-0.13333333333333333,DESCRIPTIVE,9,3,
held_out_offset_count_F-1-macro_anchor_perception,held_out,offset,count,anchor_perception [F-1-macro],-0.033333333333333326,-0.06666666666666665,0.0,DESCRIPTIVE,9,3,
held_out_offset_count_F-1-macro_total,held_out,offset,count,total [F-1-macro],0.08333333333333336,-0.09999999999999998,0.43333333333333335,DESCRIPTIVE,9,3,
held_out_offset_count_F-5-continuous_one_step_dynamics,held_out,offset,count,one_step_dynamics [F-5-continuous],-0.06666666666666667,-0.5333333333333333,0.23333333333333336,DESCRIPTIVE,9,3,
held_out_offset_count_F-5-continuous_compounding,held_out,offset,count,compounding [F-5-continuous],-0.24444444444444446,-0.6333333333333334,0.10000000000000002,DESCRIPTIVE,9,3,
held_out_offset_count_F-5-continuous_anchor_perception,held_out,offset,count,anchor_perception [F-5-continuous],-0.1777777777777778,-0.6000000000000001,0.06666666666666665,DESCRIPTIVE,9,3,
held_out_offset_count_F-5-continuous_total,held_out,offset,count,total [F-5-continuous],-0.061111111111111116,-0.19999999999999998,0.19999999999999996,DESCRIPTIVE,9,3,
held_out_offset_count_F-5-micro_one_step_dynamics,held_out,offset,count,one_step_dynamics [F-5-micro],-0.05555555555555556,-0.5333333333333333,0.3,DESCRIPTIVE,9,3,
held_out_offset_count_F-5-micro_compounding,held_out,offset,count,compounding [F-5-micro],-0.20555555555555557,-0.7000000000000001,0.23333333333333336,DESCRIPTIVE,9,3,
held_out_offset_count_F-5-micro_anchor_perception,held_out,offset,count,anchor_perception [F-5-micro],-0.038888888888888924,-0.3333333333333334,0.13333333333333333,DESCRIPTIVE,9,3,
held_out_offset_count_F-5-micro_total,held_out,offset,count,total [F-5-micro],-0.011111111111111127,-0.18333333333333335,0.19999999999999996,DESCRIPTIVE,9,3,
held_out_offset_count_F-5-macro_one_step_dynamics,held_out,offset,count,one_step_dynamics [F-5-macro],0.011111111111111118,-0.39999999999999997,0.26666666666666666,DESCRIPTIVE,9,3,
held_out_offset_count_F-5-macro_compounding,held_out,offset,count,compounding [F-5-macro],-0.19999999999999996,-0.6666666666666666,0.1666666666666667,DESCRIPTIVE,9,3,
held_out_offset_count_F-5-macro_anchor_perception,held_out,offset,count,anchor_perception [F-5-macro],-0.05555555555555558,-0.30000000000000004,0.06666666666666667,DESCRIPTIVE,9,3,
held_out_offset_count_F-5-macro_total,held_out,offset,count,total [F-5-macro],0.06111111111111111,-0.033333333333333305,0.19999999999999996,DESCRIPTIVE,9,3,
held_out_offset_count_F-15-continuous_one_step_dynamics,held_out,offset,count,one_step_dynamics [F-15-continuous],-0.15555555555555553,-0.6666666666666666,0.20000000000000004,DESCRIPTIVE,9,3,
held_out_offset_count_F-15-continuous_compounding,held_out,offset,count,compounding [F-15-continuous],0.19999999999999998,0.06666666666666667,0.4666666666666666,DESCRIPTIVE,9,3,
held_out_offset_count_F-15-continuous_anchor_perception,held_out,offset,count,anchor_perception [F-15-continuous],0.1111111111111111,0.06666666666666667,0.13333333333333333,DESCRIPTIVE,9,3,
held_out_offset_count_F-15-continuous_total,held_out,offset,count,total [F-15-continuous],0.29444444444444445,-0.033333333333333305,0.8666666666666667,DESCRIPTIVE,9,3,
held_out_offset_count_F-15-micro_one_step_dynamics,held_out,offset,count,one_step_dynamics [F-15-micro],-0.18888888888888888,-0.6666666666666666,0.16666666666666666,DESCRIPTIVE,9,3,
held_out_offset_count_F-15-micro_compounding,held_out,offset,count,compounding [F-15-micro],0.15555555555555556,-0.03333333333333335,0.43333333333333335,DESCRIPTIVE,9,3,
held_out_offset_count_F-15-micro_anchor_perception,held_out,offset,count,anchor_perception [F-15-micro],0.05555555555555556,-0.06666666666666667,0.13333333333333333,DESCRIPTIVE,9,3,
held_out_offset_count_F-15-micro_total,held_out,offset,count,total [F-15-micro],0.2166666666666667,-0.09999999999999999,0.7333333333333334,DESCRIPTIVE,9,3,
held_out_offset_count_F-15-macro_one_step_dynamics,held_out,offset,count,one_step_dynamics [F-15-macro],-0.03333333333333332,-0.4333333333333333,0.2333333333333333,DESCRIPTIVE,9,3,
held_out_offset_count_F-15-macro_compounding,held_out,offset,count,compounding [F-15-macro],-0.14444444444444443,-0.3333333333333333,0.13333333333333333,DESCRIPTIVE,9,3,
held_out_offset_count_F-15-macro_anchor_perception,held_out,offset,count,anchor_perception [F-15-macro],-0.07777777777777778,-0.20000000000000004,0.0,DESCRIPTIVE,9,3,
held_out_offset_count_F-15-macro_total,held_out,offset,count,total [F-15-macro],0.07222222222222226,-0.09999999999999998,0.3666666666666667,DESCRIPTIVE,9,3,
held_out_offset_count_C-F-1_one_step_dynamics,held_out,offset,count,one_step_dynamics [C-F-1],0.07777777777777779,-0.10000000000000002,0.4000000000000001,DESCRIPTIVE,9,3,
held_out_offset_count_C-F-1_compounding,held_out,offset,count,compounding [C-F-1],-0.2611111111111111,-0.6166666666666667,0.10000000000000002,DESCRIPTIVE,9,3,
held_out_offset_count_C-F-1_anchor_perception,held_out,offset,count,anchor_perception [C-F-1],-0.06666666666666665,-0.09999999999999999,0.0,DESCRIPTIVE,9,3,
held_out_offset_count_C-F-1_total,held_out,offset,count,total [C-F-1],0.06666666666666667,-0.09999999999999998,0.3833333333333333,DESCRIPTIVE,9,3,
held_out_offset_count_C-F-5_one_step_dynamics,held_out,offset,count,one_step_dynamics [C-F-5],-0.033333333333333326,-0.3,0.30000000000000004,DESCRIPTIVE,9,3,
held_out_offset_count_C-F-5_compounding,held_out,offset,count,compounding [C-F-5],-0.27777777777777773,-0.5,-0.16666666666666666,DESCRIPTIVE,9,3,
held_out_offset_count_C-F-5_anchor_perception,held_out,offset,count,anchor_perception [C-F-5],-0.3333333333333333,-0.5,-0.16666666666666666,DESCRIPTIVE,9,3,
held_out_offset_count_C-F-5_total,held_out,offset,count,total [C-F-5],-0.06111111111111114,-0.3666666666666667,0.39999999999999997,DESCRIPTIVE,9,3,
held_out_offset_count_C-F-15_one_step_dynamics,held_out,offset,count,one_step_dynamics [C-F-15],-0.055555555555555546,-0.39999999999999997,0.30000000000000004,DESCRIPTIVE,9,3,
held_out_offset_count_C-F-15_compounding,held_out,offset,count,compounding [C-F-15],-0.13333333333333336,-0.23333333333333336,-0.033333333333333326,DESCRIPTIVE,9,3,
held_out_offset_count_C-F-15_anchor_perception,held_out,offset,count,anchor_perception [C-F-15],-0.011111111111111113,-0.13333333333333336,0.10000000000000002,DESCRIPTIVE,9,3,
held_out_offset_count_C-F-15_total,held_out,offset,count,total [C-F-15],0.06111111111111108,-0.2833333333333334,0.6666666666666666,DESCRIPTIVE,9,3,
held_out_offset_count_J_one_step_dynamics,held_out,offset,count,one_step_dynamics [J],0.0888888888888889,-0.13333333333333333,0.23333333333333336,DESCRIPTIVE,9,3,
held_out_offset_count_J_compounding,held_out,offset,count,compounding [J],-0.2111111111111111,-0.43333333333333335,-0.033333333333333305,DESCRIPTIVE,9,3,
held_out_offset_count_J_anchor_perception,held_out,offset,count,anchor_perception [J],-0.005555555555555547,-0.04999999999999999,0.033333333333333326,DESCRIPTIVE,9,3,
held_out_offset_count_J_total,held_out,offset,count,total [J],0.1277777777777778,-0.04999999999999999,0.39999999999999997,DESCRIPTIVE,9,3,
held_out_offset_count_C-J_one_step_dynamics,held_out,offset,count,one_step_dynamics [C-J],0.0,-0.23333333333333336,0.3666666666666667,DESCRIPTIVE,9,3,
held_out_offset_count_C-J_compounding,held_out,offset,count,compounding [C-J],-0.16111111111111112,-0.45,0.0,DESCRIPTIVE,9,3,
held_out_offset_count_C-J_anchor_perception,held_out,offset,count,anchor_perception [C-J],-0.061111111111111095,-0.2333333333333333,0.033333333333333326,DESCRIPTIVE,9,3,
held_out_offset_count_C-J_total,held_out,offset,count,total [C-J],0.08888888888888886,-0.2333333333333333,0.5166666666666666,DESCRIPTIVE,9,3,
held_out_angle_tie_free_auc_a,held_out,angle,tie_free,AUC a,1.0,1.0,1.0,DESCRIPTIVE,6,2,"{""chance_top1_mean"": 0.07692307692307693, ""tied_cells"": 0, ""tied_pair_share"": 0.0, ""tied_share"": 0.0, ""top1_hits"": 6}"
held_out_angle_tie_free_auc_ap,held_out,angle,tie_free,AUC ap,0.0,0.0,0.0,DESCRIPTIVE,6,2,"{""chance_top1_mean"": 0.07692307692307693, ""tied_cells"": 0, ""tied_pair_share"": 0.0, ""tied_share"": 0.0, ""top1_hits"": 0}"
held_out_angle_tie_free_auc_d:F-1-continuous,held_out,angle,tie_free,AUC d:F-1-continuous,0.0,0.0,0.0,DESCRIPTIVE,6,2,"{""chance_top1_mean"": 0.07692307692307693, ""tied_cells"": 0, ""tied_pair_share"": 0.0, ""tied_share"": 0.0, ""top1_hits"": 0}"
held_out_angle_tie_free_auc_d:F-1-micro,held_out,angle,tie_free,AUC d:F-1-micro,0.0,0.0,0.0,DESCRIPTIVE,6,2,"{""chance_top1_mean"": 0.07692307692307693, ""tied_cells"": 0, ""tied_pair_share"": 0.0, ""tied_share"": 0.0, ""top1_hits"": 0}"
held_out_angle_tie_free_auc_d:F-1-macro,held_out,angle,tie_free,AUC d:F-1-macro,0.041666666666666664,0.0,0.08333333333333333,DESCRIPTIVE,6,2,"{""chance_top1_mean"": 0.07692307692307693, ""tied_cells"": 0, ""tied_pair_share"": 0.0, ""tied_share"": 0.0, ""top1_hits"": 0}"
held_out_angle_tie_free_auc_d:F-5-continuous,held_out,angle,tie_free,AUC d:F-5-continuous,0.0,0.0,0.0,DESCRIPTIVE,6,2,"{""chance_top1_mean"": 0.07692307692307693, ""tied_cells"": 0, ""tied_pair_share"": 0.0, ""tied_share"": 0.0, ""top1_hits"": 0}"
held_out_angle_tie_free_auc_d:F-5-micro,held_out,angle,tie_free,AUC d:F-5-micro,0.0,0.0,0.0,DESCRIPTIVE,6,2,"{""chance_top1_mean"": 0.07692307692307693, ""tied_cells"": 0, ""tied_pair_share"": 0.0, ""tied_share"": 0.0, ""top1_hits"": 0}"
held_out_angle_tie_free_auc_d:F-5-macro,held_out,angle,tie_free,AUC d:F-5-macro,0.05555555555555555,0.0,0.1111111111111111,DESCRIPTIVE,6,2,"{""chance_top1_mean"": 0.07692307692307693, ""tied_cells"": 0, ""tied_pair_share"": 0.0, ""tied_share"": 0.0, ""top1_hits"": 0}"
held_out_angle_tie_free_auc_d:F-15-continuous,held_out,angle,tie_free,AUC d:F-15-continuous,0.0,0.0,0.0,DESCRIPTIVE,6,2,"{""chance_top1_mean"": 0.07692307692307693, ""tied_cells"": 0, ""tied_pair_share"": 0.0, ""tied_share"": 0.0, ""top1_hits"": 0}"
held_out_angle_tie_free_auc_d:F-15-micro,held_out,angle,tie_free,AUC d:F-15-micro,0.0,0.0,0.0,DESCRIPTIVE,6,2,"{""chance_top1_mean"": 0.07692307692307693, ""tied_cells"": 0, ""tied_pair_share"": 0.0, ""tied_share"": 0.0, ""top1_hits"": 0}"
held_out_angle_tie_free_auc_d:F-15-macro,held_out,angle,tie_free,AUC d:F-15-macro,0.0,0.0,0.0,DESCRIPTIVE,6,2,"{""chance_top1_mean"": 0.07692307692307693, ""tied_cells"": 0, ""tied_pair_share"": 0.0, ""tied_share"": 0.0, ""top1_hits"": 0}"
held_out_angle_tie_free_auc_d:C-F-1,held_out,angle,tie_free,AUC d:C-F-1,0.0,0.0,0.0,DESCRIPTIVE,6,2,"{""chance_top1_mean"": 0.07692307692307693, ""tied_cells"": 0, ""tied_pair_share"": 0.0, ""tied_share"": 0.0, ""top1_hits"": 0}"
held_out_angle_tie_free_auc_d:C-F-5,held_out,angle,tie_free,AUC d:C-F-5,0.0,0.0,0.0,DESCRIPTIVE,6,2,"{""chance_top1_mean"": 0.07692307692307693, ""tied_cells"": 0, ""tied_pair_share"": 0.0, ""tied_share"": 0.0, ""top1_hits"": 0}"
held_out_angle_tie_free_auc_d:C-F-15,held_out,angle,tie_free,AUC d:C-F-15,0.0,0.0,0.0,DESCRIPTIVE,6,2,"{""chance_top1_mean"": 0.07692307692307693, ""tied_cells"": 0, ""tied_pair_share"": 0.0, ""tied_share"": 0.0, ""top1_hits"": 0}"
held_out_angle_tie_free_auc_d:J,held_out,angle,tie_free,AUC d:J,0.0,0.0,0.0,DESCRIPTIVE,6,2,"{""chance_top1_mean"": 0.07692307692307693, ""tied_cells"": 0, ""tied_pair_share"": 0.0, ""tied_share"": 0.0, ""top1_hits"": 0}"
held_out_angle_tie_free_auc_d:C-J,held_out,angle,tie_free,AUC d:C-J,0.0,0.0,0.0,DESCRIPTIVE,6,2,"{""chance_top1_mean"": 0.07692307692307693, ""tied_cells"": 0, ""tied_pair_share"": 0.0, ""tied_share"": 0.0, ""top1_hits"": 0}"
held_out_angle_tie_free_auc_c:F-1-continuous,held_out,angle,tie_free,AUC c:F-1-continuous,0.4305555555555556,0.4166666666666667,0.4444444444444444,DESCRIPTIVE,6,2,"{""chance_top1_mean"": 0.07692307692307693, ""tied_cells"": 0, ""tied_pair_share"": 0.0, ""tied_share"": 0.0, ""top1_hits"": 0}"
held_out_angle_tie_free_auc_c:F-1-micro,held_out,angle,tie_free,AUC c:F-1-micro,0.4305555555555556,0.4166666666666667,0.4444444444444444,DESCRIPTIVE,6,2,"{""chance_top1_mean"": 0.07692307692307693, ""tied_cells"": 0, ""tied_pair_share"": 0.0, ""tied_share"": 0.0, ""top1_hits"": 0}"
held_out_angle_tie_free_auc_c:F-1-macro,held_out,angle,tie_free,AUC c:F-1-macro,0.4027777777777778,0.3888888888888889,0.4166666666666667,DESCRIPTIVE,6,2,"{""chance_top1_mean"": 0.07692307692307693, ""tied_cells"": 0, ""tied_pair_share"": 0.0, ""tied_share"": 0.0, ""top1_hits"": 0}"
held_out_angle_tie_free_auc_c:F-5-continuous,held_out,angle,tie_free,AUC c:F-5-continuous,0.3194444444444444,0.25,0.38888888888888884,DESCRIPTIVE,6,2,"{""chance_top1_mean"": 0.07692307692307693, ""tied_cells"": 0, ""tied_pair_share"": 0.0, ""tied_share"": 0.0, ""top1_hits"": 0}"
held_out_angle_tie_free_auc_c:F-5-micro,held_out,angle,tie_free,AUC c:F-5-micro,0.33333333333333326,0.27777777777777773,0.38888888888888884,DESCRIPTIVE,6,2,"{""chance_top1_mean"": 0.07692307692307693, ""tied_cells"": 0, ""tied_pair_share"": 0.0, ""tied_share"": 0.0, ""top1_hits"": 0}"
held_out_angle_tie_free_auc_c:F-5-macro,held_out,angle,tie_free,AUC c:F-5-macro,0.6944444444444444,0.6388888888888888,0.75,DESCRIPTIVE,6,2,"{""chance_top1_mean"": 0.07692307692307693, ""tied_cells"": 0, ""tied_pair_share"": 0.0, ""tied_share"": 0.0, ""top1_hits"": 2}"
held_out_angle_tie_free_auc_c:F-15-continuous,held_out,angle,tie_free,AUC c:F-15-continuous,0.29166666666666663,0.25,0.3333333333333333,DESCRIPTIVE,6,2,"{""chance_top1_mean"": 0.07692307692307693, ""tied_cells"": 0, ""tied_pair_share"": 0.0, ""tied_share"": 0.0, ""top1_hits"": 0}"
held_out_angle_tie_free_auc_c:F-15-micro,held_out,angle,tie_free,AUC c:F-15-micro,0.29166666666666663,0.25,0.3333333333333333,DESCRIPTIVE,6,2,"{""chance_top1_mean"": 0.07692307692307693, ""tied_cells"": 0, ""tied_pair_share"": 0.0, ""tied_share"": 0.0, ""top1_hits"": 0}"
held_out_angle_tie_free_auc_c:F-15-macro,held_out,angle,tie_free,AUC c:F-15-macro,0.38888888888888884,0.3333333333333333,0.4444444444444444,DESCRIPTIVE,6,2,"{""chance_top1_mean"": 0.07692307692307693, ""tied_cells"": 0, ""tied_pair_share"": 0.0, ""tied_share"": 0.0, ""top1_hits"": 0}"
held_out_angle_tie_free_auc_c:C-F-1,held_out,angle,tie_free,AUC c:C-F-1,0.5694444444444444,0.5555555555555555,0.5833333333333334,DESCRIPTIVE,6,2,"{""chance_top1_mean"": 0.07692307692307693, ""tied_cells"": 0, ""tied_pair_share"": 0.0, ""tied_share"": 0.0, ""top1_hits"": 0}"
held_out_angle_tie_free_auc_c:C-F-5,held_out,angle,tie_free,AUC c:C-F-5,0.45833333333333337,0.3888888888888889,0.5277777777777778,DESCRIPTIVE,6,2,"{""chance_top1_mean"": 0.07692307692307693, ""tied_cells"": 0, ""tied_pair_share"": 0.0, ""tied_share"": 0.0, ""top1_hits"": 0}"
held_out_angle_tie_free_auc_c:C-F-15,held_out,angle,tie_free,AUC c:C-F-15,0.3194444444444444,0.25,0.3888888888888889,DESCRIPTIVE,6,2,"{""chance_top1_mean"": 0.07692307692307693, ""tied_cells"": 0, ""tied_pair_share"": 0.0, ""tied_share"": 0.0, ""top1_hits"": 0}"
held_out_angle_tie_free_auc_c:J,held_out,angle,tie_free,AUC c:J,0.5277777777777777,0.38888888888888884,0.6666666666666666,DESCRIPTIVE,6,2,"{""chance_top1_mean"": 0.07692307692307693, ""tied_cells"": 0, ""tied_pair_share"": 0.0, ""tied_share"": 0.0, ""top1_hits"": 0}"
held_out_angle_tie_free_auc_c:C-J,held_out,angle,tie_free,AUC c:C-J,0.41666666666666663,0.3333333333333333,0.5,DESCRIPTIVE,6,2,"{""chance_top1_mean"": 0.07692307692307693, ""tied_cells"": 0, ""tied_pair_share"": 0.0, ""tied_share"": 0.0, ""top1_hits"": 0}"
held_out_angle_tie_free_auc_b:F-1-continuous,held_out,angle,tie_free,AUC b:F-1-continuous,0.4305555555555556,0.4166666666666667,0.4444444444444444,DESCRIPTIVE,6,2,"{""chance_top1_mean"": 0.07692307692307693, ""tied_cells"": 0, ""tied_pair_share"": 0.0, ""tied_share"": 0.0, ""top1_hits"": 0}"
held_out_angle_tie_free_auc_b:F-1-micro,held_out,angle,tie_free,AUC b:F-1-micro,0.4305555555555556,0.4166666666666667,0.4444444444444444,DESCRIPTIVE,6,2,"{""chance_top1_mean"": 0.07692307692307693, ""tied_cells"": 0, ""tied_pair_share"": 0.0, ""tied_share"": 0.0, ""top1_hits"": 0}"
held_out_angle_tie_free_auc_b:F-1-macro,held_out,angle,tie_free,AUC b:F-1-macro,0.49999999999999994,0.4444444444444444,0.5555555555555555,DESCRIPTIVE,6,2,"{""chance_top1_mean"": 0.07692307692307693, ""tied_cells"": 0, ""tied_pair_share"": 0.0, ""tied_share"": 0.0, ""top1_hits"": 1}"
held_out_angle_tie_free_auc_b:F-5-continuous,held_out,angle,tie_free,AUC b:F-5-continuous,0.3055555555555556,0.25,0.3611111111111111,DESCRIPTIVE,6,2,"{""chance_top1_mean"": 0.07692307692307693, ""tied_cells"": 0, ""tied_pair_share"": 0.0, ""tied_share"": 0.0, ""top1_hits"": 0}"
held_out_angle_tie_free_auc_b:F-5-micro,held_out,angle,tie_free,AUC b:F-5-micro,0.29166666666666663,0.25,0.3333333333333333,DESCRIPTIVE,6,2,"{""chance_top1_mean"": 0.07692307692307693, ""tied_cells"": 0, ""tied_pair_share"": 0.0, ""tied_share"": 0.0, ""top1_hits"": 0}"
held_out_angle_tie_free_auc_b:F-5-macro,held_out,angle,tie_free,AUC b:F-5-macro,0.4027777777777778,0.36111111111111116,0.4444444444444444,DESCRIPTIVE,6,2,"{""chance_top1_mean"": 0.07692307692307693, ""tied_cells"": 0, ""tied_pair_share"": 0.0, ""tied_share"": 0.0, ""top1_hits"": 0}"
held_out_angle_tie_free_auc_b:F-15-continuous,held_out,angle,tie_free,AUC b:F-15-continuous,0.29166666666666663,0.25,0.3333333333333333,DESCRIPTIVE,6,2,"{""chance_top1_mean"": 0.07692307692307693, ""tied_cells"": 0, ""tied_pair_share"": 0.0, ""tied_share"": 0.0, ""top1_hits"": 0}"
held_out_angle_tie_free_auc_b:F-15-micro,held_out,angle,tie_free,AUC b:F-15-micro,0.29166666666666663,0.25,0.3333333333333333,DESCRIPTIVE,6,2,"{""chance_top1_mean"": 0.07692307692307693, ""tied_cells"": 0, ""tied_pair_share"": 0.0, ""tied_share"": 0.0, ""top1_hits"": 0}"
held_out_angle_tie_free_auc_b:F-15-macro,held_out,angle,tie_free,AUC b:F-15-macro,0.40277777777777773,0.25,0.5555555555555555,DESCRIPTIVE,6,2,"{""chance_top1_mean"": 0.07692307692307693, ""tied_cells"": 0, ""tied_pair_share"": 0.0, ""tied_share"": 0.0, ""top1_hits"": 1}"
held_out_angle_tie_free_auc_b:C-F-1,held_out,angle,tie_free,AUC b:C-F-1,0.5694444444444444,0.5555555555555555,0.5833333333333334,DESCRIPTIVE,6,2,"{""chance_top1_mean"": 0.07692307692307693, ""tied_cells"": 0, ""tied_pair_share"": 0.0, ""tied_share"": 0.0, ""top1_hits"": 0}"
held_out_angle_tie_free_auc_b:C-F-5,held_out,angle,tie_free,AUC b:C-F-5,0.4444444444444445,0.36111111111111116,0.5277777777777778,DESCRIPTIVE,6,2,"{""chance_top1_mean"": 0.07692307692307693, ""tied_cells"": 0, ""tied_pair_share"": 0.0, ""tied_share"": 0.0, ""top1_hits"": 0}"
held_out_angle_tie_free_auc_b:C-F-15,held_out,angle,tie_free,AUC b:C-F-15,0.3194444444444444,0.25,0.3888888888888889,DESCRIPTIVE,6,2,"{""chance_top1_mean"": 0.07692307692307693, ""tied_cells"": 0, ""tied_pair_share"": 0.0, ""tied_share"": 0.0, ""top1_hits"": 0}"
held_out_angle_tie_free_auc_b:J,held_out,angle,tie_free,AUC b:J,0.5416666666666667,0.5277777777777778,0.5555555555555556,DESCRIPTIVE,6,2,"{""chance_top1_mean"": 0.07692307692307693, ""tied_cells"": 0, ""tied_pair_share"": 0.0, ""tied_share"": 0.0, ""top1_hits"": 0}"
held_out_angle_tie_free_auc_b:C-J,held_out,angle,tie_free,AUC b:C-J,0.41666666666666663,0.3333333333333333,0.5,DESCRIPTIVE,6,2,"{""chance_top1_mean"": 0.07692307692307693, ""tied_cells"": 0, ""tied_pair_share"": 0.0, ""tied_share"": 0.0, ""top1_hits"": 0}"
held_out_angle_tie_free_cost_ceiling_auc,held_out,angle,tie_free,cost_ceiling_auc,1.0,1.0,1.0,DESCRIPTIVE,6,2,
held_out_angle_tie_free_endpoint_perception,held_out,angle,tie_free,endpoint_perception,1.0,1.0,1.0,DESCRIPTIVE,6,2,
held_out_angle_tie_free_mean_one_step_dynamics,held_out,angle,tie_free,request-mean one_step_dynamics,-0.006944444444444444,-0.013888888888888888,0.0,DESCRIPTIVE,6,2,
held_out_angle_tie_free_mean_compounding,held_out,angle,tie_free,request-mean compounding,-0.4126984126984127,-0.45436507936507936,-0.371031746031746,DESCRIPTIVE,6,2,
held_out_angle_tie_free_mean_anchor_perception,held_out,angle,tie_free,request-mean anchor_perception,-0.016865079365079364,-0.017857142857142856,-0.015873015873015872,DESCRIPTIVE,6,2,
held_out_angle_tie_free_mean_dynamics,held_out,angle,tie_free,request-mean dynamics,-0.4196428571428571,-0.4682539682539682,-0.371031746031746,DESCRIPTIVE,6,2,
held_out_angle_tie_free_mean_total,held_out,angle,tie_free,request-mean total,0.5803571428571425,0.5317460317460315,0.6289682539682534,DESCRIPTIVE,6,2,
held_out_angle_tie_free_F-1-continuous_one_step_dynamics,held_out,angle,tie_free,one_step_dynamics [F-1-continuous],0.0,0.0,0.0,DESCRIPTIVE,6,2,
held_out_angle_tie_free_F-1-continuous_compounding,held_out,angle,tie_free,compounding [F-1-continuous],-0.4305555555555556,-0.4444444444444444,-0.4166666666666667,DESCRIPTIVE,6,2,
held_out_angle_tie_free_F-1-continuous_anchor_perception,held_out,angle,tie_free,anchor_perception [F-1-continuous],0.0,0.0,0.0,DESCRIPTIVE,6,2,
held_out_angle_tie_free_F-1-continuous_total,held_out,angle,tie_free,total [F-1-continuous],0.5694444444444444,0.5555555555555556,0.5833333333333334,DESCRIPTIVE,6,2,
held_out_angle_tie_free_F-1-micro_one_step_dynamics,held_out,angle,tie_free,one_step_dynamics [F-1-micro],0.0,0.0,0.0,DESCRIPTIVE,6,2,
held_out_angle_tie_free_F-1-micro_compounding,held_out,angle,tie_free,compounding [F-1-micro],-0.4305555555555556,-0.4444444444444444,-0.4166666666666667,DESCRIPTIVE,6,2,
held_out_angle_tie_free_F-1-micro_anchor_perception,held_out,angle,tie_free,anchor_perception [F-1-micro],0.0,0.0,0.0,DESCRIPTIVE,6,2,
held_out_angle_tie_free_F-1-micro_total,held_out,angle,tie_free,total [F-1-micro],0.5694444444444444,0.5555555555555556,0.5833333333333334,DESCRIPTIVE,6,2,
held_out_angle_tie_free_F-1-macro_one_step_dynamics,held_out,angle,tie_free,one_step_dynamics [F-1-macro],-0.041666666666666664,-0.08333333333333333,0.0,DESCRIPTIVE,6,2,
held_out_angle_tie_free_F-1-macro_compounding,held_out,angle,tie_free,compounding [F-1-macro],-0.3611111111111111,-0.4166666666666667,-0.3055555555555555,DESCRIPTIVE,6,2,
held_out_angle_tie_free_F-1-macro_anchor_perception,held_out,angle,tie_free,anchor_perception [F-1-macro],0.09722222222222222,0.02777777777777779,0.16666666666666666,DESCRIPTIVE,6,2,
held_out_angle_tie_free_F-1-macro_total,held_out,angle,tie_free,total [F-1-macro],0.5972222222222223,0.5833333333333334,0.6111111111111112,DESCRIPTIVE,6,2,
held_out_angle_tie_free_F-5-continuous_one_step_dynamics,held_out,angle,tie_free,one_step_dynamics [F-5-continuous],0.0,0.0,0.0,DESCRIPTIVE,6,2,
held_out_angle_tie_free_F-5-continuous_compounding,held_out,angle,tie_free,compounding [F-5-continuous],-0.3194444444444444,-0.38888888888888884,-0.25,DESCRIPTIVE,6,2,
held_out_angle_tie_free_F-5-continuous_anchor_perception,held_out,angle,tie_free,anchor_perception [F-5-continuous],-0.013888888888888886,-0.027777777777777773,0.0,DESCRIPTIVE,6,2,
held_out_angle_tie_free_F-5-continuous_total,held_out,angle,tie_free,total [F-5-continuous],0.6805555555555556,0.6111111111111112,0.75,DESCRIPTIVE,6,2,
held_out_angle_tie_free_F-5-micro_one_step_dynamics,held_out,angle,tie_free,one_step_dynamics [F-5-micro],0.0,0.0,0.0,DESCRIPTIVE,6,2,
held_out_angle_tie_free_F-5-micro_compounding,held_out,angle,tie_free,compounding [F-5-micro],-0.33333333333333326,-0.38888888888888884,-0.27777777777777773,DESCRIPTIVE,6,2,
held_out_angle_tie_free_F-5-micro_anchor_perception,held_out,angle,tie_free,anchor_perception [F-5-micro],-0.041666666666666664,-0.05555555555555556,-0.027777777777777773,DESCRIPTIVE,6,2,
held_out_angle_tie_free_F-5-micro_total,held_out,angle,tie_free,total [F-5-micro],0.6666666666666667,0.6111111111111112,0.7222222222222223,DESCRIPTIVE,6,2,
held_out_angle_tie_free_F-5-macro_one_step_dynamics,held_out,angle,tie_free,one_step_dynamics [F-5-macro],-0.05555555555555555,-0.1111111111111111,0.0,DESCRIPTIVE,6,2,
held_out_angle_tie_free_F-5-macro_compounding,held_out,angle,tie_free,compounding [F-5-macro],-0.6388888888888888,-0.6388888888888888,-0.6388888888888888,DESCRIPTIVE,6,2,
held_out_angle_tie_free_F-5-macro_anchor_perception,held_out,angle,tie_free,anchor_perception [F-5-macro],-0.29166666666666663,-0.3055555555555555,-0.27777777777777773,DESCRIPTIVE,6,2,
held_out_angle_tie_free_F-5-macro_total,held_out,angle,tie_free,total [F-5-macro],0.3055555555555556,0.25000000000000006,0.36111111111111116,DESCRIPTIVE,6,2,
held_out_angle_tie_free_F-15-continuous_one_step_dynamics,held_out,angle,tie_free,one_step_dynamics [F-15-continuous],0.0,0.0,0.0,DESCRIPTIVE,6,2,
held_out_angle_tie_free_F-15-continuous_compounding,held_out,angle,tie_free,compounding [F-15-continuous],-0.29166666666666663,-0.3333333333333333,-0.25,DESCRIPTIVE,6,2,
held_out_angle_tie_free_F-15-continuous_anchor_perception,held_out,angle,tie_free,anchor_perception [F-15-continuous],0.0,0.0,0.0,DESCRIPTIVE,6,2,
held_out_angle_tie_free_F-15-continuous_total,held_out,angle,tie_free,total [F-15-continuous],0.7083333333333333,0.6666666666666666,0.75,DESCRIPTIVE,6,2,
held_out_angle_tie_free_F-15-micro_one_step_dynamics,held_out,angle,tie_free,one_step_dynamics [F-15-micro],0.0,0.0,0.0,DESCRIPTIVE,6,2,
held_out_angle_tie_free_F-15-micro_compounding,held_out,angle,tie_free,compounding [F-15-micro],-0.29166666666666663,-0.3333333333333333,-0.25,DESCRIPTIVE,6,2,
held_out_angle_tie_free_F-15-micro_anchor_perception,held_out,angle,tie_free,anchor_perception [F-15-micro],0.0,0.0,0.0,DESCRIPTIVE,6,2,
held_out_angle_tie_free_F-15-micro_total,held_out,angle,tie_free,total [F-15-micro],0.7083333333333333,0.6666666666666666,0.75,DESCRIPTIVE,6,2,
held_out_angle_tie_free_F-15-macro_one_step_dynamics,held_out,angle,tie_free,one_step_dynamics [F-15-macro],0.0,0.0,0.0,DESCRIPTIVE,6,2,
held_out_angle_tie_free_F-15-macro_compounding,held_out,angle,tie_free,compounding [F-15-macro],-0.38888888888888884,-0.4444444444444444,-0.3333333333333333,DESCRIPTIVE,6,2,
held_out_angle_tie_free_F-15-macro_anchor_perception,held_out,angle,tie_free,anchor_perception [F-15-macro],0.013888888888888895,-0.08333333333333333,0.11111111111111112,DESCRIPTIVE,6,2,
held_out_angle_tie_free_F-15-macro_total,held_out,angle,tie_free,total [F-15-macro],0.6111111111111112,0.5555555555555556,0.6666666666666666,DESCRIPTIVE,6,2,
held_out_angle_tie_free_C-F-1_one_step_dynamics,held_out,angle,tie_free,one_step_dynamics [C-F-1],0.0,0.0,0.0,DESCRIPTIVE,6,2,
held_out_angle_tie_free_C-F-1_compounding,held_out,angle,tie_free,compounding [C-F-1],-0.5694444444444444,-0.5833333333333334,-0.5555555555555555,DESCRIPTIVE,6,2,
held_out_angle_tie_free_C-F-1_anchor_perception,held_out,angle,tie_free,anchor_perception [C-F-1],0.0,0.0,0.0,DESCRIPTIVE,6,2,
held_out_angle_tie_free_C-F-1_total,held_out,angle,tie_free,total [C-F-1],0.4305555555555556,0.4166666666666667,0.4444444444444445,DESCRIPTIVE,6,2,
held_out_angle_tie_free_C-F-5_one_step_dynamics,held_out,angle,tie_free,one_step_dynamics [C-F-5],0.0,0.0,0.0,DESCRIPTIVE,6,2,
held_out_angle_tie_free_C-F-5_compounding,held_out,angle,tie_free,compounding [C-F-5],-0.45833333333333337,-0.5277777777777778,-0.3888888888888889,DESCRIPTIVE,6,2,
held_out_angle_tie_free_C-F-5_anchor_perception,held_out,angle,tie_free,anchor_perception [C-F-5],-0.013888888888888886,-0.027777777777777773,0.0,DESCRIPTIVE,6,2,
held_out_angle_tie_free_C-F-5_total,held_out,angle,tie_free,total [C-F-5],0.5416666666666667,0.4722222222222223,0.611111111111111,DESCRIPTIVE,6,2,
held_out_angle_tie_free_C-F-15_one_step_dynamics,held_out,angle,tie_free,one_step_dynamics [C-F-15],0.0,0.0,0.0,DESCRIPTIVE,6,2,
held_out_angle_tie_free_C-F-15_compounding,held_out,angle,tie_free,compounding [C-F-15],-0.3194444444444444,-0.3888888888888889,-0.25,DESCRIPTIVE,6,2,
held_out_angle_tie_free_C-F-15_anchor_perception,held_out,angle,tie_free,anchor_perception [C-F-15],0.0,0.0,0.0,DESCRIPTIVE,6,2,
held_out_angle_tie_free_C-F-15_total,held_out,angle,tie_free,total [C-F-15],0.6805555555555556,0.611111111111111,0.75,DESCRIPTIVE,6,2,
held_out_angle_tie_free_J_one_step_dynamics,held_out,angle,tie_free,one_step_dynamics [J],0.0,0.0,0.0,DESCRIPTIVE,6,2,
held_out_angle_tie_free_J_compounding,held_out,angle,tie_free,compounding [J],-0.5277777777777777,-0.6666666666666666,-0.38888888888888884,DESCRIPTIVE,6,2,
held_out_angle_tie_free_J_anchor_perception,held_out,angle,tie_free,anchor_perception [J],0.013888888888888881,-0.1388888888888889,0.16666666666666666,DESCRIPTIVE,6,2,
held_out_angle_tie_free_J_total,held_out,angle,tie_free,total [J],0.4722222222222222,0.3333333333333333,0.6111111111111112,DESCRIPTIVE,6,2,
held_out_angle_tie_free_C-J_one_step_dynamics,held_out,angle,tie_free,one_step_dynamics [C-J],0.0,0.0,0.0,DESCRIPTIVE,6,2,
held_out_angle_tie_free_C-J_compounding,held_out,angle,tie_free,compounding [C-J],-0.41666666666666663,-0.5,-0.3333333333333333,DESCRIPTIVE,6,2,
held_out_angle_tie_free_C-J_anchor_perception,held_out,angle,tie_free,anchor_perception [C-J],1.850371707708594e-17,0.0,3.700743415417188e-17,DESCRIPTIVE,6,2,
held_out_angle_tie_free_C-J_total,held_out,angle,tie_free,total [C-J],0.5833333333333333,0.5,0.6666666666666666,DESCRIPTIVE,6,2,
held_out_angle_count_auc_a,held_out,angle,count,AUC a,1.0,1.0,1.0,DESCRIPTIVE,6,2,"{""chance_top1_mean"": 0.07692307692307693, ""tied_cells"": 0, ""tied_pair_share"": 0.0, ""tied_share"": 0.0, ""top1_hits"": 6}"
held_out_angle_count_auc_ap,held_out,angle,count,AUC ap,0.0,0.0,0.0,DESCRIPTIVE,6,2,"{""chance_top1_mean"": 0.07692307692307693, ""tied_cells"": 0, ""tied_pair_share"": 0.0, ""tied_share"": 0.0, ""top1_hits"": 0}"
held_out_angle_count_auc_d:F-1-continuous,held_out,angle,count,AUC d:F-1-continuous,0.0,0.0,0.0,DESCRIPTIVE,6,2,"{""chance_top1_mean"": 0.07692307692307693, ""tied_cells"": 0, ""tied_pair_share"": 0.0, ""tied_share"": 0.0, ""top1_hits"": 0}"
held_out_angle_count_auc_d:F-1-micro,held_out,angle,count,AUC d:F-1-micro,0.0,0.0,0.0,DESCRIPTIVE,6,2,"{""chance_top1_mean"": 0.07692307692307693, ""tied_cells"": 0, ""tied_pair_share"": 0.0, ""tied_share"": 0.0, ""top1_hits"": 0}"
held_out_angle_count_auc_d:F-1-macro,held_out,angle,count,AUC d:F-1-macro,0.041666666666666664,0.0,0.08333333333333333,DESCRIPTIVE,6,2,"{""chance_top1_mean"": 0.07692307692307693, ""tied_cells"": 0, ""tied_pair_share"": 0.0, ""tied_share"": 0.0, ""top1_hits"": 0}"
held_out_angle_count_auc_d:F-5-continuous,held_out,angle,count,AUC d:F-5-continuous,0.0,0.0,0.0,DESCRIPTIVE,6,2,"{""chance_top1_mean"": 0.07692307692307693, ""tied_cells"": 0, ""tied_pair_share"": 0.0, ""tied_share"": 0.0, ""top1_hits"": 0}"
held_out_angle_count_auc_d:F-5-micro,held_out,angle,count,AUC d:F-5-micro,0.0,0.0,0.0,DESCRIPTIVE,6,2,"{""chance_top1_mean"": 0.07692307692307693, ""tied_cells"": 0, ""tied_pair_share"": 0.0, ""tied_share"": 0.0, ""top1_hits"": 0}"
held_out_angle_count_auc_d:F-5-macro,held_out,angle,count,AUC d:F-5-macro,0.05555555555555555,0.0,0.1111111111111111,DESCRIPTIVE,6,2,"{""chance_top1_mean"": 0.07692307692307693, ""tied_cells"": 0, ""tied_pair_share"": 0.0, ""tied_share"": 0.0, ""top1_hits"": 0}"
held_out_angle_count_auc_d:F-15-continuous,held_out,angle,count,AUC d:F-15-continuous,0.0,0.0,0.0,DESCRIPTIVE,6,2,"{""chance_top1_mean"": 0.07692307692307693, ""tied_cells"": 0, ""tied_pair_share"": 0.0, ""tied_share"": 0.0, ""top1_hits"": 0}"
held_out_angle_count_auc_d:F-15-micro,held_out,angle,count,AUC d:F-15-micro,0.0,0.0,0.0,DESCRIPTIVE,6,2,"{""chance_top1_mean"": 0.07692307692307693, ""tied_cells"": 0, ""tied_pair_share"": 0.0, ""tied_share"": 0.0, ""top1_hits"": 0}"
held_out_angle_count_auc_d:F-15-macro,held_out,angle,count,AUC d:F-15-macro,0.0,0.0,0.0,DESCRIPTIVE,6,2,"{""chance_top1_mean"": 0.07692307692307693, ""tied_cells"": 0, ""tied_pair_share"": 0.0, ""tied_share"": 0.0, ""top1_hits"": 0}"
held_out_angle_count_auc_d:C-F-1,held_out,angle,count,AUC d:C-F-1,0.0,0.0,0.0,DESCRIPTIVE,6,2,"{""chance_top1_mean"": 0.07692307692307693, ""tied_cells"": 0, ""tied_pair_share"": 0.0, ""tied_share"": 0.0, ""top1_hits"": 0}"
held_out_angle_count_auc_d:C-F-5,held_out,angle,count,AUC d:C-F-5,0.0,0.0,0.0,DESCRIPTIVE,6,2,"{""chance_top1_mean"": 0.07692307692307693, ""tied_cells"": 0, ""tied_pair_share"": 0.0, ""tied_share"": 0.0, ""top1_hits"": 0}"
held_out_angle_count_auc_d:C-F-15,held_out,angle,count,AUC d:C-F-15,0.0,0.0,0.0,DESCRIPTIVE,6,2,"{""chance_top1_mean"": 0.07692307692307693, ""tied_cells"": 0, ""tied_pair_share"": 0.0, ""tied_share"": 0.0, ""top1_hits"": 0}"
held_out_angle_count_auc_d:J,held_out,angle,count,AUC d:J,0.0,0.0,0.0,DESCRIPTIVE,6,2,"{""chance_top1_mean"": 0.07692307692307693, ""tied_cells"": 0, ""tied_pair_share"": 0.0, ""tied_share"": 0.0, ""top1_hits"": 0}"
held_out_angle_count_auc_d:C-J,held_out,angle,count,AUC d:C-J,0.0,0.0,0.0,DESCRIPTIVE,6,2,"{""chance_top1_mean"": 0.07692307692307693, ""tied_cells"": 0, ""tied_pair_share"": 0.0, ""tied_share"": 0.0, ""top1_hits"": 0}"
held_out_angle_count_auc_c:F-1-continuous,held_out,angle,count,AUC c:F-1-continuous,0.5416666666666667,0.5,0.5833333333333334,DESCRIPTIVE,6,2,"{""chance_top1_mean"": 0.07692307692307693, ""tied_cells"": 5, ""tied_pair_share"": 0.8333333333333334, ""tied_share"": 0.8333333333333334, ""top1_hits"": 0}"
held_out_angle_count_auc_c:F-1-micro,held_out,angle,count,AUC c:F-1-micro,0.4375,0.375,0.5,DESCRIPTIVE,6,2,"{""chance_top1_mean"": 0.07692307692307693, ""tied_cells"": 5, ""tied_pair_share"": 0.875, ""tied_share"": 0.8333333333333334, ""top1_hits"": 0}"
held_out_angle_count_auc_c:F-1-macro,held_out,angle,count,AUC c:F-1-macro,0.5902777777777779,0.5694444444444445,0.6111111111111112,DESCRIPTIVE,6,2,"{""chance_top1_mean"": 0.07692307692307693, ""tied_cells"": 4, ""tied_pair_share"": 0.7638888888888888, ""tied_share"": 0.6666666666666666, ""top1_hits"": 0}"
held_out_angle_count_auc_c:F-5-continuous,held_out,angle,count,AUC c:F-5-continuous,0.7083333333333333,0.6666666666666666,0.75,DESCRIPTIVE,6,2,"{""chance_top1_mean"": 0.07692307692307693, ""tied_cells"": 0, ""tied_pair_share"": 0.0, ""tied_share"": 0.0, ""top1_hits"": 0}"
held_out_angle_count_auc_c:F-5-micro,held_out,angle,count,AUC c:F-5-micro,0.7083333333333333,0.6666666666666666,0.75,DESCRIPTIVE,6,2,"{""chance_top1_mean"": 0.07692307692307693, ""tied_cells"": 0, ""tied_pair_share"": 0.0, ""tied_share"": 0.0, ""top1_hits"": 0}"
held_out_angle_count_auc_c:F-5-macro,held_out,angle,count,AUC c:F-5-macro,0.625,0.5277777777777778,0.7222222222222222,DESCRIPTIVE,6,2,"{""chance_top1_mean"": 0.07692307692307693, ""tied_cells"": 0, ""tied_pair_share"": 0.0, ""tied_share"": 0.0, ""top1_hits"": 0}"
held_out_angle_count_auc_c:F-15-continuous,held_out,angle,count,AUC c:F-15-continuous,0.3888888888888889,0.13888888888888887,0.638888888888889,DESCRIPTIVE,6,2,"{""chance_top1_mean"": 0.07692307692307693, ""tied_cells"": 0, ""tied_pair_share"": 0.0, ""tied_share"": 0.0, ""top1_hits"": 1}"
held_out_angle_count_auc_c:F-15-micro,held_out,angle,count,AUC c:F-15-micro,0.3472222222222222,0.2222222222222222,0.47222222222222227,DESCRIPTIVE,6,2,"{""chance_top1_mean"": 0.07692307692307693, ""tied_cells"": 0, ""tied_pair_share"": 0.0, ""tied_share"": 0.0, ""top1_hits"": 0}"
held_out_angle_count_auc_c:F-15-macro,held_out,angle,count,AUC c:F-15-macro,0.5833333333333333,0.5555555555555555,0.611111111111111,DESCRIPTIVE,6,2,"{""chance_top1_mean"": 0.07692307692307693, ""tied_cells"": 0, ""tied_pair_share"": 0.0, ""tied_share"": 0.0, ""top1_hits"": 0}"
held_out_angle_count_auc_c:C-F-1,held_out,angle,count,AUC c:C-F-1,0.5,0.40277777777777785,0.5972222222222222,DESCRIPTIVE,6,2,"{""chance_top1_mean"": 0.07692307692307693, ""tied_cells"": 3, ""tied_pair_share"": 0.7777777777777778, ""tied_share"": 0.5, ""top1_hits"": 0}"
held_out_angle_count_auc_c:C-F-5,held_out,angle,count,AUC c:C-F-5,0.5694444444444444,0.5555555555555555,0.5833333333333334,DESCRIPTIVE,6,2,"{""chance_top1_mean"": 0.07692307692307693, ""tied_cells"": 0, ""tied_pair_share"": 0.0, ""tied_share"": 0.0, ""top1_hits"": 0}"
held_out_angle_count_auc_c:C-F-15,held_out,angle,count,AUC c:C-F-15,0.48611111111111105,0.3611111111111111,0.611111111111111,DESCRIPTIVE,6,2,"{""chance_top1_mean"": 0.07692307692307693, ""tied_cells"": 0, ""tied_pair_share"": 0.0, ""tied_share"": 0.0, ""top1_hits"": 0}"
held_out_angle_count_auc_c:J,held_out,angle,count,AUC c:J,0.5694444444444444,0.5555555555555555,0.5833333333333334,DESCRIPTIVE,6,2,"{""chance_top1_mean"": 0.07692307692307693, ""tied_cells"": 4, ""tied_pair_share"": 0.6666666666666666, ""tied_share"": 0.6666666666666666, ""top1_hits"": 0}"
held_out_angle_count_auc_c:C-J,held_out,angle,count,AUC c:C-J,0.47916666666666663,0.4166666666666667,0.5416666666666666,DESCRIPTIVE,6,2,"{""chance_top1_mean"": 0.07692307692307693, ""tied_cells"": 2, ""tied_pair_share"": 0.5138888888888888, ""tied_share"": 0.3333333333333333, ""top1_hits"": 0}"
held_out_angle_count_auc_b:F-1-continuous,held_out,angle,count,AUC b:F-1-continuous,0.5,0.5,0.5,DESCRIPTIVE,6,2,"{""chance_top1_mean"": 0.07692307692307693, ""tied_cells"": 6, ""tied_pair_share"": 1.0, ""tied_share"": 1.0, ""top1_hits"": 0}"
held_out_angle_count_auc_b:F-1-micro,held_out,angle,count,AUC b:F-1-micro,0.5208333333333333,0.5,0.5416666666666666,DESCRIPTIVE,6,2,"{""chance_top1_mean"": 0.07692307692307693, ""tied_cells"": 5, ""tied_pair_share"": 0.9583333333333334, ""tied_share"": 0.8333333333333334, ""top1_hits"": 1}"
held_out_angle_count_auc_b:F-1-macro,held_out,angle,count,AUC b:F-1-macro,0.5,0.4861111111111111,0.5138888888888888,DESCRIPTIVE,6,2,"{""chance_top1_mean"": 0.07692307692307693, ""tied_cells"": 3, ""tied_pair_share"": 0.7222222222222222, ""tied_share"": 0.5, ""top1_hits"": 0}"
held_out_angle_count_auc_b:F-5-continuous,held_out,angle,count,AUC b:F-5-continuous,0.3055555555555556,0.25,0.3611111111111111,DESCRIPTIVE,6,2,"{""chance_top1_mean"": 0.07692307692307693, ""tied_cells"": 0, ""tied_pair_share"": 0.0, ""tied_share"": 0.0, ""top1_hits"": 0}"
held_out_angle_count_auc_b:F-5-micro,held_out,angle,count,AUC b:F-5-micro,0.40277777777777773,0.25,0.5555555555555555,DESCRIPTIVE,6,2,"{""chance_top1_mean"": 0.07692307692307693, ""tied_cells"": 0, ""tied_pair_share"": 0.0, ""tied_share"": 0.0, ""top1_hits"": 0}"
held_out_angle_count_auc_b:F-5-macro,held_out,angle,count,AUC b:F-5-macro,0.3888888888888889,0.25,0.5277777777777778,DESCRIPTIVE,6,2,"{""chance_top1_mean"": 0.07692307692307693, ""tied_cells"": 1, ""tied_pair_share"": 0.16666666666666666, ""tied_share"": 0.16666666666666666, ""top1_hits"": 0}"
held_out_angle_count_auc_b:F-15-continuous,held_out,angle,count,AUC b:F-15-continuous,0.29166666666666663,0.25,0.3333333333333333,DESCRIPTIVE,6,2,"{""chance_top1_mean"": 0.07692307692307693, ""tied_cells"": 0, ""tied_pair_share"": 0.0, ""tied_share"": 0.0, ""top1_hits"": 0}"
held_out_angle_count_auc_b:F-15-micro,held_out,angle,count,AUC b:F-15-micro,0.29166666666666663,0.25,0.3333333333333333,DESCRIPTIVE,6,2,"{""chance_top1_mean"": 0.07692307692307693, ""tied_cells"": 0, ""tied_pair_share"": 0.0, ""tied_share"": 0.0, ""top1_hits"": 0}"
held_out_angle_count_auc_b:F-15-macro,held_out,angle,count,AUC b:F-15-macro,0.40277777777777773,0.25,0.5555555555555555,DESCRIPTIVE,6,2,"{""chance_top1_mean"": 0.07692307692307693, ""tied_cells"": 0, ""tied_pair_share"": 0.0, ""tied_share"": 0.0, ""top1_hits"": 1}"
held_out_angle_count_auc_b:C-F-1,held_out,angle,count,AUC b:C-F-1,0.5486111111111112,0.5138888888888888,0.5833333333333334,DESCRIPTIVE,6,2,"{""chance_top1_mean"": 0.07692307692307693, ""tied_cells"": 4, ""tied_pair_share"": 0.9027777777777778, ""tied_share"": 0.6666666666666666, ""top1_hits"": 0}"
held_out_angle_count_auc_b:C-F-5,held_out,angle,count,AUC b:C-F-5,0.3055555555555556,0.3055555555555555,0.3055555555555556,DESCRIPTIVE,6,2,"{""chance_top1_mean"": 0.07692307692307693, ""tied_cells"": 0, ""tied_pair_share"": 0.0, ""tied_share"": 0.0, ""top1_hits"": 0}"
held_out_angle_count_auc_b:C-F-15,held_out,angle,count,AUC b:C-F-15,0.3194444444444444,0.25,0.3888888888888889,DESCRIPTIVE,6,2,"{""chance_top1_mean"": 0.07692307692307693, ""tied_cells"": 0, ""tied_pair_share"": 0.0, ""tied_share"": 0.0, ""top1_hits"": 0}"
held_out_angle_count_auc_b:J,held_out,angle,count,AUC b:J,0.5625,0.5,0.625,DESCRIPTIVE,6,2,"{""chance_top1_mean"": 0.07692307692307693, ""tied_cells"": 4, ""tied_pair_share"": 0.7916666666666666, ""tied_share"": 0.6666666666666666, ""top1_hits"": 1}"
held_out_angle_count_auc_b:C-J,held_out,angle,count,AUC b:C-J,0.5416666666666667,0.5,0.5833333333333334,DESCRIPTIVE,6,2,"{""chance_top1_mean"": 0.07692307692307693, ""tied_cells"": 5, ""tied_pair_share"": 0.8333333333333334, ""tied_share"": 0.8333333333333334, ""top1_hits"": 0}"
held_out_angle_count_cost_ceiling_auc,held_out,angle,count,cost_ceiling_auc,1.0,1.0,1.0,DESCRIPTIVE,6,2,
held_out_angle_count_endpoint_perception,held_out,angle,count,endpoint_perception,1.0,1.0,1.0,DESCRIPTIVE,6,2,
held_out_angle_count_mean_one_step_dynamics,held_out,angle,count,request-mean one_step_dynamics,-0.006944444444444444,-0.013888888888888888,0.0,DESCRIPTIVE,6,2,
held_out_angle_count_mean_compounding,held_out,angle,count,request-mean compounding,-0.5312499999999999,-0.5753968253968252,-0.4871031746031746,DESCRIPTIVE,6,2,
held_out_angle_count_mean_anchor_perception,held_out,angle,count,request-mean anchor_perception,-0.11805555555555558,-0.19841269841269846,-0.0376984126984127,DESCRIPTIVE,6,2,
held_out_angle_count_mean_dynamics,held_out,angle,count,request-mean dynamics,-0.5381944444444444,-0.5753968253968252,-0.5009920634920635,DESCRIPTIVE,6,2,
held_out_angle_count_mean_total,held_out,angle,count,request-mean total,0.46180555555555547,0.4246031746031746,0.49900793650793634,DESCRIPTIVE,6,2,
held_out_angle_count_F-1-continuous_one_step_dynamics,held_out,angle,count,one_step_dynamics [F-1-continuous],0.0,0.0,0.0,DESCRIPTIVE,6,2,
held_out_angle_count_F-1-continuous_compounding,held_out,angle,count,compounding [F-1-continuous],-0.5416666666666667,-0.5833333333333334,-0.5,DESCRIPTIVE,6,2,
held_out_angle_count_F-1-continuous_anchor_perception,held_out,angle,count,anchor_perception [F-1-continuous],-0.041666666666666664,-0.08333333333333333,0.0,DESCRIPTIVE,6,2,
held_out_angle_count_F-1-continuous_total,held_out,angle,count,total [F-1-continuous],0.45833333333333337,0.4166666666666667,0.5,DESCRIPTIVE,6,2,
held_out_angle_count_F-1-micro_one_step_dynamics,held_out,angle,count,one_step_dynamics [F-1-micro],0.0,0.0,0.0,DESCRIPTIVE,6,2,
held_out_angle_count_F-1-micro_compounding,held_out,angle,count,compounding [F-1-micro],-0.4375,-0.5,-0.375,DESCRIPTIVE,6,2,
held_out_angle_count_F-1-micro_anchor_perception,held_out,angle,count,anchor_perception [F-1-micro],0.08333333333333333,0.0,0.16666666666666666,DESCRIPTIVE,6,2,
held_out_angle_count_F-1-micro_total,held_out,angle,count,total [F-1-micro],0.5625,0.5,0.625,DESCRIPTIVE,6,2,
held_out_angle_count_F-1-macro_one_step_dynamics,held_out,angle,count,one_step_dynamics [F-1-macro],-0.041666666666666664,-0.08333333333333333,0.0,DESCRIPTIVE,6,2,
held_out_angle_count_F-1-macro_compounding,held_out,angle,count,compounding [F-1-macro],-0.5486111111111112,-0.6111111111111112,-0.48611111111111116,DESCRIPTIVE,6,2,
held_out_angle_count_F-1-macro_anchor_perception,held_out,angle,count,anchor_perception [F-1-macro],-0.0902777777777778,-0.09722222222222225,-0.08333333333333336,DESCRIPTIVE,6,2,
held_out_angle_count_F-1-macro_total,held_out,angle,count,total [F-1-macro],0.4097222222222222,0.38888888888888884,0.4305555555555555,DESCRIPTIVE,6,2,
held_out_angle_count_F-5-continuous_one_step_dynamics,held_out,angle,count,one_step_dynamics [F-5-continuous],0.0,0.0,0.0,DESCRIPTIVE,6,2,
held_out_angle_count_F-5-continuous_compounding,held_out,angle,count,compounding [F-5-continuous],-0.7083333333333333,-0.75,-0.6666666666666666,DESCRIPTIVE,6,2,
held_out_angle_count_F-5-continuous_anchor_perception,held_out,angle,count,anchor_perception [F-5-continuous],-0.4027777777777778,-0.5,-0.3055555555555555,DESCRIPTIVE,6,2,
held_out_angle_count_F-5-continuous_total,held_out,angle,count,total [F-5-continuous],0.29166666666666663,0.25,0.3333333333333333,DESCRIPTIVE,6,2,
held_out_angle_count_F-5-micro_one_step_dynamics,held_out,angle,count,one_step_dynamics [F-5-micro],0.0,0.0,0.0,DESCRIPTIVE,6,2,
held_out_angle_count_F-5-micro_compounding,held_out,angle,count,compounding [F-5-micro],-0.7083333333333333,-0.75,-0.6666666666666666,DESCRIPTIVE,6,2,
held_out_angle_count_F-5-micro_anchor_perception,held_out,angle,count,anchor_perception [F-5-micro],-0.3055555555555555,-0.5,-0.11111111111111109,DESCRIPTIVE,6,2,
held_out_angle_count_F-5-micro_total,held_out,angle,count,total [F-5-micro],0.29166666666666663,0.25,0.3333333333333333,DESCRIPTIVE,6,2,
held_out_angle_count_F-5-macro_one_step_dynamics,held_out,angle,count,one_step_dynamics [F-5-macro],-0.05555555555555555,-0.1111111111111111,0.0,DESCRIPTIVE,6,2,
held_out_angle_count_F-5-macro_compounding,held_out,angle,count,compounding [F-5-macro],-0.5694444444444444,-0.7222222222222222,-0.4166666666666667,DESCRIPTIVE,6,2,
held_out_angle_count_F-5-macro_anchor_perception,held_out,angle,count,anchor_perception [F-5-macro],-0.23611111111111108,-0.47222222222222215,9.25185853854297e-18,DESCRIPTIVE,6,2,
held_out_angle_count_F-5-macro_total,held_out,angle,count,total [F-5-macro],0.37500000000000006,0.2777777777777778,0.4722222222222223,DESCRIPTIVE,6,2,
held_out_angle_count_F-15-continuous_one_step_dynamics,held_out,angle,count,one_step_dynamics [F-15-continuous],0.0,0.0,0.0,DESCRIPTIVE,6,2,
held_out_angle_count_F-15-continuous_compounding,held_out,angle,count,compounding [F-15-continuous],-0.3888888888888889,-0.638888888888889,-0.13888888888888887,DESCRIPTIVE,6,2,
held_out_angle_count_F-15-continuous_anchor_perception,held_out,angle,count,anchor_perception [F-15-continuous],-0.09722222222222224,-0.3888888888888889,0.19444444444444442,DESCRIPTIVE,6,2,
held_out_angle_count_F-15-continuous_total,held_out,angle,count,total [F-15-continuous],0.6111111111111112,0.3611111111111111,0.8611111111111112,DESCRIPTIVE,6,2,
held_out_angle_count_F-15-micro_one_step_dynamics,held_out,angle,count,one_step_dynamics [F-15-micro],0.0,0.0,0.0,DESCRIPTIVE,6,2,
held_out_angle_count_F-15-micro_compounding,held_out,angle,count,compounding [F-15-micro],-0.3472222222222222,-0.47222222222222227,-0.2222222222222222,DESCRIPTIVE,6,2,
held_out_angle_count_F-15-micro_anchor_perception,held_out,angle,count,anchor_perception [F-15-micro],-0.055555555555555566,-0.22222222222222224,0.1111111111111111,DESCRIPTIVE,6,2,
held_out_angle_count_F-15-micro_total,held_out,angle,count,total [F-15-micro],0.6527777777777778,0.5277777777777778,0.7777777777777778,DESCRIPTIVE,6,2,
held_out_angle_count_F-15-macro_one_step_dynamics,held_out,angle,count,one_step_dynamics [F-15-macro],0.0,0.0,0.0,DESCRIPTIVE,6,2,
held_out_angle_count_F-15-macro_compounding,held_out,angle,count,compounding [F-15-macro],-0.5833333333333333,-0.611111111111111,-0.5555555555555555,DESCRIPTIVE,6,2,
held_out_angle_count_F-15-macro_anchor_perception,held_out,angle,count,anchor_perception [F-15-macro],-0.18055555555555555,-0.3055555555555555,-0.05555555555555556,DESCRIPTIVE,6,2,
held_out_angle_count_F-15-macro_total,held_out,angle,count,total [F-15-macro],0.4166666666666667,0.3888888888888889,0.4444444444444445,DESCRIPTIVE,6,2,
held_out_angle_count_C-F-1_one_step_dynamics,held_out,angle,count,one_step_dynamics [C-F-1],0.0,0.0,0.0,DESCRIPTIVE,6,2,
held_out_angle_count_C-F-1_compounding,held_out,angle,count,compounding [C-F-1],-0.5,-0.5972222222222222,-0.40277777777777785,DESCRIPTIVE,6,2,
held_out_angle_count_C-F-1_anchor_perception,held_out,angle,count,anchor_perception [C-F-1],0.0486111111111111,-0.08333333333333336,0.18055555555555555,DESCRIPTIVE,6,2,
held_out_angle_count_C-F-1_total,held_out,angle,count,total [C-F-1],0.5,0.40277777777777785,0.5972222222222222,DESCRIPTIVE,6,2,
held_out_angle_count_C-F-5_one_step_dynamics,held_out,angle,count,one_step_dynamics [C-F-5],0.0,0.0,0.0,DESCRIPTIVE,6,2,
held_out_angle_count_C-F-5_compounding,held_out,angle,count,compounding [C-F-5],-0.5694444444444444,-0.5833333333333334,-0.5555555555555555,DESCRIPTIVE,6,2,
held_out_angle_count_C-F-5_anchor_perception,held_out,angle,count,anchor_perception [C-F-5],-0.26388888888888884,-0.27777777777777773,-0.25,DESCRIPTIVE,6,2,
held_out_angle_count_C-F-5_total,held_out,angle,count,total [C-F-5],0.4305555555555556,0.4166666666666667,0.4444444444444445,DESCRIPTIVE,6,2,
held_out_angle_count_C-F-15_one_step_dynamics,held_out,angle,count,one_step_dynamics [C-F-15],0.0,0.0,0.0,DESCRIPTIVE,6,2,
held_out_angle_count_C-F-15_compounding,held_out,angle,count,compounding [C-F-15],-0.48611111111111105,-0.611111111111111,-0.3611111111111111,DESCRIPTIVE,6,2,
held_out_angle_count_C-F-15_anchor_perception,held_out,angle,count,anchor_perception [C-F-15],-0.16666666666666666,-0.3611111111111111,0.02777777777777779,DESCRIPTIVE,6,2,
held_out_angle_count_C-F-15_total,held_out,angle,count,total [C-F-15],0.513888888888889,0.3888888888888889,0.638888888888889,DESCRIPTIVE,6,2,
held_out_angle_count_J_one_step_dynamics,held_out,angle,count,one_step_dynamics [J],0.0,0.0,0.0,DESCRIPTIVE,6,2,
held_out_angle_count_J_compounding,held_out,angle,count,compounding [J],-0.5694444444444444,-0.5833333333333334,-0.5555555555555555,DESCRIPTIVE,6,2,
held_out_angle_count_J_anchor_perception,held_out,angle,count,anchor_perception [J],-0.006944444444444434,-0.08333333333333333,0.06944444444444446,DESCRIPTIVE,6,2,
held_out_angle_count_J_total,held_out,angle,count,total [J],0.4305555555555556,0.4166666666666667,0.4444444444444445,DESCRIPTIVE,6,2,
held_out_angle_count_C-J_one_step_dynamics,held_out,angle,count,one_step_dynamics [C-J],0.0,0.0,0.0,DESCRIPTIVE,6,2,
held_out_angle_count_C-J_compounding,held_out,angle,count,compounding [C-J],-0.47916666666666663,-0.5416666666666666,-0.4166666666666667,DESCRIPTIVE,6,2,
held_out_angle_count_C-J_anchor_perception,held_out,angle,count,anchor_perception [C-J],0.0625,-0.041666666666666664,0.16666666666666666,DESCRIPTIVE,6,2,
held_out_angle_count_C-J_total,held_out,angle,count,total [C-J],0.5208333333333334,0.4583333333333333,0.5833333333333334,DESCRIPTIVE,6,2,
held_out_power_tie_free_auc_a,held_out,power,tie_free,AUC a,0.6666666666666666,0.5,1.0,DESCRIPTIVE,9,3,"{""chance_top1_mean"": 0.05, ""tied_cells"": 6, ""tied_pair_share"": 0.6666666666666666, ""tied_share"": 0.6666666666666666, ""top1_hits"": 3}"
held_out_power_tie_free_auc_ap,held_out,power,tie_free,AUC ap,0.6140350877192983,0.21052631578947367,0.9473684210526315,DESCRIPTIVE,9,3,"{""chance_top1_mean"": 0.05, ""tied_cells"": 0, ""tied_pair_share"": 0.0, ""tied_share"": 0.0, ""top1_hits"": 0}"
held_out_power_tie_free_auc_d:F-1-continuous,held_out,power,tie_free,AUC d:F-1-continuous,0.8421052631578947,0.5789473684210527,1.0,DESCRIPTIVE,9,3,"{""chance_top1_mean"": 0.05, ""tied_cells"": 0, ""tied_pair_share"": 0.0, ""tied_share"": 0.0, ""top1_hits"": 3}"
held_out_power_tie_free_auc_d:F-1-micro,held_out,power,tie_free,AUC d:F-1-micro,0.847953216374269,0.5789473684210527,1.0,DESCRIPTIVE,9,3,"{""chance_top1_mean"": 0.05, ""tied_cells"": 0, ""tied_pair_share"": 0.0, ""tied_share"": 0.0, ""top1_hits"": 4}"
held_out_power_tie_free_auc_d:F-1-macro,held_out,power,tie_free,AUC d:F-1-macro,0.7777777777777778,0.49122807017543857,0.9649122807017544,DESCRIPTIVE,9,3,"{""chance_top1_mean"": 0.05, ""tied_cells"": 0, ""tied_pair_share"": 0.0, ""tied_share"": 0.0, ""top1_hits"": 2}"
held_out_power_tie_free_auc_d:F-5-continuous,held_out,power,tie_free,AUC d:F-5-continuous,0.7953216374269005,0.49122807017543857,1.0,DESCRIPTIVE,9,3,"{""chance_top1_mean"": 0.05, ""tied_cells"": 0, ""tied_pair_share"": 0.0, ""tied_share"": 0.0, ""top1_hits"": 3}"
held_out_power_tie_free_auc_d:F-5-micro,held_out,power,tie_free,AUC d:F-5-micro,0.7953216374269005,0.47368421052631576,1.0,DESCRIPTIVE,9,3,"{""chance_top1_mean"": 0.05, ""tied_cells"": 0, ""tied_pair_share"": 0.0, ""tied_share"": 0.0, ""top1_hits"": 3}"
held_out_power_tie_free_auc_d:F-5-macro,held_out,power,tie_free,AUC d:F-5-macro,0.7836257309941521,0.49122807017543857,0.9824561403508771,DESCRIPTIVE,9,3,"{""chance_top1_mean"": 0.05, ""tied_cells"": 0, ""tied_pair_share"": 0.0, ""tied_share"": 0.0, ""top1_hits"": 3}"
held_out_power_tie_free_auc_d:F-15-continuous,held_out,power,tie_free,AUC d:F-15-continuous,0.7602339181286549,0.42105263157894735,1.0,DESCRIPTIVE,9,3,"{""chance_top1_mean"": 0.05, ""tied_cells"": 0, ""tied_pair_share"": 0.0, ""tied_share"": 0.0, ""top1_hits"": 4}"
held_out_power_tie_free_auc_d:F-15-micro,held_out,power,tie_free,AUC d:F-15-micro,0.7602339181286549,0.42105263157894735,1.0,DESCRIPTIVE,9,3,"{""chance_top1_mean"": 0.05, ""tied_cells"": 0, ""tied_pair_share"": 0.0, ""tied_share"": 0.0, ""top1_hits"": 4}"
held_out_power_tie_free_auc_d:F-15-macro,held_out,power,tie_free,AUC d:F-15-macro,0.6900584795321637,0.4385964912280702,0.9649122807017544,DESCRIPTIVE,9,3,"{""chance_top1_mean"": 0.05, ""tied_cells"": 0, ""tied_pair_share"": 0.0, ""tied_share"": 0.0, ""top1_hits"": 3}"
held_out_power_tie_free_auc_d:C-F-1,held_out,power,tie_free,AUC d:C-F-1,0.7602339181286549,0.5964912280701754,0.9649122807017543,DESCRIPTIVE,9,3,"{""chance_top1_mean"": 0.05, ""tied_cells"": 0, ""tied_pair_share"": 0.0, ""tied_share"": 0.0, ""top1_hits"": 1}"
held_out_power_tie_free_auc_d:C-F-5,held_out,power,tie_free,AUC d:C-F-5,0.7777777777777778,0.5789473684210525,0.9298245614035089,DESCRIPTIVE,9,3,"{""chance_top1_mean"": 0.05, ""tied_cells"": 0, ""tied_pair_share"": 0.0, ""tied_share"": 0.0, ""top1_hits"": 1}"
held_out_power_tie_free_auc_d:C-F-15,held_out,power,tie_free,AUC d:C-F-15,0.6842105263157894,0.47368421052631576,0.8771929824561404,DESCRIPTIVE,9,3,"{""chance_top1_mean"": 0.05, ""tied_cells"": 0, ""tied_pair_share"": 0.0, ""tied_share"": 0.0, ""top1_hits"": 2}"
held_out_power_tie_free_auc_d:J,held_out,power,tie_free,AUC d:J,0.807017543859649,0.5087719298245613,1.0,DESCRIPTIVE,9,3,"{""chance_top1_mean"": 0.05, ""tied_cells"": 0, ""tied_pair_share"": 0.0, ""tied_share"": 0.0, ""top1_hits"": 3}"
held_out_power_tie_free_auc_d:C-J,held_out,power,tie_free,AUC d:C-J,0.7017543859649122,0.5789473684210525,0.8596491228070176,DESCRIPTIVE,9,3,"{""chance_top1_mean"": 0.05, ""tied_cells"": 0, ""tied_pair_share"": 0.0, ""tied_share"": 0.0, ""top1_hits"": 1}"
held_out_power_tie_free_auc_c:F-1-continuous,held_out,power,tie_free,AUC c:F-1-continuous,0.5847953216374268,0.40350877192982454,0.6842105263157894,DESCRIPTIVE,9,3,"{""chance_top1_mean"": 0.05, ""tied_cells"": 0, ""tied_pair_share"": 0.0, ""tied_share"": 0.0, ""top1_hits"": 0}"
held_out_power_tie_free_auc_c:F-1-micro,held_out,power,tie_free,AUC c:F-1-micro,0.543859649122807,0.42105263157894735,0.6140350877192983,DESCRIPTIVE,9,3,"{""chance_top1_mean"": 0.05, ""tied_cells"": 0, ""tied_pair_share"": 0.0, ""tied_share"": 0.0, ""top1_hits"": 0}"
held_out_power_tie_free_auc_c:F-1-macro,held_out,power,tie_free,AUC c:F-1-macro,0.43859649122807015,0.40350877192982454,0.5087719298245613,DESCRIPTIVE,9,3,"{""chance_top1_mean"": 0.05, ""tied_cells"": 0, ""tied_pair_share"": 0.0, ""tied_share"": 0.0, ""top1_hits"": 0}"
held_out_power_tie_free_auc_c:F-5-continuous,held_out,power,tie_free,AUC c:F-5-continuous,0.7192982456140351,0.6491228070175439,0.7543859649122807,DESCRIPTIVE,9,3,"{""chance_top1_mean"": 0.05, ""tied_cells"": 0, ""tied_pair_share"": 0.0, ""tied_share"": 0.0, ""top1_hits"": 0}"
held_out_power_tie_free_auc_c:F-5-micro,held_out,power,tie_free,AUC c:F-5-micro,0.7192982456140351,0.6491228070175439,0.7543859649122807,DESCRIPTIVE,9,3,"{""chance_top1_mean"": 0.05, ""tied_cells"": 0, ""tied_pair_share"": 0.0, ""tied_share"": 0.0, ""top1_hits"": 0}"
held_out_power_tie_free_auc_c:F-5-macro,held_out,power,tie_free,AUC c:F-5-macro,0.649122807017544,0.456140350877193,0.7543859649122807,DESCRIPTIVE,9,3,"{""chance_top1_mean"": 0.05, ""tied_cells"": 0, ""tied_pair_share"": 0.0, ""tied_share"": 0.0, ""top1_hits"": 0}"
held_out_power_tie_free_auc_c:F-15-continuous,held_out,power,tie_free,AUC c:F-15-continuous,0.7192982456140351,0.6842105263157895,0.7368421052631579,DESCRIPTIVE,9,3,"{""chance_top1_mean"": 0.05, ""tied_cells"": 0, ""tied_pair_share"": 0.0, ""tied_share"": 0.0, ""top1_hits"": 0}"
held_out_power_tie_free_auc_c:F-15-micro,held_out,power,tie_free,AUC c:F-15-micro,0.7309941520467836,0.6842105263157895,0.7543859649122807,DESCRIPTIVE,9,3,"{""chance_top1_mean"": 0.05, ""tied_cells"": 0, ""tied_pair_share"": 0.0, ""tied_share"": 0.0, ""top1_hits"": 0}"
held_out_power_tie_free_auc_c:F-15-macro,held_out,power,tie_free,AUC c:F-15-macro,0.7251461988304094,0.7192982456140351,0.7368421052631579,DESCRIPTIVE,9,3,"{""chance_top1_mean"": 0.05, ""tied_cells"": 0, ""tied_pair_share"": 0.0, ""tied_share"": 0.0, ""top1_hits"": 0}"
held_out_power_tie_free_auc_c:C-F-1,held_out,power,tie_free,AUC c:C-F-1,0.47368421052631576,0.40350877192982454,0.5964912280701754,DESCRIPTIVE,9,3,"{""chance_top1_mean"": 0.05, ""tied_cells"": 0, ""tied_pair_share"": 0.0, ""tied_share"": 0.0, ""top1_hits"": 0}"
held_out_power_tie_free_auc_c:C-F-5,held_out,power,tie_free,AUC c:C-F-5,0.7485380116959064,0.6842105263157895,0.7894736842105262,DESCRIPTIVE,9,3,"{""chance_top1_mean"": 0.05, ""tied_cells"": 0, ""tied_pair_share"": 0.0, ""tied_share"": 0.0, ""top1_hits"": 0}"
held_out_power_tie_free_auc_c:C-F-15,held_out,power,tie_free,AUC c:C-F-15,0.736842105263158,0.6666666666666666,0.7719298245614036,DESCRIPTIVE,9,3,"{""chance_top1_mean"": 0.05, ""tied_cells"": 0, ""tied_pair_share"": 0.0, ""tied_share"": 0.0, ""top1_hits"": 0}"
held_out_power_tie_free_auc_c:J,held_out,power,tie_free,AUC c:J,0.41520467836257313,0.3333333333333333,0.5263157894736842,DESCRIPTIVE,9,3,"{""chance_top1_mean"": 0.05, ""tied_cells"": 0, ""tied_pair_share"": 0.0, ""tied_share"": 0.0, ""top1_hits"": 0}"
held_out_power_tie_free_auc_c:C-J,held_out,power,tie_free,AUC c:C-J,0.6081871345029239,0.543859649122807,0.6491228070175439,DESCRIPTIVE,9,3,"{""chance_top1_mean"": 0.05, ""tied_cells"": 0, ""tied_pair_share"": 0.0, ""tied_share"": 0.0, ""top1_hits"": 0}"
held_out_power_tie_free_auc_b:F-1-continuous,held_out,power,tie_free,AUC b:F-1-continuous,0.5438596491228069,0.42105263157894735,0.6140350877192982,DESCRIPTIVE,9,3,"{""chance_top1_mean"": 0.05, ""tied_cells"": 0, ""tied_pair_share"": 0.0, ""tied_share"": 0.0, ""top1_hits"": 0}"
held_out_power_tie_free_auc_b:F-1-micro,held_out,power,tie_free,AUC b:F-1-micro,0.5321637426900585,0.43859649122807015,0.5964912280701754,DESCRIPTIVE,9,3,"{""chance_top1_mean"": 0.05, ""tied_cells"": 0, ""tied_pair_share"": 0.0, ""tied_share"": 0.0, ""top1_hits"": 0}"
held_out_power_tie_free_auc_b:F-1-macro,held_out,power,tie_free,AUC b:F-1-macro,0.4385964912280702,0.3859649122807018,0.5263157894736842,DESCRIPTIVE,9,3,"{""chance_top1_mean"": 0.05, ""tied_cells"": 0, ""tied_pair_share"": 0.0, ""tied_share"": 0.0, ""top1_hits"": 0}"
held_out_power_tie_free_auc_b:F-5-continuous,held_out,power,tie_free,AUC b:F-5-continuous,0.7192982456140351,0.6491228070175439,0.7543859649122807,DESCRIPTIVE,9,3,"{""chance_top1_mean"": 0.05, ""tied_cells"": 0, ""tied_pair_share"": 0.0, ""tied_share"": 0.0, ""top1_hits"": 0}"
held_out_power_tie_free_auc_b:F-5-micro,held_out,power,tie_free,AUC b:F-5-micro,0.7192982456140351,0.6491228070175439,0.7543859649122807,DESCRIPTIVE,9,3,"{""chance_top1_mean"": 0.05, ""tied_cells"": 0, ""tied_pair_share"": 0.0, ""tied_share"": 0.0, ""top1_hits"": 0}"
held_out_power_tie_free_auc_b:F-5-macro,held_out,power,tie_free,AUC b:F-5-macro,0.6432748538011696,0.543859649122807,0.7368421052631579,DESCRIPTIVE,9,3,"{""chance_top1_mean"": 0.05, ""tied_cells"": 0, ""tied_pair_share"": 0.0, ""tied_share"": 0.0, ""top1_hits"": 0}"
held_out_power_tie_free_auc_b:F-15-continuous,held_out,power,tie_free,AUC b:F-15-continuous,0.7134502923976608,0.6666666666666666,0.7368421052631579,DESCRIPTIVE,9,3,"{""chance_top1_mean"": 0.05, ""tied_cells"": 0, ""tied_pair_share"": 0.0, ""tied_share"": 0.0, ""top1_hits"": 0}"
held_out_power_tie_free_auc_b:F-15-micro,held_out,power,tie_free,AUC b:F-15-micro,0.7134502923976608,0.6491228070175439,0.7543859649122807,DESCRIPTIVE,9,3,"{""chance_top1_mean"": 0.05, ""tied_cells"": 0, ""tied_pair_share"": 0.0, ""tied_share"": 0.0, ""top1_hits"": 0}"
held_out_power_tie_free_auc_b:F-15-macro,held_out,power,tie_free,AUC b:F-15-macro,0.6608187134502924,0.6140350877192983,0.7368421052631579,DESCRIPTIVE,9,3,"{""chance_top1_mean"": 0.05, ""tied_cells"": 0, ""tied_pair_share"": 0.0, ""tied_share"": 0.0, ""top1_hits"": 0}"
held_out_power_tie_free_auc_b:C-F-1,held_out,power,tie_free,AUC b:C-F-1,0.5087719298245613,0.42105263157894735,0.5964912280701754,DESCRIPTIVE,9,3,"{""chance_top1_mean"": 0.05, ""tied_cells"": 0, ""tied_pair_share"": 0.0, ""tied_share"": 0.0, ""top1_hits"": 0}"
held_out_power_tie_free_auc_b:C-F-5,held_out,power,tie_free,AUC b:C-F-5,0.7426900584795321,0.6666666666666666,0.7894736842105262,DESCRIPTIVE,9,3,"{""chance_top1_mean"": 0.05, ""tied_cells"": 0, ""tied_pair_share"": 0.0, ""tied_share"": 0.0, ""top1_hits"": 0}"
held_out_power_tie_free_auc_b:C-F-15,held_out,power,tie_free,AUC b:C-F-15,0.7309941520467836,0.6491228070175438,0.7719298245614036,DESCRIPTIVE,9,3,"{""chance_top1_mean"": 0.05, ""tied_cells"": 0, ""tied_pair_share"": 0.0, ""tied_share"": 0.0, ""top1_hits"": 0}"
held_out_power_tie_free_auc_b:J,held_out,power,tie_free,AUC b:J,0.6198830409356726,0.49122807017543857,0.7719298245614036,DESCRIPTIVE,9,3,"{""chance_top1_mean"": 0.05, ""tied_cells"": 0, ""tied_pair_share"": 0.0, ""tied_share"": 0.0, ""top1_hits"": 0}"
held_out_power_tie_free_auc_b:C-J,held_out,power,tie_free,AUC b:C-J,0.6783625730994153,0.5614035087719298,0.7543859649122807,DESCRIPTIVE,9,3,"{""chance_top1_mean"": 0.05, ""tied_cells"": 0, ""tied_pair_share"": 0.0, ""tied_share"": 0.0, ""top1_hits"": 1}"
held_out_power_tie_free_cost_ceiling_auc,held_out,power,tie_free,cost_ceiling_auc,0.6666666666666666,0.5,1.0,DESCRIPTIVE,9,3,
held_out_power_tie_free_endpoint_perception,held_out,power,tie_free,endpoint_perception,0.0526315789473684,-0.4473684210526316,0.7894736842105262,DESCRIPTIVE,9,3,
held_out_power_tie_free_mean_one_step_dynamics,held_out,power,tie_free,request-mean one_step_dynamics,-0.15622389306599824,-0.7055137844611528,0.1754385964912282,DESCRIPTIVE,9,3,
held_out_power_tie_free_mean_compounding,held_out,power,tie_free,request-mean compounding,0.14076858813700915,-0.14160401002506265,0.32706766917293223,DESCRIPTIVE,9,3,
held_out_power_tie_free_mean_anchor_perception,held_out,power,tie_free,request-mean anchor_perception,0.01086048454469507,0.0,0.022556390977443608,DESCRIPTIVE,9,3,
held_out_power_tie_free_mean_dynamics,held_out,power,tie_free,request-mean dynamics,-0.015455304928989036,-0.37844611528822053,0.2982456140350879,DESCRIPTIVE,9,3,
held_out_power_tie_free_mean_total,held_out,power,tie_free,request-mean total,0.03717627401837933,-0.15037593984962397,0.4110275689223058,DESCRIPTIVE,9,3,
held_out_power_tie_free_F-1-continuous_one_step_dynamics,held_out,power,tie_free,one_step_dynamics [F-1-continuous],-0.22807017543859645,-0.7894736842105262,0.10526315789473688,DESCRIPTIVE,9,3,
held_out_power_tie_free_F-1-continuous_compounding,held_out,power,tie_free,compounding [F-1-continuous],0.2573099415204678,-0.10526315789473688,0.5964912280701755,DESCRIPTIVE,9,3,
held_out_power_tie_free_F-1-continuous_anchor_perception,held_out,power,tie_free,anchor_perception [F-1-continuous],-0.040935672514619915,-0.07017543859649128,0.017543859649122806,DESCRIPTIVE,9,3,
held_out_power_tie_free_F-1-continuous_total,held_out,power,tie_free,total [F-1-continuous],0.0818713450292398,-0.1842105263157895,0.5964912280701755,DESCRIPTIVE,9,3,
held_out_power_tie_free_F-1-micro_one_step_dynamics,held_out,power,tie_free,one_step_dynamics [F-1-micro],-0.23391812865497072,-0.7894736842105262,0.10526315789473688,DESCRIPTIVE,9,3,
held_out_power_tie_free_F-1-micro_compounding,held_out,power,tie_free,compounding [F-1-micro],0.30409356725146197,-0.017543859649122806,0.5789473684210527,DESCRIPTIVE,9,3,
held_out_power_tie_free_F-1-micro_anchor_perception,held_out,power,tie_free,anchor_perception [F-1-micro],-0.011695906432748523,-0.0526315789473684,0.017543859649122823,DESCRIPTIVE,9,3,
held_out_power_tie_free_F-1-micro_total,held_out,power,tie_free,total [F-1-micro],0.12280701754385966,-0.11403508771929823,0.5789473684210527,DESCRIPTIVE,9,3,
held_out_power_tie_free_F-1-macro_one_step_dynamics,held_out,power,tie_free,one_step_dynamics [F-1-macro],-0.16374269005847958,-0.7543859649122808,0.1929824561403509,DESCRIPTIVE,9,3,
held_out_power_tie_free_F-1-macro_compounding,held_out,power,tie_free,compounding [F-1-macro],0.33918128654970764,0.08771929824561404,0.5614035087719299,DESCRIPTIVE,9,3,
held_out_power_tie_free_F-1-macro_anchor_perception,held_out,power,tie_free,anchor_perception [F-1-macro],4.625929269271485e-18,-0.10526315789473684,0.12280701754385966,DESCRIPTIVE,9,3,
held_out_power_tie_free_F-1-macro_total,held_out,power,tie_free,total [F-1-macro],0.2280701754385965,-0.008771929824561375,0.5964912280701754,DESCRIPTIVE,9,3,
held_out_power_tie_free_F-5-continuous_one_step_dynamics,held_out,power,tie_free,one_step_dynamics [F-5-continuous],-0.1812865497076023,-0.7894736842105262,0.1929824561403509,DESCRIPTIVE,9,3,
held_out_power_tie_free_F-5-continuous_compounding,held_out,power,tie_free,compounding [F-5-continuous],0.07602339181286549,-0.2631578947368421,0.3508771929824561,DESCRIPTIVE,9,3,
held_out_power_tie_free_F-5-continuous_anchor_perception,held_out,power,tie_free,anchor_perception [F-5-continuous],0.0,0.0,0.0,DESCRIPTIVE,9,3,
held_out_power_tie_free_F-5-continuous_total,held_out,power,tie_free,total [F-5-continuous],-0.0526315789473684,-0.25438596491228066,0.3508771929824561,DESCRIPTIVE,9,3,
held_out_power_tie_free_F-5-micro_one_step_dynamics,held_out,power,tie_free,one_step_dynamics [F-5-micro],-0.1812865497076023,-0.7894736842105262,0.2105263157894737,DESCRIPTIVE,9,3,
held_out_power_tie_free_F-5-micro_compounding,held_out,power,tie_free,compounding [F-5-micro],0.07602339181286548,-0.2807017543859649,0.3508771929824561,DESCRIPTIVE,9,3,
held_out_power_tie_free_F-5-micro_anchor_perception,held_out,power,tie_free,anchor_perception [F-5-micro],0.0,0.0,0.0,DESCRIPTIVE,9,3,
held_out_power_tie_free_F-5-micro_total,held_out,power,tie_free,total [F-5-micro],-0.0526315789473684,-0.25438596491228066,0.3508771929824561,DESCRIPTIVE,9,3,
held_out_power_tie_free_F-5-macro_one_step_dynamics,held_out,power,tie_free,one_step_dynamics [F-5-macro],-0.16959064327485382,-0.7719298245614036,0.19298245614035092,DESCRIPTIVE,9,3,
held_out_power_tie_free_F-5-macro_compounding,held_out,power,tie_free,compounding [F-5-macro],0.13450292397660815,-0.2456140350877193,0.42105263157894735,DESCRIPTIVE,9,3,
held_out_power_tie_free_F-5-macro_anchor_perception,held_out,power,tie_free,anchor_perception [F-5-macro],-0.005847953216374292,-0.1929824561403509,0.2807017543859649,DESCRIPTIVE,9,3,
held_out_power_tie_free_F-5-macro_total,held_out,power,tie_free,total [F-5-macro],0.017543859649122806,-0.23684210526315788,0.24561403508771928,DESCRIPTIVE,9,3,
held_out_power_tie_free_F-15-continuous_one_step_dynamics,held_out,power,tie_free,one_step_dynamics [F-15-continuous],-0.1461988304093567,-0.7894736842105262,0.26315789473684215,DESCRIPTIVE,9,3,
held_out_power_tie_free_F-15-continuous_compounding,held_out,power,tie_free,compounding [F-15-continuous],0.0409356725146199,-0.3157894736842105,0.3157894736842105,DESCRIPTIVE,9,3,
held_out_power_tie_free_F-15-continuous_anchor_perception,held_out,power,tie_free,anchor_perception [F-15-continuous],-0.005847953216374275,-0.017543859649122823,0.0,DESCRIPTIVE,9,3,
held_out_power_tie_free_F-15-continuous_total,held_out,power,tie_free,total [F-15-continuous],-0.0526315789473684,-0.23684210526315785,0.3157894736842105,DESCRIPTIVE,9,3,
held_out_power_tie_free_F-15-micro_one_step_dynamics,held_out,power,tie_free,one_step_dynamics [F-15-micro],-0.1461988304093567,-0.7894736842105262,0.26315789473684215,DESCRIPTIVE,9,3,
held_out_power_tie_free_F-15-micro_compounding,held_out,power,tie_free,compounding [F-15-micro],0.02923976608187136,-0.3333333333333333,0.3157894736842105,DESCRIPTIVE,9,3,
held_out_power_tie_free_F-15-micro_anchor_perception,held_out,power,tie_free,anchor_perception [F-15-micro],-0.017543859649122823,-0.03508771929824565,0.0,DESCRIPTIVE,9,3,
held_out_power_tie_free_F-15-micro_total,held_out,power,tie_free,total [F-15-micro],-0.06432748538011694,-0.25438596491228066,0.3157894736842105,DESCRIPTIVE,9,3,
held_out_power_tie_free_F-15-macro_one_step_dynamics,held_out,power,tie_free,one_step_dynamics [F-15-macro],-0.07602339181286555,-0.7543859649122808,0.28070175438596484,DESCRIPTIVE,9,3,
held_out_power_tie_free_F-15-macro_compounding,held_out,power,tie_free,compounding [F-15-macro],-0.03508771929824559,-0.2807017543859649,0.24561403508771928,DESCRIPTIVE,9,3,
held_out_power_tie_free_F-15-macro_anchor_perception,held_out,power,tie_free,anchor_perception [F-15-macro],-0.06432748538011697,-0.10526315789473685,0.0,DESCRIPTIVE,9,3,
held_out_power_tie_free_F-15-macro_total,held_out,power,tie_free,total [F-15-macro],-0.05847953216374269,-0.23684210526315785,0.2807017543859649,DESCRIPTIVE,9,3,
held_out_power_tie_free_C-F-1_one_step_dynamics,held_out,power,tie_free,one_step_dynamics [C-F-1],-0.14619883040935672,-0.5087719298245614,0.08771929824561409,DESCRIPTIVE,9,3,
held_out_power_tie_free_C-F-1_compounding,held_out,power,tie_free,compounding [C-F-1],0.28654970760233917,0.12280701754385966,0.5614035087719298,DESCRIPTIVE,9,3,
held_out_power_tie_free_C-F-1_anchor_perception,held_out,power,tie_free,anchor_perception [C-F-1],0.035087719298245605,-1.850371707708594e-17,0.10526315789473684,DESCRIPTIVE,9,3,
held_out_power_tie_free_C-F-1_total,held_out,power,tie_free,total [C-F-1],0.1929824561403509,0.07894736842105264,0.40350877192982454,DESCRIPTIVE,9,3,
held_out_power_tie_free_C-F-5_one_step_dynamics,held_out,power,tie_free,one_step_dynamics [C-F-5],-0.16374269005847955,-0.6140350877192983,0.10526315789473688,DESCRIPTIVE,9,3,
held_out_power_tie_free_C-F-5_compounding,held_out,power,tie_free,compounding [C-F-5],0.029239766081871354,-0.2105263157894737,0.15789473684210528,DESCRIPTIVE,9,3,
held_out_power_tie_free_C-F-5_anchor_perception,held_out,power,tie_free,anchor_perception [C-F-5],-0.005847953216374275,-0.017543859649122823,0.0,DESCRIPTIVE,9,3,
held_out_power_tie_free_C-F-5_total,held_out,power,tie_free,total [C-F-5],-0.08187134502923975,-0.2894736842105263,0.31578947368421056,DESCRIPTIVE,9,3,
held_out_power_tie_free_C-F-15_one_step_dynamics,held_out,power,tie_free,one_step_dynamics [C-F-15],-0.07017543859649122,-0.49122807017543857,0.2105263157894737,DESCRIPTIVE,9,3,
held_out_power_tie_free_C-F-15_compounding,held_out,power,tie_free,compounding [C-F-15],-0.052631578947368446,-0.29824561403508776,0.10526315789473684,DESCRIPTIVE,9,3,
held_out_power_tie_free_C-F-15_anchor_perception,held_out,power,tie_free,anchor_perception [C-F-15],-0.005847953216374263,-0.01754385964912279,0.0,DESCRIPTIVE,9,3,
held_out_power_tie_free_C-F-15_total,held_out,power,tie_free,total [C-F-15],-0.07017543859649124,-0.2719298245614035,0.3333333333333333,DESCRIPTIVE,9,3,
held_out_power_tie_free_J_one_step_dynamics,held_out,power,tie_free,one_step_dynamics [J],-0.19298245614035084,-0.7894736842105262,0.1754385964912281,DESCRIPTIVE,9,3,
held_out_power_tie_free_J_compounding,held_out,power,tie_free,compounding [J],0.391812865497076,0.17543859649122803,0.6140350877192983,DESCRIPTIVE,9,3,
held_out_power_tie_free_J_anchor_perception,held_out,power,tie_free,anchor_perception [J],0.20467836257309943,0.07017543859649122,0.43859649122807015,DESCRIPTIVE,9,3,
held_out_power_tie_free_J_total,held_out,power,tie_free,total [J],0.25146198830409355,-0.02631578947368422,0.6140350877192983,DESCRIPTIVE,9,3,
held_out_power_tie_free_C-J_one_step_dynamics,held_out,power,tie_free,one_step_dynamics [C-J],-0.08771929824561403,-0.456140350877193,0.10526315789473689,DESCRIPTIVE,9,3,
held_out_power_tie_free_C-J_compounding,held_out,power,tie_free,compounding [C-J],0.09356725146198829,-0.07017543859649127,0.22807017543859645,DESCRIPTIVE,9,3,
held_out_power_tie_free_C-J_anchor_perception,held_out,power,tie_free,anchor_perception [C-J],0.07017543859649121,0.01754385964912279,0.10526315789473684,DESCRIPTIVE,9,3,
held_out_power_tie_free_C-J_total,held_out,power,tie_free,total [C-J],0.058479532163742666,-0.14912280701754385,0.4561403508771929,DESCRIPTIVE,9,3,
held_out_power_count_auc_a,held_out,power,count,AUC a,0.6228070175438596,0.3947368421052631,1.0,DESCRIPTIVE,9,3,"{""chance_top1_mean"": 0.05, ""tied_cells"": 0, ""tied_pair_share"": 0.5789473684210527, ""tied_share"": 0.0, ""top1_hits"": 3}"
held_out_power_count_auc_ap,held_out,power,count,AUC ap,0.6140350877192983,0.21052631578947367,0.9473684210526315,DESCRIPTIVE,9,3,"{""chance_top1_mean"": 0.05, ""tied_cells"": 0, ""tied_pair_share"": 0.0, ""tied_share"": 0.0, ""top1_hits"": 0}"
held_out_power_count_auc_d:F-1-continuous,held_out,power,count,AUC d:F-1-continuous,0.8421052631578947,0.5789473684210527,1.0,DESCRIPTIVE,9,3,"{""chance_top1_mean"": 0.05, ""tied_cells"": 0, ""tied_pair_share"": 0.0, ""tied_share"": 0.0, ""top1_hits"": 3}"
held_out_power_count_auc_d:F-1-micro,held_out,power,count,AUC d:F-1-micro,0.847953216374269,0.5789473684210527,1.0,DESCRIPTIVE,9,3,"{""chance_top1_mean"": 0.05, ""tied_cells"": 0, ""tied_pair_share"": 0.0, ""tied_share"": 0.0, ""top1_hits"": 4}"
held_out_power_count_auc_d:F-1-macro,held_out,power,count,AUC d:F-1-macro,0.8304093567251462,0.5964912280701754,1.0,DESCRIPTIVE,9,3,"{""chance_top1_mean"": 0.05, ""tied_cells"": 0, ""tied_pair_share"": 0.0, ""tied_share"": 0.0, ""top1_hits"": 3}"
held_out_power_count_auc_d:F-5-continuous,held_out,power,count,AUC d:F-5-continuous,0.8011695906432749,0.49122807017543857,1.0,DESCRIPTIVE,9,3,"{""chance_top1_mean"": 0.05, ""tied_cells"": 0, ""tied_pair_share"": 0.0, ""tied_share"": 0.0, ""top1_hits"": 3}"
held_out_power_count_auc_d:F-5-micro,held_out,power,count,AUC d:F-5-micro,0.8011695906432749,0.49122807017543857,1.0,DESCRIPTIVE,9,3,"{""chance_top1_mean"": 0.05, ""tied_cells"": 0, ""tied_pair_share"": 0.0, ""tied_share"": 0.0, ""top1_hits"": 3}"
held_out_power_count_auc_d:F-5-macro,held_out,power,count,AUC d:F-5-macro,0.7836257309941521,0.5263157894736842,1.0,DESCRIPTIVE,9,3,"{""chance_top1_mean"": 0.05, ""tied_cells"": 0, ""tied_pair_share"": 0.0, ""tied_share"": 0.0, ""top1_hits"": 3}"
held_out_power_count_auc_d:F-15-continuous,held_out,power,count,AUC d:F-15-continuous,0.7777777777777778,0.42105263157894735,1.0,DESCRIPTIVE,9,3,"{""chance_top1_mean"": 0.05, ""tied_cells"": 0, ""tied_pair_share"": 0.0, ""tied_share"": 0.0, ""top1_hits"": 5}"
held_out_power_count_auc_d:F-15-micro,held_out,power,count,AUC d:F-15-micro,0.7719298245614036,0.42105263157894735,1.0,DESCRIPTIVE,9,3,"{""chance_top1_mean"": 0.05, ""tied_cells"": 0, ""tied_pair_share"": 0.0, ""tied_share"": 0.0, ""top1_hits"": 5}"
held_out_power_count_auc_d:F-15-macro,held_out,power,count,AUC d:F-15-macro,0.8011695906432749,0.4912280701754386,1.0,DESCRIPTIVE,9,3,"{""chance_top1_mean"": 0.05, ""tied_cells"": 0, ""tied_pair_share"": 0.0, ""tied_share"": 0.0, ""top1_hits"": 4}"
held_out_power_count_auc_d:C-F-1,held_out,power,count,AUC d:C-F-1,0.7426900584795321,0.5964912280701754,0.9649122807017543,DESCRIPTIVE,9,3,"{""chance_top1_mean"": 0.05, ""tied_cells"": 0, ""tied_pair_share"": 0.0, ""tied_share"": 0.0, ""top1_hits"": 1}"
held_out_power_count_auc_d:C-F-5,held_out,power,count,AUC d:C-F-5,0.7660818713450293,0.5789473684210525,0.9298245614035089,DESCRIPTIVE,9,3,"{""chance_top1_mean"": 0.05, ""tied_cells"": 0, ""tied_pair_share"": 0.0, ""tied_share"": 0.0, ""top1_hits"": 1}"
held_out_power_count_auc_d:C-F-15,held_out,power,count,AUC d:C-F-15,0.6842105263157894,0.47368421052631576,0.8771929824561404,DESCRIPTIVE,9,3,"{""chance_top1_mean"": 0.05, ""tied_cells"": 0, ""tied_pair_share"": 0.0, ""tied_share"": 0.0, ""top1_hits"": 2}"
held_out_power_count_auc_d:J,held_out,power,count,AUC d:J,0.8070175438596491,0.5263157894736842,1.0,DESCRIPTIVE,9,3,"{""chance_top1_mean"": 0.05, ""tied_cells"": 0, ""tied_pair_share"": 0.0, ""tied_share"": 0.0, ""top1_hits"": 3}"
held_out_power_count_auc_d:C-J,held_out,power,count,AUC d:C-J,0.6959064327485379,0.5789473684210525,0.8596491228070176,DESCRIPTIVE,9,3,"{""chance_top1_mean"": 0.05, ""tied_cells"": 0, ""tied_pair_share"": 0.0, ""tied_share"": 0.0, ""top1_hits"": 1}"
held_out_power_count_auc_c:F-1-continuous,held_out,power,count,AUC c:F-1-continuous,0.5321637426900585,0.5,0.5964912280701754,DESCRIPTIVE,9,3,"{""chance_top1_mean"": 0.05, ""tied_cells"": 8, ""tied_pair_share"": 0.8888888888888888, ""tied_share"": 0.8888888888888888, ""top1_hits"": 0}"
held_out_power_count_auc_c:F-1-micro,held_out,power,count,AUC c:F-1-micro,0.5292397660818713,0.5,0.587719298245614,DESCRIPTIVE,9,3,"{""chance_top1_mean"": 0.05, ""tied_cells"": 8, ""tied_pair_share"": 0.9415204678362573, ""tied_share"": 0.8888888888888888, ""top1_hits"": 0}"
held_out_power_count_auc_c:F-1-macro,held_out,power,count,AUC c:F-1-macro,0.5087719298245613,0.42105263157894735,0.5964912280701754,DESCRIPTIVE,9,3,"{""chance_top1_mean"": 0.05, ""tied_cells"": 5, ""tied_pair_share"": 0.7485380116959064, ""tied_share"": 0.5555555555555556, ""top1_hits"": 0}"
held_out_power_count_auc_c:F-5-continuous,held_out,power,count,AUC c:F-5-continuous,0.5409356725146198,0.3508771929824561,0.6754385964912281,DESCRIPTIVE,9,3,"{""chance_top1_mean"": 0.05, ""tied_cells"": 1, ""tied_pair_share"": 0.1111111111111111, ""tied_share"": 0.1111111111111111, ""top1_hits"": 0}"
held_out_power_count_auc_c:F-5-micro,held_out,power,count,AUC c:F-5-micro,0.5321637426900584,0.49122807017543857,0.5614035087719298,DESCRIPTIVE,9,3,"{""chance_top1_mean"": 0.05, ""tied_cells"": 0, ""tied_pair_share"": 0.0, ""tied_share"": 0.0, ""top1_hits"": 0}"
held_out_power_count_auc_c:F-5-macro,held_out,power,count,AUC c:F-5-macro,0.5116959064327485,0.4298245614035088,0.5701754385964911,DESCRIPTIVE,9,3,"{""chance_top1_mean"": 0.05, ""tied_cells"": 1, ""tied_pair_share"": 0.2046783625730994, ""tied_share"": 0.1111111111111111, ""top1_hits"": 0}"
held_out_power_count_auc_c:F-15-continuous,held_out,power,count,AUC c:F-15-continuous,0.40350877192982454,0.3684210526315789,0.42105263157894735,DESCRIPTIVE,9,3,"{""chance_top1_mean"": 0.05, ""tied_cells"": 0, ""tied_pair_share"": 0.0, ""tied_share"": 0.0, ""top1_hits"": 0}"
held_out_power_count_auc_c:F-15-micro,held_out,power,count,AUC c:F-15-micro,0.40935672514619886,0.3859649122807018,0.42105263157894735,DESCRIPTIVE,9,3,"{""chance_top1_mean"": 0.05, ""tied_cells"": 0, ""tied_pair_share"": 0.0, ""tied_share"": 0.0, ""top1_hits"": 0}"
held_out_power_count_auc_c:F-15-macro,held_out,power,count,AUC c:F-15-macro,0.5146198830409356,0.42105263157894735,0.5789473684210527,DESCRIPTIVE,9,3,"{""chance_top1_mean"": 0.05, ""tied_cells"": 0, ""tied_pair_share"": 0.0, ""tied_share"": 0.0, ""top1_hits"": 0}"
held_out_power_count_auc_c:C-F-1,held_out,power,count,AUC c:C-F-1,0.5,0.47368421052631576,0.5175438596491229,DESCRIPTIVE,9,3,"{""chance_top1_mean"": 0.05, ""tied_cells"": 5, ""tied_pair_share"": 0.7426900584795322, ""tied_share"": 0.5555555555555556, ""top1_hits"": 0}"
held_out_power_count_auc_c:C-F-5,held_out,power,count,AUC c:C-F-5,0.6257309941520468,0.4385964912280702,0.7719298245614036,DESCRIPTIVE,9,3,"{""chance_top1_mean"": 0.05, ""tied_cells"": 0, ""tied_pair_share"": 0.0, ""tied_share"": 0.0, ""top1_hits"": 0}"
held_out_power_count_auc_c:C-F-15,held_out,power,count,AUC c:C-F-15,0.5263157894736842,0.42105263157894735,0.5789473684210525,DESCRIPTIVE,9,3,"{""chance_top1_mean"": 0.05, ""tied_cells"": 0, ""tied_pair_share"": 0.0, ""tied_share"": 0.0, ""top1_hits"": 0}"
held_out_power_count_auc_c:J,held_out,power,count,AUC c:J,0.5730994152046783,0.4561403508771929,0.6842105263157894,DESCRIPTIVE,9,3,"{""chance_top1_mean"": 0.05, ""tied_cells"": 3, ""tied_pair_share"": 0.42105263157894735, ""tied_share"": 0.3333333333333333, ""top1_hits"": 0}"
held_out_power_count_auc_c:C-J,held_out,power,count,AUC c:C-J,0.5146198830409356,0.37719298245614036,0.587719298245614,DESCRIPTIVE,9,3,"{""chance_top1_mean"": 0.05, ""tied_cells"": 4, ""tied_pair_share"": 0.5497076023391813, ""tied_share"": 0.4444444444444444, ""top1_hits"": 0}"
held_out_power_count_auc_b:F-1-continuous,held_out,power,count,AUC b:F-1-continuous,0.4824561403508772,0.4473684210526316,0.5,DESCRIPTIVE,9,3,"{""chance_top1_mean"": 0.05, ""tied_cells"": 8, ""tied_pair_share"": 0.9649122807017544, ""tied_share"": 0.8888888888888888, ""top1_hits"": 0}"
held_out_power_count_auc_b:F-1-micro,held_out,power,count,AUC b:F-1-micro,0.5087719298245613,0.5,0.5175438596491229,DESCRIPTIVE,9,3,"{""chance_top1_mean"": 0.05, ""tied_cells"": 7, ""tied_pair_share"": 0.8771929824561403, ""tied_share"": 0.7777777777777778, ""top1_hits"": 0}"
held_out_power_count_auc_b:F-1-macro,held_out,power,count,AUC b:F-1-macro,0.5029239766081871,0.5,0.5087719298245613,DESCRIPTIVE,9,3,"{""chance_top1_mean"": 0.05, ""tied_cells"": 8, ""tied_pair_share"": 0.8888888888888888, ""tied_share"": 0.8888888888888888, ""top1_hits"": 0}"
held_out_power_count_auc_b:F-5-continuous,held_out,power,count,AUC b:F-5-continuous,0.7134502923976608,0.6140350877192983,0.7719298245614036,DESCRIPTIVE,9,3,"{""chance_top1_mean"": 0.05, ""tied_cells"": 0, ""tied_pair_share"": 0.0, ""tied_share"": 0.0, ""top1_hits"": 0}"
held_out_power_count_auc_b:F-5-micro,held_out,power,count,AUC b:F-5-micro,0.6842105263157895,0.6140350877192983,0.7543859649122807,DESCRIPTIVE,9,3,"{""chance_top1_mean"": 0.05, ""tied_cells"": 0, ""tied_pair_share"": 0.0, ""tied_share"": 0.0, ""top1_hits"": 0}"
held_out_power_count_auc_b:F-5-macro,held_out,power,count,AUC b:F-5-macro,0.5672514619883041,0.4473684210526316,0.6403508771929824,DESCRIPTIVE,9,3,"{""chance_top1_mean"": 0.05, ""tied_cells"": 2, ""tied_pair_share"": 0.2222222222222222, ""tied_share"": 0.2222222222222222, ""top1_hits"": 0}"
held_out_power_count_auc_b:F-15-continuous,held_out,power,count,AUC b:F-15-continuous,0.7192982456140351,0.6666666666666666,0.7543859649122807,DESCRIPTIVE,9,3,"{""chance_top1_mean"": 0.05, ""tied_cells"": 0, ""tied_pair_share"": 0.0, ""tied_share"": 0.0, ""top1_hits"": 0}"
held_out_power_count_auc_b:F-15-micro,held_out,power,count,AUC b:F-15-micro,0.7192982456140351,0.6491228070175439,0.7543859649122807,DESCRIPTIVE,9,3,"{""chance_top1_mean"": 0.05, ""tied_cells"": 0, ""tied_pair_share"": 0.0, ""tied_share"": 0.0, ""top1_hits"": 0}"
held_out_power_count_auc_b:F-15-macro,held_out,power,count,AUC b:F-15-macro,0.6608187134502924,0.6140350877192983,0.7368421052631579,DESCRIPTIVE,9,3,"{""chance_top1_mean"": 0.05, ""tied_cells"": 0, ""tied_pair_share"": 0.0, ""tied_share"": 0.0, ""top1_hits"": 0}"
held_out_power_count_auc_b:C-F-1,held_out,power,count,AUC b:C-F-1,0.5380116959064327,0.5,0.587719298245614,DESCRIPTIVE,9,3,"{""chance_top1_mean"": 0.05, ""tied_cells"": 5, ""tied_pair_share"": 0.9239766081871345, ""tied_share"": 0.5555555555555556, ""top1_hits"": 0}"
held_out_power_count_auc_b:C-F-5,held_out,power,count,AUC b:C-F-5,0.4502923976608187,0.3333333333333333,0.5263157894736842,DESCRIPTIVE,9,3,"{""chance_top1_mean"": 0.05, ""tied_cells"": 0, ""tied_pair_share"": 0.0, ""tied_share"": 0.0, ""top1_hits"": 0}"
held_out_power_count_auc_b:C-F-15,held_out,power,count,AUC b:C-F-15,0.7309941520467836,0.6491228070175438,0.7719298245614036,DESCRIPTIVE,9,3,"{""chance_top1_mean"": 0.05, ""tied_cells"": 0, ""tied_pair_share"": 0.0, ""tied_share"": 0.0, ""top1_hits"": 0}"
held_out_power_count_auc_b:J,held_out,power,count,AUC b:J,0.5701754385964913,0.4473684210526316,0.6403508771929824,DESCRIPTIVE,9,3,"{""chance_top1_mean"": 0.05, ""tied_cells"": 3, ""tied_pair_share"": 0.5321637426900585, ""tied_share"": 0.3333333333333333, ""top1_hits"": 0}"
held_out_power_count_auc_b:C-J,held_out,power,count,AUC b:C-J,0.45321637426900585,0.42105263157894735,0.5,DESCRIPTIVE,9,3,"{""chance_top1_mean"": 0.05, ""tied_cells"": 7, ""tied_pair_share"": 0.7777777777777778, ""tied_share"": 0.7777777777777778, ""top1_hits"": 0}"
held_out_power_count_cost_ceiling_auc,held_out,power,count,cost_ceiling_auc,0.6228070175438596,0.3947368421052631,1.0,DESCRIPTIVE,9,3,
held_out_power_count_endpoint_perception,held_out,power,count,endpoint_perception,0.008771929824561394,-0.47368421052631576,0.7894736842105262,DESCRIPTIVE,9,3,
held_out_power_count_mean_one_step_dynamics,held_out,power,count,request-mean one_step_dynamics,-0.16833751044277354,-0.7042606516290726,0.15914786967418557,DESCRIPTIVE,9,3,
held_out_power_count_mean_compounding,held_out,power,count,request-mean compounding,0.26649958228905596,0.02944862155388471,0.43170426065162903,DESCRIPTIVE,9,3,
held_out_power_count_mean_anchor_perception,held_out,power,count,request-mean anchor_perception,0.07706766917293233,0.05263157894736842,0.10025062656641603,DESCRIPTIVE,9,3,
held_out_power_count_mean_dynamics,held_out,power,count,request-mean dynamics,0.09816207184628244,-0.2725563909774436,0.37844611528822064,DESCRIPTIVE,9,3,
held_out_power_count_mean_total,held_out,power,count,request-mean total,0.10693400167084384,-0.10087719298245608,0.5169172932330828,DESCRIPTIVE,9,3,
held_out_power_count_F-1-continuous_one_step_dynamics,held_out,power,count,one_step_dynamics [F-1-continuous],-0.22807017543859645,-0.7894736842105262,0.10526315789473688,DESCRIPTIVE,9,3,
held_out_power_count_F-1-continuous_compounding,held_out,power,count,compounding [F-1-continuous],0.30994152046783624,-0.017543859649122823,0.5,DESCRIPTIVE,9,3,
held_out_power_count_F-1-continuous_anchor_perception,held_out,power,count,anchor_perception [F-1-continuous],-0.049707602339181284,-0.14912280701754385,0.0,DESCRIPTIVE,9,3,
held_out_power_count_F-1-continuous_total,held_out,power,count,total [F-1-continuous],0.09064327485380115,-0.20175438596491227,0.5,DESCRIPTIVE,9,3,
held_out_power_count_F-1-micro_one_step_dynamics,held_out,power,count,one_step_dynamics [F-1-micro],-0.23391812865497072,-0.7894736842105262,0.10526315789473688,DESCRIPTIVE,9,3,
held_out_power_count_F-1-micro_compounding,held_out,power,count,compounding [F-1-micro],0.3187134502923976,0.07894736842105261,0.5,DESCRIPTIVE,9,3,
held_out_power_count_F-1-micro_anchor_perception,held_out,power,count,anchor_perception [F-1-micro],-0.020467836257309944,-0.07894736842105265,0.017543859649122823,DESCRIPTIVE,9,3,
held_out_power_count_F-1-micro_total,held_out,power,count,total [F-1-micro],0.0935672514619883,-0.11403508771929828,0.5,DESCRIPTIVE,9,3,
held_out_power_count_F-1-macro_one_step_dynamics,held_out,power,count,one_step_dynamics [F-1-macro],-0.2163742690058479,-0.7894736842105262,0.08771929824561407,DESCRIPTIVE,9,3,
held_out_power_count_F-1-macro_compounding,held_out,power,count,compounding [F-1-macro],0.3216374269005848,0.17543859649122806,0.4912280701754386,DESCRIPTIVE,9,3,
held_out_power_count_F-1-macro_anchor_perception,held_out,power,count,anchor_perception [F-1-macro],-0.005847953216374266,-0.08771929824561404,0.07894736842105264,DESCRIPTIVE,9,3,
held_out_power_count_F-1-macro_total,held_out,power,count,total [F-1-macro],0.11403508771929825,-0.12280701754385968,0.4912280701754386,DESCRIPTIVE,9,3,
held_out_power_count_F-5-continuous_one_step_dynamics,held_out,power,count,one_step_dynamics [F-5-continuous],-0.18713450292397657,-0.7894736842105262,0.1929824561403509,DESCRIPTIVE,9,3,
held_out_power_count_F-5-continuous_compounding,held_out,power,count,compounding [F-5-continuous],0.26023391812865493,-0.10526315789473684,0.6491228070175438,DESCRIPTIVE,9,3,
held_out_power_count_F-5-continuous_anchor_perception,held_out,power,count,anchor_perception [F-5-continuous],0.17251461988304095,0.07894736842105261,0.2631578947368421,DESCRIPTIVE,9,3,
held_out_power_count_F-5-continuous_total,held_out,power,count,total [F-5-continuous],0.08187134502923972,-0.20175438596491233,0.6491228070175438,DESCRIPTIVE,9,3,
held_out_power_count_F-5-micro_one_step_dynamics,held_out,power,count,one_step_dynamics [F-5-micro],-0.18713450292397657,-0.7894736842105262,0.1929824561403509,DESCRIPTIVE,9,3,
held_out_power_count_F-5-micro_compounding,held_out,power,count,compounding [F-5-micro],0.2690058479532163,-0.0526315789473684,0.5087719298245613,DESCRIPTIVE,9,3,
held_out_power_count_F-5-micro_anchor_perception,held_out,power,count,anchor_perception [F-5-micro],0.152046783625731,0.12280701754385966,0.21052631578947367,DESCRIPTIVE,9,3,
held_out_power_count_F-5-micro_total,held_out,power,count,total [F-5-micro],0.09064327485380115,-0.14912280701754382,0.5087719298245613,DESCRIPTIVE,9,3,
held_out_power_count_F-5-macro_one_step_dynamics,held_out,power,count,one_step_dynamics [F-5-macro],-0.16959064327485376,-0.7894736842105262,0.15789473684210528,DESCRIPTIVE,9,3,
held_out_power_count_F-5-macro_compounding,held_out,power,count,compounding [F-5-macro],0.2719298245614035,0.09649122807017545,0.42982456140350883,DESCRIPTIVE,9,3,
held_out_power_count_F-5-macro_anchor_perception,held_out,power,count,anchor_perception [F-5-macro],0.05555555555555556,0.017543859649122806,0.07894736842105264,DESCRIPTIVE,9,3,
held_out_power_count_F-5-macro_total,held_out,power,count,total [F-5-macro],0.11111111111111115,-0.06140350877192983,0.42982456140350883,DESCRIPTIVE,9,3,
held_out_power_count_F-15-continuous_one_step_dynamics,held_out,power,count,one_step_dynamics [F-15-continuous],-0.1637426900584795,-0.7894736842105262,0.26315789473684215,DESCRIPTIVE,9,3,
held_out_power_count_F-15-continuous_compounding,held_out,power,count,compounding [F-15-continuous],0.3742690058479532,-1.850371707708594e-17,0.631578947368421,DESCRIPTIVE,9,3,
held_out_power_count_F-15-continuous_anchor_perception,held_out,power,count,anchor_perception [F-15-continuous],0.31578947368421045,0.2982456140350877,0.3333333333333333,DESCRIPTIVE,9,3,
held_out_power_count_F-15-continuous_total,held_out,power,count,total [F-15-continuous],0.21929824561403508,-0.0263157894736842,0.631578947368421,DESCRIPTIVE,9,3,
held_out_power_count_F-15-micro_one_step_dynamics,held_out,power,count,one_step_dynamics [F-15-micro],-0.15789473684210523,-0.7894736842105262,0.26315789473684215,DESCRIPTIVE,9,3,
held_out_power_count_F-15-micro_compounding,held_out,power,count,compounding [F-15-micro],0.3625730994152047,-1.850371707708594e-17,0.6140350877192983,DESCRIPTIVE,9,3,
held_out_power_count_F-15-micro_anchor_perception,held_out,power,count,anchor_perception [F-15-micro],0.30994152046783624,0.2631578947368421,0.3333333333333333,DESCRIPTIVE,9,3,
held_out_power_count_F-15-micro_total,held_out,power,count,total [F-15-micro],0.2134502923976608,-0.0263157894736842,0.6140350877192983,DESCRIPTIVE,9,3,
held_out_power_count_F-15-macro_one_step_dynamics,held_out,power,count,one_step_dynamics [F-15-macro],-0.18713450292397657,-0.7894736842105262,0.19298245614035092,DESCRIPTIVE,9,3,
held_out_power_count_F-15-macro_compounding,held_out,power,count,compounding [F-15-macro],0.28654970760233917,0.07017543859649121,0.4561403508771929,DESCRIPTIVE,9,3,
held_out_power_count_F-15-macro_anchor_perception,held_out,power,count,anchor_perception [F-15-macro],0.14619883040935672,0.08771929824561403,0.19298245614035084,DESCRIPTIVE,9,3,
held_out_power_count_F-15-macro_total,held_out,power,count,total [F-15-macro],0.10818713450292394,-0.10526315789473684,0.4561403508771929,DESCRIPTIVE,9,3,
held_out_power_count_C-F-1_one_step_dynamics,held_out,power,count,one_step_dynamics [C-F-1],-0.1286549707602339,-0.456140350877193,0.08771929824561409,DESCRIPTIVE,9,3,
held_out_power_count_C-F-1_compounding,held_out,power,count,compounding [C-F-1],0.24269005847953215,0.08771929824561402,0.49122807017543857,DESCRIPTIVE,9,3,
held_out_power_count_C-F-1_anchor_perception,held_out,power,count,anchor_perception [C-F-1],0.03801169590643276,-0.017543859649122823,0.07894736842105265,DESCRIPTIVE,9,3,
held_out_power_count_C-F-1_total,held_out,power,count,total [C-F-1],0.12280701754385963,-0.11403508771929823,0.48245614035087714,DESCRIPTIVE,9,3,
held_out_power_count_C-F-5_one_step_dynamics,held_out,power,count,one_step_dynamics [C-F-5],-0.152046783625731,-0.5789473684210527,0.10526315789473688,DESCRIPTIVE,9,3,
held_out_power_count_C-F-5_compounding,held_out,power,count,compounding [C-F-5],0.14035087719298248,-0.08771929824561404,0.3508771929824562,DESCRIPTIVE,9,3,
held_out_power_count_C-F-5_anchor_perception,held_out,power,count,anchor_perception [C-F-5],-0.1754385964912281,-0.2456140350877193,-0.10526315789473684,DESCRIPTIVE,9,3,
held_out_power_count_C-F-5_total,held_out,power,count,total [C-F-5],-0.0029239766081871434,-0.29824561403508776,0.5614035087719298,DESCRIPTIVE,9,3,
held_out_power_count_C-F-15_one_step_dynamics,held_out,power,count,one_step_dynamics [C-F-15],-0.07017543859649122,-0.49122807017543857,0.2105263157894737,DESCRIPTIVE,9,3,
held_out_power_count_C-F-15_compounding,held_out,power,count,compounding [C-F-15],0.15789473684210523,-0.10526315789473685,0.2982456140350877,DESCRIPTIVE,9,3,
held_out_power_count_C-F-15_anchor_perception,held_out,power,count,anchor_perception [C-F-15],0.20467836257309946,0.1929824561403509,0.22807017543859653,DESCRIPTIVE,9,3,
held_out_power_count_C-F-15_total,held_out,power,count,total [C-F-15],0.09649122807017545,-0.18421052631578946,0.5789473684210527,DESCRIPTIVE,9,3,
held_out_power_count_J_one_step_dynamics,held_out,power,count,one_step_dynamics [J],-0.19298245614035084,-0.7894736842105262,0.1578947368421053,DESCRIPTIVE,9,3,
held_out_power_count_J_compounding,held_out,power,count,compounding [J],0.23391812865497075,0.07017543859649121,0.42105263157894735,DESCRIPTIVE,9,3,
held_out_power_count_J_anchor_perception,held_out,power,count,anchor_perception [J],-0.002923976608187132,-0.04385964912280704,0.04385964912280704,DESCRIPTIVE,9,3,
held_out_power_count_J_total,held_out,power,count,total [J],0.049707602339181256,-0.21052631578947376,0.42105263157894735,DESCRIPTIVE,9,3,
held_out_power_count_C-J_one_step_dynamics,held_out,power,count,one_step_dynamics [C-J],-0.08187134502923976,-0.4385964912280702,0.10526315789473689,DESCRIPTIVE,9,3,
held_out_power_count_C-J_compounding,held_out,power,count,compounding [C-J],0.1812865497076023,0.06140350877192985,0.2807017543859649,DESCRIPTIVE,9,3,
held_out_power_count_C-J_anchor_perception,held_out,power,count,anchor_perception [C-J],-0.061403508771929814,-0.15789473684210525,0.12280701754385966,DESCRIPTIVE,9,3,
held_out_power_count_C-J_total,held_out,power,count,total [C-J],0.10818713450292398,-0.10526315789473685,0.41228070175438597,DESCRIPTIVE,9,3,
compute_d:F-1-continuous,,,,compute d:F-1-continuous,0.13870695495279506,,,,,,"{""active_parameters_per_transition"": 1837690, ""candidates"": 2577, ""controller_calls"": 0, ""linear_macs"": 3691418496, ""records"": 177, ""transition_calls"": 2577}"
compute_d:F-1-micro,,,,compute d:F-1-micro,0.1800298360758461,,,,,,"{""active_parameters_per_transition"": 1837690, ""candidates"": 2577, ""controller_calls"": 0, ""linear_macs"": 4626890112, ""records"": 177, ""transition_calls"": 2577}"
compute_d:F-1-macro,,,,compute d:F-1-macro,0.1568232248246204,,,,,,"{""active_parameters_per_transition"": 1837690, ""candidates"": 2577, ""controller_calls"": 0, ""linear_macs"": 3774542208, ""records"": 177, ""transition_calls"": 2577}"
compute_d:F-5-continuous,,,,compute d:F-5-continuous,0.13481952098663896,,,,,,"{""active_parameters_per_transition"": 1837690, ""candidates"": 2577, ""controller_calls"": 0, ""linear_macs"": 3691418496, ""records"": 177, ""transition_calls"": 2577}"
compute_d:F-5-micro,,,,compute d:F-5-micro,0.1821460769569967,,,,,,"{""active_parameters_per_transition"": 1837690, ""candidates"": 2577, ""controller_calls"": 0, ""linear_macs"": 4626890112, ""records"": 177, ""transition_calls"": 2577}"
compute_d:F-5-macro,,,,compute d:F-5-macro,0.22946539099211805,,,,,,"{""active_parameters_per_transition"": 1837690, ""candidates"": 2577, ""controller_calls"": 0, ""linear_macs"": 3774542208, ""records"": 177, ""transition_calls"": 2577}"
compute_d:F-15-continuous,,,,compute d:F-15-continuous,0.13483864004956558,,,,,,"{""active_parameters_per_transition"": 1837690, ""candidates"": 2577, ""controller_calls"": 0, ""linear_macs"": 3691418496, ""records"": 177, ""transition_calls"": 2577}"
compute_d:F-15-micro,,,,compute d:F-15-micro,0.17714093186077662,,,,,,"{""active_parameters_per_transition"": 1837690, ""candidates"": 2577, ""controller_calls"": 0, ""linear_macs"": 4626890112, ""records"": 177, ""transition_calls"": 2577}"
compute_d:F-15-macro,,,,compute d:F-15-macro,0.15381429603439756,,,,,,"{""active_parameters_per_transition"": 1837690, ""candidates"": 2577, ""controller_calls"": 0, ""linear_macs"": 3774542208, ""records"": 177, ""transition_calls"": 2577}"
compute_d:C-F-1,,,,compute d:C-F-1,0.1266081540088635,,,,,,"{""active_parameters_per_transition"": 1862396, ""candidates"": 2577, ""controller_calls"": 0, ""linear_macs"": 4773119400, ""records"": 177, ""transition_calls"": 2577}"
compute_d:C-F-5,,,,compute d:C-F-5,0.12568332385853864,,,,,,"{""active_parameters_per_transition"": 1862396, ""candidates"": 2577, ""controller_calls"": 0, ""linear_macs"": 4773119400, ""records"": 177, ""transition_calls"": 2577}"
compute_d:C-F-15,,,,compute d:C-F-15,0.12587859603809193,,,,,,"{""active_parameters_per_transition"": 1862396, ""candidates"": 2577, ""controller_calls"": 0, ""linear_macs"": 4773119400, ""records"": 177, ""transition_calls"": 2577}"
compute_d:J,,,,compute d:J,18.698810534988297,,,,,,"{""active_parameters_per_transition"": 1837690, ""candidates"": 2577, ""controller_calls"": 291185, ""linear_macs"": 13144895744, ""records"": 177, ""transition_calls"": 2577}"
compute_d:C-J,,,,compute d:C-J,4.386738553002942,,,,,,"{""active_parameters_per_transition"": 1862396, ""candidates"": 2577, ""controller_calls"": 94453, ""linear_macs"": 7804588435, ""records"": 177, ""transition_calls"": 2577}"
compute_c:F-1-continuous,,,,compute c:F-1-continuous,48.42364765005186,,,,,,"{""active_parameters_per_transition"": 1837690, ""candidates"": 2634, ""controller_calls"": 0, ""linear_macs"": 848940307200, ""records"": 177, ""transition_calls"": 592650}"
compute_c:F-1-micro,,,,compute c:F-1-micro,58.333022383012576,,,,,,"{""active_parameters_per_transition"": 1837690, ""candidates"": 2634, ""controller_calls"": 0, ""linear_macs"": 1064076998400, ""records"": 177, ""transition_calls"": 592650}"
compute_c:F-1-macro,,,,compute c:F-1-macro,53.196361242677085,,,,,,"{""active_parameters_per_transition"": 1837690, ""candidates"": 2634, ""controller_calls"": 0, ""linear_macs"": 868056825600, ""records"": 177, ""transition_calls"": 592650}"
compute_c:F-5-continuous,,,,compute c:F-5-continuous,9.62792985685519,,,,,,"{""active_parameters_per_transition"": 1837690, ""candidates"": 2634, ""controller_calls"": 0, ""linear_macs"": 169788061440, ""records"": 177, ""transition_calls"": 118530}"
compute_c:F-5-micro,,,,compute c:F-5-micro,11.64952126305434,,,,,,"{""active_parameters_per_transition"": 1837690, ""candidates"": 2634, ""controller_calls"": 0, ""linear_macs"": 212815399680, ""records"": 177, ""transition_calls"": 118530}"
compute_c:F-5-macro,,,,compute c:F-5-macro,10.517894354095915,,,,,,"{""active_parameters_per_transition"": 1837690, ""candidates"": 2634, ""controller_calls"": 0, ""linear_macs"": 173611365120, ""records"": 177, ""transition_calls"": 118530}"
compute_c:F-15-continuous,,,,compute c:F-15-continuous,3.2079204308975022,,,,,,"{""active_parameters_per_transition"": 1837690, ""candidates"": 2634, ""controller_calls"": 0, ""linear_macs"": 56596020480, ""records"": 177, ""transition_calls"": 39510}"
compute_c:F-15-micro,,,,compute c:F-15-micro,3.857396878011059,,,,,,"{""active_parameters_per_transition"": 1837690, ""candidates"": 2634, ""controller_calls"": 0, ""linear_macs"": 70938466560, ""records"": 177, ""transition_calls"": 39510}"
compute_c:F-15-macro,,,,compute c:F-15-macro,3.5035140129330102,,,,,,"{""active_parameters_per_transition"": 1837690, ""candidates"": 2634, ""controller_calls"": 0, ""linear_macs"": 57870455040, ""records"": 177, ""transition_calls"": 39510}"
compute_c:C-F-1,,,,compute c:C-F-1,37.34102781195543,,,,,,"{""active_parameters_per_transition"": 1862396, ""candidates"": 2634, ""controller_calls"": 0, ""linear_macs"": 1097706330000, ""records"": 177, ""transition_calls"": 592650}"
compute_c:C-F-5,,,,compute c:C-F-5,7.422050110297278,,,,,,"{""active_parameters_per_transition"": 1862396, ""candidates"": 2634, ""controller_calls"": 0, ""linear_macs"": 219541266000, ""records"": 177, ""transition_calls"": 118530}"
compute_c:C-F-15,,,,compute c:C-F-15,2.4686673277174123,,,,,,"{""active_parameters_per_transition"": 1862396, ""candidates"": 2634, ""controller_calls"": 0, ""linear_macs"": 73180422000, ""records"": 177, ""transition_calls"": 39510}"
compute_c:J,,,,compute c:J,42.95681395972497,,,,,,"{""active_parameters_per_transition"": 1837690, ""candidates"": 2634, ""controller_calls"": 386786, ""linear_macs"": 587803681280, ""records"": 177, ""transition_calls"": 386786}"
compute_c:C-J,,,,compute c:C-J,27.306372958119027,,,,,,"{""active_parameters_per_transition"": 1862396, ""candidates"": 2634, ""controller_calls"": 350982, ""linear_macs"": 661353627690, ""records"": 177, ""transition_calls"": 350982}"
compute_b:F-1-continuous,,,,compute b:F-1-continuous,48.60219190592761,,,,,,"{""active_parameters_per_transition"": 1837690, ""candidates"": 2634, ""controller_calls"": 0, ""linear_macs"": 848940307200, ""records"": 177, ""transition_calls"": 592650}"
compute_b:F-1-micro,,,,compute b:F-1-micro,58.700168536859564,,,,,,"{""active_parameters_per_transition"": 1837690, ""candidates"": 2634, ""controller_calls"": 0, ""linear_macs"": 1064076998400, ""records"": 177, ""transition_calls"": 592650}"
compute_b:F-1-macro,,,,compute b:F-1-macro,53.36755621805787,,,,,,"{""active_parameters_per_transition"": 1837690, ""candidates"": 2634, ""controller_calls"": 0, ""linear_macs"": 868056825600, ""records"": 177, ""transition_calls"": 592650}"
compute_b:F-5-continuous,,,,compute b:F-5-continuous,9.704327618848765,,,,,,"{""active_parameters_per_transition"": 1837690, ""candidates"": 2634, ""controller_calls"": 0, ""linear_macs"": 169788061440, ""records"": 177, ""transition_calls"": 118530}"
compute_b:F-5-micro,,,,compute b:F-5-micro,11.625689089327352,,,,,,"{""active_parameters_per_transition"": 1837690, ""candidates"": 2634, ""controller_calls"": 0, ""linear_macs"": 212815399680, ""records"": 177, ""transition_calls"": 118530}"
compute_b:F-5-macro,,,,compute b:F-5-macro,10.594504932116251,,,,,,"{""active_parameters_per_transition"": 1837690, ""candidates"": 2634, ""controller_calls"": 0, ""linear_macs"": 173611365120, ""records"": 177, ""transition_calls"": 118530}"
compute_b:F-15-continuous,,,,compute b:F-15-continuous,3.199265703908168,,,,,,"{""active_parameters_per_transition"": 1837690, ""candidates"": 2634, ""controller_calls"": 0, ""linear_macs"": 56596020480, ""records"": 177, ""transition_calls"": 39510}"
compute_b:F-15-micro,,,,compute b:F-15-micro,3.8337154118926264,,,,,,"{""active_parameters_per_transition"": 1837690, ""candidates"": 2634, ""controller_calls"": 0, ""linear_macs"": 70938466560, ""records"": 177, ""transition_calls"": 39510}"
compute_b:F-15-macro,,,,compute b:F-15-macro,3.5442670468764845,,,,,,"{""active_parameters_per_transition"": 1837690, ""candidates"": 2634, ""controller_calls"": 0, ""linear_macs"": 57870455040, ""records"": 177, ""transition_calls"": 39510}"
compute_b:C-F-1,,,,compute b:C-F-1,37.329746914154384,,,,,,"{""active_parameters_per_transition"": 1862396, ""candidates"": 2634, ""controller_calls"": 0, ""linear_macs"": 1097706330000, ""records"": 177, ""transition_calls"": 592650}"
compute_b:C-F-5,,,,compute b:C-F-5,7.479908553126734,,,,,,"{""active_parameters_per_transition"": 1862396, ""candidates"": 2634, ""controller_calls"": 0, ""linear_macs"": 219541266000, ""records"": 177, ""transition_calls"": 118530}"
compute_b:C-F-15,,,,compute b:C-F-15,2.48030359816039,,,,,,"{""active_parameters_per_transition"": 1862396, ""candidates"": 2634, ""controller_calls"": 0, ""linear_macs"": 73180422000, ""records"": 177, ""transition_calls"": 39510}"
compute_b:J,,,,compute b:J,39.905947305000154,,,,,,"{""active_parameters_per_transition"": 1837690, ""candidates"": 2634, ""controller_calls"": 362226, ""linear_macs"": 541687845888, ""records"": 177, ""transition_calls"": 362226}"
compute_b:C-J,,,,compute b:C-J,23.19364188212785,,,,,,"{""active_parameters_per_transition"": 1862396, ""candidates"": 2634, ""controller_calls"": 297046, ""linear_macs"": 559722292570, ""records"": 177, ""transition_calls"": 297046}"
