[native-refit] retain completed predictor-hybrid-760930001; no new optimizer work or allowance
[native-refit] retain completed predictor-pure-760930001; no new optimizer work or allowance
[native-refit] retain completed predictor-hybrid-760930002; no new optimizer work or allowance
[native-refit] retain completed predictor-pure-760930002; no new optimizer work or allowance
[native-refit] predictor-hybrid-760930003 updates=9124/12000 applied=9051 skipped=73 loss=5.552170276641846 budget=1797.2/14400s ETA=1588.7s CUDA=434.8MiB
[native-refit] predictor-hybrid-760930003 updates=9139/12000 applied=9065 skipped=74 loss=0.42843520641326904 budget=1803.0/14400s ETA=1300.8s CUDA=435.6MiB
[native-refit] predictor-hybrid-760930003 updates=9151/12000 applied=9077 skipped=74 loss=62.99325942993164 budget=1808.4/14400s ETA=1286.5s CUDA=435.6MiB
[native-refit] predictor-hybrid-760930003 updates=9163/12000 applied=9089 skipped=74 loss=0.4930744767189026 budget=1813.5/14400s ETA=1267.0s CUDA=436.7MiB
[native-refit] predictor-hybrid-760930003 updates=9175/12000 applied=9101 skipped=74 loss=0.3125540018081665 budget=1818.6/14400s ETA=1249.6s CUDA=436.7MiB
[native-refit] predictor-hybrid-760930003 updates=9187/12000 applied=9113 skipped=74 loss=0.7467108368873596 budget=1824.1/14400s ETA=1250.0s CUDA=437.5MiB
[native-refit] predictor-hybrid-760930003 updates=9200/12000 applied=9126 skipped=74 loss=0.031766101717948914 budget=1829.3/14400s ETA=1224.8s CUDA=437.5MiB
[native-refit] predictor-hybrid-760930003 updates=9211/12000 applied=9137 skipped=74 loss=0.18133698403835297 budget=1834.9/14400s ETA=1242.0s CUDA=437.5MiB
[native-refit] predictor-hybrid-760930003 updates=9223/12000 applied=9149 skipped=74 loss=0.46870604157447815 budget=1840.1/14400s ETA=1235.5s CUDA=437.5MiB
[native-refit] predictor-hybrid-760930003 updates=9235/12000 applied=9161 skipped=74 loss=0.07949032634496689 budget=1845.3/14400s ETA=1226.2s CUDA=437.5MiB
[native-refit] predictor-hybrid-760930003 updates=9247/12000 applied=9173 skipped=74 loss=0.1934140920639038 budget=1850.7/14400s ETA=1221.9s CUDA=437.5MiB
[native-refit] predictor-hybrid-760930003 updates=9259/12000 applied=9185 skipped=74 loss=0.7723520398139954 budget=1856.1/14400s ETA=1217.9s CUDA=437.5MiB
[native-refit] predictor-hybrid-760930003 updates=9271/12000 applied=9197 skipped=74 loss=0.06787465512752533 budget=1861.3/14400s ETA=1210.1s CUDA=437.5MiB
[native-refit] predictor-hybrid-760930003 updates=9283/12000 applied=9209 skipped=74 loss=0.17093336582183838 budget=1866.6/14400s ETA=1205.4s CUDA=437.5MiB
[native-refit] predictor-hybrid-760930003 updates=9295/12000 applied=9221 skipped=74 loss=0.7505844831466675 budget=1871.9/14400s ETA=1199.3s CUDA=437.8MiB
[native-refit] predictor-hybrid-760930003 updates=9310/12000 applied=9235 skipped=75 loss=0.2122957408428192 budget=1877.8/14400s ETA=1182.8s CUDA=437.8MiB
[native-refit] predictor-hybrid-760930003 updates=9322/12000 applied=9247 skipped=75 loss=0.675068736076355 budget=1883.0/14400s ETA=1176.5s CUDA=437.8MiB
[native-refit] predictor-hybrid-760930003 updates=9334/12000 applied=9259 skipped=75 loss=0.052753470838069916 budget=1888.4/14400s ETA=1172.0s CUDA=437.8MiB
[native-refit] predictor-hybrid-760930003 updates=9346/12000 applied=9271 skipped=75 loss=0.1598254293203354 budget=1894.1/14400s ETA=1171.7s CUDA=437.8MiB
[native-refit] predictor-hybrid-760930003 updates=9358/12000 applied=9283 skipped=75 loss=0.6522662043571472 budget=1899.5/14400s ETA=1167.7s CUDA=437.8MiB
[native-refit] predictor-hybrid-760930003 updates=9370/12000 applied=9295 skipped=75 loss=0.05816159024834633 budget=1904.8/14400s ETA=1162.1s CUDA=437.8MiB
[native-refit] predictor-hybrid-760930003 updates=9382/12000 applied=9307 skipped=75 loss=0.17786405980587006 budget=1910.3/14400s ETA=1159.2s CUDA=437.8MiB
[native-refit] predictor-hybrid-760930003 updates=9394/12000 applied=9318 skipped=76 loss=0.36119160056114197 budget=1915.4/14400s ETA=1152.2s CUDA=437.8MiB
[native-refit] predictor-hybrid-760930003 updates=9406/12000 applied=9330 skipped=76 loss=0.046954430639743805 budget=1920.7/14400s ETA=1146.4s CUDA=437.8MiB
[native-refit] predictor-hybrid-760930003 updates=9418/12000 applied=9342 skipped=76 loss=0.16669005155563354 budget=1926.1/14400s ETA=1142.0s CUDA=437.8MiB
[native-refit] predictor-hybrid-760930003 updates=9430/12000 applied=9354 skipped=76 loss=0.6323168873786926 budget=1931.3/14400s ETA=1136.1s CUDA=437.8MiB
[native-refit] predictor-hybrid-760930003 updates=9442/12000 applied=9366 skipped=76 loss=0.06288262456655502 budget=1936.4/14400s ETA=1129.2s CUDA=437.8MiB
[native-refit] predictor-hybrid-760930003 updates=9454/12000 applied=9378 skipped=76 loss=0.156437486410141 budget=1941.9/14400s ETA=1124.9s CUDA=437.8MiB
[native-refit] predictor-hybrid-760930003 updates=9466/12000 applied=9390 skipped=76 loss=0.8410732746124268 budget=1947.4/14400s ETA=1121.3s CUDA=437.8MiB
[native-refit] predictor-hybrid-760930003 updates=9478/12000 applied=9402 skipped=76 loss=0.05681920051574707 budget=1952.6/14400s ETA=1115.5s CUDA=437.8MiB
[native-refit] predictor-hybrid-760930003 updates=9490/12000 applied=9414 skipped=76 loss=0.1570652723312378 budget=1958.0/14400s ETA=1110.5s CUDA=437.8MiB
[native-refit] predictor-hybrid-760930003 updates=9502/12000 applied=9426 skipped=76 loss=0.4129611551761627 budget=1963.3/14400s ETA=1105.2s CUDA=437.8MiB
[native-refit] predictor-hybrid-760930003 updates=9514/12000 applied=9438 skipped=76 loss=0.045176345854997635 budget=1968.9/14400s ETA=1101.4s CUDA=437.8MiB
[native-refit] predictor-hybrid-760930003 updates=9526/12000 applied=9450 skipped=76 loss=0.1518997997045517 budget=1974.4/14400s ETA=1097.5s CUDA=437.8MiB
[native-refit] predictor-hybrid-760930003 updates=9538/12000 applied=9462 skipped=76 loss=0.7999693155288696 budget=1979.7/14400s ETA=1092.1s CUDA=437.8MiB
[native-refit] predictor-hybrid-760930003 updates=9550/12000 applied=9474 skipped=76 loss=0.05063841491937637 budget=1985.0/14400s ETA=1086.5s CUDA=437.8MiB
[native-refit] predictor-hybrid-760930003 updates=9563/12000 applied=9486 skipped=77 loss=0.13630370795726776 budget=1990.2/14400s ETA=1077.7s CUDA=437.8MiB
[native-refit] predictor-hybrid-760930003 updates=9574/12000 applied=9497 skipped=77 loss=0.5053855776786804 budget=1995.4/14400s ETA=1074.5s CUDA=437.8MiB
[native-refit] predictor-hybrid-760930003 updates=9586/12000 applied=9509 skipped=77 loss=0.04801521822810173 budget=2000.7/14400s ETA=1069.0s CUDA=437.8MiB
[native-refit] predictor-hybrid-760930003 updates=9598/12000 applied=9521 skipped=77 loss=0.15113145112991333 budget=2006.1/14400s ETA=1064.3s CUDA=437.8MiB
[native-refit] predictor-hybrid-760930003 updates=9610/12000 applied=9533 skipped=77 loss=0.3117554187774658 budget=2011.4/14400s ETA=1058.8s CUDA=437.8MiB
[native-refit] predictor-hybrid-760930003 updates=9622/12000 applied=9545 skipped=77 loss=0.03703349083662033 budget=2016.5/14400s ETA=1052.7s CUDA=437.8MiB
[native-refit] predictor-hybrid-760930003 updates=9634/12000 applied=9556 skipped=78 loss=0.13916173577308655 budget=2021.8/14400s ETA=1047.3s CUDA=437.8MiB
[native-refit] predictor-hybrid-760930003 updates=9646/12000 applied=9568 skipped=78 loss=0.5754267573356628 budget=2027.3/14400s ETA=1042.9s CUDA=437.8MiB
[native-refit] predictor-hybrid-760930003 updates=9658/12000 applied=9580 skipped=78 loss=0.047467660158872604 budget=2032.4/14400s ETA=1036.5s CUDA=437.8MiB
[native-refit] predictor-hybrid-760930003 updates=9670/12000 applied=9592 skipped=78 loss=0.14058932662010193 budget=2037.8/14400s ETA=1031.5s CUDA=437.8MiB
[native-refit] predictor-hybrid-760930003 updates=9682/12000 applied=9604 skipped=78 loss=0.6980971097946167 budget=2043.2/14400s ETA=1026.7s CUDA=437.8MiB
[native-refit] predictor-hybrid-760930003 updates=9694/12000 applied=9616 skipped=78 loss=0.05384128540754318 budget=2048.3/14400s ETA=1020.4s CUDA=437.8MiB
[native-refit] predictor-hybrid-760930003 updates=9706/12000 applied=9628 skipped=78 loss=0.1476268172264099 budget=2053.8/14400s ETA=1016.0s CUDA=437.8MiB
[native-refit] predictor-hybrid-760930003 updates=9718/12000 applied=9640 skipped=78 loss=0.3499281108379364 budget=2059.1/14400s ETA=1010.4s CUDA=437.8MiB
[native-refit] predictor-hybrid-760930003 updates=9730/12000 applied=9652 skipped=78 loss=0.044203877449035645 budget=2064.3/14400s ETA=1004.6s CUDA=437.8MiB
[native-refit] predictor-hybrid-760930003 updates=9742/12000 applied=9664 skipped=78 loss=0.14320074021816254 budget=2069.9/14400s ETA=1000.5s CUDA=437.8MiB
[native-refit] predictor-hybrid-760930003 updates=9754/12000 applied=9676 skipped=78 loss=0.5883077383041382 budget=2075.1/14400s ETA=994.8s CUDA=438.3MiB
[native-refit] predictor-hybrid-760930003 updates=9766/12000 applied=9688 skipped=78 loss=0.04222767427563667 budget=2080.3/14400s ETA=988.9s CUDA=438.3MiB
[native-refit] predictor-hybrid-760930003 updates=9778/12000 applied=9700 skipped=78 loss=0.16367468237876892 budget=2085.6/14400s ETA=983.7s CUDA=438.3MiB
[native-refit] predictor-hybrid-760930003 updates=9790/12000 applied=9712 skipped=78 loss=0.5632197260856628 budget=2091.0/14400s ETA=978.5s CUDA=438.3MiB
[native-refit] predictor-hybrid-760930003 updates=9802/12000 applied=9724 skipped=78 loss=0.049814220517873764 budget=2096.1/14400s ETA=972.7s CUDA=438.3MiB
[native-refit] predictor-hybrid-760930003 updates=9814/12000 applied=9735 skipped=79 loss=0.161320298910141 budget=2101.3/14400s ETA=966.9s CUDA=438.3MiB
[native-refit] predictor-hybrid-760930003 updates=9826/12000 applied=9747 skipped=79 loss=0.5098620653152466 budget=2106.7/14400s ETA=962.0s CUDA=438.3MiB
[native-refit] predictor-hybrid-760930003 updates=9838/12000 applied=9759 skipped=79 loss=0.041015371680259705 budget=2112.0/14400s ETA=956.7s CUDA=438.3MiB
[native-refit] predictor-hybrid-760930003 updates=9850/12000 applied=9771 skipped=79 loss=0.17915892601013184 budget=2117.5/14400s ETA=951.7s CUDA=438.3MiB
[native-refit] predictor-hybrid-760930003 updates=9862/12000 applied=9783 skipped=79 loss=0.19100750982761383 budget=2122.8/14400s ETA=946.6s CUDA=438.3MiB
[native-refit] predictor-hybrid-760930003 updates=9874/12000 applied=9795 skipped=79 loss=0.06443227827548981 budget=2128.1/14400s ETA=941.1s CUDA=438.3MiB
[native-refit] predictor-hybrid-760930003 updates=9889/12000 applied=9809 skipped=80 loss=0.47213923931121826 budget=2133.8/14400s ETA=932.0s CUDA=438.3MiB
[native-refit] predictor-hybrid-760930003 updates=9901/12000 applied=9821 skipped=80 loss=0.04998506233096123 budget=2139.2/14400s ETA=926.9s CUDA=438.3MiB
[native-refit] predictor-hybrid-760930003 updates=9913/12000 applied=9833 skipped=80 loss=0.1584869623184204 budget=2144.6/14400s ETA=921.8s CUDA=438.3MiB
[native-refit] predictor-hybrid-760930003 updates=9925/12000 applied=9845 skipped=80 loss=0.670309841632843 budget=2150.0/14400s ETA=916.8s CUDA=438.3MiB
[native-refit] predictor-hybrid-760930003 updates=9937/12000 applied=9857 skipped=80 loss=0.05652477592229843 budget=2155.1/14400s ETA=911.1s CUDA=438.3MiB
[native-refit] predictor-hybrid-760930003 updates=9949/12000 applied=9869 skipped=80 loss=0.14911937713623047 budget=2160.5/14400s ETA=906.1s CUDA=438.3MiB
[native-refit] predictor-hybrid-760930003 updates=9961/12000 applied=9881 skipped=80 loss=0.5078677535057068 budget=2166.0/14400s ETA=901.2s CUDA=438.3MiB
[native-refit] predictor-hybrid-760930003 updates=9973/12000 applied=9893 skipped=80 loss=0.05326808616518974 budget=2171.1/14400s ETA=895.4s CUDA=438.3MiB
[native-refit] predictor-hybrid-760930003 updates=9985/12000 applied=9905 skipped=80 loss=0.15892310440540314 budget=2176.6/14400s ETA=890.5s CUDA=438.3MiB
[native-refit] predictor-hybrid-760930003 updates=9997/12000 applied=9917 skipped=80 loss=0.8940083384513855 budget=2181.9/14400s ETA=885.2s CUDA=438.3MiB
[native-refit] predictor-hybrid-760930003 updates=10009/12000 applied=9929 skipped=80 loss=0.03203258290886879 budget=2187.2/14400s ETA=879.9s CUDA=438.3MiB
[native-refit] predictor-hybrid-760930003 updates=10021/12000 applied=9941 skipped=80 loss=0.1703433245420456 budget=2192.6/14400s ETA=874.8s CUDA=438.3MiB
[native-refit] predictor-hybrid-760930003 updates=10033/12000 applied=9953 skipped=80 loss=0.949205219745636 budget=2198.4/14400s ETA=870.6s CUDA=438.3MiB
[native-refit] predictor-hybrid-760930003 updates=10045/12000 applied=9965 skipped=80 loss=0.045837052166461945 budget=2203.6/14400s ETA=865.0s CUDA=438.3MiB
[native-refit] predictor-hybrid-760930003 updates=10060/12000 applied=9979 skipped=81 loss=0.1943283975124359 budget=2209.0/14400s ETA=855.8s CUDA=438.3MiB
[native-refit] predictor-hybrid-760930003 updates=10072/12000 applied=9991 skipped=81 loss=0.03670119494199753 budget=2214.3/14400s ETA=850.7s CUDA=438.3MiB
[native-refit] predictor-hybrid-760930003 updates=10084/12000 applied=10003 skipped=81 loss=0.16611500084400177 budget=2219.7/14400s ETA=845.4s CUDA=438.3MiB
[native-refit] predictor-hybrid-760930003 updates=10096/12000 applied=10015 skipped=81 loss=0.3650885224342346 budget=2225.3/14400s ETA=840.8s CUDA=438.3MiB
[native-refit] predictor-hybrid-760930003 updates=10108/12000 applied=10027 skipped=81 loss=0.037661172449588776 budget=2230.5/14400s ETA=835.2s CUDA=438.3MiB
[native-refit] predictor-hybrid-760930003 updates=10120/12000 applied=10039 skipped=81 loss=0.14672186970710754 budget=2235.8/14400s ETA=830.0s CUDA=438.3MiB
[native-refit] predictor-hybrid-760930003 updates=10132/12000 applied=10051 skipped=81 loss=0.6209948658943176 budget=2241.0/14400s ETA=824.6s CUDA=438.3MiB
[native-refit] predictor-hybrid-760930003 updates=10144/12000 applied=10062 skipped=82 loss=0.036307141184806824 budget=2246.3/14400s ETA=819.3s CUDA=438.3MiB
[native-refit] predictor-hybrid-760930003 updates=10156/12000 applied=10074 skipped=82 loss=0.14823779463768005 budget=2251.7/14400s ETA=814.2s CUDA=438.3MiB
[native-refit] predictor-hybrid-760930003 updates=10168/12000 applied=10086 skipped=82 loss=0.8700202107429504 budget=2257.2/14400s ETA=809.1s CUDA=438.3MiB
[native-refit] predictor-hybrid-760930003 updates=10180/12000 applied=10098 skipped=82 loss=0.03662542626261711 budget=2262.5/14400s ETA=803.9s CUDA=438.3MiB
[native-refit] predictor-hybrid-760930003 updates=10192/12000 applied=10110 skipped=82 loss=0.14357852935791016 budget=2267.7/14400s ETA=798.4s CUDA=438.3MiB
[native-refit] predictor-hybrid-760930003 updates=10204/12000 applied=10122 skipped=82 loss=0.48851269483566284 budget=2273.1/14400s ETA=793.3s CUDA=438.3MiB
[native-refit] predictor-hybrid-760930003 updates=10216/12000 applied=10134 skipped=82 loss=0.03930414468050003 budget=2278.3/14400s ETA=787.8s CUDA=438.3MiB
[native-refit] predictor-hybrid-760930003 updates=10228/12000 applied=10146 skipped=82 loss=0.143950954079628 budget=2283.7/14400s ETA=782.6s CUDA=438.3MiB
[native-refit] predictor-hybrid-760930003 updates=10240/12000 applied=10158 skipped=82 loss=0.25069984793663025 budget=2289.0/14400s ETA=777.3s CUDA=438.3MiB
[native-refit] predictor-hybrid-760930003 updates=10252/12000 applied=10170 skipped=82 loss=0.04129757732152939 budget=2294.1/14400s ETA=771.7s CUDA=438.3MiB
[native-refit] predictor-hybrid-760930003 updates=10264/12000 applied=10182 skipped=82 loss=0.1480863392353058 budget=2299.5/14400s ETA=766.7s CUDA=438.3MiB
[native-refit] predictor-hybrid-760930003 updates=10276/12000 applied=10194 skipped=82 loss=0.5824073553085327 budget=2305.0/14400s ETA=761.7s CUDA=438.3MiB
[native-refit] predictor-hybrid-760930003 updates=10288/12000 applied=10206 skipped=82 loss=0.044801659882068634 budget=2310.4/14400s ETA=756.4s CUDA=438.3MiB
[native-refit] predictor-hybrid-760930003 updates=10300/12000 applied=10218 skipped=82 loss=0.15409807860851288 budget=2315.9/14400s ETA=751.4s CUDA=438.3MiB
[native-refit] predictor-hybrid-760930003 updates=10312/12000 applied=10229 skipped=83 loss=0.4467363655567169 budget=2321.0/14400s ETA=745.8s CUDA=438.3MiB
[native-refit] predictor-hybrid-760930003 updates=10324/12000 applied=10241 skipped=83 loss=0.028825581073760986 budget=2326.1/14400s ETA=740.3s CUDA=438.3MiB
[native-refit] predictor-hybrid-760930003 updates=10336/12000 applied=10253 skipped=83 loss=0.1889950931072235 budget=2331.9/14400s ETA=735.6s CUDA=438.3MiB
[native-refit] predictor-hybrid-760930003 updates=10348/12000 applied=10265 skipped=83 loss=0.5967870354652405 budget=2337.3/14400s ETA=730.5s CUDA=438.3MiB
[native-refit] predictor-hybrid-760930003 updates=10360/12000 applied=10277 skipped=83 loss=0.05060727149248123 budget=2342.4/14400s ETA=725.0s CUDA=438.3MiB
[native-refit] predictor-hybrid-760930003 updates=10372/12000 applied=10289 skipped=83 loss=0.1592378169298172 budget=2347.8/14400s ETA=719.8s CUDA=438.3MiB
[native-refit] predictor-hybrid-760930003 updates=10384/12000 applied=10300 skipped=84 loss=0.8171365261077881 budget=2353.0/14400s ETA=714.3s CUDA=438.3MiB
[native-refit] predictor-hybrid-760930003 updates=10396/12000 applied=10312 skipped=84 loss=0.04817716404795647 budget=2358.2/14400s ETA=708.8s CUDA=438.3MiB
[native-refit] predictor-hybrid-760930003 updates=10408/12000 applied=10324 skipped=84 loss=0.15658757090568542 budget=2363.8/14400s ETA=704.0s CUDA=438.3MiB
[native-refit] predictor-hybrid-760930003 updates=10420/12000 applied=10336 skipped=84 loss=0.5794957876205444 budget=2369.4/14400s ETA=699.0s CUDA=438.3MiB
[native-refit] predictor-hybrid-760930003 updates=10432/12000 applied=10348 skipped=84 loss=0.02985507808625698 budget=2374.7/14400s ETA=693.6s CUDA=438.3MiB
[native-refit] predictor-hybrid-760930003 updates=10444/12000 applied=10360 skipped=84 loss=0.1485883742570877 budget=2380.0/14400s ETA=688.3s CUDA=439.7MiB
[native-refit] predictor-hybrid-760930003 updates=10456/12000 applied=10372 skipped=84 loss=0.42791441082954407 budget=2385.6/14400s ETA=683.3s CUDA=439.7MiB
[native-refit] predictor-hybrid-760930003 updates=10468/12000 applied=10384 skipped=84 loss=0.05629371106624603 budget=2390.7/14400s ETA=677.8s CUDA=439.7MiB
[native-refit] predictor-hybrid-760930003 updates=10480/12000 applied=10396 skipped=84 loss=0.15572552382946014 budget=2396.1/14400s ETA=672.6s CUDA=439.7MiB
[native-refit] predictor-hybrid-760930003 updates=10492/12000 applied=10408 skipped=84 loss=0.5768399834632874 budget=2401.5/14400s ETA=667.4s CUDA=439.7MiB
[native-refit] predictor-hybrid-760930003 updates=10504/12000 applied=10420 skipped=84 loss=0.04021657630801201 budget=2406.9/14400s ETA=662.1s CUDA=439.7MiB
[native-refit] predictor-hybrid-760930003 updates=10516/12000 applied=10432 skipped=84 loss=0.17300203442573547 budget=2412.4/14400s ETA=657.0s CUDA=439.7MiB
[native-refit] predictor-hybrid-760930003 updates=10528/12000 applied=10444 skipped=84 loss=0.5939321517944336 budget=2417.8/14400s ETA=651.8s CUDA=439.7MiB
[native-refit] predictor-hybrid-760930003 updates=10540/12000 applied=10456 skipped=84 loss=0.03466549515724182 budget=2422.9/14400s ETA=646.3s CUDA=439.7MiB
[native-refit] predictor-hybrid-760930003 updates=10552/12000 applied=10468 skipped=84 loss=0.16608022153377533 budget=2428.4/14400s ETA=641.2s CUDA=439.7MiB
[native-refit] predictor-hybrid-760930003 updates=10564/12000 applied=10479 skipped=85 loss=0.7549694180488586 budget=2433.8/14400s ETA=636.0s CUDA=439.7MiB
[native-refit] predictor-hybrid-760930003 updates=10576/12000 applied=10491 skipped=85 loss=0.03174028545618057 budget=2439.2/14400s ETA=630.7s CUDA=439.7MiB
[native-refit] predictor-hybrid-760930003 updates=10588/12000 applied=10503 skipped=85 loss=0.16263484954833984 budget=2444.9/14400s ETA=625.7s CUDA=439.7MiB
[native-refit] predictor-hybrid-760930003 updates=10600/12000 applied=10515 skipped=85 loss=0.46788227558135986 budget=2450.3/14400s ETA=620.5s CUDA=439.7MiB
[native-refit] predictor-hybrid-760930003 updates=10612/12000 applied=10527 skipped=85 loss=0.029223276302218437 budget=2455.5/14400s ETA=615.1s CUDA=439.7MiB
[native-refit] predictor-hybrid-760930003 updates=10624/12000 applied=10539 skipped=85 loss=0.13889241218566895 budget=2461.2/14400s ETA=610.1s CUDA=439.7MiB
[native-refit] predictor-hybrid-760930003 updates=10639/12000 applied=10553 skipped=86 loss=0.05127660930156708 budget=2466.5/14400s ETA=602.3s CUDA=439.7MiB
[native-refit] predictor-hybrid-760930003 updates=10651/12000 applied=10565 skipped=86 loss=0.14573092758655548 budget=2472.1/14400s ETA=597.2s CUDA=439.7MiB
[native-refit] predictor-hybrid-760930003 updates=10663/12000 applied=10577 skipped=86 loss=0.2206026017665863 budget=2477.3/14400s ETA=591.8s CUDA=439.7MiB
[native-refit] predictor-hybrid-760930003 updates=10675/12000 applied=10589 skipped=86 loss=0.0270535871386528 budget=2482.5/14400s ETA=586.4s CUDA=439.7MiB
[native-refit] predictor-hybrid-760930003 updates=10687/12000 applied=10601 skipped=86 loss=0.1411745548248291 budget=2488.0/14400s ETA=581.3s CUDA=439.7MiB
[native-refit] predictor-hybrid-760930003 updates=10699/12000 applied=10613 skipped=86 loss=0.551540732383728 budget=2493.5/14400s ETA=576.1s CUDA=439.7MiB
[native-refit] predictor-hybrid-760930003 updates=10711/12000 applied=10625 skipped=86 loss=0.04416332393884659 budget=2499.1/14400s ETA=571.0s CUDA=439.7MiB
[native-refit] predictor-hybrid-760930003 updates=10723/12000 applied=10637 skipped=86 loss=0.15494172275066376 budget=2504.5/14400s ETA=565.7s CUDA=439.7MiB
[native-refit] predictor-hybrid-760930003 updates=10735/12000 applied=10649 skipped=86 loss=0.5220881700515747 budget=2510.1/14400s ETA=560.6s CUDA=439.7MiB
[native-refit] predictor-hybrid-760930003 updates=10747/12000 applied=10661 skipped=86 loss=0.030850600451231003 budget=2515.4/14400s ETA=555.3s CUDA=439.7MiB
[native-refit] predictor-hybrid-760930003 updates=10759/12000 applied=10673 skipped=86 loss=0.14573881030082703 budget=2520.8/14400s ETA=550.1s CUDA=439.7MiB
[native-refit] predictor-hybrid-760930003 updates=10771/12000 applied=10685 skipped=86 loss=0.42662087082862854 budget=2526.0/14400s ETA=544.7s CUDA=439.7MiB
[native-refit] predictor-hybrid-760930003 updates=10783/12000 applied=10697 skipped=86 loss=0.04359050840139389 budget=2531.4/14400s ETA=539.4s CUDA=439.7MiB
[native-refit] predictor-hybrid-760930003 updates=10795/12000 applied=10709 skipped=86 loss=0.14094874262809753 budget=2536.9/14400s ETA=534.2s CUDA=439.7MiB
[native-refit] predictor-hybrid-760930003 updates=10810/12000 applied=10723 skipped=87 loss=0.037255462259054184 budget=2542.5/14400s ETA=526.8s CUDA=439.7MiB
[native-refit] predictor-hybrid-760930003 updates=10822/12000 applied=10735 skipped=87 loss=0.17385230958461761 budget=2547.8/14400s ETA=521.5s CUDA=439.7MiB
[native-refit] predictor-hybrid-760930003 updates=10834/12000 applied=10747 skipped=87 loss=0.3874059021472931 budget=2553.2/14400s ETA=516.3s CUDA=439.7MiB
[native-refit] predictor-hybrid-760930003 updates=10846/12000 applied=10759 skipped=87 loss=0.03636445105075836 budget=2558.5/14400s ETA=510.9s CUDA=439.7MiB
[native-refit] predictor-hybrid-760930003 updates=10858/12000 applied=10771 skipped=87 loss=0.1537550687789917 budget=2564.0/14400s ETA=505.7s CUDA=439.7MiB
[native-refit] predictor-hybrid-760930003 updates=10870/12000 applied=10783 skipped=87 loss=0.41785794496536255 budget=2569.3/14400s ETA=500.5s CUDA=439.7MiB
[native-refit] predictor-hybrid-760930003 updates=10882/12000 applied=10795 skipped=87 loss=0.028242241591215134 budget=2574.6/14400s ETA=495.1s CUDA=439.7MiB
[native-refit] predictor-hybrid-760930003 updates=10894/12000 applied=10806 skipped=88 loss=0.14320072531700134 budget=2579.7/14400s ETA=489.7s CUDA=439.7MiB
[native-refit] predictor-hybrid-760930003 updates=10906/12000 applied=10818 skipped=88 loss=0.5757692456245422 budget=2585.1/14400s ETA=484.4s CUDA=439.7MiB
[native-refit] predictor-hybrid-760930003 updates=10918/12000 applied=10830 skipped=88 loss=0.028368446975946426 budget=2590.2/14400s ETA=479.0s CUDA=439.7MiB
[native-refit] predictor-hybrid-760930003 updates=10930/12000 applied=10842 skipped=88 loss=0.1609874963760376 budget=2595.8/14400s ETA=473.8s CUDA=439.7MiB
[native-refit] predictor-hybrid-760930003 updates=10942/12000 applied=10854 skipped=88 loss=0.5052371621131897 budget=2601.2/14400s ETA=468.6s CUDA=439.7MiB
[native-refit] predictor-hybrid-760930003 updates=10954/12000 applied=10866 skipped=88 loss=0.03662929683923721 budget=2606.5/14400s ETA=463.3s CUDA=439.7MiB
[native-refit] predictor-hybrid-760930003 updates=10966/12000 applied=10878 skipped=88 loss=0.13824239373207092 budget=2611.9/14400s ETA=457.9s CUDA=439.7MiB
[native-refit] predictor-hybrid-760930003 updates=10978/12000 applied=10890 skipped=88 loss=0.5344895124435425 budget=2617.6/14400s ETA=452.9s CUDA=439.7MiB
[native-refit] predictor-hybrid-760930003 updates=10990/12000 applied=10902 skipped=88 loss=0.02826092392206192 budget=2623.0/14400s ETA=447.6s CUDA=439.7MiB
[native-refit] predictor-hybrid-760930003 updates=11002/12000 applied=10914 skipped=88 loss=0.15608587861061096 budget=2628.5/14400s ETA=442.4s CUDA=439.7MiB
[native-refit] predictor-hybrid-760930003 updates=11014/12000 applied=10926 skipped=88 loss=0.38957253098487854 budget=2634.1/14400s ETA=437.2s CUDA=439.7MiB
[native-refit] predictor-hybrid-760930003 updates=11026/12000 applied=10938 skipped=88 loss=0.02981383353471756 budget=2639.3/14400s ETA=431.8s CUDA=439.7MiB
[native-refit] predictor-hybrid-760930003 updates=11038/12000 applied=10950 skipped=88 loss=0.17345184087753296 budget=2644.8/14400s ETA=426.6s CUDA=439.7MiB
[native-refit] predictor-hybrid-760930003 updates=11050/12000 applied=10962 skipped=88 loss=0.5237119197845459 budget=2650.4/14400s ETA=421.4s CUDA=439.7MiB
[native-refit] predictor-hybrid-760930003 updates=11063/12000 applied=10974 skipped=89 loss=0.013120222836732864 budget=2655.6/14400s ETA=415.4s CUDA=439.7MiB
[native-refit] predictor-hybrid-760930003 updates=11074/12000 applied=10985 skipped=89 loss=0.12334965914487839 budget=2660.8/14400s ETA=410.6s CUDA=439.7MiB
[native-refit] predictor-hybrid-760930003 updates=11086/12000 applied=10997 skipped=89 loss=0.45051443576812744 budget=2666.0/14400s ETA=405.3s CUDA=439.7MiB
[native-refit] predictor-hybrid-760930003 updates=11098/12000 applied=11009 skipped=89 loss=0.03877529874444008 budget=2671.3/14400s ETA=399.9s CUDA=439.7MiB
[native-refit] predictor-hybrid-760930003 updates=11110/12000 applied=11021 skipped=89 loss=0.16136282682418823 budget=2676.8/14400s ETA=394.7s CUDA=439.7MiB
[native-refit] predictor-hybrid-760930003 updates=11122/12000 applied=11033 skipped=89 loss=0.46715912222862244 budget=2682.4/14400s ETA=389.5s CUDA=439.7MiB
[native-refit] predictor-hybrid-760930003 updates=11134/12000 applied=11044 skipped=90 loss=0.02807103842496872 budget=2687.6/14400s ETA=384.1s CUDA=439.7MiB
[native-refit] predictor-hybrid-760930003 updates=11146/12000 applied=11056 skipped=90 loss=0.1427677720785141 budget=2693.0/14400s ETA=378.8s CUDA=439.7MiB
[native-refit] predictor-hybrid-760930003 updates=11158/12000 applied=11068 skipped=90 loss=0.21338319778442383 budget=2698.8/14400s ETA=373.7s CUDA=439.7MiB
[native-refit] predictor-hybrid-760930003 updates=11170/12000 applied=11080 skipped=90 loss=0.027134455740451813 budget=2704.1/14400s ETA=368.3s CUDA=439.7MiB
[native-refit] predictor-hybrid-760930003 updates=11182/12000 applied=11092 skipped=90 loss=0.12981221079826355 budget=2709.4/14400s ETA=363.0s CUDA=439.7MiB
[native-refit] predictor-hybrid-760930003 updates=11194/12000 applied=11104 skipped=90 loss=0.7152332067489624 budget=2714.8/14400s ETA=357.7s CUDA=439.7MiB
[native-refit] predictor-hybrid-760930003 updates=11206/12000 applied=11116 skipped=90 loss=0.04440026357769966 budget=2720.1/14400s ETA=352.4s CUDA=439.7MiB
[native-refit] predictor-hybrid-760930003 updates=11218/12000 applied=11128 skipped=90 loss=0.1648697406053543 budget=2725.8/14400s ETA=347.2s CUDA=439.7MiB
[native-refit] predictor-hybrid-760930003 updates=11230/12000 applied=11140 skipped=90 loss=0.390565425157547 budget=2731.2/14400s ETA=341.9s CUDA=439.7MiB
[native-refit] predictor-hybrid-760930003 updates=11242/12000 applied=11152 skipped=90 loss=0.02810780331492424 budget=2736.4/14400s ETA=336.5s CUDA=439.7MiB
[native-refit] predictor-hybrid-760930003 updates=11254/12000 applied=11164 skipped=90 loss=0.15664741396903992 budget=2741.9/14400s ETA=331.3s CUDA=439.7MiB
[native-refit] predictor-hybrid-760930003 updates=11266/12000 applied=11176 skipped=90 loss=0.6732214689254761 budget=2747.3/14400s ETA=326.0s CUDA=439.7MiB
[native-refit] predictor-hybrid-760930003 updates=11278/12000 applied=11188 skipped=90 loss=0.038216643035411835 budget=2752.6/14400s ETA=320.6s CUDA=439.7MiB
[native-refit] predictor-hybrid-760930003 updates=11290/12000 applied=11200 skipped=90 loss=0.14528141915798187 budget=2758.1/14400s ETA=315.4s CUDA=439.7MiB
[native-refit] predictor-hybrid-760930003 updates=11302/12000 applied=11212 skipped=90 loss=0.46461015939712524 budget=2763.8/14400s ETA=310.1s CUDA=439.7MiB
[native-refit] predictor-hybrid-760930003 updates=11314/12000 applied=11223 skipped=91 loss=0.040372539311647415 budget=2769.0/14400s ETA=304.8s CUDA=439.7MiB
[native-refit] predictor-hybrid-760930003 updates=11326/12000 applied=11235 skipped=91 loss=0.12899914383888245 budget=2774.4/14400s ETA=299.5s CUDA=439.7MiB
[native-refit] predictor-hybrid-760930003 updates=11338/12000 applied=11247 skipped=91 loss=0.431115984916687 budget=2780.0/14400s ETA=294.2s CUDA=439.7MiB
[native-refit] predictor-hybrid-760930003 updates=11350/12000 applied=11259 skipped=91 loss=0.02711903117597103 budget=2785.2/14400s ETA=288.8s CUDA=439.7MiB
[native-refit] predictor-hybrid-760930003 updates=11362/12000 applied=11271 skipped=91 loss=0.14552293717861176 budget=2790.7/14400s ETA=283.5s CUDA=439.7MiB
[native-refit] predictor-hybrid-760930003 updates=11374/12000 applied=11283 skipped=91 loss=0.501873254776001 budget=2795.9/14400s ETA=278.2s CUDA=439.7MiB
[native-refit] predictor-hybrid-760930003 updates=11389/12000 applied=11297 skipped=92 loss=0.1609766185283661 budget=2801.7/14400s ETA=271.3s CUDA=439.7MiB
[native-refit] predictor-hybrid-760930003 updates=11401/12000 applied=11309 skipped=92 loss=0.40019017457962036 budget=2807.0/14400s ETA=265.9s CUDA=439.7MiB
[native-refit] predictor-hybrid-760930003 updates=11413/12000 applied=11321 skipped=92 loss=0.028369788080453873 budget=2812.4/14400s ETA=260.6s CUDA=439.7MiB
[native-refit] predictor-hybrid-760930003 updates=11425/12000 applied=11333 skipped=92 loss=0.1435404121875763 budget=2817.9/14400s ETA=255.3s CUDA=439.7MiB
[native-refit] predictor-hybrid-760930003 updates=11437/12000 applied=11345 skipped=92 loss=0.6399915218353271 budget=2823.3/14400s ETA=250.0s CUDA=439.7MiB
[native-refit] predictor-hybrid-760930003 updates=11449/12000 applied=11357 skipped=92 loss=0.027664899826049805 budget=2828.5/14400s ETA=244.7s CUDA=439.7MiB
[native-refit] predictor-hybrid-760930003 updates=11461/12000 applied=11369 skipped=92 loss=0.15626023709774017 budget=2834.0/14400s ETA=239.4s CUDA=439.7MiB
[native-refit] predictor-hybrid-760930003 updates=11473/12000 applied=11381 skipped=92 loss=0.321397602558136 budget=2839.6/14400s ETA=234.1s CUDA=439.7MiB
[native-refit] predictor-hybrid-760930003 updates=11485/12000 applied=11393 skipped=92 loss=0.04153703898191452 budget=2844.9/14400s ETA=228.8s CUDA=439.7MiB
[native-refit] predictor-hybrid-760930003 updates=11497/12000 applied=11405 skipped=92 loss=0.14362366497516632 budget=2850.4/14400s ETA=223.5s CUDA=439.7MiB
[native-refit] predictor-hybrid-760930003 updates=11509/12000 applied=11417 skipped=92 loss=0.47931209206581116 budget=2856.1/14400s ETA=218.2s CUDA=439.7MiB
[native-refit] predictor-hybrid-760930003 updates=11521/12000 applied=11429 skipped=92 loss=0.033919017761945724 budget=2861.3/14400s ETA=212.9s CUDA=439.7MiB
[native-refit] predictor-hybrid-760930003 updates=11533/12000 applied=11441 skipped=92 loss=0.1242118775844574 budget=2866.9/14400s ETA=207.6s CUDA=439.7MiB
[native-refit] predictor-hybrid-760930003 updates=11545/12000 applied=11453 skipped=92 loss=0.48774316906929016 budget=2872.4/14400s ETA=202.3s CUDA=439.7MiB
[native-refit] predictor-hybrid-760930003 updates=11560/12000 applied=11467 skipped=93 loss=0.17424972355365753 budget=2878.3/14400s ETA=195.5s CUDA=439.7MiB
[native-refit] predictor-hybrid-760930003 updates=11572/12000 applied=11479 skipped=93 loss=0.39659544825553894 budget=2883.7/14400s ETA=190.2s CUDA=439.7MiB
[native-refit] predictor-hybrid-760930003 updates=11584/12000 applied=11491 skipped=93 loss=0.025440072640776634 budget=2889.0/14400s ETA=184.8s CUDA=439.7MiB
[native-refit] predictor-hybrid-760930003 updates=11596/12000 applied=11503 skipped=93 loss=0.15752144157886505 budget=2894.5/14400s ETA=179.5s CUDA=439.7MiB
[native-refit] predictor-hybrid-760930003 updates=11608/12000 applied=11515 skipped=93 loss=0.7066157460212708 budget=2899.8/14400s ETA=174.2s CUDA=439.7MiB
[native-refit] predictor-hybrid-760930003 updates=11620/12000 applied=11527 skipped=93 loss=0.027977196499705315 budget=2905.1/14400s ETA=168.8s CUDA=439.7MiB
[native-refit] predictor-hybrid-760930003 updates=11632/12000 applied=11539 skipped=93 loss=0.12280185520648956 budget=2910.5/14400s ETA=163.5s CUDA=439.7MiB
[native-refit] predictor-hybrid-760930003 updates=11644/12000 applied=11550 skipped=94 loss=0.5618117451667786 budget=2915.8/14400s ETA=158.2s CUDA=439.7MiB
[native-refit] predictor-hybrid-760930003 updates=11656/12000 applied=11562 skipped=94 loss=0.024125298485159874 budget=2920.9/14400s ETA=152.8s CUDA=439.7MiB
[native-refit] predictor-hybrid-760930003 updates=11668/12000 applied=11574 skipped=94 loss=0.14145846664905548 budget=2926.5/14400s ETA=147.5s CUDA=439.7MiB
[native-refit] predictor-hybrid-760930003 updates=11680/12000 applied=11586 skipped=94 loss=0.5486645102500916 budget=2932.0/14400s ETA=142.2s CUDA=439.7MiB
[native-refit] predictor-hybrid-760930003 updates=11692/12000 applied=11598 skipped=94 loss=0.022359998896718025 budget=2937.1/14400s ETA=136.8s CUDA=439.7MiB
[native-refit] predictor-hybrid-760930003 updates=11704/12000 applied=11610 skipped=94 loss=0.13204321265220642 budget=2942.4/14400s ETA=131.5s CUDA=439.7MiB
[native-refit] predictor-hybrid-760930003 updates=11716/12000 applied=11622 skipped=94 loss=0.6041532754898071 budget=2947.8/14400s ETA=126.2s CUDA=439.7MiB
[native-refit] predictor-hybrid-760930003 updates=11728/12000 applied=11634 skipped=94 loss=0.025310158729553223 budget=2953.1/14400s ETA=120.9s CUDA=439.7MiB
[native-refit] predictor-hybrid-760930003 updates=11740/12000 applied=11646 skipped=94 loss=0.14113248884677887 budget=2958.4/14400s ETA=115.5s CUDA=439.7MiB
[native-refit] predictor-hybrid-760930003 updates=11752/12000 applied=11658 skipped=94 loss=0.46401774883270264 budget=2963.7/14400s ETA=110.2s CUDA=439.7MiB
[native-refit] predictor-hybrid-760930003 updates=11764/12000 applied=11670 skipped=94 loss=0.024481376633048058 budget=2969.0/14400s ETA=104.8s CUDA=439.7MiB
[native-refit] predictor-hybrid-760930003 updates=11776/12000 applied=11682 skipped=94 loss=0.15443262457847595 budget=2974.3/14400s ETA=99.5s CUDA=439.7MiB
[native-refit] predictor-hybrid-760930003 updates=11788/12000 applied=11694 skipped=94 loss=0.6951366066932678 budget=2979.8/14400s ETA=94.2s CUDA=439.7MiB
[native-refit] predictor-hybrid-760930003 updates=11801/12000 applied=11707 skipped=94 loss=0.0094876978546381 budget=2985.0/14400s ETA=88.4s CUDA=439.7MiB
[native-refit] predictor-hybrid-760930003 updates=11813/12000 applied=11718 skipped=95 loss=0.14397311210632324 budget=2990.3/14400s ETA=83.0s CUDA=439.7MiB
[native-refit] predictor-hybrid-760930003 updates=11825/12000 applied=11730 skipped=95 loss=0.4162403345108032 budget=2995.5/14400s ETA=77.7s CUDA=439.7MiB
[native-refit] predictor-hybrid-760930003 updates=11836/12000 applied=11741 skipped=95 loss=0.02505926787853241 budget=3000.5/14400s ETA=72.8s CUDA=439.7MiB
[native-refit] predictor-hybrid-760930003 updates=11848/12000 applied=11753 skipped=95 loss=0.15309303998947144 budget=3005.8/14400s ETA=67.5s CUDA=439.7MiB
[native-refit] predictor-hybrid-760930003 updates=11860/12000 applied=11765 skipped=95 loss=0.5579712986946106 budget=3011.4/14400s ETA=62.2s CUDA=439.7MiB
[native-refit] predictor-hybrid-760930003 updates=11872/12000 applied=11777 skipped=95 loss=0.018509697169065475 budget=3016.7/14400s ETA=56.9s CUDA=439.7MiB
[native-refit] predictor-hybrid-760930003 updates=11884/12000 applied=11788 skipped=96 loss=0.1343209445476532 budget=3022.1/14400s ETA=51.5s CUDA=439.7MiB
[native-refit] predictor-hybrid-760930003 updates=11896/12000 applied=11800 skipped=96 loss=0.3781178593635559 budget=3027.3/14400s ETA=46.2s CUDA=439.7MiB
[native-refit] predictor-hybrid-760930003 updates=11908/12000 applied=11812 skipped=96 loss=0.03022308461368084 budget=3032.8/14400s ETA=40.9s CUDA=440.9MiB
[native-refit] predictor-hybrid-760930003 updates=11920/12000 applied=11824 skipped=96 loss=0.14293518662452698 budget=3038.3/14400s ETA=35.5s CUDA=440.9MiB
[native-refit] predictor-hybrid-760930003 updates=11932/12000 applied=11836 skipped=96 loss=0.755559504032135 budget=3043.9/14400s ETA=30.2s CUDA=440.9MiB
[native-refit] predictor-hybrid-760930003 updates=11944/12000 applied=11848 skipped=96 loss=0.02339092455804348 budget=3049.1/14400s ETA=24.9s CUDA=440.9MiB
[native-refit] predictor-hybrid-760930003 updates=11956/12000 applied=11860 skipped=96 loss=0.1414642035961151 budget=3054.6/14400s ETA=19.6s CUDA=440.9MiB
[native-refit] predictor-hybrid-760930003 updates=11968/12000 applied=11872 skipped=96 loss=0.42772695422172546 budget=3059.9/14400s ETA=14.2s CUDA=440.9MiB
[native-refit] predictor-hybrid-760930003 updates=11980/12000 applied=11884 skipped=96 loss=0.023135311901569366 budget=3065.2/14400s ETA=8.9s CUDA=440.9MiB
[native-refit] predictor-hybrid-760930003 updates=11992/12000 applied=11896 skipped=96 loss=0.1437048465013504 budget=3070.7/14400s ETA=3.6s CUDA=440.9MiB
[native-refit] predictor-hybrid-760930003 updates=12000/12000 applied=11904 skipped=96 loss=0.0060346899554133415 budget=3073.7/14400s ETA=0.0s CUDA=440.9MiB
[native-refit] predictor-pure-760930003 updates=89/12000 applied=88 skipped=1 loss=0.007117019966244698 budget=5.0/14400s ETA=673.4s CUDA=58.8MiB
[native-refit] predictor-pure-760930003 updates=174/12000 applied=172 skipped=2 loss=0.005604385863989592 budget=10.1/14400s ETA=684.3s CUDA=58.8MiB
[native-refit] predictor-pure-760930003 updates=260/12000 applied=258 skipped=2 loss=0.002186740282922983 budget=15.1/14400s ETA=680.8s CUDA=58.8MiB
[native-refit] predictor-pure-760930003 updates=347/12000 applied=344 skipped=3 loss=0.005830134265124798 budget=20.1/14400s ETA=675.7s CUDA=58.8MiB
[native-refit] predictor-pure-760930003 updates=433/12000 applied=429 skipped=4 loss=0.003765561617910862 budget=25.1/14400s ETA=671.1s CUDA=58.8MiB
[native-refit] predictor-pure-760930003 updates=520/12000 applied=516 skipped=4 loss=0.002848096890375018 budget=30.2/14400s ETA=665.9s CUDA=58.8MiB
[native-refit] predictor-pure-760930003 updates=608/12000 applied=603 skipped=5 loss=0.002703410107642412 budget=35.2/14400s ETA=659.2s CUDA=58.8MiB
[native-refit] predictor-pure-760930003 updates=701/12000 applied=695 skipped=6 loss=0.004014134407043457 budget=40.2/14400s ETA=648.3s CUDA=58.8MiB
[native-refit] predictor-pure-760930003 updates=789/12000 applied=783 skipped=6 loss=0.002454047556966543 budget=45.2/14400s ETA=642.6s CUDA=58.8MiB
[native-refit] predictor-pure-760930003 updates=877/12000 applied=870 skipped=7 loss=0.0012654708698391914 budget=50.3/14400s ETA=638.1s CUDA=58.8MiB
[native-refit] predictor-pure-760930003 updates=963/12000 applied=955 skipped=8 loss=0.004063130356371403 budget=55.3/14400s ETA=634.1s CUDA=58.8MiB
[native-refit] predictor-pure-760930003 updates=1047/12000 applied=1039 skipped=8 loss=0.005861741025000811 budget=60.4/14400s ETA=631.6s CUDA=58.8MiB
[native-refit] predictor-pure-760930003 updates=1139/12000 applied=1129 skipped=10 loss=0.0037221750244498253 budget=65.4/14400s ETA=623.8s CUDA=58.8MiB
[native-refit] predictor-pure-760930003 updates=1224/12000 applied=1214 skipped=10 loss=0.008489604108035564 budget=70.5/14400s ETA=620.2s CUDA=58.8MiB
[native-refit] predictor-pure-760930003 updates=1308/12000 applied=1297 skipped=11 loss=0.005026248749345541 budget=75.5/14400s ETA=616.8s CUDA=58.8MiB
[native-refit] predictor-pure-760930003 updates=1399/12000 applied=1387 skipped=12 loss=0.003649003803730011 budget=80.5/14400s ETA=609.9s CUDA=58.8MiB
[native-refit] predictor-pure-760930003 updates=1489/12000 applied=1477 skipped=12 loss=0.0011510546319186687 budget=85.5/14400s ETA=603.7s CUDA=58.8MiB
[native-refit] predictor-pure-760930003 updates=1580/12000 applied=1567 skipped=13 loss=0.0016432059928774834 budget=90.6/14400s ETA=597.3s CUDA=58.8MiB
[native-refit] predictor-pure-760930003 updates=1663/12000 applied=1649 skipped=14 loss=0.002451342297717929 budget=95.6/14400s ETA=594.2s CUDA=58.8MiB
[native-refit] predictor-pure-760930003 updates=1748/12000 applied=1734 skipped=14 loss=0.002838489133864641 budget=100.6/14400s ETA=590.3s CUDA=58.8MiB
[native-refit] predictor-pure-760930003 updates=1837/12000 applied=1822 skipped=15 loss=0.0013078590855002403 budget=105.7/14400s ETA=584.5s CUDA=58.8MiB
[native-refit] predictor-pure-760930003 updates=1921/12000 applied=1905 skipped=16 loss=0.001987163908779621 budget=110.7/14400s ETA=580.7s CUDA=58.8MiB
[native-refit] predictor-pure-760930003 updates=2008/12000 applied=1992 skipped=16 loss=0.0019049575785174966 budget=115.8/14400s ETA=575.9s CUDA=58.8MiB
[native-refit] predictor-pure-760930003 updates=2092/12000 applied=2075 skipped=17 loss=0.002615349367260933 budget=120.8/14400s ETA=572.0s CUDA=58.8MiB
[native-refit] predictor-pure-760930003 updates=2183/12000 applied=2165 skipped=18 loss=0.0026076575741171837 budget=125.8/14400s ETA=565.8s CUDA=58.8MiB
[native-refit] predictor-pure-760930003 updates=2271/12000 applied=2253 skipped=18 loss=0.005056312307715416 budget=130.9/14400s ETA=560.6s CUDA=58.8MiB
[native-refit] predictor-pure-760930003 updates=2358/12000 applied=2339 skipped=19 loss=0.005003408528864384 budget=135.8/14400s ETA=555.5s CUDA=58.8MiB
[native-refit] predictor-pure-760930003 updates=2447/12000 applied=2427 skipped=20 loss=0.0014792140573263168 budget=140.9/14400s ETA=550.0s CUDA=58.8MiB
[native-refit] predictor-pure-760930003 updates=2534/12000 applied=2514 skipped=20 loss=0.0032906546257436275 budget=145.9/14400s ETA=545.1s CUDA=58.8MiB
[native-refit] predictor-pure-760930003 updates=2623/12000 applied=2602 skipped=21 loss=0.0016013323329389095 budget=150.9/14400s ETA=539.6s CUDA=58.8MiB
[native-refit] predictor-pure-760930003 updates=2713/12000 applied=2691 skipped=22 loss=0.000760591181460768 budget=156.0/14400s ETA=533.9s CUDA=58.8MiB
[native-refit] predictor-pure-760930003 updates=2800/12000 applied=2778 skipped=22 loss=0.0026890388689935207 budget=161.0/14400s ETA=529.0s CUDA=58.8MiB
[native-refit] predictor-pure-760930003 updates=2890/12000 applied=2866 skipped=24 loss=0.0019710594788193703 budget=166.0/14400s ETA=523.3s CUDA=58.8MiB
[native-refit] predictor-pure-760930003 updates=2973/12000 applied=2949 skipped=24 loss=0.0034299511462450027 budget=171.1/14400s ETA=519.3s CUDA=58.8MiB
[native-refit] predictor-pure-760930003 updates=3064/12000 applied=3039 skipped=25 loss=0.00137650640681386 budget=176.1/14400s ETA=513.5s CUDA=58.8MiB
[native-refit] predictor-pure-760930003 updates=3152/12000 applied=3126 skipped=26 loss=0.0010600871173664927 budget=181.1/14400s ETA=508.4s CUDA=58.8MiB
[native-refit] predictor-pure-760930003 updates=3236/12000 applied=3210 skipped=26 loss=0.0019270747434347868 budget=186.1/14400s ETA=504.1s CUDA=58.8MiB
[native-refit] predictor-pure-760930003 updates=3322/12000 applied=3295 skipped=27 loss=0.002056761644780636 budget=191.2/14400s ETA=499.5s CUDA=58.8MiB
[native-refit] predictor-pure-760930003 updates=3411/12000 applied=3383 skipped=28 loss=0.0037198634818196297 budget=196.3/14400s ETA=494.2s CUDA=58.8MiB
[native-refit] predictor-pure-760930003 updates=3497/12000 applied=3469 skipped=28 loss=0.0040289256721735 budget=201.3/14400s ETA=489.4s CUDA=58.8MiB
[native-refit] predictor-pure-760930003 updates=3586/12000 applied=3557 skipped=29 loss=0.0021044635213911533 budget=206.3/14400s ETA=484.0s CUDA=58.8MiB
[native-refit] predictor-pure-760930003 updates=3673/12000 applied=3643 skipped=30 loss=0.0010562168899923563 budget=211.3/14400s ETA=479.0s CUDA=58.8MiB
[native-refit] predictor-pure-760930003 updates=3763/12000 applied=3733 skipped=30 loss=0.0020770560950040817 budget=216.3/14400s ETA=473.5s CUDA=58.8MiB
[native-refit] predictor-pure-760930003 updates=3847/12000 applied=3816 skipped=31 loss=0.0020872033201158047 budget=221.3/14400s ETA=469.1s CUDA=58.8MiB
[native-refit] predictor-pure-760930003 updates=3937/12000 applied=3905 skipped=32 loss=0.002202356932684779 budget=226.4/14400s ETA=463.6s CUDA=58.8MiB
[native-refit] predictor-pure-760930003 updates=4025/12000 applied=3993 skipped=32 loss=0.0028871754184365273 budget=231.4/14400s ETA=458.4s CUDA=58.8MiB
[native-refit] predictor-pure-760930003 updates=4114/12000 applied=4081 skipped=33 loss=0.0018107951618731022 budget=236.4/14400s ETA=453.2s CUDA=58.8MiB
[native-refit] predictor-pure-760930003 updates=4202/12000 applied=4168 skipped=34 loss=0.0028692937921732664 budget=241.4/14400s ETA=448.1s CUDA=58.8MiB
[native-refit] predictor-pure-760930003 updates=4292/12000 applied=4258 skipped=34 loss=0.0024242589715868235 budget=246.5/14400s ETA=442.6s CUDA=58.8MiB
[native-refit] predictor-pure-760930003 updates=4384/12000 applied=4348 skipped=36 loss=0.001784643274731934 budget=251.5/14400s ETA=436.9s CUDA=58.8MiB
[native-refit] predictor-pure-760930003 updates=4469/12000 applied=4433 skipped=36 loss=0.00220690481364727 budget=256.5/14400s ETA=432.3s CUDA=58.8MiB
[native-refit] predictor-pure-760930003 updates=4558/12000 applied=4521 skipped=37 loss=0.0016822144389152527 budget=261.6/14400s ETA=427.1s CUDA=58.8MiB
[native-refit] predictor-pure-760930003 updates=4647/12000 applied=4609 skipped=38 loss=0.003814541734755039 budget=266.6/14400s ETA=421.9s CUDA=58.8MiB
[native-refit] predictor-pure-760930003 updates=4734/12000 applied=4696 skipped=38 loss=0.00194180675316602 budget=271.7/14400s ETA=417.1s CUDA=58.8MiB
[native-refit] predictor-pure-760930003 updates=4816/12000 applied=4777 skipped=39 loss=0.002649550558999181 budget=276.8/14400s ETA=412.9s CUDA=58.8MiB
[native-refit] predictor-pure-760930003 updates=4905/12000 applied=4865 skipped=40 loss=0.002355851698666811 budget=281.8/14400s ETA=407.6s CUDA=58.8MiB
[native-refit] predictor-pure-760930003 updates=4991/12000 applied=4951 skipped=40 loss=0.001331652863882482 budget=286.8/14400s ETA=402.8s CUDA=58.8MiB
[native-refit] predictor-pure-760930003 updates=5079/12000 applied=5038 skipped=41 loss=0.004305953159928322 budget=291.8/14400s ETA=397.7s CUDA=58.8MiB
[native-refit] predictor-pure-760930003 updates=5168/12000 applied=5126 skipped=42 loss=0.0025508482940495014 budget=296.8/14400s ETA=392.4s CUDA=58.8MiB
[native-refit] predictor-pure-760930003 updates=5254/12000 applied=5212 skipped=42 loss=0.00161269074305892 budget=301.9/14400s ETA=387.6s CUDA=58.8MiB
[native-refit] predictor-pure-760930003 updates=5341/12000 applied=5298 skipped=43 loss=0.0012451470829546452 budget=306.9/14400s ETA=382.7s CUDA=58.8MiB
[native-refit] predictor-pure-760930003 updates=5427/12000 applied=5383 skipped=44 loss=0.0018228893168270588 budget=311.9/14400s ETA=377.8s CUDA=58.8MiB
[native-refit] predictor-pure-760930003 updates=5512/12000 applied=5468 skipped=44 loss=0.0018471420044079423 budget=317.0/14400s ETA=373.1s CUDA=58.8MiB
[native-refit] predictor-pure-760930003 updates=5602/12000 applied=5557 skipped=45 loss=0.0015912612434476614 budget=322.0/14400s ETA=367.8s CUDA=58.8MiB
[native-refit] predictor-pure-760930003 updates=5691/12000 applied=5645 skipped=46 loss=0.0022632121108472347 budget=327.0/14400s ETA=362.5s CUDA=58.8MiB
[native-refit] predictor-pure-760930003 updates=5778/12000 applied=5732 skipped=46 loss=0.002999809104949236 budget=332.0/14400s ETA=357.5s CUDA=58.8MiB
[native-refit] predictor-pure-760930003 updates=5867/12000 applied=5820 skipped=47 loss=0.0030169382225722075 budget=337.1/14400s ETA=352.3s CUDA=58.8MiB
[native-refit] predictor-pure-760930003 updates=5952/12000 applied=5904 skipped=48 loss=0.004086509812623262 budget=342.1/14400s ETA=347.6s CUDA=58.8MiB
[native-refit] predictor-pure-760930003 updates=6006/12000 applied=5958 skipped=48 loss=0.6278589963912964 budget=347.1/14400s ETA=346.4s CUDA=358.4MiB
[native-refit] predictor-pure-760930003 updates=6019/12000 applied=5971 skipped=48 loss=136.5765380859375 budget=352.4/14400s ETA=350.1s CUDA=362.7MiB
[native-refit] predictor-pure-760930003 updates=6034/12000 applied=5986 skipped=48 loss=36.7092170715332 budget=358.1/14400s ETA=354.1s CUDA=362.7MiB
[native-refit] predictor-pure-760930003 updates=6049/12000 applied=6001 skipped=48 loss=12.513593673706055 budget=364.0/14400s ETA=358.1s CUDA=362.7MiB
[native-refit] predictor-pure-760930003 updates=6064/12000 applied=6015 skipped=49 loss=7.941533088684082 budget=369.4/14400s ETA=361.6s CUDA=363.4MiB
[native-refit] predictor-pure-760930003 updates=6079/12000 applied=6030 skipped=49 loss=5.981197357177734 budget=375.2/14400s ETA=365.4s CUDA=363.4MiB
[native-refit] predictor-pure-760930003 updates=6094/12000 applied=6045 skipped=49 loss=5.17732048034668 budget=380.7/14400s ETA=369.0s CUDA=364.3MiB
[native-refit] predictor-pure-760930003 updates=6109/12000 applied=6060 skipped=49 loss=3.9523608684539795 budget=386.4/14400s ETA=372.6s CUDA=364.3MiB
[native-refit] predictor-pure-760930003 updates=6124/12000 applied=6075 skipped=49 loss=3.7228705883026123 budget=392.0/14400s ETA=376.1s CUDA=364.3MiB
[native-refit] predictor-pure-760930003 updates=6140/12000 applied=6090 skipped=50 loss=0.1872791349887848 budget=397.0/14400s ETA=378.9s CUDA=364.3MiB
[native-refit] predictor-pure-760930003 updates=6154/12000 applied=6104 skipped=50 loss=3.500899076461792 budget=402.5/14400s ETA=382.4s CUDA=364.3MiB
[native-refit] predictor-pure-760930003 updates=6169/12000 applied=6119 skipped=50 loss=2.787813663482666 budget=408.1/14400s ETA=385.8s CUDA=364.3MiB
[native-refit] predictor-pure-760930003 updates=6184/12000 applied=6134 skipped=50 loss=2.5911641120910645 budget=413.8/14400s ETA=389.2s CUDA=364.3MiB
[native-refit] predictor-pure-760930003 updates=6199/12000 applied=6149 skipped=50 loss=2.0127689838409424 budget=419.2/14400s ETA=392.3s CUDA=364.3MiB
[native-refit] predictor-pure-760930003 updates=6213/12000 applied=6163 skipped=50 loss=0.019895005971193314 budget=424.3/14400s ETA=395.2s CUDA=364.3MiB
[native-refit] predictor-pure-760930003 updates=6226/12000 applied=6176 skipped=50 loss=1.975644588470459 budget=429.5/14400s ETA=398.3s CUDA=364.3MiB
[native-refit] predictor-pure-760930003 updates=6241/12000 applied=6191 skipped=50 loss=1.610036849975586 budget=435.2/14400s ETA=401.6s CUDA=364.3MiB
[native-refit] predictor-pure-760930003 updates=6256/12000 applied=6206 skipped=50 loss=1.5983333587646484 budget=440.9/14400s ETA=404.8s CUDA=364.3MiB
[native-refit] predictor-pure-760930003 updates=6271/12000 applied=6221 skipped=50 loss=1.4915869235992432 budget=446.6/14400s ETA=408.0s CUDA=364.3MiB
[native-refit] predictor-pure-760930003 updates=6286/12000 applied=6236 skipped=50 loss=1.6616101264953613 budget=452.2/14400s ETA=411.0s CUDA=364.3MiB
[native-refit] predictor-pure-760930003 updates=6301/12000 applied=6251 skipped=50 loss=1.377684473991394 budget=458.0/14400s ETA=414.2s CUDA=364.3MiB
[native-refit] predictor-pure-760930003 updates=6319/12000 applied=6268 skipped=51 loss=1.710017442703247 budget=463.5/14400s ETA=416.7s CUDA=364.3MiB
[native-refit] predictor-pure-760930003 updates=6334/12000 applied=6283 skipped=51 loss=1.1450623273849487 budget=469.1/14400s ETA=419.6s CUDA=364.3MiB
[native-refit] predictor-pure-760930003 updates=6349/12000 applied=6298 skipped=51 loss=1.3360291719436646 budget=474.6/14400s ETA=422.4s CUDA=364.3MiB
[native-refit] predictor-pure-760930003 updates=6364/12000 applied=6313 skipped=51 loss=1.086442232131958 budget=480.0/14400s ETA=425.1s CUDA=364.3MiB
[native-refit] predictor-pure-760930003 updates=6379/12000 applied=6328 skipped=51 loss=0.7270104885101318 budget=485.7/14400s ETA=427.9s CUDA=364.3MiB
[native-refit] predictor-pure-760930003 updates=6394/12000 applied=6342 skipped=52 loss=1.0354681015014648 budget=491.2/14400s ETA=430.7s CUDA=364.3MiB
[native-refit] predictor-pure-760930003 updates=6409/12000 applied=6357 skipped=52 loss=1.0491111278533936 budget=496.9/14400s ETA=433.5s CUDA=364.3MiB
[native-refit] predictor-pure-760930003 updates=6424/12000 applied=6372 skipped=52 loss=1.0977808237075806 budget=502.7/14400s ETA=436.3s CUDA=364.3MiB
[native-refit] predictor-pure-760930003 updates=6439/12000 applied=6387 skipped=52 loss=0.7619510293006897 budget=508.2/14400s ETA=438.9s CUDA=364.3MiB
[native-refit] predictor-pure-760930003 updates=6454/12000 applied=6402 skipped=52 loss=0.8745709657669067 budget=513.6/14400s ETA=441.3s CUDA=364.3MiB
[native-refit] predictor-pure-760930003 updates=6469/12000 applied=6417 skipped=52 loss=0.8062157034873962 budget=519.1/14400s ETA=443.8s CUDA=364.3MiB
[native-refit] predictor-pure-760930003 updates=6484/12000 applied=6432 skipped=52 loss=0.7048195004463196 budget=524.6/14400s ETA=446.3s CUDA=364.3MiB
[native-refit] predictor-pure-760930003 updates=6499/12000 applied=6447 skipped=52 loss=0.6219962239265442 budget=530.1/14400s ETA=448.7s CUDA=364.3MiB
[native-refit] predictor-pure-760930003 updates=6514/12000 applied=6462 skipped=52 loss=0.5941758751869202 budget=535.8/14400s ETA=451.3s CUDA=364.3MiB
[native-refit] predictor-pure-760930003 updates=6529/12000 applied=6477 skipped=52 loss=0.7600628733634949 budget=541.3/14400s ETA=453.6s CUDA=364.3MiB
[native-refit] predictor-pure-760930003 updates=6544/12000 applied=6492 skipped=52 loss=0.5536854863166809 budget=546.8/14400s ETA=455.9s CUDA=364.3MiB
[native-refit] predictor-pure-760930003 updates=6559/12000 applied=6506 skipped=53 loss=2.624906301498413 budget=552.3/14400s ETA=458.1s CUDA=364.3MiB
[native-refit] predictor-pure-760930003 updates=6574/12000 applied=6521 skipped=53 loss=0.7524135112762451 budget=557.8/14400s ETA=460.4s CUDA=364.3MiB
[native-refit] predictor-pure-760930003 updates=6589/12000 applied=6536 skipped=53 loss=0.6624242067337036 budget=563.1/14400s ETA=462.5s CUDA=364.3MiB
[native-refit] predictor-pure-760930003 updates=6604/12000 applied=6551 skipped=53 loss=0.8539103269577026 budget=568.9/14400s ETA=464.8s CUDA=364.3MiB
[native-refit] predictor-pure-760930003 updates=6619/12000 applied=6566 skipped=53 loss=0.6104517579078674 budget=574.2/14400s ETA=466.8s CUDA=364.3MiB
[native-refit] predictor-pure-760930003 updates=6634/12000 applied=6580 skipped=54 loss=14.370603561401367 budget=579.5/14400s ETA=468.7s CUDA=364.3MiB
[native-refit] predictor-pure-760930003 updates=6649/12000 applied=6595 skipped=54 loss=0.8195784687995911 budget=585.1/14400s ETA=470.9s CUDA=364.3MiB
[native-refit] predictor-pure-760930003 updates=6664/12000 applied=6610 skipped=54 loss=0.6704092025756836 budget=590.7/14400s ETA=473.0s CUDA=364.3MiB
[native-refit] predictor-pure-760930003 updates=6679/12000 applied=6625 skipped=54 loss=0.5014567971229553 budget=596.4/14400s ETA=475.1s CUDA=364.3MiB
[native-refit] predictor-pure-760930003 updates=6694/12000 applied=6640 skipped=54 loss=0.5948919653892517 budget=602.0/14400s ETA=477.2s CUDA=364.3MiB
[native-refit] predictor-pure-760930003 updates=6709/12000 applied=6655 skipped=54 loss=0.575347363948822 budget=607.5/14400s ETA=479.1s CUDA=364.3MiB
[native-refit] predictor-pure-760930003 updates=6724/12000 applied=6670 skipped=54 loss=0.815399706363678 budget=613.0/14400s ETA=481.0s CUDA=364.3MiB
[native-refit] predictor-pure-760930003 updates=6738/12000 applied=6684 skipped=54 loss=0.0169424656778574 budget=618.1/14400s ETA=482.7s CUDA=364.3MiB
[native-refit] predictor-pure-760930003 updates=6751/12000 applied=6697 skipped=54 loss=0.5888329148292542 budget=623.2/14400s ETA=484.6s CUDA=364.3MiB
[native-refit] predictor-pure-760930003 updates=6766/12000 applied=6712 skipped=54 loss=0.5609026551246643 budget=628.7/14400s ETA=486.3s CUDA=364.3MiB
[native-refit] predictor-pure-760930003 updates=6781/12000 applied=6727 skipped=54 loss=0.438264936208725 budget=634.4/14400s ETA=488.2s CUDA=364.3MiB
[native-refit] predictor-pure-760930003 updates=6796/12000 applied=6742 skipped=54 loss=0.39948487281799316 budget=640.0/14400s ETA=490.1s CUDA=364.3MiB
[native-refit] predictor-pure-760930003 updates=6811/12000 applied=6756 skipped=55 loss=0.3449786305427551 budget=645.5/14400s ETA=491.8s CUDA=364.3MiB
[native-refit] predictor-pure-760930003 updates=6826/12000 applied=6771 skipped=55 loss=0.46324363350868225 budget=651.1/14400s ETA=493.5s CUDA=364.4MiB
[native-refit] predictor-pure-760930003 updates=6841/12000 applied=6786 skipped=55 loss=0.3202424645423889 budget=656.6/14400s ETA=495.2s CUDA=364.4MiB
[native-refit] predictor-pure-760930003 updates=6856/12000 applied=6801 skipped=55 loss=0.3892606496810913 budget=662.2/14400s ETA=496.9s CUDA=364.4MiB
[native-refit] predictor-pure-760930003 updates=6871/12000 applied=6816 skipped=55 loss=0.28605160117149353 budget=667.8/14400s ETA=498.5s CUDA=364.4MiB
[native-refit] predictor-pure-760930003 updates=6889/12000 applied=6833 skipped=56 loss=0.22735020518302917 budget=673.5/14400s ETA=499.7s CUDA=364.4MiB
[native-refit] predictor-pure-760930003 updates=6904/12000 applied=6848 skipped=56 loss=0.2211875170469284 budget=679.1/14400s ETA=501.3s CUDA=366.2MiB
[native-refit] predictor-pure-760930003 updates=6919/12000 applied=6863 skipped=56 loss=0.23953168094158173 budget=684.8/14400s ETA=502.9s CUDA=366.2MiB
[native-refit] predictor-pure-760930003 updates=6934/12000 applied=6878 skipped=56 loss=0.20810869336128235 budget=690.6/14400s ETA=504.6s CUDA=366.2MiB
[native-refit] predictor-pure-760930003 updates=6949/12000 applied=6893 skipped=56 loss=6.642112731933594 budget=696.4/14400s ETA=506.2s CUDA=366.2MiB
[native-refit] predictor-pure-760930003 updates=6964/12000 applied=6908 skipped=56 loss=0.30836033821105957 budget=701.9/14400s ETA=507.6s CUDA=366.2MiB
[native-refit] predictor-pure-760930003 updates=6979/12000 applied=6923 skipped=56 loss=0.22656919062137604 budget=707.7/14400s ETA=509.1s CUDA=366.2MiB
[native-refit] predictor-pure-760930003 updates=6994/12000 applied=6938 skipped=56 loss=0.24759100377559662 budget=713.3/14400s ETA=510.6s CUDA=366.2MiB
[native-refit] predictor-pure-760930003 updates=7008/12000 applied=6952 skipped=56 loss=0.010349232703447342 budget=718.4/14400s ETA=511.7s CUDA=366.2MiB
[native-refit] predictor-pure-760930003 updates=7021/12000 applied=6965 skipped=56 loss=0.17927032709121704 budget=723.7/14400s ETA=513.2s CUDA=366.2MiB
[native-refit] predictor-pure-760930003 updates=7036/12000 applied=6980 skipped=56 loss=0.1549278199672699 budget=729.4/14400s ETA=514.6s CUDA=366.2MiB
[native-refit] predictor-pure-760930003 updates=7050/12000 applied=6994 skipped=56 loss=0.012937325984239578 budget=734.4/14400s ETA=515.6s CUDA=366.2MiB
[native-refit] predictor-pure-760930003 updates=7066/12000 applied=7009 skipped=57 loss=0.15333518385887146 budget=740.0/14400s ETA=516.7s CUDA=366.2MiB
[native-refit] predictor-pure-760930003 updates=7081/12000 applied=7024 skipped=57 loss=0.1408282369375229 budget=745.3/14400s ETA=517.8s CUDA=366.2MiB
[native-refit] predictor-pure-760930003 updates=7096/12000 applied=7039 skipped=57 loss=0.10332134366035461 budget=750.8/14400s ETA=518.9s CUDA=366.2MiB
[native-refit] predictor-pure-760930003 updates=7111/12000 applied=7054 skipped=57 loss=0.08856560289859772 budget=756.3/14400s ETA=520.0s CUDA=366.2MiB
[native-refit] predictor-pure-760930003 updates=7126/12000 applied=7069 skipped=57 loss=0.0935867503285408 budget=761.9/14400s ETA=521.1s CUDA=366.2MiB
[native-refit] predictor-pure-760930003 updates=7141/12000 applied=7083 skipped=58 loss=0.10694333910942078 budget=767.3/14400s ETA=522.1s CUDA=366.2MiB
[native-refit] predictor-pure-760930003 updates=7156/12000 applied=7098 skipped=58 loss=0.06079862639307976 budget=773.0/14400s ETA=523.3s CUDA=366.2MiB
[native-refit] predictor-pure-760930003 updates=7171/12000 applied=7113 skipped=58 loss=0.05071984976530075 budget=778.5/14400s ETA=524.3s CUDA=366.2MiB
[native-refit] predictor-pure-760930003 updates=7186/12000 applied=7128 skipped=58 loss=0.05321213975548744 budget=784.3/14400s ETA=525.4s CUDA=366.2MiB
[native-refit] predictor-pure-760930003 updates=7201/12000 applied=7143 skipped=58 loss=0.04383767768740654 budget=790.0/14400s ETA=526.5s CUDA=366.2MiB
[native-refit] predictor-pure-760930003 updates=7216/12000 applied=7158 skipped=58 loss=0.052097465842962265 budget=795.6/14400s ETA=527.5s CUDA=366.2MiB
[native-refit] predictor-pure-760930003 updates=7231/12000 applied=7173 skipped=58 loss=0.06008096784353256 budget=801.3/14400s ETA=528.5s CUDA=366.2MiB
[native-refit] predictor-pure-760930003 updates=7246/12000 applied=7188 skipped=58 loss=0.05818931385874748 budget=807.1/14400s ETA=529.5s CUDA=366.2MiB
[native-refit] predictor-pure-760930003 updates=7261/12000 applied=7203 skipped=58 loss=0.04369574040174484 budget=812.5/14400s ETA=530.3s CUDA=366.2MiB
[native-refit] predictor-pure-760930003 updates=7276/12000 applied=7218 skipped=58 loss=0.04350212961435318 budget=818.0/14400s ETA=531.1s CUDA=366.2MiB
[native-refit] predictor-pure-760930003 updates=7291/12000 applied=7233 skipped=58 loss=0.04694104939699173 budget=823.7/14400s ETA=532.0s CUDA=366.2MiB
[native-refit] predictor-pure-760930003 updates=7306/12000 applied=7248 skipped=58 loss=0.036732517182826996 budget=829.1/14400s ETA=532.7s CUDA=366.2MiB
[native-refit] predictor-pure-760930003 updates=7321/12000 applied=7262 skipped=59 loss=0.05013664439320564 budget=834.4/14400s ETA=533.3s CUDA=366.2MiB
[native-refit] predictor-pure-760930003 updates=7336/12000 applied=7277 skipped=59 loss=0.06164975091814995 budget=840.1/14400s ETA=534.1s CUDA=366.2MiB
[native-refit] predictor-pure-760930003 updates=7351/12000 applied=7292 skipped=59 loss=0.05173426866531372 budget=845.9/14400s ETA=535.0s CUDA=366.2MiB
[native-refit] predictor-pure-760930003 updates=7366/12000 applied=7307 skipped=59 loss=0.04191746190190315 budget=851.6/14400s ETA=535.7s CUDA=366.2MiB
[native-refit] predictor-pure-760930003 updates=7381/12000 applied=7322 skipped=59 loss=0.045050643384456635 budget=857.3/14400s ETA=536.5s CUDA=366.2MiB
[native-refit] predictor-pure-760930003 updates=7396/12000 applied=7336 skipped=60 loss=0.04263387992978096 budget=862.9/14400s ETA=537.2s CUDA=366.2MiB
[native-refit] predictor-pure-760930003 updates=7411/12000 applied=7351 skipped=60 loss=0.03758411854505539 budget=868.5/14400s ETA=537.8s CUDA=366.2MiB
[native-refit] predictor-pure-760930003 updates=7426/12000 applied=7366 skipped=60 loss=0.03124918043613434 budget=874.0/14400s ETA=538.3s CUDA=366.2MiB
[native-refit] predictor-pure-760930003 updates=7441/12000 applied=7381 skipped=60 loss=0.04442675784230232 budget=879.6/14400s ETA=538.9s CUDA=366.2MiB
[native-refit] predictor-pure-760930003 updates=7455/12000 applied=7395 skipped=60 loss=0.008943792432546616 budget=884.7/14400s ETA=539.4s CUDA=366.2MiB
[native-refit] predictor-pure-760930003 updates=7468/12000 applied=7408 skipped=60 loss=0.041625361889600754 budget=889.9/14400s ETA=540.1s CUDA=366.2MiB
[native-refit] predictor-pure-760930003 updates=7483/12000 applied=7423 skipped=60 loss=0.04570610821247101 budget=895.6/14400s ETA=540.6s CUDA=366.2MiB
[native-refit] predictor-pure-760930003 updates=7498/12000 applied=7438 skipped=60 loss=0.05347854271531105 budget=901.2/14400s ETA=541.1s CUDA=366.2MiB
[native-refit] predictor-pure-760930003 updates=7513/12000 applied=7453 skipped=60 loss=0.07019960880279541 budget=906.9/14400s ETA=541.6s CUDA=366.2MiB
[native-refit] predictor-pure-760930003 updates=7526/12000 applied=7466 skipped=60 loss=0.027623703703284264 budget=912.0/14400s ETA=542.2s CUDA=366.2MiB
[native-refit] predictor-pure-760930003 updates=7540/12000 applied=7480 skipped=60 loss=0.07114069908857346 budget=917.4/14400s ETA=542.6s CUDA=366.2MiB
[native-refit] predictor-pure-760930003 updates=7555/12000 applied=7495 skipped=60 loss=0.06730308383703232 budget=922.9/14400s ETA=543.0s CUDA=366.2MiB
[native-refit] predictor-pure-760930003 updates=7570/12000 applied=7509 skipped=61 loss=0.04929410293698311 budget=928.4/14400s ETA=543.3s CUDA=366.2MiB
[native-refit] predictor-pure-760930003 updates=7585/12000 applied=7524 skipped=61 loss=0.039804402738809586 budget=934.0/14400s ETA=543.7s CUDA=366.2MiB
[native-refit] predictor-pure-760930003 updates=7600/12000 applied=7539 skipped=61 loss=0.04165990650653839 budget=939.7/14400s ETA=544.0s CUDA=366.2MiB
[native-refit] predictor-pure-760930003 updates=7615/12000 applied=7554 skipped=61 loss=0.03190261125564575 budget=945.2/14400s ETA=544.3s CUDA=366.2MiB
[native-refit] predictor-pure-760930003 updates=7630/12000 applied=7569 skipped=61 loss=0.0407961830496788 budget=950.7/14400s ETA=544.5s CUDA=366.2MiB
[native-refit] predictor-pure-760930003 updates=7647/12000 applied=7585 skipped=62 loss=0.0075481487438082695 budget=955.8/14400s ETA=544.1s CUDA=366.2MiB
[native-refit] predictor-pure-760930003 updates=7660/12000 applied=7598 skipped=62 loss=0.045314639806747437 budget=961.1/14400s ETA=544.5s CUDA=366.2MiB
[native-refit] predictor-pure-760930003 updates=7675/12000 applied=7613 skipped=62 loss=0.04370585456490517 budget=966.7/14400s ETA=544.7s CUDA=366.2MiB
[native-refit] predictor-pure-760930003 updates=7690/12000 applied=7628 skipped=62 loss=0.03537394851446152 budget=972.2/14400s ETA=544.9s CUDA=366.2MiB
[native-refit] predictor-pure-760930003 updates=7705/12000 applied=7643 skipped=62 loss=0.04586949199438095 budget=977.7/14400s ETA=545.0s CUDA=366.2MiB
[native-refit] predictor-pure-760930003 updates=7720/12000 applied=7658 skipped=62 loss=0.04105110466480255 budget=983.0/14400s ETA=545.0s CUDA=366.2MiB
[native-refit] predictor-pure-760930003 updates=7735/12000 applied=7673 skipped=62 loss=0.032584235072135925 budget=988.4/14400s ETA=545.0s CUDA=366.2MiB
[native-refit] predictor-pure-760930003 updates=7750/12000 applied=7688 skipped=62 loss=0.0443301685154438 budget=994.0/14400s ETA=545.1s CUDA=366.2MiB
[native-refit] predictor-pure-760930003 updates=7765/12000 applied=7703 skipped=62 loss=0.03373974189162254 budget=999.2/14400s ETA=545.0s CUDA=366.2MiB
[native-refit] predictor-pure-760930003 updates=7780/12000 applied=7718 skipped=62 loss=0.03415391221642494 budget=1004.6/14400s ETA=544.9s CUDA=366.2MiB
[native-refit] predictor-pure-760930003 updates=7795/12000 applied=7733 skipped=62 loss=0.056577328592538834 budget=1010.3/14400s ETA=545.0s CUDA=366.2MiB
[native-refit] predictor-pure-760930003 updates=7811/12000 applied=7748 skipped=63 loss=0.017353108152747154 budget=1015.4/14400s ETA=544.6s CUDA=366.2MiB
[native-refit] predictor-pure-760930003 updates=7825/12000 applied=7762 skipped=63 loss=0.03402678668498993 budget=1020.8/14400s ETA=544.7s CUDA=366.2MiB
[native-refit] predictor-pure-760930003 updates=7840/12000 applied=7777 skipped=63 loss=0.042894355952739716 budget=1026.4/14400s ETA=544.6s CUDA=366.2MiB
[native-refit] predictor-pure-760930003 updates=7855/12000 applied=7792 skipped=63 loss=0.031213339418172836 budget=1031.8/14400s ETA=544.5s CUDA=366.2MiB
[native-refit] predictor-pure-760930003 updates=7870/12000 applied=7807 skipped=63 loss=0.03532147407531738 budget=1037.4/14400s ETA=544.4s CUDA=366.2MiB
[native-refit] predictor-pure-760930003 updates=7885/12000 applied=7821 skipped=64 loss=0.03521908074617386 budget=1042.7/14400s ETA=544.2s CUDA=366.2MiB
[native-refit] predictor-pure-760930003 updates=7900/12000 applied=7836 skipped=64 loss=0.04956153407692909 budget=1048.3/14400s ETA=544.0s CUDA=366.2MiB
[native-refit] predictor-pure-760930003 updates=7915/12000 applied=7851 skipped=64 loss=0.039573363959789276 budget=1053.8/14400s ETA=543.9s CUDA=366.2MiB
[native-refit] predictor-pure-760930003 updates=7930/12000 applied=7866 skipped=64 loss=0.03242012485861778 budget=1059.5/14400s ETA=543.8s CUDA=366.2MiB
[native-refit] predictor-pure-760930003 updates=7945/12000 applied=7881 skipped=64 loss=0.035720713436603546 budget=1065.1/14400s ETA=543.6s CUDA=366.2MiB
[native-refit] predictor-pure-760930003 updates=7960/12000 applied=7896 skipped=64 loss=0.03357395529747009 budget=1070.7/14400s ETA=543.4s CUDA=366.2MiB
[native-refit] predictor-pure-760930003 updates=7975/12000 applied=7911 skipped=64 loss=0.03017199970781803 budget=1076.2/14400s ETA=543.1s CUDA=366.2MiB
[native-refit] predictor-pure-760930003 updates=7990/12000 applied=7926 skipped=64 loss=0.028499528765678406 budget=1081.7/14400s ETA=542.9s CUDA=366.2MiB
[native-refit] predictor-pure-760930003 updates=8005/12000 applied=7941 skipped=64 loss=0.040795572102069855 budget=1087.2/14400s ETA=542.6s CUDA=366.2MiB
[native-refit] predictor-pure-760930003 updates=8020/12000 applied=7956 skipped=64 loss=0.03164292126893997 budget=1092.8/14400s ETA=542.3s CUDA=366.2MiB
[native-refit] predictor-pure-760930003 updates=8035/12000 applied=7971 skipped=64 loss=0.032944705337285995 budget=1098.4/14400s ETA=542.0s CUDA=366.2MiB
[native-refit] predictor-pure-760930003 updates=8050/12000 applied=7986 skipped=64 loss=0.03782457485795021 budget=1103.9/14400s ETA=541.7s CUDA=366.2MiB
[native-refit] predictor-pure-760930003 updates=8065/12000 applied=8000 skipped=65 loss=0.027403565123677254 budget=1109.1/14400s ETA=541.2s CUDA=366.2MiB
[native-refit] predictor-pure-760930003 updates=8080/12000 applied=8015 skipped=65 loss=0.0315600223839283 budget=1114.9/14400s ETA=540.9s CUDA=366.2MiB
[native-refit] predictor-pure-760930003 updates=8095/12000 applied=8030 skipped=65 loss=0.02939646877348423 budget=1120.5/14400s ETA=540.5s CUDA=366.2MiB
[native-refit] predictor-pure-760930003 updates=8110/12000 applied=8045 skipped=65 loss=0.030059518292546272 budget=1126.1/14400s ETA=540.2s CUDA=366.2MiB
[native-refit] predictor-pure-760930003 updates=8125/12000 applied=8060 skipped=65 loss=0.025777123868465424 budget=1131.8/14400s ETA=539.8s CUDA=366.2MiB
[native-refit] predictor-pure-760930003 updates=8140/12000 applied=8074 skipped=66 loss=0.03248775750398636 budget=1137.2/14400s ETA=539.3s CUDA=366.2MiB
[native-refit] predictor-pure-760930003 updates=8155/12000 applied=8089 skipped=66 loss=0.03319079428911209 budget=1142.8/14400s ETA=538.8s CUDA=366.2MiB
[native-refit] predictor-pure-760930003 updates=8170/12000 applied=8104 skipped=66 loss=0.025660622864961624 budget=1148.2/14400s ETA=538.3s CUDA=366.2MiB
[native-refit] predictor-pure-760930003 updates=8185/12000 applied=8119 skipped=66 loss=0.04500050097703934 budget=1154.0/14400s ETA=537.9s CUDA=366.2MiB
[native-refit] predictor-pure-760930003 updates=8199/12000 applied=8133 skipped=66 loss=0.006743462756276131 budget=1159.0/14400s ETA=537.3s CUDA=366.2MiB
[native-refit] predictor-pure-760930003 updates=8212/12000 applied=8146 skipped=66 loss=0.033129774034023285 budget=1164.4/14400s ETA=537.1s CUDA=366.2MiB
[native-refit] predictor-pure-760930003 updates=8227/12000 applied=8161 skipped=66 loss=0.032757535576820374 budget=1169.7/14400s ETA=536.4s CUDA=366.2MiB
[native-refit] predictor-pure-760930003 updates=8241/12000 applied=8175 skipped=66 loss=0.006232800893485546 budget=1174.8/14400s ETA=535.9s CUDA=366.2MiB
[native-refit] predictor-pure-760930003 updates=8254/12000 applied=8188 skipped=66 loss=0.031429365277290344 budget=1180.4/14400s ETA=535.7s CUDA=366.2MiB
[native-refit] predictor-pure-760930003 updates=8269/12000 applied=8203 skipped=66 loss=0.032457444816827774 budget=1186.0/14400s ETA=535.1s CUDA=366.2MiB
[native-refit] predictor-pure-760930003 updates=8284/12000 applied=8218 skipped=66 loss=0.02712801843881607 budget=1191.3/14400s ETA=534.4s CUDA=366.2MiB
[native-refit] predictor-pure-760930003 updates=8298/12000 applied=8232 skipped=66 loss=0.006971480790525675 budget=1196.4/14400s ETA=533.7s CUDA=366.2MiB
[native-refit] predictor-pure-760930003 updates=8311/12000 applied=8244 skipped=67 loss=0.030542578548192978 budget=1201.9/14400s ETA=533.5s CUDA=366.2MiB
[native-refit] predictor-pure-760930003 updates=8326/12000 applied=8259 skipped=67 loss=0.029904237017035484 budget=1207.6/14400s ETA=532.9s CUDA=366.2MiB
[native-refit] predictor-pure-760930003 updates=8341/12000 applied=8274 skipped=67 loss=0.02822577767074108 budget=1213.1/14400s ETA=532.1s CUDA=366.2MiB
[native-refit] predictor-pure-760930003 updates=8356/12000 applied=8289 skipped=67 loss=0.02686336822807789 budget=1218.7/14400s ETA=531.5s CUDA=366.2MiB
[native-refit] predictor-pure-760930003 updates=8371/12000 applied=8304 skipped=67 loss=0.03902236372232437 budget=1224.2/14400s ETA=530.7s CUDA=366.2MiB
[native-refit] predictor-pure-760930003 updates=8387/12000 applied=8319 skipped=68 loss=0.01477834116667509 budget=1229.3/14400s ETA=529.5s CUDA=366.2MiB
[native-refit] predictor-pure-760930003 updates=8401/12000 applied=8333 skipped=68 loss=0.034875161945819855 budget=1234.8/14400s ETA=529.0s CUDA=366.2MiB
[native-refit] predictor-pure-760930003 updates=8416/12000 applied=8348 skipped=68 loss=0.02904462441802025 budget=1240.5/14400s ETA=528.3s CUDA=366.2MiB
[native-refit] predictor-pure-760930003 updates=8431/12000 applied=8363 skipped=68 loss=0.026191677898168564 budget=1246.4/14400s ETA=527.6s CUDA=366.2MiB
[native-refit] predictor-pure-760930003 updates=8446/12000 applied=8378 skipped=68 loss=0.03488764539361 budget=1251.7/14400s ETA=526.7s CUDA=366.2MiB
[native-refit] predictor-pure-760930003 updates=8461/12000 applied=8393 skipped=68 loss=0.030678700655698776 budget=1257.5/14400s ETA=526.0s CUDA=366.2MiB
[native-refit] predictor-pure-760930003 updates=8476/12000 applied=8408 skipped=68 loss=0.036868371069431305 budget=1263.0/14400s ETA=525.1s CUDA=366.2MiB
[native-refit] predictor-pure-760930003 updates=8491/12000 applied=8423 skipped=68 loss=0.02123991772532463 budget=1268.5/14400s ETA=524.2s CUDA=366.2MiB
[native-refit] predictor-pure-760930003 updates=8506/12000 applied=8438 skipped=68 loss=0.027383532375097275 budget=1274.1/14400s ETA=523.4s CUDA=366.2MiB
[native-refit] predictor-pure-760930003 updates=8521/12000 applied=8453 skipped=68 loss=0.03266027942299843 budget=1279.7/14400s ETA=522.5s CUDA=366.2MiB
[native-refit] predictor-pure-760930003 updates=8536/12000 applied=8468 skipped=68 loss=0.026901911944150925 budget=1285.3/14400s ETA=521.6s CUDA=366.2MiB
[native-refit] predictor-pure-760930003 updates=8551/12000 applied=8483 skipped=68 loss=0.03159622848033905 budget=1290.9/14400s ETA=520.7s CUDA=366.2MiB
[native-refit] predictor-pure-760930003 updates=8567/12000 applied=8498 skipped=69 loss=0.01899057812988758 budget=1296.0/14400s ETA=519.3s CUDA=366.2MiB
[native-refit] predictor-pure-760930003 updates=8581/12000 applied=8512 skipped=69 loss=0.03620276600122452 budget=1301.2/14400s ETA=518.5s CUDA=366.2MiB
[native-refit] predictor-pure-760930003 updates=8596/12000 applied=8527 skipped=69 loss=0.03191308677196503 budget=1306.8/14400s ETA=517.5s CUDA=366.2MiB
[native-refit] predictor-pure-760930003 updates=8611/12000 applied=8542 skipped=69 loss=0.031731244176626205 budget=1312.3/14400s ETA=516.5s CUDA=366.2MiB
[native-refit] predictor-pure-760930003 updates=8626/12000 applied=8557 skipped=69 loss=0.028097057715058327 budget=1318.1/14400s ETA=515.6s CUDA=366.2MiB
[native-refit] predictor-pure-760930003 updates=8641/12000 applied=8571 skipped=70 loss=0.02873842604458332 budget=1323.5/14400s ETA=514.5s CUDA=366.2MiB
[native-refit] predictor-pure-760930003 updates=8656/12000 applied=8586 skipped=70 loss=0.04291621968150139 budget=1329.3/14400s ETA=513.5s CUDA=366.2MiB
[native-refit] predictor-pure-760930003 updates=8671/12000 applied=8601 skipped=70 loss=0.04182066023349762 budget=1334.8/14400s ETA=512.4s CUDA=366.2MiB
[native-refit] predictor-pure-760930003 updates=8686/12000 applied=8616 skipped=70 loss=0.031218957155942917 budget=1340.2/14400s ETA=511.3s CUDA=366.2MiB
[native-refit] predictor-pure-760930003 updates=8701/12000 applied=8631 skipped=70 loss=0.03395392373204231 budget=1345.6/14400s ETA=510.2s CUDA=366.2MiB
[native-refit] predictor-pure-760930003 updates=8716/12000 applied=8646 skipped=70 loss=0.027137240394949913 budget=1351.3/14400s ETA=509.1s CUDA=366.2MiB
[native-refit] predictor-pure-760930003 updates=8731/12000 applied=8661 skipped=70 loss=0.03196342661976814 budget=1356.8/14400s ETA=508.0s CUDA=366.2MiB
[native-refit] predictor-pure-760930003 updates=8746/12000 applied=8676 skipped=70 loss=0.028236927464604378 budget=1362.2/14400s ETA=506.8s CUDA=366.2MiB
[native-refit] predictor-pure-760930003 updates=8761/12000 applied=8691 skipped=70 loss=0.02744470164179802 budget=1367.9/14400s ETA=505.7s CUDA=366.2MiB
[native-refit] predictor-pure-760930003 updates=8776/12000 applied=8706 skipped=70 loss=0.028607143089175224 budget=1373.3/14400s ETA=504.5s CUDA=366.2MiB
[native-refit] predictor-pure-760930003 updates=8791/12000 applied=8721 skipped=70 loss=0.03064853698015213 budget=1378.8/14400s ETA=503.3s CUDA=366.2MiB
[native-refit] predictor-pure-760930003 updates=8806/12000 applied=8736 skipped=70 loss=0.024952620267868042 budget=1384.4/14400s ETA=502.1s CUDA=366.2MiB
[native-refit] predictor-pure-760930003 updates=8821/12000 applied=8750 skipped=71 loss=0.02413894794881344 budget=1390.0/14400s ETA=500.9s CUDA=366.2MiB
[native-refit] predictor-pure-760930003 updates=8836/12000 applied=8765 skipped=71 loss=0.03074023686349392 budget=1395.5/14400s ETA=499.7s CUDA=366.2MiB
[native-refit] predictor-pure-760930003 updates=8851/12000 applied=8780 skipped=71 loss=0.026933744549751282 budget=1400.9/14400s ETA=498.4s CUDA=366.2MiB
[native-refit] predictor-pure-760930003 updates=8866/12000 applied=8795 skipped=71 loss=0.02909516729414463 budget=1406.5/14400s ETA=497.2s CUDA=366.2MiB
[native-refit] predictor-pure-760930003 updates=8881/12000 applied=8810 skipped=71 loss=0.026338331401348114 budget=1412.0/14400s ETA=495.9s CUDA=366.2MiB
[native-refit] predictor-pure-760930003 updates=8896/12000 applied=8824 skipped=72 loss=0.03466746211051941 budget=1417.7/14400s ETA=494.6s CUDA=366.2MiB
[native-refit] predictor-pure-760930003 updates=8911/12000 applied=8839 skipped=72 loss=0.03266586735844612 budget=1423.4/14400s ETA=493.4s CUDA=366.2MiB
[native-refit] predictor-pure-760930003 updates=8926/12000 applied=8854 skipped=72 loss=0.028657885268330574 budget=1429.1/14400s ETA=492.2s CUDA=366.2MiB
[native-refit] predictor-pure-760930003 updates=8941/12000 applied=8869 skipped=72 loss=0.02924364060163498 budget=1434.7/14400s ETA=490.9s CUDA=366.2MiB
[native-refit] predictor-pure-760930003 updates=8956/12000 applied=8884 skipped=72 loss=0.025761036202311516 budget=1440.1/14400s ETA=489.5s CUDA=366.2MiB
[native-refit] predictor-pure-760930003 updates=8971/12000 applied=8899 skipped=72 loss=0.030188782140612602 budget=1445.7/14400s ETA=488.1s CUDA=366.2MiB
[native-refit] predictor-pure-760930003 updates=8986/12000 applied=8914 skipped=72 loss=0.06618987023830414 budget=1451.2/14400s ETA=486.7s CUDA=366.2MiB
[native-refit] predictor-pure-760930003 updates=9000/12000 applied=8928 skipped=72 loss=0.005774075631052256 budget=1456.2/14400s ETA=485.4s CUDA=366.2MiB
[native-refit] predictor-pure-760930003 updates=9013/12000 applied=8941 skipped=72 loss=0.028445687144994736 budget=1461.5/14400s ETA=484.4s CUDA=366.2MiB
[native-refit] predictor-pure-760930003 updates=9028/12000 applied=8956 skipped=72 loss=0.029675399884581566 budget=1467.0/14400s ETA=482.9s CUDA=366.2MiB
[native-refit] predictor-pure-760930003 updates=9043/12000 applied=8971 skipped=72 loss=0.03267579898238182 budget=1472.6/14400s ETA=481.5s CUDA=366.2MiB
[native-refit] predictor-pure-760930003 updates=9058/12000 applied=8985 skipped=73 loss=0.03666374087333679 budget=1478.2/14400s ETA=480.1s CUDA=366.2MiB
[native-refit] predictor-pure-760930003 updates=9073/12000 applied=9000 skipped=73 loss=0.024920528754591942 budget=1483.8/14400s ETA=478.7s CUDA=366.2MiB
[native-refit] predictor-pure-760930003 updates=9088/12000 applied=9015 skipped=73 loss=0.02701282687485218 budget=1489.6/14400s ETA=477.3s CUDA=366.2MiB
[native-refit] predictor-pure-760930003 updates=9103/12000 applied=9030 skipped=73 loss=0.028157103806734085 budget=1495.3/14400s ETA=475.9s CUDA=366.2MiB
[native-refit] predictor-pure-760930003 updates=9118/12000 applied=9045 skipped=73 loss=0.032755445688962936 budget=1501.1/14400s ETA=474.5s CUDA=366.2MiB
[native-refit] predictor-pure-760930003 updates=9135/12000 applied=9061 skipped=74 loss=0.006177013274282217 budget=1506.2/14400s ETA=472.4s CUDA=366.2MiB
[native-refit] predictor-pure-760930003 updates=9148/12000 applied=9074 skipped=74 loss=0.026933226734399796 budget=1511.4/14400s ETA=471.2s CUDA=366.2MiB
[native-refit] predictor-pure-760930003 updates=9162/12000 applied=9088 skipped=74 loss=0.00529462331905961 budget=1516.5/14400s ETA=469.8s CUDA=366.2MiB
[native-refit] predictor-pure-760930003 updates=9175/12000 applied=9101 skipped=74 loss=0.03000742755830288 budget=1521.9/14400s ETA=468.6s CUDA=366.2MiB
[native-refit] predictor-pure-760930003 updates=9190/12000 applied=9116 skipped=74 loss=0.03142469748854637 budget=1527.5/14400s ETA=467.1s CUDA=366.2MiB
[native-refit] predictor-pure-760930003 updates=9205/12000 applied=9131 skipped=74 loss=0.03143348917365074 budget=1533.1/14400s ETA=465.5s CUDA=366.2MiB
[native-refit] predictor-pure-760930003 updates=9220/12000 applied=9146 skipped=74 loss=0.03186286613345146 budget=1538.6/14400s ETA=463.9s CUDA=366.2MiB
[native-refit] predictor-pure-760930003 updates=9234/12000 applied=9160 skipped=74 loss=0.006710899993777275 budget=1543.6/14400s ETA=462.4s CUDA=366.2MiB
[native-refit] predictor-pure-760930003 updates=9247/12000 applied=9173 skipped=74 loss=0.029387855902314186 budget=1549.1/14400s ETA=461.2s CUDA=366.2MiB
[native-refit] predictor-pure-760930003 updates=9262/12000 applied=9188 skipped=74 loss=0.0287412591278553 budget=1554.5/14400s ETA=459.5s CUDA=366.2MiB
[native-refit] predictor-pure-760930003 updates=9275/12000 applied=9201 skipped=74 loss=0.011348399333655834 budget=1559.5/14400s ETA=458.2s CUDA=366.2MiB
[native-refit] predictor-pure-760930003 updates=9289/12000 applied=9215 skipped=74 loss=0.03697465360164642 budget=1564.8/14400s ETA=456.7s CUDA=366.2MiB
[native-refit] predictor-pure-760930003 updates=9304/12000 applied=9230 skipped=74 loss=0.032488204538822174 budget=1570.4/14400s ETA=455.1s CUDA=366.2MiB
[native-refit] predictor-pure-760930003 updates=9321/12000 applied=9246 skipped=75 loss=0.008903839625418186 budget=1575.5/14400s ETA=452.8s CUDA=366.2MiB
[native-refit] predictor-pure-760930003 updates=9334/12000 applied=9259 skipped=75 loss=0.028018957003951073 budget=1580.9/14400s ETA=451.5s CUDA=366.2MiB
[native-refit] predictor-pure-760930003 updates=9349/12000 applied=9274 skipped=75 loss=0.02654232829809189 budget=1586.4/14400s ETA=449.8s CUDA=366.2MiB
[native-refit] predictor-pure-760930003 updates=9364/12000 applied=9289 skipped=75 loss=0.027611518278717995 budget=1591.8/14400s ETA=448.1s CUDA=366.2MiB
[native-refit] predictor-pure-760930003 updates=9378/12000 applied=9303 skipped=75 loss=0.005964191630482674 budget=1596.8/14400s ETA=446.5s CUDA=366.2MiB
[native-refit] predictor-pure-760930003 updates=9391/12000 applied=9315 skipped=76 loss=0.03184645250439644 budget=1601.9/14400s ETA=445.0s CUDA=366.2MiB
[native-refit] predictor-pure-760930003 updates=9406/12000 applied=9330 skipped=76 loss=0.03211493045091629 budget=1607.4/14400s ETA=443.3s CUDA=366.2MiB
[native-refit] predictor-pure-760930003 updates=9421/12000 applied=9345 skipped=76 loss=0.0328020416200161 budget=1612.8/14400s ETA=441.5s CUDA=366.2MiB
[native-refit] predictor-pure-760930003 updates=9436/12000 applied=9360 skipped=76 loss=0.030567798763513565 budget=1618.3/14400s ETA=439.7s CUDA=366.2MiB
[native-refit] predictor-pure-760930003 updates=9451/12000 applied=9375 skipped=76 loss=0.026677772402763367 budget=1623.9/14400s ETA=438.0s CUDA=366.2MiB
[native-refit] predictor-pure-760930003 updates=9466/12000 applied=9390 skipped=76 loss=0.035583287477493286 budget=1629.5/14400s ETA=436.2s CUDA=366.2MiB
[native-refit] predictor-pure-760930003 updates=9481/12000 applied=9405 skipped=76 loss=0.038432300090789795 budget=1635.2/14400s ETA=434.4s CUDA=366.2MiB
[native-refit] predictor-pure-760930003 updates=9496/12000 applied=9420 skipped=76 loss=0.02940673939883709 budget=1640.6/14400s ETA=432.6s CUDA=366.2MiB
[native-refit] predictor-pure-760930003 updates=9511/12000 applied=9435 skipped=76 loss=0.02715977467596531 budget=1646.4/14400s ETA=430.9s CUDA=366.2MiB
[native-refit] predictor-pure-760930003 updates=9526/12000 applied=9450 skipped=76 loss=0.02690054289996624 budget=1651.8/14400s ETA=429.0s CUDA=366.2MiB
[native-refit] predictor-pure-760930003 updates=9539/12000 applied=9463 skipped=76 loss=0.009710333310067654 budget=1656.8/14400s ETA=427.4s CUDA=366.2MiB
[native-refit] predictor-pure-760930003 updates=9553/12000 applied=9477 skipped=76 loss=0.041255608201026917 budget=1662.2/14400s ETA=425.8s CUDA=366.2MiB
[native-refit] predictor-pure-760930003 updates=9568/12000 applied=9491 skipped=77 loss=0.05324230343103409 budget=1667.4/14400s ETA=423.8s CUDA=366.2MiB
[native-refit] predictor-pure-760930003 updates=9582/12000 applied=9505 skipped=77 loss=0.005128087010234594 budget=1672.4/14400s ETA=422.0s CUDA=366.2MiB
[native-refit] predictor-pure-760930003 updates=9595/12000 applied=9518 skipped=77 loss=0.09256003797054291 budget=1677.5/14400s ETA=420.5s CUDA=366.2MiB
[native-refit] predictor-pure-760930003 updates=9610/12000 applied=9533 skipped=77 loss=0.024301953613758087 budget=1683.1/14400s ETA=418.6s CUDA=366.2MiB
[native-refit] predictor-pure-760930003 updates=9625/12000 applied=9548 skipped=77 loss=0.021188849583268166 budget=1688.7/14400s ETA=416.7s CUDA=366.2MiB
[native-refit] predictor-pure-760930003 updates=9640/12000 applied=9562 skipped=78 loss=0.03693115711212158 budget=1694.1/14400s ETA=414.7s CUDA=366.2MiB
[native-refit] predictor-pure-760930003 updates=9655/12000 applied=9577 skipped=78 loss=0.037659525871276855 budget=1699.5/14400s ETA=412.8s CUDA=366.2MiB
[native-refit] predictor-pure-760930003 updates=9670/12000 applied=9592 skipped=78 loss=0.06528260558843613 budget=1705.2/14400s ETA=410.9s CUDA=366.2MiB
[native-refit] predictor-pure-760930003 updates=9685/12000 applied=9607 skipped=78 loss=0.03151591867208481 budget=1710.7/14400s ETA=408.9s CUDA=366.2MiB
[native-refit] predictor-pure-760930003 updates=9700/12000 applied=9622 skipped=78 loss=0.03427863493561745 budget=1716.2/14400s ETA=406.9s CUDA=366.2MiB
[native-refit] predictor-pure-760930003 updates=9715/12000 applied=9637 skipped=78 loss=0.02542366459965706 budget=1721.9/14400s ETA=405.0s CUDA=366.2MiB
[native-refit] predictor-pure-760930003 updates=9730/12000 applied=9652 skipped=78 loss=0.02697715535759926 budget=1727.4/14400s ETA=403.0s CUDA=366.2MiB
[native-refit] predictor-pure-760930003 updates=9745/12000 applied=9667 skipped=78 loss=0.025646112859249115 budget=1733.1/14400s ETA=401.0s CUDA=366.2MiB
[native-refit] predictor-pure-760930003 updates=9760/12000 applied=9682 skipped=78 loss=0.04407530277967453 budget=1738.4/14400s ETA=399.0s CUDA=366.2MiB
[native-refit] predictor-pure-760930003 updates=9775/12000 applied=9697 skipped=78 loss=0.0212879441678524 budget=1743.8/14400s ETA=396.9s CUDA=366.2MiB
[native-refit] predictor-pure-760930003 updates=9790/12000 applied=9712 skipped=78 loss=0.02725495770573616 budget=1749.3/14400s ETA=394.9s CUDA=366.2MiB
[native-refit] predictor-pure-760930003 updates=9804/12000 applied=9726 skipped=78 loss=0.005915050394833088 budget=1754.4/14400s ETA=393.0s CUDA=366.2MiB
[native-refit] predictor-pure-760930003 updates=9817/12000 applied=9738 skipped=79 loss=0.029009049758315086 budget=1759.6/14400s ETA=391.3s CUDA=366.2MiB
[native-refit] predictor-pure-760930003 updates=9832/12000 applied=9753 skipped=79 loss=0.02380596287548542 budget=1765.2/14400s ETA=389.2s CUDA=366.2MiB
[native-refit] predictor-pure-760930003 updates=9847/12000 applied=9768 skipped=79 loss=0.025920065119862556 budget=1770.8/14400s ETA=387.2s CUDA=366.2MiB
[native-refit] predictor-pure-760930003 updates=9862/12000 applied=9783 skipped=79 loss=0.025394229218363762 budget=1776.4/14400s ETA=385.1s CUDA=366.2MiB
[native-refit] predictor-pure-760930003 updates=9877/12000 applied=9798 skipped=79 loss=0.03186924010515213 budget=1782.0/14400s ETA=383.0s CUDA=366.2MiB
[native-refit] predictor-pure-760930003 updates=9893/12000 applied=9813 skipped=80 loss=0.008386887609958649 budget=1787.1/14400s ETA=380.6s CUDA=366.2MiB
[native-refit] predictor-pure-760930003 updates=9907/12000 applied=9827 skipped=80 loss=0.03430631756782532 budget=1792.7/14400s ETA=378.7s CUDA=366.2MiB
[native-refit] predictor-pure-760930003 updates=9922/12000 applied=9842 skipped=80 loss=0.04490641877055168 budget=1798.1/14400s ETA=376.6s CUDA=366.2MiB
[native-refit] predictor-pure-760930003 updates=9937/12000 applied=9857 skipped=80 loss=0.030774831771850586 budget=1803.7/14400s ETA=374.5s CUDA=366.2MiB
[native-refit] predictor-pure-760930003 updates=9952/12000 applied=9872 skipped=80 loss=0.04624108225107193 budget=1809.1/14400s ETA=372.3s CUDA=366.2MiB
[native-refit] predictor-pure-760930003 updates=9965/12000 applied=9885 skipped=80 loss=0.01080640871077776 budget=1814.2/14400s ETA=370.5s CUDA=366.2MiB
[native-refit] predictor-pure-760930003 updates=9979/12000 applied=9899 skipped=80 loss=0.07153995335102081 budget=1819.6/14400s ETA=368.5s CUDA=366.2MiB
[native-refit] predictor-pure-760930003 updates=9994/12000 applied=9914 skipped=80 loss=0.024962078779935837 budget=1825.0/14400s ETA=366.3s CUDA=366.2MiB
[native-refit] predictor-pure-760930003 updates=10009/12000 applied=9929 skipped=80 loss=0.018742237240076065 budget=1830.9/14400s ETA=364.2s CUDA=366.2MiB
[native-refit] predictor-pure-760930003 updates=10023/12000 applied=9943 skipped=80 loss=0.005265481304377317 budget=1836.0/14400s ETA=362.1s CUDA=366.2MiB
[native-refit] predictor-pure-760930003 updates=10036/12000 applied=9956 skipped=80 loss=0.025438174605369568 budget=1841.4/14400s ETA=360.3s CUDA=366.2MiB
[native-refit] predictor-pure-760930003 updates=10051/12000 applied=9971 skipped=80 loss=0.025447847321629524 budget=1847.0/14400s ETA=358.2s CUDA=366.2MiB
[native-refit] predictor-pure-760930003 updates=10067/12000 applied=9986 skipped=81 loss=0.009165367111563683 budget=1852.2/14400s ETA=355.6s CUDA=366.2MiB
[native-refit] predictor-pure-760930003 updates=10081/12000 applied=10000 skipped=81 loss=0.026681728661060333 budget=1857.5/14400s ETA=353.6s CUDA=366.2MiB
[native-refit] predictor-pure-760930003 updates=10096/12000 applied=10015 skipped=81 loss=0.03743867948651314 budget=1863.1/14400s ETA=351.4s CUDA=366.2MiB
[native-refit] predictor-pure-760930003 updates=10110/12000 applied=10029 skipped=81 loss=0.006822830066084862 budget=1868.1/14400s ETA=349.2s CUDA=366.2MiB
[native-refit] predictor-pure-760930003 updates=10123/12000 applied=10042 skipped=81 loss=0.04087052121758461 budget=1873.5/14400s ETA=347.4s CUDA=366.2MiB
[native-refit] predictor-pure-760930003 updates=10138/12000 applied=10056 skipped=82 loss=0.027264418080449104 budget=1878.9/14400s ETA=345.1s CUDA=366.2MiB
[native-refit] predictor-pure-760930003 updates=10153/12000 applied=10071 skipped=82 loss=0.030248422175645828 budget=1884.3/14400s ETA=342.8s CUDA=366.2MiB
[native-refit] predictor-pure-760930003 updates=10167/12000 applied=10085 skipped=82 loss=0.004658808466047049 budget=1889.4/14400s ETA=340.6s CUDA=366.2MiB
[native-refit] predictor-pure-760930003 updates=10180/12000 applied=10098 skipped=82 loss=0.034595802426338196 budget=1894.5/14400s ETA=338.7s CUDA=366.2MiB
[native-refit] predictor-pure-760930003 updates=10195/12000 applied=10113 skipped=82 loss=0.02070961333811283 budget=1900.1/14400s ETA=336.4s CUDA=366.2MiB
[native-refit] predictor-pure-760930003 updates=10210/12000 applied=10128 skipped=82 loss=0.0335821807384491 budget=1905.7/14400s ETA=334.1s CUDA=366.2MiB
[native-refit] predictor-pure-760930003 updates=10225/12000 applied=10143 skipped=82 loss=0.021925466135144234 budget=1911.4/14400s ETA=331.8s CUDA=366.2MiB
[native-refit] predictor-pure-760930003 updates=10240/12000 applied=10158 skipped=82 loss=0.02883409708738327 budget=1917.0/14400s ETA=329.5s CUDA=366.2MiB
[native-refit] predictor-pure-760930003 updates=10255/12000 applied=10173 skipped=82 loss=0.02679048664867878 budget=1922.5/14400s ETA=327.1s CUDA=366.2MiB
[native-refit] predictor-pure-760930003 updates=10270/12000 applied=10188 skipped=82 loss=0.024502985179424286 budget=1928.1/14400s ETA=324.8s CUDA=366.2MiB
[native-refit] predictor-pure-760930003 updates=10285/12000 applied=10203 skipped=82 loss=0.026066577062010765 budget=1933.7/14400s ETA=322.4s CUDA=366.2MiB
[native-refit] predictor-pure-760930003 updates=10300/12000 applied=10218 skipped=82 loss=0.02156859263777733 budget=1939.2/14400s ETA=320.1s CUDA=366.2MiB
[native-refit] predictor-pure-760930003 updates=10315/12000 applied=10232 skipped=83 loss=0.030208278447389603 budget=1944.9/14400s ETA=317.7s CUDA=366.2MiB
[native-refit] predictor-pure-760930003 updates=10330/12000 applied=10247 skipped=83 loss=0.026218902319669724 budget=1950.5/14400s ETA=315.3s CUDA=366.2MiB
[native-refit] predictor-pure-760930003 updates=10345/12000 applied=10262 skipped=83 loss=0.03083137981593609 budget=1955.8/14400s ETA=312.9s CUDA=366.2MiB
[native-refit] predictor-pure-760930003 updates=10360/12000 applied=10277 skipped=83 loss=0.019430603832006454 budget=1961.2/14400s ETA=310.5s CUDA=366.2MiB
[native-refit] predictor-pure-760930003 updates=10375/12000 applied=10292 skipped=83 loss=0.021807320415973663 budget=1966.7/14400s ETA=308.0s CUDA=366.2MiB
[native-refit] predictor-pure-760930003 updates=10390/12000 applied=10306 skipped=84 loss=0.028614914044737816 budget=1972.3/14400s ETA=305.6s CUDA=366.2MiB
[native-refit] predictor-pure-760930003 updates=10405/12000 applied=10321 skipped=84 loss=0.047133978456258774 budget=1977.9/14400s ETA=303.2s CUDA=366.2MiB
[native-refit] predictor-pure-760930003 updates=10420/12000 applied=10336 skipped=84 loss=0.031493041664361954 budget=1983.3/14400s ETA=300.7s CUDA=366.2MiB
[native-refit] predictor-pure-760930003 updates=10435/12000 applied=10351 skipped=84 loss=0.021745560690760612 budget=1988.9/14400s ETA=298.3s CUDA=366.2MiB
[native-refit] predictor-pure-760930003 updates=10450/12000 applied=10366 skipped=84 loss=0.021897872909903526 budget=1994.6/14400s ETA=295.8s CUDA=366.2MiB
[native-refit] predictor-pure-760930003 updates=10465/12000 applied=10381 skipped=84 loss=0.032770346850156784 budget=2000.1/14400s ETA=293.4s CUDA=366.2MiB
[native-refit] predictor-pure-760930003 updates=10480/12000 applied=10396 skipped=84 loss=0.023308847099542618 budget=2005.9/14400s ETA=290.9s CUDA=366.2MiB
[native-refit] predictor-pure-760930003 updates=10495/12000 applied=10411 skipped=84 loss=0.031507354229688644 budget=2011.4/14400s ETA=288.4s CUDA=366.2MiB
[native-refit] predictor-pure-760930003 updates=10510/12000 applied=10426 skipped=84 loss=0.022460846230387688 budget=2017.1/14400s ETA=286.0s CUDA=366.2MiB
[native-refit] predictor-pure-760930003 updates=10525/12000 applied=10441 skipped=84 loss=0.0292632058262825 budget=2022.8/14400s ETA=283.5s CUDA=366.2MiB
[native-refit] predictor-pure-760930003 updates=10540/12000 applied=10456 skipped=84 loss=0.039947185665369034 budget=2028.3/14400s ETA=281.0s CUDA=366.2MiB
[native-refit] predictor-pure-760930003 updates=10554/12000 applied=10470 skipped=84 loss=0.005086099728941917 budget=2033.3/14400s ETA=278.6s CUDA=366.2MiB
[native-refit] predictor-pure-760930003 updates=10567/12000 applied=10482 skipped=85 loss=0.031504396349191666 budget=2038.4/14400s ETA=276.4s CUDA=366.2MiB
[native-refit] predictor-pure-760930003 updates=10582/12000 applied=10497 skipped=85 loss=0.025420790538191795 budget=2044.0/14400s ETA=273.9s CUDA=366.2MiB
[native-refit] predictor-pure-760930003 updates=10597/12000 applied=10512 skipped=85 loss=0.016458796337246895 budget=2049.6/14400s ETA=271.4s CUDA=366.2MiB
[native-refit] predictor-pure-760930003 updates=10612/12000 applied=10527 skipped=85 loss=0.03711739182472229 budget=2055.3/14400s ETA=268.8s CUDA=366.2MiB
[native-refit] predictor-pure-760930003 updates=10627/12000 applied=10542 skipped=85 loss=0.028962494805455208 budget=2060.8/14400s ETA=266.3s CUDA=366.2MiB
[native-refit] predictor-pure-760930003 updates=10645/12000 applied=10559 skipped=86 loss=0.05627310276031494 budget=2066.5/14400s ETA=263.0s CUDA=366.2MiB
[native-refit] predictor-pure-760930003 updates=10660/12000 applied=10574 skipped=86 loss=0.021802326664328575 budget=2072.2/14400s ETA=260.5s CUDA=366.2MiB
[native-refit] predictor-pure-760930003 updates=10675/12000 applied=10589 skipped=86 loss=0.017810869961977005 budget=2077.7/14400s ETA=257.9s CUDA=366.2MiB
[native-refit] predictor-pure-760930003 updates=10690/12000 applied=10604 skipped=86 loss=0.01661382056772709 budget=2083.2/14400s ETA=255.3s CUDA=366.2MiB
[native-refit] predictor-pure-760930003 updates=10705/12000 applied=10619 skipped=86 loss=0.03347411006689072 budget=2088.7/14400s ETA=252.7s CUDA=366.2MiB
[native-refit] predictor-pure-760930003 updates=10719/12000 applied=10633 skipped=86 loss=0.006982609163969755 budget=2093.8/14400s ETA=250.2s CUDA=366.2MiB
[native-refit] predictor-pure-760930003 updates=10732/12000 applied=10646 skipped=86 loss=0.022203074768185616 budget=2099.3/14400s ETA=248.0s CUDA=366.2MiB
[native-refit] predictor-pure-760930003 updates=10747/12000 applied=10661 skipped=86 loss=0.015390414744615555 budget=2104.7/14400s ETA=245.4s CUDA=366.2MiB
[native-refit] predictor-pure-760930003 updates=10760/12000 applied=10674 skipped=86 loss=0.009065447375178337 budget=2109.7/14400s ETA=243.1s CUDA=366.2MiB
[native-refit] predictor-pure-760930003 updates=10774/12000 applied=10688 skipped=86 loss=0.01799894869327545 budget=2115.1/14400s ETA=240.7s CUDA=366.2MiB
[native-refit] predictor-pure-760930003 updates=10789/12000 applied=10703 skipped=86 loss=0.019016455858945847 budget=2120.7/14400s ETA=238.0s CUDA=366.2MiB
[native-refit] predictor-pure-760930003 updates=10804/12000 applied=10718 skipped=86 loss=0.017032641917467117 budget=2126.1/14400s ETA=235.4s CUDA=366.2MiB
[native-refit] predictor-pure-760930003 updates=10820/12000 applied=10733 skipped=87 loss=0.00775846978649497 budget=2131.3/14400s ETA=232.4s CUDA=366.2MiB
[native-refit] predictor-pure-760930003 updates=10834/12000 applied=10747 skipped=87 loss=0.02592078410089016 budget=2136.7/14400s ETA=230.0s CUDA=366.2MiB
[native-refit] predictor-pure-760930003 updates=10849/12000 applied=10762 skipped=87 loss=0.049091000109910965 budget=2142.3/14400s ETA=227.3s CUDA=366.2MiB
[native-refit] predictor-pure-760930003 updates=10864/12000 applied=10777 skipped=87 loss=0.016631267964839935 budget=2148.0/14400s ETA=224.6s CUDA=366.2MiB
[native-refit] predictor-pure-760930003 updates=10879/12000 applied=10792 skipped=87 loss=0.0336449034512043 budget=2153.4/14400s ETA=221.9s CUDA=366.2MiB
[native-refit] predictor-pure-760930003 updates=10894/12000 applied=10806 skipped=88 loss=0.03650570288300514 budget=2159.0/14400s ETA=219.2s CUDA=366.2MiB
[native-refit] predictor-pure-760930003 updates=10909/12000 applied=10821 skipped=88 loss=0.018936343491077423 budget=2164.8/14400s ETA=216.5s CUDA=366.2MiB
[native-refit] predictor-pure-760930003 updates=10924/12000 applied=10836 skipped=88 loss=0.032505620270967484 budget=2170.4/14400s ETA=213.8s CUDA=366.2MiB
[native-refit] predictor-pure-760930003 updates=10939/12000 applied=10851 skipped=88 loss=0.018856558948755264 budget=2175.9/14400s ETA=211.0s CUDA=366.2MiB
[native-refit] predictor-pure-760930003 updates=10954/12000 applied=10866 skipped=88 loss=0.05143560469150543 budget=2181.4/14400s ETA=208.3s CUDA=366.2MiB
[native-refit] predictor-pure-760930003 updates=10969/12000 applied=10881 skipped=88 loss=0.018934186547994614 budget=2186.9/14400s ETA=205.5s CUDA=366.2MiB
[native-refit] predictor-pure-760930003 updates=10984/12000 applied=10896 skipped=88 loss=0.032905127853155136 budget=2192.5/14400s ETA=202.8s CUDA=366.2MiB
[native-refit] predictor-pure-760930003 updates=10999/12000 applied=10911 skipped=88 loss=0.017151666805148125 budget=2198.3/14400s ETA=200.1s CUDA=366.2MiB
[native-refit] predictor-pure-760930003 updates=11012/12000 applied=10924 skipped=88 loss=0.00719449995085597 budget=2203.3/14400s ETA=197.7s CUDA=366.2MiB
[native-refit] predictor-pure-760930003 updates=11026/12000 applied=10938 skipped=88 loss=0.021474182605743408 budget=2208.6/14400s ETA=195.1s CUDA=366.2MiB
[native-refit] predictor-pure-760930003 updates=11041/12000 applied=10953 skipped=88 loss=0.01975381374359131 budget=2214.1/14400s ETA=192.3s CUDA=366.2MiB
[native-refit] predictor-pure-760930003 updates=11056/12000 applied=10968 skipped=88 loss=0.018565038219094276 budget=2219.8/14400s ETA=189.5s CUDA=366.2MiB
[native-refit] predictor-pure-760930003 updates=11071/12000 applied=10982 skipped=89 loss=0.02358892187476158 budget=2225.2/14400s ETA=186.7s CUDA=366.2MiB
[native-refit] predictor-pure-760930003 updates=11086/12000 applied=10997 skipped=89 loss=0.030720870941877365 budget=2230.7/14400s ETA=183.9s CUDA=366.2MiB
[native-refit] predictor-pure-760930003 updates=11101/12000 applied=11012 skipped=89 loss=0.013448973186314106 budget=2236.3/14400s ETA=181.1s CUDA=366.2MiB
[native-refit] predictor-pure-760930003 updates=11116/12000 applied=11027 skipped=89 loss=0.01650768145918846 budget=2241.7/14400s ETA=178.3s CUDA=366.2MiB
[native-refit] predictor-pure-760930003 updates=11131/12000 applied=11042 skipped=89 loss=0.023683613166213036 budget=2247.1/14400s ETA=175.4s CUDA=366.2MiB
[native-refit] predictor-pure-760930003 updates=11146/12000 applied=11056 skipped=90 loss=0.02034047804772854 budget=2252.6/14400s ETA=172.6s CUDA=366.2MiB
[native-refit] predictor-pure-760930003 updates=11161/12000 applied=11071 skipped=90 loss=0.011067361570894718 budget=2258.0/14400s ETA=169.7s CUDA=366.2MiB
[native-refit] predictor-pure-760930003 updates=11176/12000 applied=11086 skipped=90 loss=0.024130437523126602 budget=2263.7/14400s ETA=166.9s CUDA=366.2MiB
[native-refit] predictor-pure-760930003 updates=11191/12000 applied=11101 skipped=90 loss=0.0200638510286808 budget=2269.1/14400s ETA=164.0s CUDA=366.2MiB
[native-refit] predictor-pure-760930003 updates=11206/12000 applied=11116 skipped=90 loss=0.022775854915380478 budget=2274.7/14400s ETA=161.2s CUDA=366.2MiB
[native-refit] predictor-pure-760930003 updates=11221/12000 applied=11131 skipped=90 loss=0.016922621056437492 budget=2280.2/14400s ETA=158.3s CUDA=366.2MiB
[native-refit] predictor-pure-760930003 updates=11236/12000 applied=11146 skipped=90 loss=0.02097286656498909 budget=2285.8/14400s ETA=155.4s CUDA=366.2MiB
[native-refit] predictor-pure-760930003 updates=11251/12000 applied=11161 skipped=90 loss=0.017193051055073738 budget=2291.5/14400s ETA=152.5s CUDA=366.2MiB
[native-refit] predictor-pure-760930003 updates=11266/12000 applied=11176 skipped=90 loss=0.016082128509879112 budget=2297.2/14400s ETA=149.7s CUDA=366.2MiB
[native-refit] predictor-pure-760930003 updates=11281/12000 applied=11191 skipped=90 loss=0.017410118132829666 budget=2302.8/14400s ETA=146.8s CUDA=366.2MiB
[native-refit] predictor-pure-760930003 updates=11296/12000 applied=11206 skipped=90 loss=0.0199150200933218 budget=2308.5/14400s ETA=143.9s CUDA=366.2MiB
[native-refit] predictor-pure-760930003 updates=11311/12000 applied=11220 skipped=91 loss=0.01637091673910618 budget=2314.1/14400s ETA=141.0s CUDA=366.2MiB
[native-refit] predictor-pure-760930003 updates=11326/12000 applied=11235 skipped=91 loss=0.022152705118060112 budget=2319.9/14400s ETA=138.1s CUDA=366.2MiB
[native-refit] predictor-pure-760930003 updates=11341/12000 applied=11250 skipped=91 loss=0.013116349466145039 budget=2325.4/14400s ETA=135.1s CUDA=366.2MiB
[native-refit] predictor-pure-760930003 updates=11356/12000 applied=11265 skipped=91 loss=0.019533932209014893 budget=2331.1/14400s ETA=132.2s CUDA=366.2MiB
[native-refit] predictor-pure-760930003 updates=11371/12000 applied=11280 skipped=91 loss=0.017365004867315292 budget=2336.7/14400s ETA=129.3s CUDA=366.2MiB
[native-refit] predictor-pure-760930003 updates=11387/12000 applied=11295 skipped=92 loss=0.006212728098034859 budget=2341.9/14400s ETA=126.1s CUDA=366.2MiB
[native-refit] predictor-pure-760930003 updates=11401/12000 applied=11309 skipped=92 loss=0.013164510950446129 budget=2347.0/14400s ETA=123.3s CUDA=366.2MiB
[native-refit] predictor-pure-760930003 updates=11415/12000 applied=11323 skipped=92 loss=0.0074104913510382175 budget=2352.1/14400s ETA=120.5s CUDA=366.2MiB
[native-refit] predictor-pure-760930003 updates=11428/12000 applied=11336 skipped=92 loss=0.022726329043507576 budget=2357.5/14400s ETA=118.0s CUDA=366.2MiB
[native-refit] predictor-pure-760930003 updates=11443/12000 applied=11351 skipped=92 loss=0.018698547035455704 budget=2362.9/14400s ETA=115.0s CUDA=366.2MiB
[native-refit] predictor-pure-760930003 updates=11458/12000 applied=11366 skipped=92 loss=0.012539022602140903 budget=2368.6/14400s ETA=112.0s CUDA=366.2MiB
[native-refit] predictor-pure-760930003 updates=11473/12000 applied=11381 skipped=92 loss=0.014724126085639 budget=2374.0/14400s ETA=109.0s CUDA=366.2MiB
[native-refit] predictor-pure-760930003 updates=11488/12000 applied=11396 skipped=92 loss=0.015745781362056732 budget=2379.5/14400s ETA=106.1s CUDA=366.2MiB
[native-refit] predictor-pure-760930003 updates=11503/12000 applied=11411 skipped=92 loss=0.017422804608941078 budget=2385.1/14400s ETA=103.0s CUDA=366.2MiB
[native-refit] predictor-pure-760930003 updates=11518/12000 applied=11426 skipped=92 loss=0.011615132912993431 budget=2391.0/14400s ETA=100.1s CUDA=366.2MiB
[native-refit] predictor-pure-760930003 updates=11533/12000 applied=11441 skipped=92 loss=0.01731185056269169 budget=2396.7/14400s ETA=97.0s CUDA=366.2MiB
[native-refit] predictor-pure-760930003 updates=11548/12000 applied=11456 skipped=92 loss=0.028763312846422195 budget=2402.3/14400s ETA=94.0s CUDA=366.2MiB
[native-refit] predictor-pure-760930003 updates=11564/12000 applied=11471 skipped=93 loss=0.006550450809299946 budget=2407.4/14400s ETA=90.8s CUDA=366.2MiB
[native-refit] predictor-pure-760930003 updates=11578/12000 applied=11485 skipped=93 loss=0.024330195039510727 budget=2412.7/14400s ETA=87.9s CUDA=366.2MiB
[native-refit] predictor-pure-760930003 updates=11593/12000 applied=11500 skipped=93 loss=0.012846148572862148 budget=2418.3/14400s ETA=84.9s CUDA=366.2MiB
[native-refit] predictor-pure-760930003 updates=11608/12000 applied=11515 skipped=93 loss=0.017442934215068817 budget=2423.8/14400s ETA=81.8s CUDA=366.2MiB
[native-refit] predictor-pure-760930003 updates=11623/12000 applied=11530 skipped=93 loss=0.01665404625236988 budget=2429.4/14400s ETA=78.8s CUDA=366.2MiB
[native-refit] predictor-pure-760930003 updates=11638/12000 applied=11544 skipped=94 loss=0.019643163308501244 budget=2434.8/14400s ETA=75.7s CUDA=366.2MiB
[native-refit] predictor-pure-760930003 updates=11653/12000 applied=11559 skipped=94 loss=0.013791966252028942 budget=2440.3/14400s ETA=72.7s CUDA=366.2MiB
[native-refit] predictor-pure-760930003 updates=11668/12000 applied=11574 skipped=94 loss=0.026125863194465637 budget=2445.7/14400s ETA=69.6s CUDA=366.2MiB
[native-refit] predictor-pure-760930003 updates=11683/12000 applied=11589 skipped=94 loss=0.012768393382430077 budget=2451.3/14400s ETA=66.5s CUDA=366.2MiB
[native-refit] predictor-pure-760930003 updates=11698/12000 applied=11604 skipped=94 loss=0.012553460896015167 budget=2456.9/14400s ETA=63.4s CUDA=366.2MiB
[native-refit] predictor-pure-760930003 updates=11713/12000 applied=11619 skipped=94 loss=0.01937803626060486 budget=2462.4/14400s ETA=60.3s CUDA=366.2MiB
[native-refit] predictor-pure-760930003 updates=11728/12000 applied=11634 skipped=94 loss=0.014140996150672436 budget=2468.1/14400s ETA=57.2s CUDA=366.2MiB
[native-refit] predictor-pure-760930003 updates=11743/12000 applied=11649 skipped=94 loss=0.014471118338406086 budget=2473.6/14400s ETA=54.1s CUDA=366.2MiB
[native-refit] predictor-pure-760930003 updates=11756/12000 applied=11662 skipped=94 loss=0.0058881016448140144 budget=2478.6/14400s ETA=51.4s CUDA=366.2MiB
[native-refit] predictor-pure-760930003 updates=11770/12000 applied=11676 skipped=94 loss=0.014366842806339264 budget=2484.0/14400s ETA=48.5s CUDA=366.2MiB
[native-refit] predictor-pure-760930003 updates=11785/12000 applied=11691 skipped=94 loss=0.01231488585472107 budget=2489.8/14400s ETA=45.4s CUDA=366.2MiB
[native-refit] predictor-pure-760930003 updates=11800/12000 applied=11706 skipped=94 loss=0.01677633821964264 budget=2495.3/14400s ETA=42.3s CUDA=366.2MiB
[native-refit] predictor-pure-760930003 updates=11815/12000 applied=11720 skipped=95 loss=0.013156449422240257 budget=2500.9/14400s ETA=39.2s CUDA=366.2MiB
[native-refit] predictor-pure-760930003 updates=11830/12000 applied=11735 skipped=95 loss=0.013629010878503323 budget=2506.5/14400s ETA=36.0s CUDA=366.2MiB
[native-refit] predictor-pure-760930003 updates=11845/12000 applied=11750 skipped=95 loss=0.02050309255719185 budget=2512.1/14400s ETA=32.9s CUDA=366.2MiB
[native-refit] predictor-pure-760930003 updates=11860/12000 applied=11765 skipped=95 loss=0.012814458459615707 budget=2517.7/14400s ETA=29.7s CUDA=366.2MiB
[native-refit] predictor-pure-760930003 updates=11875/12000 applied=11780 skipped=95 loss=0.011662371456623077 budget=2523.2/14400s ETA=26.6s CUDA=366.2MiB
[native-refit] predictor-pure-760930003 updates=11890/12000 applied=11794 skipped=96 loss=0.018608184531331062 budget=2528.8/14400s ETA=23.4s CUDA=366.2MiB
[native-refit] predictor-pure-760930003 updates=11905/12000 applied=11809 skipped=96 loss=0.0232373159378767 budget=2534.5/14400s ETA=20.2s CUDA=366.2MiB
[native-refit] predictor-pure-760930003 updates=11920/12000 applied=11824 skipped=96 loss=0.01776517927646637 budget=2540.2/14400s ETA=17.0s CUDA=366.2MiB
[native-refit] predictor-pure-760930003 updates=11935/12000 applied=11839 skipped=96 loss=0.02708788774907589 budget=2545.7/14400s ETA=13.9s CUDA=366.2MiB
[native-refit] predictor-pure-760930003 updates=11950/12000 applied=11854 skipped=96 loss=0.019438914954662323 budget=2551.4/14400s ETA=10.7s CUDA=366.2MiB
[native-refit] predictor-pure-760930003 updates=11965/12000 applied=11869 skipped=96 loss=0.019375819712877274 budget=2556.9/14400s ETA=7.5s CUDA=366.2MiB
[native-refit] predictor-pure-760930003 updates=11980/12000 applied=11884 skipped=96 loss=0.017678800970315933 budget=2562.6/14400s ETA=4.3s CUDA=366.2MiB
[native-refit] predictor-pure-760930003 updates=11995/12000 applied=11899 skipped=96 loss=2.353825807571411 budget=2568.3/14400s ETA=1.1s CUDA=366.2MiB
[native-refit] predictor-pure-760930003 updates=12000/12000 applied=11904 skipped=96 loss=0.0827549397945404 budget=2569.8/14400s ETA=0.0s CUDA=366.2MiB
[native-refit] balanced-native controller hybrid seed=760930001 teacher=10/250
[native-refit] balanced-native controller hybrid seed=760930001 teacher=20/250
[native-refit] balanced-native controller hybrid seed=760930001 teacher=30/250
[native-refit] balanced-native controller hybrid seed=760930001 teacher=40/250
[native-refit] balanced-native controller hybrid seed=760930001 teacher=50/250
[native-refit] balanced-native controller hybrid seed=760930001 teacher=60/250
[native-refit] balanced-native controller hybrid seed=760930001 teacher=70/250
[native-refit] balanced-native controller hybrid seed=760930001 teacher=80/250
[native-refit] balanced-native controller hybrid seed=760930001 teacher=90/250
[native-refit] balanced-native controller hybrid seed=760930001 teacher=100/250
[native-refit] balanced-native controller hybrid seed=760930001 teacher=110/250
[native-refit] balanced-native controller hybrid seed=760930001 teacher=120/250
[native-refit] balanced-native controller hybrid seed=760930001 teacher=130/250
[native-refit] balanced-native controller hybrid seed=760930001 teacher=140/250
[native-refit] balanced-native controller hybrid seed=760930001 teacher=150/250
[native-refit] balanced-native controller hybrid seed=760930001 teacher=160/250
[native-refit] balanced-native controller hybrid seed=760930001 teacher=170/250
[native-refit] balanced-native controller hybrid seed=760930001 teacher=180/250
[native-refit] balanced-native controller hybrid seed=760930001 teacher=190/250
[native-refit] balanced-native controller hybrid seed=760930001 teacher=200/250
[native-refit] balanced-native controller hybrid seed=760930001 teacher=210/250
[native-refit] balanced-native controller hybrid seed=760930001 teacher=220/250
[native-refit] balanced-native controller hybrid seed=760930001 teacher=230/250
[native-refit] balanced-native controller hybrid seed=760930001 teacher=240/250
[native-refit] balanced-native controller hybrid seed=760930001 teacher=250/250
[native-refit] controller-hybrid-760930001 updates=152/4000 applied=150 skipped=2 loss=1.1495482921600342 budget=31.8/3600s ETA=126.8s CUDA=49.5MiB
[native-refit] controller-hybrid-760930001 updates=304/4000 applied=302 skipped=2 loss=1.5206403732299805 budget=36.8/3600s ETA=121.8s CUDA=49.5MiB
[native-refit] controller-hybrid-760930001 updates=443/4000 applied=439 skipped=4 loss=1.1495091915130615 budget=41.8/3600s ETA=120.6s CUDA=49.5MiB
[native-refit] controller-hybrid-760930001 updates=585/4000 applied=580 skipped=5 loss=1.1111071109771729 budget=46.8/3600s ETA=117.1s CUDA=49.5MiB
[native-refit] controller-hybrid-760930001 updates=727/4000 applied=721 skipped=6 loss=1.0087170600891113 budget=51.8/3600s ETA=112.9s CUDA=49.5MiB
[native-refit] controller-hybrid-760930001 updates=872/4000 applied=865 skipped=7 loss=1.07650625705719 budget=56.8/3600s ETA=107.9s CUDA=49.5MiB
[native-refit] controller-hybrid-760930001 updates=1010/4000 applied=1002 skipped=8 loss=1.3713616132736206 budget=61.8/3600s ETA=103.9s CUDA=49.5MiB
[native-refit] controller-hybrid-760930001 updates=1142/4000 applied=1132 skipped=10 loss=1.044296145439148 budget=66.9/3600s ETA=100.4s CUDA=49.5MiB
[native-refit] controller-hybrid-760930001 updates=1270/4000 applied=1260 skipped=10 loss=1.1176540851593018 budget=71.9/3600s ETA=97.1s CUDA=49.5MiB
[native-refit] controller-hybrid-760930001 updates=1405/4000 applied=1393 skipped=12 loss=1.1937668323516846 budget=76.9/3600s ETA=92.6s CUDA=49.5MiB
[native-refit] controller-hybrid-760930001 updates=1541/4000 applied=1529 skipped=12 loss=1.0240051746368408 budget=81.9/3600s ETA=88.0s CUDA=49.5MiB
[native-refit] controller-hybrid-760930001 updates=1678/4000 applied=1664 skipped=14 loss=1.3335717916488647 budget=86.9/3600s ETA=83.3s CUDA=49.5MiB
[native-refit] controller-hybrid-760930001 updates=1807/4000 applied=1792 skipped=15 loss=1.2674528360366821 budget=91.9/3600s ETA=79.1s CUDA=49.5MiB
[native-refit] controller-hybrid-760930001 updates=1943/4000 applied=1927 skipped=16 loss=1.1104958057403564 budget=96.9/3600s ETA=74.3s CUDA=49.5MiB
[native-refit] controller-hybrid-760930001 updates=2078/4000 applied=2061 skipped=17 loss=1.4683506488800049 budget=102.0/3600s ETA=69.6s CUDA=49.5MiB
[native-refit] controller-hybrid-760930001 updates=2217/4000 applied=2199 skipped=18 loss=1.2378580570220947 budget=107.0/3600s ETA=64.5s CUDA=49.5MiB
[native-refit] controller-hybrid-760930001 updates=2358/4000 applied=2339 skipped=19 loss=1.6090307235717773 budget=112.0/3600s ETA=59.4s CUDA=49.5MiB
[native-refit] controller-hybrid-760930001 updates=2494/4000 applied=2474 skipped=20 loss=1.6949913501739502 budget=117.0/3600s ETA=54.5s CUDA=49.5MiB
[native-refit] controller-hybrid-760930001 updates=2628/4000 applied=2607 skipped=21 loss=1.0481241941452026 budget=122.0/3600s ETA=49.7s CUDA=49.5MiB
[native-refit] controller-hybrid-760930001 updates=2765/4000 applied=2743 skipped=22 loss=1.167454481124878 budget=127.1/3600s ETA=44.8s CUDA=49.5MiB
[native-refit] controller-hybrid-760930001 updates=2898/4000 applied=2874 skipped=24 loss=1.0721491575241089 budget=132.1/3600s ETA=40.1s CUDA=49.5MiB
[native-refit] controller-hybrid-760930001 updates=3032/4000 applied=3008 skipped=24 loss=1.2334589958190918 budget=137.1/3600s ETA=35.2s CUDA=49.5MiB
[native-refit] controller-hybrid-760930001 updates=3174/4000 applied=3148 skipped=26 loss=0.9225180149078369 budget=142.1/3600s ETA=30.0s CUDA=49.5MiB
[native-refit] controller-hybrid-760930001 updates=3307/4000 applied=3280 skipped=27 loss=1.172532320022583 budget=147.1/3600s ETA=25.2s CUDA=49.5MiB
[native-refit] controller-hybrid-760930001 updates=3441/4000 applied=3413 skipped=28 loss=1.2561691999435425 budget=152.2/3600s ETA=20.4s CUDA=49.5MiB
[native-refit] controller-hybrid-760930001 updates=3577/4000 applied=3548 skipped=29 loss=1.3626670837402344 budget=157.2/3600s ETA=15.4s CUDA=49.5MiB
[native-refit] controller-hybrid-760930001 updates=3709/4000 applied=3679 skipped=30 loss=1.3030357360839844 budget=162.2/3600s ETA=10.6s CUDA=49.5MiB
[native-refit] controller-hybrid-760930001 updates=3852/4000 applied=3821 skipped=31 loss=1.2219882011413574 budget=167.2/3600s ETA=5.4s CUDA=49.5MiB
[native-refit] controller-hybrid-760930001 updates=3993/4000 applied=3961 skipped=32 loss=1.5655186176300049 budget=172.2/3600s ETA=0.3s CUDA=49.5MiB
[native-refit] controller-hybrid-760930001 updates=4000/4000 applied=3968 skipped=32 loss=1.2746442556381226 budget=172.5/3600s ETA=0.0s CUDA=49.5MiB
[native-refit] balanced-native controller pure seed=760930001 teacher=10/250
[native-refit] balanced-native controller pure seed=760930001 teacher=20/250
[native-refit] balanced-native controller pure seed=760930001 teacher=30/250
[native-refit] balanced-native controller pure seed=760930001 teacher=40/250
[native-refit] balanced-native controller pure seed=760930001 teacher=50/250
[native-refit] balanced-native controller pure seed=760930001 teacher=60/250
[native-refit] balanced-native controller pure seed=760930001 teacher=70/250
[native-refit] balanced-native controller pure seed=760930001 teacher=80/250
[native-refit] balanced-native controller pure seed=760930001 teacher=90/250
[native-refit] balanced-native controller pure seed=760930001 teacher=100/250
[native-refit] balanced-native controller pure seed=760930001 teacher=110/250
[native-refit] balanced-native controller pure seed=760930001 teacher=120/250
[native-refit] balanced-native controller pure seed=760930001 teacher=130/250
[native-refit] balanced-native controller pure seed=760930001 teacher=140/250
[native-refit] balanced-native controller pure seed=760930001 teacher=150/250
[native-refit] balanced-native controller pure seed=760930001 teacher=160/250
[native-refit] balanced-native controller pure seed=760930001 teacher=170/250
[native-refit] balanced-native controller pure seed=760930001 teacher=180/250
[native-refit] balanced-native controller pure seed=760930001 teacher=190/250
[native-refit] balanced-native controller pure seed=760930001 teacher=200/250
[native-refit] balanced-native controller pure seed=760930001 teacher=210/250
[native-refit] balanced-native controller pure seed=760930001 teacher=220/250
[native-refit] balanced-native controller pure seed=760930001 teacher=230/250
[native-refit] balanced-native controller pure seed=760930001 teacher=240/250
[native-refit] balanced-native controller pure seed=760930001 teacher=250/250
[native-refit] controller-pure-760930001 updates=158/4000 applied=156 skipped=2 loss=1.1950541734695435 budget=24.6/3600s ETA=121.7s CUDA=50.0MiB
[native-refit] controller-pure-760930001 updates=307/4000 applied=304 skipped=3 loss=1.054542899131775 budget=29.6/3600s ETA=120.5s CUDA=50.0MiB
[native-refit] controller-pure-760930001 updates=446/4000 applied=442 skipped=4 loss=1.0683786869049072 budget=34.7/3600s ETA=119.9s CUDA=50.0MiB
[native-refit] controller-pure-760930001 updates=583/4000 applied=578 skipped=5 loss=1.0119061470031738 budget=39.7/3600s ETA=117.7s CUDA=50.0MiB
[native-refit] controller-pure-760930001 updates=713/4000 applied=707 skipped=6 loss=1.0377404689788818 budget=44.7/3600s ETA=115.8s CUDA=50.0MiB
[native-refit] controller-pure-760930001 updates=852/4000 applied=845 skipped=7 loss=1.0257620811462402 budget=49.7/3600s ETA=111.3s CUDA=50.0MiB
[native-refit] controller-pure-760930001 updates=992/4000 applied=984 skipped=8 loss=0.9123399257659912 budget=54.7/3600s ETA=106.5s CUDA=50.0MiB
[native-refit] controller-pure-760930001 updates=1121/4000 applied=1112 skipped=9 loss=1.0423272848129272 budget=59.8/3600s ETA=103.1s CUDA=50.0MiB
[native-refit] controller-pure-760930001 updates=1253/4000 applied=1243 skipped=10 loss=0.9742905497550964 budget=64.8/3600s ETA=99.0s CUDA=50.0MiB
[native-refit] controller-pure-760930001 updates=1389/4000 applied=1377 skipped=12 loss=1.0510163307189941 budget=69.8/3600s ETA=94.3s CUDA=50.0MiB
[native-refit] controller-pure-760930001 updates=1529/4000 applied=1517 skipped=12 loss=1.0643751621246338 budget=74.8/3600s ETA=89.2s CUDA=50.0MiB
[native-refit] controller-pure-760930001 updates=1670/4000 applied=1656 skipped=14 loss=1.01486074924469 budget=79.8/3600s ETA=84.0s CUDA=50.0MiB
[native-refit] controller-pure-760930001 updates=1804/4000 applied=1790 skipped=14 loss=1.0880476236343384 budget=84.8/3600s ETA=79.4s CUDA=50.0MiB
[native-refit] controller-pure-760930001 updates=1940/4000 applied=1924 skipped=16 loss=0.958839476108551 budget=89.9/3600s ETA=74.6s CUDA=50.0MiB
[native-refit] controller-pure-760930001 updates=2079/4000 applied=2062 skipped=17 loss=0.9705317616462708 budget=94.9/3600s ETA=69.5s CUDA=50.0MiB
[native-refit] controller-pure-760930001 updates=2212/4000 applied=2194 skipped=18 loss=0.9920613765716553 budget=99.9/3600s ETA=64.9s CUDA=50.0MiB
[native-refit] controller-pure-760930001 updates=2342/4000 applied=2323 skipped=19 loss=1.1063436269760132 budget=104.9/3600s ETA=60.4s CUDA=50.0MiB
[native-refit] controller-pure-760930001 updates=2471/4000 applied=2451 skipped=20 loss=0.9783772230148315 budget=109.9/3600s ETA=55.9s CUDA=50.0MiB
[native-refit] controller-pure-760930001 updates=2608/4000 applied=2587 skipped=21 loss=1.172454833984375 budget=114.9/3600s ETA=50.9s CUDA=50.0MiB
[native-refit] controller-pure-760930001 updates=2749/4000 applied=2727 skipped=22 loss=1.1057770252227783 budget=120.0/3600s ETA=45.7s CUDA=50.0MiB
[native-refit] controller-pure-760930001 updates=2885/4000 applied=2861 skipped=24 loss=1.0359658002853394 budget=125.0/3600s ETA=40.7s CUDA=50.0MiB
[native-refit] controller-pure-760930001 updates=3025/4000 applied=3001 skipped=24 loss=1.0303056240081787 budget=130.0/3600s ETA=35.6s CUDA=50.0MiB
[native-refit] controller-pure-760930001 updates=3164/4000 applied=3138 skipped=26 loss=0.9378899335861206 budget=135.1/3600s ETA=30.5s CUDA=50.0MiB
[native-refit] controller-pure-760930001 updates=3297/4000 applied=3271 skipped=26 loss=0.9601634740829468 budget=140.1/3600s ETA=25.7s CUDA=50.0MiB
[native-refit] controller-pure-760930001 updates=3434/4000 applied=3406 skipped=28 loss=1.0226070880889893 budget=145.1/3600s ETA=20.7s CUDA=50.0MiB
[native-refit] controller-pure-760930001 updates=3570/4000 applied=3541 skipped=29 loss=1.0050456523895264 budget=150.1/3600s ETA=15.7s CUDA=50.0MiB
[native-refit] controller-pure-760930001 updates=3710/4000 applied=3680 skipped=30 loss=1.0142223834991455 budget=155.2/3600s ETA=10.6s CUDA=50.0MiB
[native-refit] controller-pure-760930001 updates=3843/4000 applied=3812 skipped=31 loss=1.0797436237335205 budget=160.2/3600s ETA=5.7s CUDA=50.0MiB
[native-refit] controller-pure-760930001 updates=3980/4000 applied=3948 skipped=32 loss=1.083510398864746 budget=165.2/3600s ETA=0.7s CUDA=50.0MiB
[native-refit] controller-pure-760930001 updates=4000/4000 applied=3968 skipped=32 loss=1.0192170143127441 budget=165.9/3600s ETA=0.0s CUDA=50.0MiB
[native-refit] balanced-native controller hybrid seed=760930002 teacher=10/250
[native-refit] balanced-native controller hybrid seed=760930002 teacher=20/250
[native-refit] balanced-native controller hybrid seed=760930002 teacher=30/250
[native-refit] balanced-native controller hybrid seed=760930002 teacher=40/250
[native-refit] balanced-native controller hybrid seed=760930002 teacher=50/250
[native-refit] balanced-native controller hybrid seed=760930002 teacher=60/250
[native-refit] balanced-native controller hybrid seed=760930002 teacher=70/250
[native-refit] balanced-native controller hybrid seed=760930002 teacher=80/250
[native-refit] balanced-native controller hybrid seed=760930002 teacher=90/250
[native-refit] balanced-native controller hybrid seed=760930002 teacher=100/250
[native-refit] balanced-native controller hybrid seed=760930002 teacher=110/250
[native-refit] balanced-native controller hybrid seed=760930002 teacher=120/250
[native-refit] balanced-native controller hybrid seed=760930002 teacher=130/250
[native-refit] balanced-native controller hybrid seed=760930002 teacher=140/250
[native-refit] balanced-native controller hybrid seed=760930002 teacher=150/250
[native-refit] balanced-native controller hybrid seed=760930002 teacher=160/250
[native-refit] balanced-native controller hybrid seed=760930002 teacher=170/250
[native-refit] balanced-native controller hybrid seed=760930002 teacher=180/250
[native-refit] balanced-native controller hybrid seed=760930002 teacher=190/250
[native-refit] balanced-native controller hybrid seed=760930002 teacher=200/250
[native-refit] balanced-native controller hybrid seed=760930002 teacher=210/250
[native-refit] balanced-native controller hybrid seed=760930002 teacher=220/250
[native-refit] balanced-native controller hybrid seed=760930002 teacher=230/250
[native-refit] balanced-native controller hybrid seed=760930002 teacher=240/250
[native-refit] balanced-native controller hybrid seed=760930002 teacher=250/250
[native-refit] controller-hybrid-760930002 updates=149/4000 applied=147 skipped=2 loss=1.7782721519470215 budget=31.5/3600s ETA=129.8s CUDA=50.7MiB
[native-refit] controller-hybrid-760930002 updates=303/4000 applied=301 skipped=2 loss=1.4687836170196533 budget=36.4/3600s ETA=122.4s CUDA=50.7MiB
[native-refit] controller-hybrid-760930002 updates=441/4000 applied=437 skipped=4 loss=1.5054008960723877 budget=41.5/3600s ETA=121.3s CUDA=50.7MiB
[native-refit] controller-hybrid-760930002 updates=575/4000 applied=570 skipped=5 loss=1.7258005142211914 budget=46.5/3600s ETA=119.3s CUDA=50.7MiB
[native-refit] controller-hybrid-760930002 updates=707/4000 applied=701 skipped=6 loss=1.2289197444915771 budget=51.5/3600s ETA=116.8s CUDA=50.7MiB
[native-refit] controller-hybrid-760930002 updates=843/4000 applied=836 skipped=7 loss=1.1509323120117188 budget=56.5/3600s ETA=112.7s CUDA=50.7MiB
[native-refit] controller-hybrid-760930002 updates=983/4000 applied=975 skipped=8 loss=1.2765231132507324 budget=61.5/3600s ETA=107.7s CUDA=50.7MiB
[native-refit] controller-hybrid-760930002 updates=1115/4000 applied=1106 skipped=9 loss=1.325275182723999 budget=66.6/3600s ETA=103.8s CUDA=50.7MiB
[native-refit] controller-hybrid-760930002 updates=1251/4000 applied=1241 skipped=10 loss=1.6702415943145752 budget=71.6/3600s ETA=99.2s CUDA=50.7MiB
[native-refit] controller-hybrid-760930002 updates=1391/4000 applied=1379 skipped=12 loss=1.2155858278274536 budget=76.6/3600s ETA=94.1s CUDA=50.7MiB
[native-refit] controller-hybrid-760930002 updates=1520/4000 applied=1508 skipped=12 loss=1.4217164516448975 budget=81.6/3600s ETA=90.0s CUDA=50.7MiB
[native-refit] controller-hybrid-760930002 updates=1655/4000 applied=1641 skipped=14 loss=1.2559359073638916 budget=86.6/3600s ETA=85.3s CUDA=50.7MiB
[native-refit] controller-hybrid-760930002 updates=1791/4000 applied=1777 skipped=14 loss=1.5505712032318115 budget=91.7/3600s ETA=80.5s CUDA=50.7MiB
[native-refit] controller-hybrid-760930002 updates=1932/4000 applied=1916 skipped=16 loss=1.4138652086257935 budget=96.7/3600s ETA=75.2s CUDA=50.7MiB
[native-refit] controller-hybrid-760930002 updates=2068/4000 applied=2051 skipped=17 loss=1.2036410570144653 budget=101.7/3600s ETA=70.3s CUDA=50.7MiB
[native-refit] controller-hybrid-760930002 updates=2200/4000 applied=2182 skipped=18 loss=1.5355353355407715 budget=106.7/3600s ETA=65.7s CUDA=50.7MiB
[native-refit] controller-hybrid-760930002 updates=2339/4000 applied=2320 skipped=19 loss=1.1094844341278076 budget=111.7/3600s ETA=60.6s CUDA=50.7MiB
[native-refit] controller-hybrid-760930002 updates=2478/4000 applied=2458 skipped=20 loss=1.3628640174865723 budget=116.8/3600s ETA=55.5s CUDA=50.7MiB
[native-refit] controller-hybrid-760930002 updates=2613/4000 applied=2592 skipped=21 loss=1.3697844743728638 budget=121.7/3600s ETA=50.6s CUDA=50.7MiB
[native-refit] controller-hybrid-760930002 updates=2746/4000 applied=2724 skipped=22 loss=1.284392237663269 budget=126.8/3600s ETA=45.8s CUDA=50.7MiB
[native-refit] controller-hybrid-760930002 updates=2881/4000 applied=2858 skipped=23 loss=1.4028122425079346 budget=131.8/3600s ETA=40.9s CUDA=50.7MiB
[native-refit] controller-hybrid-760930002 updates=3019/4000 applied=2995 skipped=24 loss=1.3582361936569214 budget=136.8/3600s ETA=35.9s CUDA=50.7MiB
[native-refit] controller-hybrid-760930002 updates=3151/4000 applied=3125 skipped=26 loss=1.4062860012054443 budget=141.9/3600s ETA=31.1s CUDA=50.7MiB
[native-refit] controller-hybrid-760930002 updates=3285/4000 applied=3259 skipped=26 loss=1.4753727912902832 budget=146.9/3600s ETA=26.2s CUDA=50.7MiB
[native-refit] controller-hybrid-760930002 updates=3424/4000 applied=3396 skipped=28 loss=1.1252219676971436 budget=151.9/3600s ETA=21.1s CUDA=50.7MiB
[native-refit] controller-hybrid-760930002 updates=3562/4000 applied=3533 skipped=29 loss=1.16898775100708 budget=156.9/3600s ETA=16.0s CUDA=50.7MiB
[native-refit] controller-hybrid-760930002 updates=3697/4000 applied=3667 skipped=30 loss=1.521457552909851 budget=161.9/3600s ETA=11.1s CUDA=50.7MiB
[native-refit] controller-hybrid-760930002 updates=3834/4000 applied=3803 skipped=31 loss=1.2690895795822144 budget=166.9/3600s ETA=6.1s CUDA=50.7MiB
[native-refit] controller-hybrid-760930002 updates=3970/4000 applied=3938 skipped=32 loss=1.0827299356460571 budget=171.9/3600s ETA=1.1s CUDA=50.7MiB
[native-refit] controller-hybrid-760930002 updates=4000/4000 applied=3968 skipped=32 loss=1.51515793800354 budget=173.0/3600s ETA=0.0s CUDA=50.7MiB
[native-refit] balanced-native controller pure seed=760930002 teacher=10/250
[native-refit] balanced-native controller pure seed=760930002 teacher=20/250
[native-refit] balanced-native controller pure seed=760930002 teacher=30/250
[native-refit] balanced-native controller pure seed=760930002 teacher=40/250
[native-refit] balanced-native controller pure seed=760930002 teacher=50/250
[native-refit] balanced-native controller pure seed=760930002 teacher=60/250
[native-refit] balanced-native controller pure seed=760930002 teacher=70/250
[native-refit] balanced-native controller pure seed=760930002 teacher=80/250
[native-refit] balanced-native controller pure seed=760930002 teacher=90/250
[native-refit] balanced-native controller pure seed=760930002 teacher=100/250
[native-refit] balanced-native controller pure seed=760930002 teacher=110/250
[native-refit] balanced-native controller pure seed=760930002 teacher=120/250
[native-refit] balanced-native controller pure seed=760930002 teacher=130/250
[native-refit] balanced-native controller pure seed=760930002 teacher=140/250
[native-refit] balanced-native controller pure seed=760930002 teacher=150/250
[native-refit] balanced-native controller pure seed=760930002 teacher=160/250
[native-refit] balanced-native controller pure seed=760930002 teacher=170/250
[native-refit] balanced-native controller pure seed=760930002 teacher=180/250
[native-refit] balanced-native controller pure seed=760930002 teacher=190/250
[native-refit] balanced-native controller pure seed=760930002 teacher=200/250
[native-refit] balanced-native controller pure seed=760930002 teacher=210/250
[native-refit] balanced-native controller pure seed=760930002 teacher=220/250
[native-refit] balanced-native controller pure seed=760930002 teacher=230/250
[native-refit] balanced-native controller pure seed=760930002 teacher=240/250
[native-refit] balanced-native controller pure seed=760930002 teacher=250/250
[native-refit] controller-pure-760930002 updates=156/4000 applied=154 skipped=2 loss=1.0150346755981445 budget=24.5/3600s ETA=124.1s CUDA=50.0MiB
[native-refit] controller-pure-760930002 updates=311/4000 applied=308 skipped=3 loss=1.1708718538284302 budget=29.5/3600s ETA=119.2s CUDA=50.0MiB
[native-refit] controller-pure-760930002 updates=454/4000 applied=450 skipped=4 loss=1.102180004119873 budget=34.5/3600s ETA=117.7s CUDA=50.0MiB
[native-refit] controller-pure-760930002 updates=590/4000 applied=585 skipped=5 loss=1.0522003173828125 budget=39.6/3600s ETA=116.0s CUDA=50.0MiB
[native-refit] controller-pure-760930002 updates=731/4000 applied=725 skipped=6 loss=0.9645571708679199 budget=44.6/3600s ETA=112.2s CUDA=50.0MiB
[native-refit] controller-pure-760930002 updates=870/4000 applied=863 skipped=7 loss=1.0184050798416138 budget=49.6/3600s ETA=108.3s CUDA=50.0MiB
[native-refit] controller-pure-760930002 updates=1009/4000 applied=1001 skipped=8 loss=1.080305576324463 budget=54.6/3600s ETA=104.0s CUDA=50.0MiB
[native-refit] controller-pure-760930002 updates=1150/4000 applied=1140 skipped=10 loss=1.004449486732483 budget=59.6/3600s ETA=99.4s CUDA=50.0MiB
[native-refit] controller-pure-760930002 updates=1291/4000 applied=1281 skipped=10 loss=1.0932090282440186 budget=64.6/3600s ETA=94.7s CUDA=50.0MiB
[native-refit] controller-pure-760930002 updates=1431/4000 applied=1419 skipped=12 loss=1.054643154144287 budget=69.6/3600s ETA=90.0s CUDA=50.0MiB
[native-refit] controller-pure-760930002 updates=1571/4000 applied=1558 skipped=13 loss=0.9753720760345459 budget=74.6/3600s ETA=85.3s CUDA=50.0MiB
[native-refit] controller-pure-760930002 updates=1707/4000 applied=1693 skipped=14 loss=0.952002763748169 budget=79.7/3600s ETA=80.9s CUDA=50.0MiB
[native-refit] controller-pure-760930002 updates=1843/4000 applied=1828 skipped=15 loss=1.077730655670166 budget=84.7/3600s ETA=76.3s CUDA=50.0MiB
[native-refit] controller-pure-760930002 updates=1977/4000 applied=1961 skipped=16 loss=1.005172848701477 budget=89.7/3600s ETA=71.9s CUDA=50.0MiB
[native-refit] controller-pure-760930002 updates=2114/4000 applied=2097 skipped=17 loss=1.0863664150238037 budget=94.7/3600s ETA=67.1s CUDA=50.0MiB
[native-refit] controller-pure-760930002 updates=2249/4000 applied=2231 skipped=18 loss=1.0059126615524292 budget=99.8/3600s ETA=62.5s CUDA=50.0MiB
[native-refit] controller-pure-760930002 updates=2380/4000 applied=2361 skipped=19 loss=0.9085077047348022 budget=104.8/3600s ETA=58.0s CUDA=50.0MiB
[native-refit] controller-pure-760930002 updates=2517/4000 applied=2497 skipped=20 loss=1.0780521631240845 budget=109.8/3600s ETA=53.2s CUDA=50.0MiB
[native-refit] controller-pure-760930002 updates=2657/4000 applied=2635 skipped=22 loss=1.104924201965332 budget=114.8/3600s ETA=48.2s CUDA=50.0MiB
[native-refit] controller-pure-760930002 updates=2796/4000 applied=2774 skipped=22 loss=1.0506486892700195 budget=119.8/3600s ETA=43.2s CUDA=50.0MiB
[native-refit] controller-pure-760930002 updates=2932/4000 applied=2908 skipped=24 loss=0.9962813258171082 budget=124.8/3600s ETA=38.4s CUDA=50.0MiB
[native-refit] controller-pure-760930002 updates=3071/4000 applied=3046 skipped=25 loss=1.0628728866577148 budget=129.9/3600s ETA=33.4s CUDA=50.0MiB
[native-refit] controller-pure-760930002 updates=3201/4000 applied=3175 skipped=26 loss=0.9734475016593933 budget=134.9/3600s ETA=28.8s CUDA=50.0MiB
[native-refit] controller-pure-760930002 updates=3332/4000 applied=3305 skipped=27 loss=0.9735239148139954 budget=139.9/3600s ETA=24.1s CUDA=50.0MiB
[native-refit] controller-pure-760930002 updates=3466/4000 applied=3438 skipped=28 loss=1.0608069896697998 budget=145.0/3600s ETA=19.3s CUDA=50.0MiB
[native-refit] controller-pure-760930002 updates=3599/4000 applied=3570 skipped=29 loss=1.109886646270752 budget=150.0/3600s ETA=14.5s CUDA=50.0MiB
[native-refit] controller-pure-760930002 updates=3737/4000 applied=3707 skipped=30 loss=1.0982301235198975 budget=155.0/3600s ETA=9.5s CUDA=50.0MiB
[native-refit] controller-pure-760930002 updates=3874/4000 applied=3843 skipped=31 loss=0.9866695404052734 budget=160.0/3600s ETA=4.6s CUDA=50.0MiB
[native-refit] controller-pure-760930002 updates=4000/4000 applied=3968 skipped=32 loss=1.044519305229187 budget=164.6/3600s ETA=0.0s CUDA=50.0MiB
[native-refit] balanced-native controller hybrid seed=760930003 teacher=10/250
[native-refit] balanced-native controller hybrid seed=760930003 teacher=20/250
[native-refit] balanced-native controller hybrid seed=760930003 teacher=30/250
[native-refit] balanced-native controller hybrid seed=760930003 teacher=40/250
[native-refit] balanced-native controller hybrid seed=760930003 teacher=50/250
[native-refit] balanced-native controller hybrid seed=760930003 teacher=60/250
[native-refit] balanced-native controller hybrid seed=760930003 teacher=70/250
[native-refit] balanced-native controller hybrid seed=760930003 teacher=80/250
[native-refit] balanced-native controller hybrid seed=760930003 teacher=90/250
[native-refit] balanced-native controller hybrid seed=760930003 teacher=100/250
[native-refit] balanced-native controller hybrid seed=760930003 teacher=110/250
[native-refit] balanced-native controller hybrid seed=760930003 teacher=120/250
[native-refit] balanced-native controller hybrid seed=760930003 teacher=130/250
[native-refit] balanced-native controller hybrid seed=760930003 teacher=140/250
[native-refit] balanced-native controller hybrid seed=760930003 teacher=150/250
[native-refit] balanced-native controller hybrid seed=760930003 teacher=160/250
[native-refit] balanced-native controller hybrid seed=760930003 teacher=170/250
[native-refit] balanced-native controller hybrid seed=760930003 teacher=180/250
[native-refit] balanced-native controller hybrid seed=760930003 teacher=190/250
[native-refit] balanced-native controller hybrid seed=760930003 teacher=200/250
[native-refit] balanced-native controller hybrid seed=760930003 teacher=210/250
[native-refit] balanced-native controller hybrid seed=760930003 teacher=220/250
[native-refit] balanced-native controller hybrid seed=760930003 teacher=230/250
[native-refit] balanced-native controller hybrid seed=760930003 teacher=240/250
[native-refit] balanced-native controller hybrid seed=760930003 teacher=250/250
[native-refit] controller-hybrid-760930003 updates=156/4000 applied=154 skipped=2 loss=1.1639540195465088 budget=31.4/3600s ETA=123.4s CUDA=50.7MiB
[native-refit] controller-hybrid-760930003 updates=304/4000 applied=302 skipped=2 loss=1.1323094367980957 budget=36.4/3600s ETA=121.8s CUDA=50.7MiB
[native-refit] controller-hybrid-760930003 updates=438/4000 applied=434 skipped=4 loss=1.0528806447982788 budget=41.4/3600s ETA=122.2s CUDA=50.7MiB
[native-refit] controller-hybrid-760930003 updates=579/4000 applied=574 skipped=5 loss=1.3373513221740723 budget=46.5/3600s ETA=118.6s CUDA=50.7MiB
[native-refit] controller-hybrid-760930003 updates=715/4000 applied=709 skipped=6 loss=1.2881561517715454 budget=51.5/3600s ETA=115.3s CUDA=50.7MiB
[native-refit] controller-hybrid-760930003 updates=845/4000 applied=838 skipped=7 loss=1.0853993892669678 budget=56.5/3600s ETA=112.5s CUDA=50.7MiB
[native-refit] controller-hybrid-760930003 updates=983/4000 applied=975 skipped=8 loss=0.7936500310897827 budget=61.6/3600s ETA=107.9s CUDA=50.7MiB
[native-refit] controller-hybrid-760930003 updates=1119/4000 applied=1110 skipped=9 loss=0.958598256111145 budget=66.6/3600s ETA=103.4s CUDA=50.7MiB
[native-refit] controller-hybrid-760930003 updates=1260/4000 applied=1250 skipped=10 loss=1.3021141290664673 budget=71.6/3600s ETA=98.3s CUDA=50.7MiB
[native-refit] controller-hybrid-760930003 updates=1396/4000 applied=1384 skipped=12 loss=1.0476371049880981 budget=76.7/3600s ETA=93.7s CUDA=50.7MiB
[native-refit] controller-hybrid-760930003 updates=1538/4000 applied=1526 skipped=12 loss=1.208796501159668 budget=81.7/3600s ETA=88.5s CUDA=50.7MiB
[native-refit] controller-hybrid-760930003 updates=1675/4000 applied=1661 skipped=14 loss=1.0773004293441772 budget=86.7/3600s ETA=83.7s CUDA=50.7MiB
[native-refit] controller-hybrid-760930003 updates=1811/4000 applied=1796 skipped=15 loss=1.113776683807373 budget=91.7/3600s ETA=78.9s CUDA=50.7MiB
[native-refit] controller-hybrid-760930003 updates=1949/4000 applied=1933 skipped=16 loss=1.5682735443115234 budget=96.7/3600s ETA=74.0s CUDA=50.7MiB
[native-refit] controller-hybrid-760930003 updates=2086/4000 applied=2069 skipped=17 loss=1.008641242980957 budget=101.8/3600s ETA=69.1s CUDA=50.7MiB
[native-refit] controller-hybrid-760930003 updates=2218/4000 applied=2200 skipped=18 loss=1.175778865814209 budget=106.8/3600s ETA=64.6s CUDA=50.7MiB
[native-refit] controller-hybrid-760930003 updates=2357/4000 applied=2338 skipped=19 loss=1.2335536479949951 budget=111.8/3600s ETA=59.5s CUDA=50.7MiB
[native-refit] controller-hybrid-760930003 updates=2491/4000 applied=2471 skipped=20 loss=1.4542112350463867 budget=116.8/3600s ETA=54.8s CUDA=50.7MiB
[native-refit] controller-hybrid-760930003 updates=2629/4000 applied=2608 skipped=21 loss=0.891004204750061 budget=121.8/3600s ETA=49.7s CUDA=50.7MiB
[native-refit] controller-hybrid-760930003 updates=2766/4000 applied=2744 skipped=22 loss=1.3426117897033691 budget=126.8/3600s ETA=44.8s CUDA=50.7MiB
[native-refit] controller-hybrid-760930003 updates=2909/4000 applied=2885 skipped=24 loss=0.9125378727912903 budget=131.8/3600s ETA=39.5s CUDA=50.7MiB
[native-refit] controller-hybrid-760930003 updates=3043/4000 applied=3019 skipped=24 loss=1.5345349311828613 budget=136.9/3600s ETA=34.7s CUDA=50.7MiB
[native-refit] controller-hybrid-760930003 updates=3175/4000 applied=3149 skipped=26 loss=1.0771458148956299 budget=141.9/3600s ETA=30.0s CUDA=50.7MiB
[native-refit] controller-hybrid-760930003 updates=3311/4000 applied=3284 skipped=27 loss=1.1710422039031982 budget=146.9/3600s ETA=25.1s CUDA=50.7MiB
[native-refit] controller-hybrid-760930003 updates=3441/4000 applied=3413 skipped=28 loss=1.0431511402130127 budget=151.9/3600s ETA=20.4s CUDA=50.7MiB
[native-refit] controller-hybrid-760930003 updates=3584/4000 applied=3555 skipped=29 loss=1.1799111366271973 budget=156.9/3600s ETA=15.1s CUDA=50.7MiB
[native-refit] controller-hybrid-760930003 updates=3723/4000 applied=3693 skipped=30 loss=1.210758924484253 budget=161.9/3600s ETA=10.1s CUDA=50.7MiB
[native-refit] controller-hybrid-760930003 updates=3857/4000 applied=3826 skipped=31 loss=0.9496086835861206 budget=167.0/3600s ETA=5.2s CUDA=50.7MiB
[native-refit] controller-hybrid-760930003 updates=3988/4000 applied=3956 skipped=32 loss=1.2780823707580566 budget=172.0/3600s ETA=0.4s CUDA=50.7MiB
[native-refit] controller-hybrid-760930003 updates=4000/4000 applied=3968 skipped=32 loss=1.2967618703842163 budget=172.4/3600s ETA=0.0s CUDA=50.7MiB
[native-refit] balanced-native controller pure seed=760930003 teacher=10/250
[native-refit] balanced-native controller pure seed=760930003 teacher=20/250
[native-refit] balanced-native controller pure seed=760930003 teacher=30/250
[native-refit] balanced-native controller pure seed=760930003 teacher=40/250
[native-refit] balanced-native controller pure seed=760930003 teacher=50/250
[native-refit] balanced-native controller pure seed=760930003 teacher=60/250
[native-refit] balanced-native controller pure seed=760930003 teacher=70/250
[native-refit] balanced-native controller pure seed=760930003 teacher=80/250
[native-refit] balanced-native controller pure seed=760930003 teacher=90/250
[native-refit] balanced-native controller pure seed=760930003 teacher=100/250
[native-refit] balanced-native controller pure seed=760930003 teacher=110/250
[native-refit] balanced-native controller pure seed=760930003 teacher=120/250
[native-refit] balanced-native controller pure seed=760930003 teacher=130/250
[native-refit] balanced-native controller pure seed=760930003 teacher=140/250
[native-refit] balanced-native controller pure seed=760930003 teacher=150/250
[native-refit] balanced-native controller pure seed=760930003 teacher=160/250
[native-refit] balanced-native controller pure seed=760930003 teacher=170/250
[native-refit] balanced-native controller pure seed=760930003 teacher=180/250
[native-refit] balanced-native controller pure seed=760930003 teacher=190/250
[native-refit] balanced-native controller pure seed=760930003 teacher=200/250
[native-refit] balanced-native controller pure seed=760930003 teacher=210/250
[native-refit] balanced-native controller pure seed=760930003 teacher=220/250
[native-refit] balanced-native controller pure seed=760930003 teacher=230/250
[native-refit] balanced-native controller pure seed=760930003 teacher=240/250
[native-refit] balanced-native controller pure seed=760930003 teacher=250/250
[native-refit] controller-pure-760930003 updates=160/4000 applied=158 skipped=2 loss=1.0109491348266602 budget=25.2/3600s ETA=120.6s CUDA=50.0MiB
[native-refit] controller-pure-760930003 updates=310/4000 applied=307 skipped=3 loss=1.109899640083313 budget=30.3/3600s ETA=119.6s CUDA=50.0MiB
[native-refit] controller-pure-760930003 updates=449/4000 applied=445 skipped=4 loss=1.027085542678833 budget=35.3/3600s ETA=119.3s CUDA=50.0MiB
[native-refit] controller-pure-760930003 updates=589/4000 applied=584 skipped=5 loss=1.1190961599349976 budget=40.3/3600s ETA=116.4s CUDA=50.0MiB
[native-refit] controller-pure-760930003 updates=717/4000 applied=711 skipped=6 loss=1.0540783405303955 budget=45.3/3600s ETA=115.0s CUDA=50.0MiB
[native-refit] controller-pure-760930003 updates=846/4000 applied=839 skipped=7 loss=1.0717954635620117 budget=50.4/3600s ETA=112.4s CUDA=50.0MiB
[native-refit] controller-pure-760930003 updates=983/4000 applied=975 skipped=8 loss=0.8007887601852417 budget=55.4/3600s ETA=108.1s CUDA=50.0MiB
[native-refit] controller-pure-760930003 updates=1117/4000 applied=1108 skipped=9 loss=1.0439980030059814 budget=60.5/3600s ETA=103.9s CUDA=50.0MiB
[native-refit] controller-pure-760930003 updates=1248/4000 applied=1238 skipped=10 loss=1.0158803462982178 budget=65.5/3600s ETA=99.8s CUDA=50.0MiB
[native-refit] controller-pure-760930003 updates=1385/4000 applied=1373 skipped=12 loss=1.1330764293670654 budget=70.5/3600s ETA=94.9s CUDA=50.0MiB
[native-refit] controller-pure-760930003 updates=1521/4000 applied=1509 skipped=12 loss=0.8866246938705444 budget=75.5/3600s ETA=90.1s CUDA=50.0MiB
[native-refit] controller-pure-760930003 updates=1658/4000 applied=1644 skipped=14 loss=1.0016127824783325 budget=80.5/3600s ETA=85.2s CUDA=50.0MiB
[native-refit] controller-pure-760930003 updates=1793/4000 applied=1779 skipped=14 loss=0.834489107131958 budget=85.6/3600s ETA=80.4s CUDA=50.0MiB
[native-refit] controller-pure-760930003 updates=1927/4000 applied=1911 skipped=16 loss=1.0390396118164062 budget=90.6/3600s ETA=75.7s CUDA=50.0MiB
[native-refit] controller-pure-760930003 updates=2066/4000 applied=2049 skipped=17 loss=0.9600449800491333 budget=95.6/3600s ETA=70.6s CUDA=50.0MiB
[native-refit] controller-pure-760930003 updates=2200/4000 applied=2182 skipped=18 loss=1.1370247602462769 budget=100.6/3600s ETA=65.8s CUDA=50.0MiB
[native-refit] controller-pure-760930003 updates=2333/4000 applied=2314 skipped=19 loss=1.055488109588623 budget=105.7/3600s ETA=61.1s CUDA=50.0MiB
[native-refit] controller-pure-760930003 updates=2475/4000 applied=2455 skipped=20 loss=0.9323399066925049 budget=110.7/3600s ETA=55.7s CUDA=50.0MiB
[native-refit] controller-pure-760930003 updates=2617/4000 applied=2596 skipped=21 loss=0.8735208511352539 budget=115.7/3600s ETA=50.5s CUDA=50.0MiB
[native-refit] controller-pure-760930003 updates=2752/4000 applied=2730 skipped=22 loss=1.0131014585494995 budget=120.8/3600s ETA=45.6s CUDA=50.0MiB
[native-refit] controller-pure-760930003 updates=2896/4000 applied=2872 skipped=24 loss=0.8720752596855164 budget=125.8/3600s ETA=40.2s CUDA=50.0MiB
[native-refit] controller-pure-760930003 updates=3036/4000 applied=3012 skipped=24 loss=1.0830025672912598 budget=130.8/3600s ETA=35.1s CUDA=50.0MiB
[native-refit] controller-pure-760930003 updates=3174/4000 applied=3148 skipped=26 loss=0.9524093270301819 budget=135.8/3600s ETA=30.1s CUDA=50.0MiB
[native-refit] controller-pure-760930003 updates=3316/4000 applied=3289 skipped=27 loss=0.9637718200683594 budget=140.8/3600s ETA=24.9s CUDA=50.0MiB
[native-refit] controller-pure-760930003 updates=3454/4000 applied=3426 skipped=28 loss=0.8479249477386475 budget=145.9/3600s ETA=19.9s CUDA=50.0MiB
[native-refit] controller-pure-760930003 updates=3589/4000 applied=3560 skipped=29 loss=1.0072147846221924 budget=150.9/3600s ETA=15.0s CUDA=50.0MiB
[native-refit] controller-pure-760930003 updates=3723/4000 applied=3693 skipped=30 loss=1.010847568511963 budget=155.9/3600s ETA=10.1s CUDA=50.0MiB
[native-refit] controller-pure-760930003 updates=3857/4000 applied=3826 skipped=31 loss=0.9040066003799438 budget=160.9/3600s ETA=5.2s CUDA=50.0MiB
[native-refit] controller-pure-760930003 updates=3993/4000 applied=3961 skipped=32 loss=1.2005252838134766 budget=165.9/3600s ETA=0.3s CUDA=50.0MiB
[native-refit] controller-pure-760930003 updates=4000/4000 applied=3968 skipped=32 loss=1.0548256635665894 budget=166.2/3600s ETA=0.0s CUDA=50.0MiB
[native-refit] balanced-native engineering report complete jobs=15
