cell_identity,arm,family,mode,endpoint,seed,state,chosen_ordinal,predicted_cost,typed_failure,typed_candidate_failures,in_success_band,first_shot_success,transition_calls,controller_calls,gpu_seconds
decision--continuous-adaptive-e225--seed20260908--issue-77-n1-001-a00,continuous-adaptive-e225,continuous,adaptive,225,20260908,issue-77-n1-001-a00,10,3.0,,0,False,False,2378,2378,0.314569
decision--continuous-adaptive-e225--seed20260908--issue-77-n1-001-a07,continuous-adaptive-e225,continuous,adaptive,225,20260908,issue-77-n1-001-a07,10,3.0,,0,False,False,2378,2378,0.271705
decision--continuous-adaptive-e225--seed20260908--issue-77-n1-003-a00,continuous-adaptive-e225,continuous,adaptive,225,20260908,issue-77-n1-003-a00,0,4.0,,0,False,False,1773,1773,0.246064
decision--continuous-adaptive-e225--seed20260908--issue-77-n1-003-a10,continuous-adaptive-e225,continuous,adaptive,225,20260908,issue-77-n1-003-a10,0,4.0,,0,False,False,1773,1773,0.247083
decision--continuous-adaptive-e225--seed20260908--issue-77-n1-004-a07,continuous-adaptive-e225,continuous,adaptive,225,20260908,issue-77-n1-004-a07,1,3.0,,0,False,False,1899,1899,0.269768
decision--continuous-adaptive-e225--seed20260908--issue-77-n1-006-a05,continuous-adaptive-e225,continuous,adaptive,225,20260908,issue-77-n1-006-a05,0,4.0,,0,False,False,2743,2743,0.275604
decision--continuous-adaptive-e225--seed20260908--issue-77-n1-006-a11,continuous-adaptive-e225,continuous,adaptive,225,20260908,issue-77-n1-006-a11,0,4.0,,0,False,False,2743,2743,0.291552
decision--continuous-adaptive-e225--seed20260908--issue-77-n1-007-a05,continuous-adaptive-e225,continuous,adaptive,225,20260908,issue-77-n1-007-a05,0,4.0,,0,False,False,2743,2743,0.275518
decision--continuous-adaptive-e225--seed20260908--issue-77-n1-007-a12,continuous-adaptive-e225,continuous,adaptive,225,20260908,issue-77-n1-007-a12,0,4.0,,0,False,False,2743,2743,0.276302
decision--continuous-adaptive-e225--seed20260908--issue-77-n1-008-a05,continuous-adaptive-e225,continuous,adaptive,225,20260908,issue-77-n1-008-a05,0,3.0,,0,False,False,2743,2743,0.277490
decision--continuous-adaptive-e225--seed20260908--issue-77-n1-008-a12,continuous-adaptive-e225,continuous,adaptive,225,20260908,issue-77-n1-008-a12,0,3.0,,0,False,False,2743,2743,0.278293
decision--continuous-adaptive-e225--seed20260908--issue-77-n1-009-a00,continuous-adaptive-e225,continuous,adaptive,225,20260908,issue-77-n1-009-a00,10,3.0,,0,False,False,2561,2561,0.261101
decision--continuous-adaptive-e225--seed20260908--issue-77-n1-009-a09,continuous-adaptive-e225,continuous,adaptive,225,20260908,issue-77-n1-009-a09,10,3.0,,0,False,False,2561,2561,0.268377
decision--continuous-adaptive-e225--seed20260908--issue-77-n1-010-a06,continuous-adaptive-e225,continuous,adaptive,225,20260908,issue-77-n1-010-a06,0,3.0,,0,False,False,2743,2743,0.278911
decision--continuous-adaptive-e225--seed20260908--issue-77-n1-011-a02,continuous-adaptive-e225,continuous,adaptive,225,20260908,issue-77-n1-011-a02,0,4.0,,0,False,False,2743,2743,0.283402
decision--continuous-adaptive-e225--seed20260908--issue-77-n1-011-a11,continuous-adaptive-e225,continuous,adaptive,225,20260908,issue-77-n1-011-a11,0,4.0,,0,False,False,2743,2743,0.277683
decision--continuous-adaptive-e225--seed20260908--issue-77-n1-012-a08,continuous-adaptive-e225,continuous,adaptive,225,20260908,issue-77-n1-012-a08,12,3.5986340045928955,,0,False,False,2561,2561,0.260143
decision--continuous-adaptive-e225--seed20260908--issue-77-n1-013-a04,continuous-adaptive-e225,continuous,adaptive,225,20260908,issue-77-n1-013-a04,0,3.0,,0,False,False,2561,2561,0.259203
decision--continuous-adaptive-e225--seed20260908--issue-77-n1-014-a01,continuous-adaptive-e225,continuous,adaptive,225,20260908,issue-77-n1-014-a01,12,3.5668914318084717,,0,False,False,2561,2561,0.282006
decision--continuous-adaptive-e225--seed20260908--issue-77-n1-014-a10,continuous-adaptive-e225,continuous,adaptive,225,20260908,issue-77-n1-014-a10,12,3.5668914318084717,,0,False,False,2561,2561,0.290920
decision--continuous-adaptive-e225--seed20260908--issue-77-n1-015-a06,continuous-adaptive-e225,continuous,adaptive,225,20260908,issue-77-n1-015-a06,0,4.0,,0,False,False,2743,2743,0.324110
decision--continuous-adaptive-e225--seed20260908--issue-77-n1-016-a03,continuous-adaptive-e225,continuous,adaptive,225,20260908,issue-77-n1-016-a03,11,3.0,,0,False,False,2743,2743,0.283740
decision--continuous-adaptive-e225--seed20260908--issue-77-n1-016-a12,continuous-adaptive-e225,continuous,adaptive,225,20260908,issue-77-n1-016-a12,11,3.0,,0,False,False,2743,2743,0.336584
decision--continuous-adaptive-e225--seed20260909--issue-77-n1-001-a00,continuous-adaptive-e225,continuous,adaptive,225,20260909,issue-77-n1-001-a00,0,1.0,,0,False,False,1404,1404,0.161656
decision--continuous-adaptive-e225--seed20260909--issue-77-n1-001-a07,continuous-adaptive-e225,continuous,adaptive,225,20260909,issue-77-n1-001-a07,0,1.0,,0,False,False,1404,1404,0.155255
decision--continuous-adaptive-e225--seed20260909--issue-77-n1-003-a00,continuous-adaptive-e225,continuous,adaptive,225,20260909,issue-77-n1-003-a00,0,1.0,,0,False,False,1145,1145,0.162946
decision--continuous-adaptive-e225--seed20260909--issue-77-n1-003-a10,continuous-adaptive-e225,continuous,adaptive,225,20260909,issue-77-n1-003-a10,0,1.0,,0,False,False,1145,1145,0.178109
decision--continuous-adaptive-e225--seed20260909--issue-77-n1-004-a07,continuous-adaptive-e225,continuous,adaptive,225,20260909,issue-77-n1-004-a07,1,1.0,,0,False,False,1053,1053,0.146036
decision--continuous-adaptive-e225--seed20260909--issue-77-n1-006-a05,continuous-adaptive-e225,continuous,adaptive,225,20260909,issue-77-n1-006-a05,0,1.0,,0,False,False,1469,1469,0.147938
decision--continuous-adaptive-e225--seed20260909--issue-77-n1-006-a11,continuous-adaptive-e225,continuous,adaptive,225,20260909,issue-77-n1-006-a11,0,1.0,,0,False,False,1469,1469,0.149696
decision--continuous-adaptive-e225--seed20260909--issue-77-n1-007-a05,continuous-adaptive-e225,continuous,adaptive,225,20260909,issue-77-n1-007-a05,0,1.0,,0,False,False,1443,1443,0.145349
decision--continuous-adaptive-e225--seed20260909--issue-77-n1-007-a12,continuous-adaptive-e225,continuous,adaptive,225,20260909,issue-77-n1-007-a12,0,1.0,,0,False,False,1443,1443,0.155654
decision--continuous-adaptive-e225--seed20260909--issue-77-n1-008-a05,continuous-adaptive-e225,continuous,adaptive,225,20260909,issue-77-n1-008-a05,0,1.0,,0,False,False,1469,1469,0.150314
decision--continuous-adaptive-e225--seed20260909--issue-77-n1-008-a12,continuous-adaptive-e225,continuous,adaptive,225,20260909,issue-77-n1-008-a12,0,1.0,,0,False,False,1469,1469,0.148628
decision--continuous-adaptive-e225--seed20260909--issue-77-n1-009-a00,continuous-adaptive-e225,continuous,adaptive,225,20260909,issue-77-n1-009-a00,0,1.0,,0,False,False,1677,1677,0.171246
decision--continuous-adaptive-e225--seed20260909--issue-77-n1-009-a09,continuous-adaptive-e225,continuous,adaptive,225,20260909,issue-77-n1-009-a09,0,1.0,,0,False,False,1677,1677,0.181967
decision--continuous-adaptive-e225--seed20260909--issue-77-n1-010-a06,continuous-adaptive-e225,continuous,adaptive,225,20260909,issue-77-n1-010-a06,0,1.0,,0,False,False,1469,1469,0.148123
decision--continuous-adaptive-e225--seed20260909--issue-77-n1-011-a02,continuous-adaptive-e225,continuous,adaptive,225,20260909,issue-77-n1-011-a02,0,1.0,,0,False,False,1633,1633,0.169430
decision--continuous-adaptive-e225--seed20260909--issue-77-n1-011-a11,continuous-adaptive-e225,continuous,adaptive,225,20260909,issue-77-n1-011-a11,0,1.0,,0,False,False,1633,1633,0.172581
decision--continuous-adaptive-e225--seed20260909--issue-77-n1-012-a08,continuous-adaptive-e225,continuous,adaptive,225,20260909,issue-77-n1-012-a08,0,1.0,,0,False,False,1677,1677,0.168709
decision--continuous-adaptive-e225--seed20260909--issue-77-n1-013-a04,continuous-adaptive-e225,continuous,adaptive,225,20260909,issue-77-n1-013-a04,0,1.0,,0,False,False,1729,1729,0.186376
decision--continuous-adaptive-e225--seed20260909--issue-77-n1-014-a01,continuous-adaptive-e225,continuous,adaptive,225,20260909,issue-77-n1-014-a01,0,1.0,,0,False,False,1677,1677,0.182044
decision--continuous-adaptive-e225--seed20260909--issue-77-n1-014-a10,continuous-adaptive-e225,continuous,adaptive,225,20260909,issue-77-n1-014-a10,0,1.0,,0,False,False,1677,1677,0.190971
decision--continuous-adaptive-e225--seed20260909--issue-77-n1-015-a06,continuous-adaptive-e225,continuous,adaptive,225,20260909,issue-77-n1-015-a06,0,1.0,,0,False,False,1625,1625,0.166390
decision--continuous-adaptive-e225--seed20260909--issue-77-n1-016-a03,continuous-adaptive-e225,continuous,adaptive,225,20260909,issue-77-n1-016-a03,0,1.0,,0,False,False,1677,1677,0.178041
decision--continuous-adaptive-e225--seed20260909--issue-77-n1-016-a12,continuous-adaptive-e225,continuous,adaptive,225,20260909,issue-77-n1-016-a12,0,1.0,,0,False,False,1677,1677,0.185463
decision--continuous-adaptive-e225--seed20260910--issue-77-n1-001-a00,continuous-adaptive-e225,continuous,adaptive,225,20260910,issue-77-n1-001-a00,7,403.88525557518005,,0,False,False,876,876,0.096332
decision--continuous-adaptive-e225--seed20260910--issue-77-n1-001-a07,continuous-adaptive-e225,continuous,adaptive,225,20260910,issue-77-n1-001-a07,7,403.88525557518005,,0,False,False,876,876,0.101430
decision--continuous-adaptive-e225--seed20260910--issue-77-n1-003-a00,continuous-adaptive-e225,continuous,adaptive,225,20260910,issue-77-n1-003-a00,5,382.3172273635864,,0,True,False,657,657,0.097234
decision--continuous-adaptive-e225--seed20260910--issue-77-n1-003-a10,continuous-adaptive-e225,continuous,adaptive,225,20260910,issue-77-n1-003-a10,5,382.3172273635864,,0,True,False,657,657,0.093582
decision--continuous-adaptive-e225--seed20260910--issue-77-n1-004-a07,continuous-adaptive-e225,continuous,adaptive,225,20260910,issue-77-n1-004-a07,7,493.6360799074173,,0,False,False,657,657,0.094747
decision--continuous-adaptive-e225--seed20260910--issue-77-n1-006-a05,continuous-adaptive-e225,continuous,adaptive,225,20260910,issue-77-n1-006-a05,1,0.44376587867736816,,0,False,False,897,897,0.091908
decision--continuous-adaptive-e225--seed20260910--issue-77-n1-006-a11,continuous-adaptive-e225,continuous,adaptive,225,20260910,issue-77-n1-006-a11,1,0.44376587867736816,,0,False,False,897,897,0.090321
decision--continuous-adaptive-e225--seed20260910--issue-77-n1-007-a05,continuous-adaptive-e225,continuous,adaptive,225,20260910,issue-77-n1-007-a05,5,71.76004415750504,,0,True,False,897,897,0.091218
decision--continuous-adaptive-e225--seed20260910--issue-77-n1-007-a12,continuous-adaptive-e225,continuous,adaptive,225,20260910,issue-77-n1-007-a12,5,71.76004415750504,,0,True,False,897,897,0.091175
decision--continuous-adaptive-e225--seed20260910--issue-77-n1-008-a05,continuous-adaptive-e225,continuous,adaptive,225,20260910,issue-77-n1-008-a05,1,0.3720616400241852,,0,False,False,897,897,0.090732
decision--continuous-adaptive-e225--seed20260910--issue-77-n1-008-a12,continuous-adaptive-e225,continuous,adaptive,225,20260910,issue-77-n1-008-a12,1,0.3720616400241852,,0,False,False,897,897,0.098628
decision--continuous-adaptive-e225--seed20260910--issue-77-n1-009-a00,continuous-adaptive-e225,continuous,adaptive,225,20260910,issue-77-n1-009-a00,7,260.9671711921692,,0,False,False,949,949,0.096642
decision--continuous-adaptive-e225--seed20260910--issue-77-n1-009-a09,continuous-adaptive-e225,continuous,adaptive,225,20260910,issue-77-n1-009-a09,7,260.9671711921692,,0,False,False,949,949,0.097321
decision--continuous-adaptive-e225--seed20260910--issue-77-n1-010-a06,continuous-adaptive-e225,continuous,adaptive,225,20260910,issue-77-n1-010-a06,0,0.47273755073547363,,0,False,False,897,897,0.093994
decision--continuous-adaptive-e225--seed20260910--issue-77-n1-011-a02,continuous-adaptive-e225,continuous,adaptive,225,20260910,issue-77-n1-011-a02,5,439.05041098594666,,0,True,False,949,949,0.100542
decision--continuous-adaptive-e225--seed20260910--issue-77-n1-011-a11,continuous-adaptive-e225,continuous,adaptive,225,20260910,issue-77-n1-011-a11,5,439.05041098594666,,0,True,False,949,949,0.099092
decision--continuous-adaptive-e225--seed20260910--issue-77-n1-012-a08,continuous-adaptive-e225,continuous,adaptive,225,20260910,issue-77-n1-012-a08,7,414.3344932794571,,0,False,False,949,949,0.099264
decision--continuous-adaptive-e225--seed20260910--issue-77-n1-013-a04,continuous-adaptive-e225,continuous,adaptive,225,20260910,issue-77-n1-013-a04,5,587.6875598430634,,0,True,False,977,977,0.100562
decision--continuous-adaptive-e225--seed20260910--issue-77-n1-014-a01,continuous-adaptive-e225,continuous,adaptive,225,20260910,issue-77-n1-014-a01,5,412.4172874689102,,0,True,False,949,949,0.112038
decision--continuous-adaptive-e225--seed20260910--issue-77-n1-014-a10,continuous-adaptive-e225,continuous,adaptive,225,20260910,issue-77-n1-014-a10,5,412.4172874689102,,0,True,False,949,949,0.109550
decision--continuous-adaptive-e225--seed20260910--issue-77-n1-015-a06,continuous-adaptive-e225,continuous,adaptive,225,20260910,issue-77-n1-015-a06,5,457.2598466873169,,0,True,False,949,949,0.096275
decision--continuous-adaptive-e225--seed20260910--issue-77-n1-016-a03,continuous-adaptive-e225,continuous,adaptive,225,20260910,issue-77-n1-016-a03,7,467.1231532096863,,0,False,False,949,949,0.104895
decision--continuous-adaptive-e225--seed20260910--issue-77-n1-016-a12,continuous-adaptive-e225,continuous,adaptive,225,20260910,issue-77-n1-016-a12,7,467.1231532096863,,0,False,False,949,949,0.098667
decision--continuous-adaptive-e600--seed20260908--issue-77-n1-001-a00,continuous-adaptive-e600,continuous,adaptive,600,20260908,issue-77-n1-001-a00,0,3.0,,0,False,False,6878,6878,0.775173
decision--continuous-adaptive-e600--seed20260908--issue-77-n1-001-a07,continuous-adaptive-e600,continuous,adaptive,600,20260908,issue-77-n1-001-a07,0,3.0,,0,False,False,6878,6878,0.751765
decision--continuous-adaptive-e600--seed20260908--issue-77-n1-003-a00,continuous-adaptive-e600,continuous,adaptive,600,20260908,issue-77-n1-003-a00,0,3.0,,0,False,False,5148,5148,0.745647
decision--continuous-adaptive-e600--seed20260908--issue-77-n1-003-a10,continuous-adaptive-e600,continuous,adaptive,600,20260908,issue-77-n1-003-a10,0,3.0,,0,False,False,5148,5148,0.743715
decision--continuous-adaptive-e600--seed20260908--issue-77-n1-004-a07,continuous-adaptive-e600,continuous,adaptive,600,20260908,issue-77-n1-004-a07,1,3.0,,0,False,False,5274,5274,0.758285
decision--continuous-adaptive-e600--seed20260908--issue-77-n1-006-a05,continuous-adaptive-e600,continuous,adaptive,600,20260908,issue-77-n1-006-a05,0,3.0,,0,False,False,7618,7618,0.776222
decision--continuous-adaptive-e600--seed20260908--issue-77-n1-006-a11,continuous-adaptive-e600,continuous,adaptive,600,20260908,issue-77-n1-006-a11,0,3.0,,0,False,False,7618,7618,0.788806
decision--continuous-adaptive-e600--seed20260908--issue-77-n1-007-a05,continuous-adaptive-e600,continuous,adaptive,600,20260908,issue-77-n1-007-a05,0,3.0,,0,False,False,7618,7618,0.775730
decision--continuous-adaptive-e600--seed20260908--issue-77-n1-007-a12,continuous-adaptive-e600,continuous,adaptive,600,20260908,issue-77-n1-007-a12,0,3.0,,0,False,False,7618,7618,0.788715
decision--continuous-adaptive-e600--seed20260908--issue-77-n1-008-a05,continuous-adaptive-e600,continuous,adaptive,600,20260908,issue-77-n1-008-a05,0,3.0,,0,False,False,7618,7618,0.780493
decision--continuous-adaptive-e600--seed20260908--issue-77-n1-008-a12,continuous-adaptive-e600,continuous,adaptive,600,20260908,issue-77-n1-008-a12,0,3.0,,0,False,False,7618,7618,0.794710
decision--continuous-adaptive-e600--seed20260908--issue-77-n1-009-a00,continuous-adaptive-e600,continuous,adaptive,600,20260908,issue-77-n1-009-a00,0,3.0,,0,False,False,7436,7436,0.753977
decision--continuous-adaptive-e600--seed20260908--issue-77-n1-009-a09,continuous-adaptive-e600,continuous,adaptive,600,20260908,issue-77-n1-009-a09,0,3.0,,0,False,False,7436,7436,0.908452
decision--continuous-adaptive-e600--seed20260908--issue-77-n1-010-a06,continuous-adaptive-e600,continuous,adaptive,600,20260908,issue-77-n1-010-a06,0,3.0,,0,False,False,7618,7618,0.784298
decision--continuous-adaptive-e600--seed20260908--issue-77-n1-011-a02,continuous-adaptive-e600,continuous,adaptive,600,20260908,issue-77-n1-011-a02,0,3.0,,0,False,False,7618,7618,0.771807
decision--continuous-adaptive-e600--seed20260908--issue-77-n1-011-a11,continuous-adaptive-e600,continuous,adaptive,600,20260908,issue-77-n1-011-a11,0,3.0,,0,False,False,7618,7618,0.782351
decision--continuous-adaptive-e600--seed20260908--issue-77-n1-012-a08,continuous-adaptive-e600,continuous,adaptive,600,20260908,issue-77-n1-012-a08,0,3.0,,0,False,False,7436,7436,0.765646
decision--continuous-adaptive-e600--seed20260908--issue-77-n1-013-a04,continuous-adaptive-e600,continuous,adaptive,600,20260908,issue-77-n1-013-a04,0,2.0,,0,False,False,7436,7436,0.774443
decision--continuous-adaptive-e600--seed20260908--issue-77-n1-014-a01,continuous-adaptive-e600,continuous,adaptive,600,20260908,issue-77-n1-014-a01,0,3.0,,0,False,False,7436,7436,0.869164
decision--continuous-adaptive-e600--seed20260908--issue-77-n1-014-a10,continuous-adaptive-e600,continuous,adaptive,600,20260908,issue-77-n1-014-a10,0,3.0,,0,False,False,7436,7436,0.824285
decision--continuous-adaptive-e600--seed20260908--issue-77-n1-015-a06,continuous-adaptive-e600,continuous,adaptive,600,20260908,issue-77-n1-015-a06,0,3.0,,0,False,False,7618,7618,0.844852
decision--continuous-adaptive-e600--seed20260908--issue-77-n1-016-a03,continuous-adaptive-e600,continuous,adaptive,600,20260908,issue-77-n1-016-a03,0,3.0,,0,False,False,7618,7618,0.775858
decision--continuous-adaptive-e600--seed20260908--issue-77-n1-016-a12,continuous-adaptive-e600,continuous,adaptive,600,20260908,issue-77-n1-016-a12,0,3.0,,0,False,False,7618,7618,0.851773
decision--continuous-adaptive-e600--seed20260909--issue-77-n1-001-a00,continuous-adaptive-e600,continuous,adaptive,600,20260909,issue-77-n1-001-a00,0,1.0,,0,False,False,2304,2304,0.251675
decision--continuous-adaptive-e600--seed20260909--issue-77-n1-001-a07,continuous-adaptive-e600,continuous,adaptive,600,20260909,issue-77-n1-001-a07,0,1.0,,0,False,False,2304,2304,0.264622
decision--continuous-adaptive-e600--seed20260909--issue-77-n1-003-a00,continuous-adaptive-e600,continuous,adaptive,600,20260909,issue-77-n1-003-a00,0,2.0,,0,False,False,1820,1820,0.257041
decision--continuous-adaptive-e600--seed20260909--issue-77-n1-003-a10,continuous-adaptive-e600,continuous,adaptive,600,20260909,issue-77-n1-003-a10,0,2.0,,0,False,False,1820,1820,0.259522
decision--continuous-adaptive-e600--seed20260909--issue-77-n1-004-a07,continuous-adaptive-e600,continuous,adaptive,600,20260909,issue-77-n1-004-a07,1,1.0,,0,False,False,1728,1728,0.249216
decision--continuous-adaptive-e600--seed20260909--issue-77-n1-006-a05,continuous-adaptive-e600,continuous,adaptive,600,20260909,issue-77-n1-006-a05,0,2.0,,0,False,False,2444,2444,0.256090
decision--continuous-adaptive-e600--seed20260909--issue-77-n1-006-a11,continuous-adaptive-e600,continuous,adaptive,600,20260909,issue-77-n1-006-a11,0,2.0,,0,False,False,2444,2444,0.253740
decision--continuous-adaptive-e600--seed20260909--issue-77-n1-007-a05,continuous-adaptive-e600,continuous,adaptive,600,20260909,issue-77-n1-007-a05,0,2.0,,0,False,False,2418,2418,0.257199
decision--continuous-adaptive-e600--seed20260909--issue-77-n1-007-a12,continuous-adaptive-e600,continuous,adaptive,600,20260909,issue-77-n1-007-a12,0,2.0,,0,False,False,2418,2418,0.250815
decision--continuous-adaptive-e600--seed20260909--issue-77-n1-008-a05,continuous-adaptive-e600,continuous,adaptive,600,20260909,issue-77-n1-008-a05,0,2.0,,0,False,False,2444,2444,0.248749
decision--continuous-adaptive-e600--seed20260909--issue-77-n1-008-a12,continuous-adaptive-e600,continuous,adaptive,600,20260909,issue-77-n1-008-a12,0,2.0,,0,False,False,2444,2444,0.249343
decision--continuous-adaptive-e600--seed20260909--issue-77-n1-009-a00,continuous-adaptive-e600,continuous,adaptive,600,20260909,issue-77-n1-009-a00,1,1.0139459371566772,,0,False,False,2652,2652,0.286030
decision--continuous-adaptive-e600--seed20260909--issue-77-n1-009-a09,continuous-adaptive-e600,continuous,adaptive,600,20260909,issue-77-n1-009-a09,1,1.0139459371566772,,0,False,False,2652,2652,0.295618
decision--continuous-adaptive-e600--seed20260909--issue-77-n1-010-a06,continuous-adaptive-e600,continuous,adaptive,600,20260909,issue-77-n1-010-a06,0,2.0,,0,False,False,2444,2444,0.243016
decision--continuous-adaptive-e600--seed20260909--issue-77-n1-011-a02,continuous-adaptive-e600,continuous,adaptive,600,20260909,issue-77-n1-011-a02,0,2.0,,0,False,False,2608,2608,0.271511
decision--continuous-adaptive-e600--seed20260909--issue-77-n1-011-a11,continuous-adaptive-e600,continuous,adaptive,600,20260909,issue-77-n1-011-a11,0,2.0,,0,False,False,2608,2608,0.269041
decision--continuous-adaptive-e600--seed20260909--issue-77-n1-012-a08,continuous-adaptive-e600,continuous,adaptive,600,20260909,issue-77-n1-012-a08,0,1.0,,0,False,False,2652,2652,0.292823
decision--continuous-adaptive-e600--seed20260909--issue-77-n1-013-a04,continuous-adaptive-e600,continuous,adaptive,600,20260909,issue-77-n1-013-a04,0,1.0,,0,False,False,2704,2704,0.287851
decision--continuous-adaptive-e600--seed20260909--issue-77-n1-014-a01,continuous-adaptive-e600,continuous,adaptive,600,20260909,issue-77-n1-014-a01,0,2.0,,0,False,False,2652,2652,0.300477
decision--continuous-adaptive-e600--seed20260909--issue-77-n1-014-a10,continuous-adaptive-e600,continuous,adaptive,600,20260909,issue-77-n1-014-a10,0,2.0,,0,False,False,2652,2652,0.287862
decision--continuous-adaptive-e600--seed20260909--issue-77-n1-015-a06,continuous-adaptive-e600,continuous,adaptive,600,20260909,issue-77-n1-015-a06,0,1.0,,0,False,False,2600,2600,0.265682
decision--continuous-adaptive-e600--seed20260909--issue-77-n1-016-a03,continuous-adaptive-e600,continuous,adaptive,600,20260909,issue-77-n1-016-a03,0,2.0,,0,False,False,2652,2652,0.275988
decision--continuous-adaptive-e600--seed20260909--issue-77-n1-016-a12,continuous-adaptive-e600,continuous,adaptive,600,20260909,issue-77-n1-016-a12,0,2.0,,0,False,False,2652,2652,0.301303
decision--continuous-adaptive-e600--seed20260910--issue-77-n1-001-a00,continuous-adaptive-e600,continuous,adaptive,600,20260910,issue-77-n1-001-a00,0,1002.0,,0,False,False,1776,1776,0.199195
decision--continuous-adaptive-e600--seed20260910--issue-77-n1-001-a07,continuous-adaptive-e600,continuous,adaptive,600,20260910,issue-77-n1-001-a07,0,1002.0,,0,False,False,1776,1776,0.196721
decision--continuous-adaptive-e600--seed20260910--issue-77-n1-003-a00,continuous-adaptive-e600,continuous,adaptive,600,20260910,issue-77-n1-003-a00,0,1001.0,,0,False,False,1332,1332,0.191298
decision--continuous-adaptive-e600--seed20260910--issue-77-n1-003-a10,continuous-adaptive-e600,continuous,adaptive,600,20260910,issue-77-n1-003-a10,0,1001.0,,0,False,False,1332,1332,0.186602
decision--continuous-adaptive-e600--seed20260910--issue-77-n1-004-a07,continuous-adaptive-e600,continuous,adaptive,600,20260910,issue-77-n1-004-a07,1,2.0,,0,False,False,1332,1332,0.187036
decision--continuous-adaptive-e600--seed20260910--issue-77-n1-006-a05,continuous-adaptive-e600,continuous,adaptive,600,20260910,issue-77-n1-006-a05,0,2.0,,0,False,False,1872,1872,0.193861
decision--continuous-adaptive-e600--seed20260910--issue-77-n1-006-a11,continuous-adaptive-e600,continuous,adaptive,600,20260910,issue-77-n1-006-a11,0,2.0,,0,False,False,1872,1872,0.189328
decision--continuous-adaptive-e600--seed20260910--issue-77-n1-007-a05,continuous-adaptive-e600,continuous,adaptive,600,20260910,issue-77-n1-007-a05,0,2.0,,0,False,False,1872,1872,0.189379
decision--continuous-adaptive-e600--seed20260910--issue-77-n1-007-a12,continuous-adaptive-e600,continuous,adaptive,600,20260910,issue-77-n1-007-a12,0,2.0,,0,False,False,1872,1872,0.191754
decision--continuous-adaptive-e600--seed20260910--issue-77-n1-008-a05,continuous-adaptive-e600,continuous,adaptive,600,20260910,issue-77-n1-008-a05,0,2.0,,0,False,False,1872,1872,0.198764
decision--continuous-adaptive-e600--seed20260910--issue-77-n1-008-a12,continuous-adaptive-e600,continuous,adaptive,600,20260910,issue-77-n1-008-a12,0,2.0,,0,False,False,1872,1872,0.197150
decision--continuous-adaptive-e600--seed20260910--issue-77-n1-009-a00,continuous-adaptive-e600,continuous,adaptive,600,20260910,issue-77-n1-009-a00,0,1001.0,,0,False,False,1924,1924,0.207182
decision--continuous-adaptive-e600--seed20260910--issue-77-n1-009-a09,continuous-adaptive-e600,continuous,adaptive,600,20260910,issue-77-n1-009-a09,0,1001.0,,0,False,False,1924,1924,0.198819
decision--continuous-adaptive-e600--seed20260910--issue-77-n1-010-a06,continuous-adaptive-e600,continuous,adaptive,600,20260910,issue-77-n1-010-a06,0,2.0,,0,False,False,1872,1872,0.269865
decision--continuous-adaptive-e600--seed20260910--issue-77-n1-011-a02,continuous-adaptive-e600,continuous,adaptive,600,20260910,issue-77-n1-011-a02,0,1001.0,,0,False,False,1924,1924,0.203671
decision--continuous-adaptive-e600--seed20260910--issue-77-n1-011-a11,continuous-adaptive-e600,continuous,adaptive,600,20260910,issue-77-n1-011-a11,0,1001.0,,0,False,False,1924,1924,0.198606
decision--continuous-adaptive-e600--seed20260910--issue-77-n1-012-a08,continuous-adaptive-e600,continuous,adaptive,600,20260910,issue-77-n1-012-a08,0,1001.0,,0,False,False,1924,1924,0.197903
decision--continuous-adaptive-e600--seed20260910--issue-77-n1-013-a04,continuous-adaptive-e600,continuous,adaptive,600,20260910,issue-77-n1-013-a04,0,1001.0,,0,False,False,1952,1952,0.199130
decision--continuous-adaptive-e600--seed20260910--issue-77-n1-014-a01,continuous-adaptive-e600,continuous,adaptive,600,20260910,issue-77-n1-014-a01,0,1001.0,,0,False,False,1924,1924,0.211264
decision--continuous-adaptive-e600--seed20260910--issue-77-n1-014-a10,continuous-adaptive-e600,continuous,adaptive,600,20260910,issue-77-n1-014-a10,0,1001.0,,0,False,False,1924,1924,0.229655
decision--continuous-adaptive-e600--seed20260910--issue-77-n1-015-a06,continuous-adaptive-e600,continuous,adaptive,600,20260910,issue-77-n1-015-a06,0,1001.0,,0,False,False,1924,1924,0.211888
decision--continuous-adaptive-e600--seed20260910--issue-77-n1-016-a03,continuous-adaptive-e600,continuous,adaptive,600,20260910,issue-77-n1-016-a03,0,1001.0,,0,False,False,1924,1924,0.223755
decision--continuous-adaptive-e600--seed20260910--issue-77-n1-016-a12,continuous-adaptive-e600,continuous,adaptive,600,20260910,issue-77-n1-016-a12,0,1001.0,,0,False,False,1924,1924,0.204666
decision--continuous-fixed-h1-e225--seed20260908--issue-77-n1-001-a00,continuous-fixed-h1-e225,continuous,fixed-h1,225,20260908,issue-77-n1-001-a00,0,3.0,,0,False,False,2700,0,0.344284
decision--continuous-fixed-h1-e225--seed20260908--issue-77-n1-001-a07,continuous-fixed-h1-e225,continuous,fixed-h1,225,20260908,issue-77-n1-001-a07,0,3.0,,0,False,False,2700,0,0.259985
decision--continuous-fixed-h1-e225--seed20260908--issue-77-n1-003-a00,continuous-fixed-h1-e225,continuous,fixed-h1,225,20260908,issue-77-n1-003-a00,0,4.0,,0,False,False,2025,0,0.279735
decision--continuous-fixed-h1-e225--seed20260908--issue-77-n1-003-a10,continuous-fixed-h1-e225,continuous,fixed-h1,225,20260908,issue-77-n1-003-a10,0,4.0,,0,False,False,2025,0,0.240715
decision--continuous-fixed-h1-e225--seed20260908--issue-77-n1-004-a07,continuous-fixed-h1-e225,continuous,fixed-h1,225,20260908,issue-77-n1-004-a07,1,3.0,,0,False,False,2025,0,0.237201
decision--continuous-fixed-h1-e225--seed20260908--issue-77-n1-006-a05,continuous-fixed-h1-e225,continuous,fixed-h1,225,20260908,issue-77-n1-006-a05,0,4.0,,0,False,False,2925,0,0.262045
decision--continuous-fixed-h1-e225--seed20260908--issue-77-n1-006-a11,continuous-fixed-h1-e225,continuous,fixed-h1,225,20260908,issue-77-n1-006-a11,0,4.0,,0,False,False,2925,0,0.255446
decision--continuous-fixed-h1-e225--seed20260908--issue-77-n1-007-a05,continuous-fixed-h1-e225,continuous,fixed-h1,225,20260908,issue-77-n1-007-a05,0,4.0,,0,False,False,2925,0,0.247955
decision--continuous-fixed-h1-e225--seed20260908--issue-77-n1-007-a12,continuous-fixed-h1-e225,continuous,fixed-h1,225,20260908,issue-77-n1-007-a12,0,4.0,,0,False,False,2925,0,0.244066
decision--continuous-fixed-h1-e225--seed20260908--issue-77-n1-008-a05,continuous-fixed-h1-e225,continuous,fixed-h1,225,20260908,issue-77-n1-008-a05,0,3.0,,0,False,False,2925,0,0.253848
decision--continuous-fixed-h1-e225--seed20260908--issue-77-n1-008-a12,continuous-fixed-h1-e225,continuous,fixed-h1,225,20260908,issue-77-n1-008-a12,0,3.0,,0,False,False,2925,0,0.252450
decision--continuous-fixed-h1-e225--seed20260908--issue-77-n1-009-a00,continuous-fixed-h1-e225,continuous,fixed-h1,225,20260908,issue-77-n1-009-a00,12,3.0,,0,False,False,2925,0,0.249551
decision--continuous-fixed-h1-e225--seed20260908--issue-77-n1-009-a09,continuous-fixed-h1-e225,continuous,fixed-h1,225,20260908,issue-77-n1-009-a09,12,3.0,,0,False,False,2925,0,0.246249
decision--continuous-fixed-h1-e225--seed20260908--issue-77-n1-010-a06,continuous-fixed-h1-e225,continuous,fixed-h1,225,20260908,issue-77-n1-010-a06,0,3.0,,0,False,False,2925,0,0.253969
decision--continuous-fixed-h1-e225--seed20260908--issue-77-n1-011-a02,continuous-fixed-h1-e225,continuous,fixed-h1,225,20260908,issue-77-n1-011-a02,0,4.0,,0,False,False,2925,0,0.254055
decision--continuous-fixed-h1-e225--seed20260908--issue-77-n1-011-a11,continuous-fixed-h1-e225,continuous,fixed-h1,225,20260908,issue-77-n1-011-a11,0,4.0,,0,False,False,2925,0,0.247696
decision--continuous-fixed-h1-e225--seed20260908--issue-77-n1-012-a08,continuous-fixed-h1-e225,continuous,fixed-h1,225,20260908,issue-77-n1-012-a08,12,3.8730063438415527,,0,False,False,2925,0,0.266529
decision--continuous-fixed-h1-e225--seed20260908--issue-77-n1-013-a04,continuous-fixed-h1-e225,continuous,fixed-h1,225,20260908,issue-77-n1-013-a04,0,3.0,,0,False,False,2925,0,0.250923
decision--continuous-fixed-h1-e225--seed20260908--issue-77-n1-014-a01,continuous-fixed-h1-e225,continuous,fixed-h1,225,20260908,issue-77-n1-014-a01,12,3.993422031402588,,0,False,False,2925,0,0.250101
decision--continuous-fixed-h1-e225--seed20260908--issue-77-n1-014-a10,continuous-fixed-h1-e225,continuous,fixed-h1,225,20260908,issue-77-n1-014-a10,12,3.993422031402588,,0,False,False,2925,0,0.272597
decision--continuous-fixed-h1-e225--seed20260908--issue-77-n1-015-a06,continuous-fixed-h1-e225,continuous,fixed-h1,225,20260908,issue-77-n1-015-a06,10,3.0,,0,False,False,2925,0,0.273257
decision--continuous-fixed-h1-e225--seed20260908--issue-77-n1-016-a03,continuous-fixed-h1-e225,continuous,fixed-h1,225,20260908,issue-77-n1-016-a03,11,3.0,,0,False,False,2925,0,0.249939
decision--continuous-fixed-h1-e225--seed20260908--issue-77-n1-016-a12,continuous-fixed-h1-e225,continuous,fixed-h1,225,20260908,issue-77-n1-016-a12,11,3.0,,0,False,False,2925,0,0.268477
decision--continuous-fixed-h1-e225--seed20260909--issue-77-n1-001-a00,continuous-fixed-h1-e225,continuous,fixed-h1,225,20260909,issue-77-n1-001-a00,0,1.0,,0,False,False,2700,0,0.252177
decision--continuous-fixed-h1-e225--seed20260909--issue-77-n1-001-a07,continuous-fixed-h1-e225,continuous,fixed-h1,225,20260909,issue-77-n1-001-a07,0,1.0,,0,False,False,2700,0,0.242299
decision--continuous-fixed-h1-e225--seed20260909--issue-77-n1-003-a00,continuous-fixed-h1-e225,continuous,fixed-h1,225,20260909,issue-77-n1-003-a00,0,2.0,,0,False,False,2025,0,0.236689
decision--continuous-fixed-h1-e225--seed20260909--issue-77-n1-003-a10,continuous-fixed-h1-e225,continuous,fixed-h1,225,20260909,issue-77-n1-003-a10,0,2.0,,0,False,False,2025,0,0.241316
decision--continuous-fixed-h1-e225--seed20260909--issue-77-n1-004-a07,continuous-fixed-h1-e225,continuous,fixed-h1,225,20260909,issue-77-n1-004-a07,1,1.0,,0,False,False,2025,0,0.240091
decision--continuous-fixed-h1-e225--seed20260909--issue-77-n1-006-a05,continuous-fixed-h1-e225,continuous,fixed-h1,225,20260909,issue-77-n1-006-a05,0,2.0,,0,False,False,2925,0,0.246861
decision--continuous-fixed-h1-e225--seed20260909--issue-77-n1-006-a11,continuous-fixed-h1-e225,continuous,fixed-h1,225,20260909,issue-77-n1-006-a11,0,2.0,,0,False,False,2925,0,0.244574
decision--continuous-fixed-h1-e225--seed20260909--issue-77-n1-007-a05,continuous-fixed-h1-e225,continuous,fixed-h1,225,20260909,issue-77-n1-007-a05,0,2.0,,0,False,False,2925,0,0.247088
decision--continuous-fixed-h1-e225--seed20260909--issue-77-n1-007-a12,continuous-fixed-h1-e225,continuous,fixed-h1,225,20260909,issue-77-n1-007-a12,0,2.0,,0,False,False,2925,0,0.248803
decision--continuous-fixed-h1-e225--seed20260909--issue-77-n1-008-a05,continuous-fixed-h1-e225,continuous,fixed-h1,225,20260909,issue-77-n1-008-a05,0,2.0,,0,False,False,2925,0,0.257184
decision--continuous-fixed-h1-e225--seed20260909--issue-77-n1-008-a12,continuous-fixed-h1-e225,continuous,fixed-h1,225,20260909,issue-77-n1-008-a12,0,2.0,,0,False,False,2925,0,0.255507
decision--continuous-fixed-h1-e225--seed20260909--issue-77-n1-009-a00,continuous-fixed-h1-e225,continuous,fixed-h1,225,20260909,issue-77-n1-009-a00,0,2.0,,0,False,False,2925,0,0.252814
decision--continuous-fixed-h1-e225--seed20260909--issue-77-n1-009-a09,continuous-fixed-h1-e225,continuous,fixed-h1,225,20260909,issue-77-n1-009-a09,0,2.0,,0,False,False,2925,0,0.284993
decision--continuous-fixed-h1-e225--seed20260909--issue-77-n1-010-a06,continuous-fixed-h1-e225,continuous,fixed-h1,225,20260909,issue-77-n1-010-a06,0,2.0,,0,False,False,2925,0,0.247430
decision--continuous-fixed-h1-e225--seed20260909--issue-77-n1-011-a02,continuous-fixed-h1-e225,continuous,fixed-h1,225,20260909,issue-77-n1-011-a02,0,2.0,,0,False,False,2925,0,0.250394
decision--continuous-fixed-h1-e225--seed20260909--issue-77-n1-011-a11,continuous-fixed-h1-e225,continuous,fixed-h1,225,20260909,issue-77-n1-011-a11,0,2.0,,0,False,False,2925,0,0.248023
decision--continuous-fixed-h1-e225--seed20260909--issue-77-n1-012-a08,continuous-fixed-h1-e225,continuous,fixed-h1,225,20260909,issue-77-n1-012-a08,0,2.0,,0,False,False,2925,0,0.252146
decision--continuous-fixed-h1-e225--seed20260909--issue-77-n1-013-a04,continuous-fixed-h1-e225,continuous,fixed-h1,225,20260909,issue-77-n1-013-a04,1,1.2647435665130615,,0,False,False,2925,0,0.261271
decision--continuous-fixed-h1-e225--seed20260909--issue-77-n1-014-a01,continuous-fixed-h1-e225,continuous,fixed-h1,225,20260909,issue-77-n1-014-a01,0,2.0,,0,False,False,2925,0,0.276799
decision--continuous-fixed-h1-e225--seed20260909--issue-77-n1-014-a10,continuous-fixed-h1-e225,continuous,fixed-h1,225,20260909,issue-77-n1-014-a10,0,2.0,,0,False,False,2925,0,0.278376
decision--continuous-fixed-h1-e225--seed20260909--issue-77-n1-015-a06,continuous-fixed-h1-e225,continuous,fixed-h1,225,20260909,issue-77-n1-015-a06,0,2.0,,0,False,False,2925,0,0.272403
decision--continuous-fixed-h1-e225--seed20260909--issue-77-n1-016-a03,continuous-fixed-h1-e225,continuous,fixed-h1,225,20260909,issue-77-n1-016-a03,0,2.0,,0,False,False,2925,0,0.256723
decision--continuous-fixed-h1-e225--seed20260909--issue-77-n1-016-a12,continuous-fixed-h1-e225,continuous,fixed-h1,225,20260909,issue-77-n1-016-a12,0,2.0,,0,False,False,2925,0,0.278088
decision--continuous-fixed-h1-e225--seed20260910--issue-77-n1-001-a00,continuous-fixed-h1-e225,continuous,fixed-h1,225,20260910,issue-77-n1-001-a00,1,2.0,,0,False,False,2700,0,0.267298
decision--continuous-fixed-h1-e225--seed20260910--issue-77-n1-001-a07,continuous-fixed-h1-e225,continuous,fixed-h1,225,20260910,issue-77-n1-001-a07,1,2.0,,0,False,False,2700,0,0.248510
decision--continuous-fixed-h1-e225--seed20260910--issue-77-n1-003-a00,continuous-fixed-h1-e225,continuous,fixed-h1,225,20260910,issue-77-n1-003-a00,0,2.0,,0,False,False,2025,0,0.237096
decision--continuous-fixed-h1-e225--seed20260910--issue-77-n1-003-a10,continuous-fixed-h1-e225,continuous,fixed-h1,225,20260910,issue-77-n1-003-a10,0,2.0,,0,False,False,2025,0,0.234820
decision--continuous-fixed-h1-e225--seed20260910--issue-77-n1-004-a07,continuous-fixed-h1-e225,continuous,fixed-h1,225,20260910,issue-77-n1-004-a07,5,2.0,,0,True,False,2025,0,0.240518
decision--continuous-fixed-h1-e225--seed20260910--issue-77-n1-006-a05,continuous-fixed-h1-e225,continuous,fixed-h1,225,20260910,issue-77-n1-006-a05,0,3.0,,0,False,False,2925,0,0.247715
decision--continuous-fixed-h1-e225--seed20260910--issue-77-n1-006-a11,continuous-fixed-h1-e225,continuous,fixed-h1,225,20260910,issue-77-n1-006-a11,0,3.0,,0,False,False,2925,0,0.247598
decision--continuous-fixed-h1-e225--seed20260910--issue-77-n1-007-a05,continuous-fixed-h1-e225,continuous,fixed-h1,225,20260910,issue-77-n1-007-a05,0,3.0,,0,False,False,2925,0,0.252451
decision--continuous-fixed-h1-e225--seed20260910--issue-77-n1-007-a12,continuous-fixed-h1-e225,continuous,fixed-h1,225,20260910,issue-77-n1-007-a12,0,3.0,,0,False,False,2925,0,0.263394
decision--continuous-fixed-h1-e225--seed20260910--issue-77-n1-008-a05,continuous-fixed-h1-e225,continuous,fixed-h1,225,20260910,issue-77-n1-008-a05,12,2.0,,0,False,False,2925,0,0.255162
decision--continuous-fixed-h1-e225--seed20260910--issue-77-n1-008-a12,continuous-fixed-h1-e225,continuous,fixed-h1,225,20260910,issue-77-n1-008-a12,12,2.0,,0,False,False,2925,0,0.262592
decision--continuous-fixed-h1-e225--seed20260910--issue-77-n1-009-a00,continuous-fixed-h1-e225,continuous,fixed-h1,225,20260910,issue-77-n1-009-a00,0,2.0,,0,False,False,2925,0,0.260406
decision--continuous-fixed-h1-e225--seed20260910--issue-77-n1-009-a09,continuous-fixed-h1-e225,continuous,fixed-h1,225,20260910,issue-77-n1-009-a09,0,2.0,,0,False,False,2925,0,0.247782
decision--continuous-fixed-h1-e225--seed20260910--issue-77-n1-010-a06,continuous-fixed-h1-e225,continuous,fixed-h1,225,20260910,issue-77-n1-010-a06,8,2.0,,0,False,False,2925,0,0.250521
decision--continuous-fixed-h1-e225--seed20260910--issue-77-n1-011-a02,continuous-fixed-h1-e225,continuous,fixed-h1,225,20260910,issue-77-n1-011-a02,0,3.0,,0,False,False,2925,0,0.250111
decision--continuous-fixed-h1-e225--seed20260910--issue-77-n1-011-a11,continuous-fixed-h1-e225,continuous,fixed-h1,225,20260910,issue-77-n1-011-a11,0,3.0,,0,False,False,2925,0,0.263174
decision--continuous-fixed-h1-e225--seed20260910--issue-77-n1-012-a08,continuous-fixed-h1-e225,continuous,fixed-h1,225,20260910,issue-77-n1-012-a08,0,3.0,,0,False,False,2925,0,0.250907
decision--continuous-fixed-h1-e225--seed20260910--issue-77-n1-013-a04,continuous-fixed-h1-e225,continuous,fixed-h1,225,20260910,issue-77-n1-013-a04,0,3.0,,0,False,False,2925,0,0.257136
decision--continuous-fixed-h1-e225--seed20260910--issue-77-n1-014-a01,continuous-fixed-h1-e225,continuous,fixed-h1,225,20260910,issue-77-n1-014-a01,0,2.0,,0,False,False,2925,0,0.286292
decision--continuous-fixed-h1-e225--seed20260910--issue-77-n1-014-a10,continuous-fixed-h1-e225,continuous,fixed-h1,225,20260910,issue-77-n1-014-a10,0,2.0,,0,False,False,2925,0,0.269541
decision--continuous-fixed-h1-e225--seed20260910--issue-77-n1-015-a06,continuous-fixed-h1-e225,continuous,fixed-h1,225,20260910,issue-77-n1-015-a06,0,3.0,,0,False,False,2925,0,0.247335
decision--continuous-fixed-h1-e225--seed20260910--issue-77-n1-016-a03,continuous-fixed-h1-e225,continuous,fixed-h1,225,20260910,issue-77-n1-016-a03,0,3.0,,0,False,False,2925,0,0.270595
decision--continuous-fixed-h1-e225--seed20260910--issue-77-n1-016-a12,continuous-fixed-h1-e225,continuous,fixed-h1,225,20260910,issue-77-n1-016-a12,0,3.0,,0,False,False,2925,0,0.257965
decision--continuous-fixed-h1-e600--seed20260908--issue-77-n1-001-a00,continuous-fixed-h1-e600,continuous,fixed-h1,600,20260908,issue-77-n1-001-a00,0,3.0,,0,False,False,7200,0,0.662328
decision--continuous-fixed-h1-e600--seed20260908--issue-77-n1-001-a07,continuous-fixed-h1-e600,continuous,fixed-h1,600,20260908,issue-77-n1-001-a07,0,3.0,,0,False,False,7200,0,0.659849
decision--continuous-fixed-h1-e600--seed20260908--issue-77-n1-003-a00,continuous-fixed-h1-e600,continuous,fixed-h1,600,20260908,issue-77-n1-003-a00,0,3.0,,0,False,False,5400,0,0.642622
decision--continuous-fixed-h1-e600--seed20260908--issue-77-n1-003-a10,continuous-fixed-h1-e600,continuous,fixed-h1,600,20260908,issue-77-n1-003-a10,0,3.0,,0,False,False,5400,0,0.649759
decision--continuous-fixed-h1-e600--seed20260908--issue-77-n1-004-a07,continuous-fixed-h1-e600,continuous,fixed-h1,600,20260908,issue-77-n1-004-a07,1,3.0,,0,False,False,5400,0,0.636968
decision--continuous-fixed-h1-e600--seed20260908--issue-77-n1-006-a05,continuous-fixed-h1-e600,continuous,fixed-h1,600,20260908,issue-77-n1-006-a05,0,3.0,,0,False,False,7800,0,0.663022
decision--continuous-fixed-h1-e600--seed20260908--issue-77-n1-006-a11,continuous-fixed-h1-e600,continuous,fixed-h1,600,20260908,issue-77-n1-006-a11,0,3.0,,0,False,False,7800,0,0.658553
decision--continuous-fixed-h1-e600--seed20260908--issue-77-n1-007-a05,continuous-fixed-h1-e600,continuous,fixed-h1,600,20260908,issue-77-n1-007-a05,0,3.0,,0,False,False,7800,0,0.664002
decision--continuous-fixed-h1-e600--seed20260908--issue-77-n1-007-a12,continuous-fixed-h1-e600,continuous,fixed-h1,600,20260908,issue-77-n1-007-a12,0,3.0,,0,False,False,7800,0,0.665256
decision--continuous-fixed-h1-e600--seed20260908--issue-77-n1-008-a05,continuous-fixed-h1-e600,continuous,fixed-h1,600,20260908,issue-77-n1-008-a05,0,3.0,,0,False,False,7800,0,0.670226
decision--continuous-fixed-h1-e600--seed20260908--issue-77-n1-008-a12,continuous-fixed-h1-e600,continuous,fixed-h1,600,20260908,issue-77-n1-008-a12,0,3.0,,0,False,False,7800,0,0.682012
decision--continuous-fixed-h1-e600--seed20260908--issue-77-n1-009-a00,continuous-fixed-h1-e600,continuous,fixed-h1,600,20260908,issue-77-n1-009-a00,0,3.0,,0,False,False,7800,0,0.683316
decision--continuous-fixed-h1-e600--seed20260908--issue-77-n1-009-a09,continuous-fixed-h1-e600,continuous,fixed-h1,600,20260908,issue-77-n1-009-a09,0,3.0,,0,False,False,7800,0,0.686170
decision--continuous-fixed-h1-e600--seed20260908--issue-77-n1-010-a06,continuous-fixed-h1-e600,continuous,fixed-h1,600,20260908,issue-77-n1-010-a06,0,3.0,,0,False,False,7800,0,0.681859
decision--continuous-fixed-h1-e600--seed20260908--issue-77-n1-011-a02,continuous-fixed-h1-e600,continuous,fixed-h1,600,20260908,issue-77-n1-011-a02,0,3.0,,0,False,False,7800,0,0.682659
decision--continuous-fixed-h1-e600--seed20260908--issue-77-n1-011-a11,continuous-fixed-h1-e600,continuous,fixed-h1,600,20260908,issue-77-n1-011-a11,0,3.0,,0,False,False,7800,0,0.674629
decision--continuous-fixed-h1-e600--seed20260908--issue-77-n1-012-a08,continuous-fixed-h1-e600,continuous,fixed-h1,600,20260908,issue-77-n1-012-a08,0,3.0,,0,False,False,7800,0,0.684820
decision--continuous-fixed-h1-e600--seed20260908--issue-77-n1-013-a04,continuous-fixed-h1-e600,continuous,fixed-h1,600,20260908,issue-77-n1-013-a04,0,2.0,,0,False,False,7800,0,0.665970
decision--continuous-fixed-h1-e600--seed20260908--issue-77-n1-014-a01,continuous-fixed-h1-e600,continuous,fixed-h1,600,20260908,issue-77-n1-014-a01,0,3.0,,0,False,False,7800,0,0.680642
decision--continuous-fixed-h1-e600--seed20260908--issue-77-n1-014-a10,continuous-fixed-h1-e600,continuous,fixed-h1,600,20260908,issue-77-n1-014-a10,0,3.0,,0,False,False,7800,0,0.721345
decision--continuous-fixed-h1-e600--seed20260908--issue-77-n1-015-a06,continuous-fixed-h1-e600,continuous,fixed-h1,600,20260908,issue-77-n1-015-a06,0,3.0,,0,False,False,7800,0,0.743907
decision--continuous-fixed-h1-e600--seed20260908--issue-77-n1-016-a03,continuous-fixed-h1-e600,continuous,fixed-h1,600,20260908,issue-77-n1-016-a03,0,3.0,,0,False,False,7800,0,0.663041
decision--continuous-fixed-h1-e600--seed20260908--issue-77-n1-016-a12,continuous-fixed-h1-e600,continuous,fixed-h1,600,20260908,issue-77-n1-016-a12,0,3.0,,0,False,False,7800,0,0.749324
decision--continuous-fixed-h1-e600--seed20260909--issue-77-n1-001-a00,continuous-fixed-h1-e600,continuous,fixed-h1,600,20260909,issue-77-n1-001-a00,0,1.0,,0,False,False,7200,0,0.654208
decision--continuous-fixed-h1-e600--seed20260909--issue-77-n1-001-a07,continuous-fixed-h1-e600,continuous,fixed-h1,600,20260909,issue-77-n1-001-a07,0,1.0,,0,False,False,7200,0,0.667774
decision--continuous-fixed-h1-e600--seed20260909--issue-77-n1-003-a00,continuous-fixed-h1-e600,continuous,fixed-h1,600,20260909,issue-77-n1-003-a00,0,2.0,,0,False,False,5400,0,0.625775
decision--continuous-fixed-h1-e600--seed20260909--issue-77-n1-003-a10,continuous-fixed-h1-e600,continuous,fixed-h1,600,20260909,issue-77-n1-003-a10,0,2.0,,0,False,False,5400,0,0.629531
decision--continuous-fixed-h1-e600--seed20260909--issue-77-n1-004-a07,continuous-fixed-h1-e600,continuous,fixed-h1,600,20260909,issue-77-n1-004-a07,1,1.0,,0,False,False,5400,0,0.648429
decision--continuous-fixed-h1-e600--seed20260909--issue-77-n1-006-a05,continuous-fixed-h1-e600,continuous,fixed-h1,600,20260909,issue-77-n1-006-a05,0,3.0,,0,False,False,7800,0,0.683643
decision--continuous-fixed-h1-e600--seed20260909--issue-77-n1-006-a11,continuous-fixed-h1-e600,continuous,fixed-h1,600,20260909,issue-77-n1-006-a11,0,3.0,,0,False,False,7800,0,0.700217
decision--continuous-fixed-h1-e600--seed20260909--issue-77-n1-007-a05,continuous-fixed-h1-e600,continuous,fixed-h1,600,20260909,issue-77-n1-007-a05,0,2.0,,0,False,False,7800,0,0.687630
decision--continuous-fixed-h1-e600--seed20260909--issue-77-n1-007-a12,continuous-fixed-h1-e600,continuous,fixed-h1,600,20260909,issue-77-n1-007-a12,0,2.0,,0,False,False,7800,0,0.671903
decision--continuous-fixed-h1-e600--seed20260909--issue-77-n1-008-a05,continuous-fixed-h1-e600,continuous,fixed-h1,600,20260909,issue-77-n1-008-a05,0,3.0,,0,False,False,7800,0,0.659186
decision--continuous-fixed-h1-e600--seed20260909--issue-77-n1-008-a12,continuous-fixed-h1-e600,continuous,fixed-h1,600,20260909,issue-77-n1-008-a12,0,3.0,,0,False,False,7800,0,0.666966
decision--continuous-fixed-h1-e600--seed20260909--issue-77-n1-009-a00,continuous-fixed-h1-e600,continuous,fixed-h1,600,20260909,issue-77-n1-009-a00,0,2.0,,0,False,False,7800,0,0.671871
decision--continuous-fixed-h1-e600--seed20260909--issue-77-n1-009-a09,continuous-fixed-h1-e600,continuous,fixed-h1,600,20260909,issue-77-n1-009-a09,0,2.0,,0,False,False,7800,0,0.732220
decision--continuous-fixed-h1-e600--seed20260909--issue-77-n1-010-a06,continuous-fixed-h1-e600,continuous,fixed-h1,600,20260909,issue-77-n1-010-a06,0,2.0,,0,False,False,7800,0,0.662948
decision--continuous-fixed-h1-e600--seed20260909--issue-77-n1-011-a02,continuous-fixed-h1-e600,continuous,fixed-h1,600,20260909,issue-77-n1-011-a02,0,2.0,,0,False,False,7800,0,0.682931
decision--continuous-fixed-h1-e600--seed20260909--issue-77-n1-011-a11,continuous-fixed-h1-e600,continuous,fixed-h1,600,20260909,issue-77-n1-011-a11,0,2.0,,0,False,False,7800,0,0.667264
decision--continuous-fixed-h1-e600--seed20260909--issue-77-n1-012-a08,continuous-fixed-h1-e600,continuous,fixed-h1,600,20260909,issue-77-n1-012-a08,0,1.0,,0,False,False,7800,0,0.688579
decision--continuous-fixed-h1-e600--seed20260909--issue-77-n1-013-a04,continuous-fixed-h1-e600,continuous,fixed-h1,600,20260909,issue-77-n1-013-a04,0,1.0,,0,False,False,7800,0,0.669166
decision--continuous-fixed-h1-e600--seed20260909--issue-77-n1-014-a01,continuous-fixed-h1-e600,continuous,fixed-h1,600,20260909,issue-77-n1-014-a01,0,2.0,,0,False,False,7800,0,0.816367
decision--continuous-fixed-h1-e600--seed20260909--issue-77-n1-014-a10,continuous-fixed-h1-e600,continuous,fixed-h1,600,20260909,issue-77-n1-014-a10,0,2.0,,0,False,False,7800,0,0.725433
decision--continuous-fixed-h1-e600--seed20260909--issue-77-n1-015-a06,continuous-fixed-h1-e600,continuous,fixed-h1,600,20260909,issue-77-n1-015-a06,0,2.0,,0,False,False,7800,0,0.715483
decision--continuous-fixed-h1-e600--seed20260909--issue-77-n1-016-a03,continuous-fixed-h1-e600,continuous,fixed-h1,600,20260909,issue-77-n1-016-a03,0,2.0,,0,False,False,7800,0,0.680787
decision--continuous-fixed-h1-e600--seed20260909--issue-77-n1-016-a12,continuous-fixed-h1-e600,continuous,fixed-h1,600,20260909,issue-77-n1-016-a12,0,2.0,,0,False,False,7800,0,0.727017
decision--continuous-fixed-h1-e600--seed20260910--issue-77-n1-001-a00,continuous-fixed-h1-e600,continuous,fixed-h1,600,20260910,issue-77-n1-001-a00,0,1002.0,,0,False,False,7200,0,0.664629
decision--continuous-fixed-h1-e600--seed20260910--issue-77-n1-001-a07,continuous-fixed-h1-e600,continuous,fixed-h1,600,20260910,issue-77-n1-001-a07,0,1002.0,,0,False,False,7200,0,0.678925
decision--continuous-fixed-h1-e600--seed20260910--issue-77-n1-003-a00,continuous-fixed-h1-e600,continuous,fixed-h1,600,20260910,issue-77-n1-003-a00,0,4.0,,0,False,False,5400,0,0.659400
decision--continuous-fixed-h1-e600--seed20260910--issue-77-n1-003-a10,continuous-fixed-h1-e600,continuous,fixed-h1,600,20260910,issue-77-n1-003-a10,0,4.0,,0,False,False,5400,0,0.646174
decision--continuous-fixed-h1-e600--seed20260910--issue-77-n1-004-a07,continuous-fixed-h1-e600,continuous,fixed-h1,600,20260910,issue-77-n1-004-a07,4,1003.0,,0,True,False,5400,0,0.643458
decision--continuous-fixed-h1-e600--seed20260910--issue-77-n1-006-a05,continuous-fixed-h1-e600,continuous,fixed-h1,600,20260910,issue-77-n1-006-a05,0,4.0,,0,False,False,7800,0,0.676272
decision--continuous-fixed-h1-e600--seed20260910--issue-77-n1-006-a11,continuous-fixed-h1-e600,continuous,fixed-h1,600,20260910,issue-77-n1-006-a11,0,4.0,,0,False,False,7800,0,0.665230
decision--continuous-fixed-h1-e600--seed20260910--issue-77-n1-007-a05,continuous-fixed-h1-e600,continuous,fixed-h1,600,20260910,issue-77-n1-007-a05,12,1003.0,,0,False,False,7800,0,0.675136
decision--continuous-fixed-h1-e600--seed20260910--issue-77-n1-007-a12,continuous-fixed-h1-e600,continuous,fixed-h1,600,20260910,issue-77-n1-007-a12,12,1003.0,,0,False,False,7800,0,0.662414
decision--continuous-fixed-h1-e600--seed20260910--issue-77-n1-008-a05,continuous-fixed-h1-e600,continuous,fixed-h1,600,20260910,issue-77-n1-008-a05,10,2.0,,0,False,False,7800,0,0.684130
decision--continuous-fixed-h1-e600--seed20260910--issue-77-n1-008-a12,continuous-fixed-h1-e600,continuous,fixed-h1,600,20260910,issue-77-n1-008-a12,10,2.0,,0,False,False,7800,0,0.668987
decision--continuous-fixed-h1-e600--seed20260910--issue-77-n1-009-a00,continuous-fixed-h1-e600,continuous,fixed-h1,600,20260910,issue-77-n1-009-a00,0,4.0,,0,False,False,7800,0,0.679648
decision--continuous-fixed-h1-e600--seed20260910--issue-77-n1-009-a09,continuous-fixed-h1-e600,continuous,fixed-h1,600,20260910,issue-77-n1-009-a09,0,4.0,,0,False,False,7800,0,0.671719
decision--continuous-fixed-h1-e600--seed20260910--issue-77-n1-010-a06,continuous-fixed-h1-e600,continuous,fixed-h1,600,20260910,issue-77-n1-010-a06,8,2.0,,0,False,False,7800,0,0.670776
decision--continuous-fixed-h1-e600--seed20260910--issue-77-n1-011-a02,continuous-fixed-h1-e600,continuous,fixed-h1,600,20260910,issue-77-n1-011-a02,0,4.0,,0,False,False,7800,0,0.670000
decision--continuous-fixed-h1-e600--seed20260910--issue-77-n1-011-a11,continuous-fixed-h1-e600,continuous,fixed-h1,600,20260910,issue-77-n1-011-a11,0,4.0,,0,False,False,7800,0,0.669215
decision--continuous-fixed-h1-e600--seed20260910--issue-77-n1-012-a08,continuous-fixed-h1-e600,continuous,fixed-h1,600,20260910,issue-77-n1-012-a08,0,4.0,,0,False,False,7800,0,0.664728
decision--continuous-fixed-h1-e600--seed20260910--issue-77-n1-013-a04,continuous-fixed-h1-e600,continuous,fixed-h1,600,20260910,issue-77-n1-013-a04,0,4.0,,0,False,False,7800,0,0.670873
decision--continuous-fixed-h1-e600--seed20260910--issue-77-n1-014-a01,continuous-fixed-h1-e600,continuous,fixed-h1,600,20260910,issue-77-n1-014-a01,0,4.0,,0,False,False,7800,0,0.747402
decision--continuous-fixed-h1-e600--seed20260910--issue-77-n1-014-a10,continuous-fixed-h1-e600,continuous,fixed-h1,600,20260910,issue-77-n1-014-a10,0,4.0,,0,False,False,7800,0,0.770856
decision--continuous-fixed-h1-e600--seed20260910--issue-77-n1-015-a06,continuous-fixed-h1-e600,continuous,fixed-h1,600,20260910,issue-77-n1-015-a06,0,4.0,,0,False,False,7800,0,0.675334
decision--continuous-fixed-h1-e600--seed20260910--issue-77-n1-016-a03,continuous-fixed-h1-e600,continuous,fixed-h1,600,20260910,issue-77-n1-016-a03,0,4.0,,0,False,False,7800,0,0.752099
decision--continuous-fixed-h1-e600--seed20260910--issue-77-n1-016-a12,continuous-fixed-h1-e600,continuous,fixed-h1,600,20260910,issue-77-n1-016-a12,0,4.0,,0,False,False,7800,0,0.719882
decision--continuous-fixed-h15-e225--seed20260908--issue-77-n1-001-a00,continuous-fixed-h15-e225,continuous,fixed-h15,225,20260908,issue-77-n1-001-a00,1,0.9541932344436646,,0,False,False,180,0,0.017885
decision--continuous-fixed-h15-e225--seed20260908--issue-77-n1-001-a07,continuous-fixed-h15-e225,continuous,fixed-h15,225,20260908,issue-77-n1-001-a07,1,0.9541932344436646,,0,False,False,180,0,0.018254
decision--continuous-fixed-h15-e225--seed20260908--issue-77-n1-003-a00,continuous-fixed-h15-e225,continuous,fixed-h15,225,20260908,issue-77-n1-003-a00,11,1.2059009075164795,,0,False,False,135,0,0.015343
decision--continuous-fixed-h15-e225--seed20260908--issue-77-n1-003-a10,continuous-fixed-h15-e225,continuous,fixed-h15,225,20260908,issue-77-n1-003-a10,11,1.2059009075164795,,0,False,False,135,0,0.016207
decision--continuous-fixed-h15-e225--seed20260908--issue-77-n1-004-a07,continuous-fixed-h15-e225,continuous,fixed-h15,225,20260908,issue-77-n1-004-a07,12,0.8097488880157471,,0,False,False,135,0,0.017076
decision--continuous-fixed-h15-e225--seed20260908--issue-77-n1-006-a05,continuous-fixed-h15-e225,continuous,fixed-h15,225,20260908,issue-77-n1-006-a05,11,6.577889859676361,,0,False,False,195,0,0.015801
decision--continuous-fixed-h15-e225--seed20260908--issue-77-n1-006-a11,continuous-fixed-h15-e225,continuous,fixed-h15,225,20260908,issue-77-n1-006-a11,11,6.577889859676361,,0,False,False,195,0,0.018416
decision--continuous-fixed-h15-e225--seed20260908--issue-77-n1-007-a05,continuous-fixed-h15-e225,continuous,fixed-h15,225,20260908,issue-77-n1-007-a05,11,42.481770753860474,,0,False,False,195,0,0.016384
decision--continuous-fixed-h15-e225--seed20260908--issue-77-n1-007-a12,continuous-fixed-h15-e225,continuous,fixed-h15,225,20260908,issue-77-n1-007-a12,11,42.481770753860474,,0,False,False,195,0,0.015800
decision--continuous-fixed-h15-e225--seed20260908--issue-77-n1-008-a05,continuous-fixed-h15-e225,continuous,fixed-h15,225,20260908,issue-77-n1-008-a05,4,0.7099178433418274,,0,True,False,195,0,0.016098
decision--continuous-fixed-h15-e225--seed20260908--issue-77-n1-008-a12,continuous-fixed-h15-e225,continuous,fixed-h15,225,20260908,issue-77-n1-008-a12,4,0.7099178433418274,,0,True,False,195,0,0.016501
decision--continuous-fixed-h15-e225--seed20260908--issue-77-n1-009-a00,continuous-fixed-h15-e225,continuous,fixed-h15,225,20260908,issue-77-n1-009-a00,1,2.0577025413513184,,0,False,False,195,0,0.017941
decision--continuous-fixed-h15-e225--seed20260908--issue-77-n1-009-a09,continuous-fixed-h15-e225,continuous,fixed-h15,225,20260908,issue-77-n1-009-a09,1,2.0577025413513184,,0,False,False,195,0,0.016055
decision--continuous-fixed-h15-e225--seed20260908--issue-77-n1-010-a06,continuous-fixed-h15-e225,continuous,fixed-h15,225,20260908,issue-77-n1-010-a06,3,0.8275612592697144,,0,True,False,195,0,0.017556
decision--continuous-fixed-h15-e225--seed20260908--issue-77-n1-011-a02,continuous-fixed-h15-e225,continuous,fixed-h15,225,20260908,issue-77-n1-011-a02,12,1.1086009740829468,,0,False,False,195,0,0.016005
decision--continuous-fixed-h15-e225--seed20260908--issue-77-n1-011-a11,continuous-fixed-h15-e225,continuous,fixed-h15,225,20260908,issue-77-n1-011-a11,12,1.1086009740829468,,0,False,False,195,0,0.015785
decision--continuous-fixed-h15-e225--seed20260908--issue-77-n1-012-a08,continuous-fixed-h15-e225,continuous,fixed-h15,225,20260908,issue-77-n1-012-a08,1,1.7614662647247314,,0,False,False,195,0,0.015954
decision--continuous-fixed-h15-e225--seed20260908--issue-77-n1-013-a04,continuous-fixed-h15-e225,continuous,fixed-h15,225,20260908,issue-77-n1-013-a04,12,2.0120043754577637,,0,False,False,195,0,0.017767
decision--continuous-fixed-h15-e225--seed20260908--issue-77-n1-014-a01,continuous-fixed-h15-e225,continuous,fixed-h15,225,20260908,issue-77-n1-014-a01,12,1.3685784339904785,,0,False,False,195,0,0.017109
decision--continuous-fixed-h15-e225--seed20260908--issue-77-n1-014-a10,continuous-fixed-h15-e225,continuous,fixed-h15,225,20260908,issue-77-n1-014-a10,12,1.3685784339904785,,0,False,False,195,0,0.018875
decision--continuous-fixed-h15-e225--seed20260908--issue-77-n1-015-a06,continuous-fixed-h15-e225,continuous,fixed-h15,225,20260908,issue-77-n1-015-a06,12,1.0208015441894531,,0,False,False,195,0,0.017506
decision--continuous-fixed-h15-e225--seed20260908--issue-77-n1-016-a03,continuous-fixed-h15-e225,continuous,fixed-h15,225,20260908,issue-77-n1-016-a03,12,1.0691078901290894,,0,False,False,195,0,0.016079
decision--continuous-fixed-h15-e225--seed20260908--issue-77-n1-016-a12,continuous-fixed-h15-e225,continuous,fixed-h15,225,20260908,issue-77-n1-016-a12,12,1.0691078901290894,,0,False,False,195,0,0.019616
decision--continuous-fixed-h15-e225--seed20260909--issue-77-n1-001-a00,continuous-fixed-h15-e225,continuous,fixed-h15,225,20260909,issue-77-n1-001-a00,1,1.0683103799819946,,0,False,False,180,0,0.016009
decision--continuous-fixed-h15-e225--seed20260909--issue-77-n1-001-a07,continuous-fixed-h15-e225,continuous,fixed-h15,225,20260909,issue-77-n1-001-a07,1,1.0683103799819946,,0,False,False,180,0,0.018274
decision--continuous-fixed-h15-e225--seed20260909--issue-77-n1-003-a00,continuous-fixed-h15-e225,continuous,fixed-h15,225,20260909,issue-77-n1-003-a00,1,1.3557357788085938,,0,False,False,135,0,0.016808
decision--continuous-fixed-h15-e225--seed20260909--issue-77-n1-003-a10,continuous-fixed-h15-e225,continuous,fixed-h15,225,20260909,issue-77-n1-003-a10,1,1.3557357788085938,,0,False,False,135,0,0.017119
decision--continuous-fixed-h15-e225--seed20260909--issue-77-n1-004-a07,continuous-fixed-h15-e225,continuous,fixed-h15,225,20260909,issue-77-n1-004-a07,7,16.262371063232422,,0,False,False,135,0,0.017599
decision--continuous-fixed-h15-e225--seed20260909--issue-77-n1-006-a05,continuous-fixed-h15-e225,continuous,fixed-h15,225,20260909,issue-77-n1-006-a05,7,53.54212874174118,,0,False,False,195,0,0.017949
decision--continuous-fixed-h15-e225--seed20260909--issue-77-n1-006-a11,continuous-fixed-h15-e225,continuous,fixed-h15,225,20260909,issue-77-n1-006-a11,7,53.54212874174118,,0,False,False,195,0,0.017105
decision--continuous-fixed-h15-e225--seed20260909--issue-77-n1-007-a05,continuous-fixed-h15-e225,continuous,fixed-h15,225,20260909,issue-77-n1-007-a05,7,12.488151609897614,,0,False,False,195,0,0.015772
decision--continuous-fixed-h15-e225--seed20260909--issue-77-n1-007-a12,continuous-fixed-h15-e225,continuous,fixed-h15,225,20260909,issue-77-n1-007-a12,7,12.488151609897614,,0,False,False,195,0,0.019465
decision--continuous-fixed-h15-e225--seed20260909--issue-77-n1-008-a05,continuous-fixed-h15-e225,continuous,fixed-h15,225,20260909,issue-77-n1-008-a05,7,51.5221825838089,,0,False,False,195,0,0.019217
decision--continuous-fixed-h15-e225--seed20260909--issue-77-n1-008-a12,continuous-fixed-h15-e225,continuous,fixed-h15,225,20260909,issue-77-n1-008-a12,7,51.5221825838089,,0,False,False,195,0,0.017525
decision--continuous-fixed-h15-e225--seed20260909--issue-77-n1-009-a00,continuous-fixed-h15-e225,continuous,fixed-h15,225,20260909,issue-77-n1-009-a00,1,2.1588568687438965,,0,False,False,195,0,0.015827
decision--continuous-fixed-h15-e225--seed20260909--issue-77-n1-009-a09,continuous-fixed-h15-e225,continuous,fixed-h15,225,20260909,issue-77-n1-009-a09,1,2.1588568687438965,,0,False,False,195,0,0.019947
decision--continuous-fixed-h15-e225--seed20260909--issue-77-n1-010-a06,continuous-fixed-h15-e225,continuous,fixed-h15,225,20260909,issue-77-n1-010-a06,7,40.22352635860443,,0,False,False,195,0,0.017171
decision--continuous-fixed-h15-e225--seed20260909--issue-77-n1-011-a02,continuous-fixed-h15-e225,continuous,fixed-h15,225,20260909,issue-77-n1-011-a02,1,1.2574326992034912,,0,False,False,195,0,0.015880
decision--continuous-fixed-h15-e225--seed20260909--issue-77-n1-011-a11,continuous-fixed-h15-e225,continuous,fixed-h15,225,20260909,issue-77-n1-011-a11,1,1.2574326992034912,,0,False,False,195,0,0.016989
decision--continuous-fixed-h15-e225--seed20260909--issue-77-n1-012-a08,continuous-fixed-h15-e225,continuous,fixed-h15,225,20260909,issue-77-n1-012-a08,1,1.856833577156067,,0,False,False,195,0,0.017917
decision--continuous-fixed-h15-e225--seed20260909--issue-77-n1-013-a04,continuous-fixed-h15-e225,continuous,fixed-h15,225,20260909,issue-77-n1-013-a04,1,2.0890870094299316,,0,False,False,195,0,0.023361
decision--continuous-fixed-h15-e225--seed20260909--issue-77-n1-014-a01,continuous-fixed-h15-e225,continuous,fixed-h15,225,20260909,issue-77-n1-014-a01,1,1.5368694067001343,,0,False,False,195,0,0.020072
decision--continuous-fixed-h15-e225--seed20260909--issue-77-n1-014-a10,continuous-fixed-h15-e225,continuous,fixed-h15,225,20260909,issue-77-n1-014-a10,1,1.5368694067001343,,0,False,False,195,0,0.017553
decision--continuous-fixed-h15-e225--seed20260909--issue-77-n1-015-a06,continuous-fixed-h15-e225,continuous,fixed-h15,225,20260909,issue-77-n1-015-a06,1,1.1413328647613525,,0,False,False,195,0,0.020148
decision--continuous-fixed-h15-e225--seed20260909--issue-77-n1-016-a03,continuous-fixed-h15-e225,continuous,fixed-h15,225,20260909,issue-77-n1-016-a03,1,1.1982791423797607,,0,False,False,195,0,0.016798
decision--continuous-fixed-h15-e225--seed20260909--issue-77-n1-016-a12,continuous-fixed-h15-e225,continuous,fixed-h15,225,20260909,issue-77-n1-016-a12,1,1.1982791423797607,,0,False,False,195,0,0.027505
decision--continuous-fixed-h15-e225--seed20260910--issue-77-n1-001-a00,continuous-fixed-h15-e225,continuous,fixed-h15,225,20260910,issue-77-n1-001-a00,7,22.61330996453762,,0,False,False,180,0,0.015750
decision--continuous-fixed-h15-e225--seed20260910--issue-77-n1-001-a07,continuous-fixed-h15-e225,continuous,fixed-h15,225,20260910,issue-77-n1-001-a07,7,22.61330996453762,,0,False,False,180,0,0.015746
decision--continuous-fixed-h15-e225--seed20260910--issue-77-n1-003-a00,continuous-fixed-h15-e225,continuous,fixed-h15,225,20260910,issue-77-n1-003-a00,1,1.384445071220398,,0,False,False,135,0,0.017412
decision--continuous-fixed-h15-e225--seed20260910--issue-77-n1-003-a10,continuous-fixed-h15-e225,continuous,fixed-h15,225,20260910,issue-77-n1-003-a10,1,1.384445071220398,,0,False,False,135,0,0.017773
decision--continuous-fixed-h15-e225--seed20260910--issue-77-n1-004-a07,continuous-fixed-h15-e225,continuous,fixed-h15,225,20260910,issue-77-n1-004-a07,7,40.675272047519684,,0,False,False,135,0,0.015789
decision--continuous-fixed-h15-e225--seed20260910--issue-77-n1-006-a05,continuous-fixed-h15-e225,continuous,fixed-h15,225,20260910,issue-77-n1-006-a05,1,0.7807669639587402,,0,False,False,195,0,0.016385
decision--continuous-fixed-h15-e225--seed20260910--issue-77-n1-006-a11,continuous-fixed-h15-e225,continuous,fixed-h15,225,20260910,issue-77-n1-006-a11,1,0.7807669639587402,,0,False,False,195,0,0.016330
decision--continuous-fixed-h15-e225--seed20260910--issue-77-n1-007-a05,continuous-fixed-h15-e225,continuous,fixed-h15,225,20260910,issue-77-n1-007-a05,1,0.9058700203895569,,0,False,False,195,0,0.015757
decision--continuous-fixed-h15-e225--seed20260910--issue-77-n1-007-a12,continuous-fixed-h15-e225,continuous,fixed-h15,225,20260910,issue-77-n1-007-a12,1,0.9058700203895569,,0,False,False,195,0,0.019042
decision--continuous-fixed-h15-e225--seed20260910--issue-77-n1-008-a05,continuous-fixed-h15-e225,continuous,fixed-h15,225,20260910,issue-77-n1-008-a05,1,0.8079899549484253,,0,False,False,195,0,0.016327
decision--continuous-fixed-h15-e225--seed20260910--issue-77-n1-008-a12,continuous-fixed-h15-e225,continuous,fixed-h15,225,20260910,issue-77-n1-008-a12,1,0.8079899549484253,,0,False,False,195,0,0.015786
decision--continuous-fixed-h15-e225--seed20260910--issue-77-n1-009-a00,continuous-fixed-h15-e225,continuous,fixed-h15,225,20260910,issue-77-n1-009-a00,7,37.30827397108078,,0,False,False,195,0,0.017101
decision--continuous-fixed-h15-e225--seed20260910--issue-77-n1-009-a09,continuous-fixed-h15-e225,continuous,fixed-h15,225,20260910,issue-77-n1-009-a09,7,37.30827397108078,,0,False,False,195,0,0.015797
decision--continuous-fixed-h15-e225--seed20260910--issue-77-n1-010-a06,continuous-fixed-h15-e225,continuous,fixed-h15,225,20260910,issue-77-n1-010-a06,1,0.9113781452178955,,0,False,False,195,0,0.018693
decision--continuous-fixed-h15-e225--seed20260910--issue-77-n1-011-a02,continuous-fixed-h15-e225,continuous,fixed-h15,225,20260910,issue-77-n1-011-a02,7,4.133458077907562,,0,False,False,195,0,0.018749
decision--continuous-fixed-h15-e225--seed20260910--issue-77-n1-011-a11,continuous-fixed-h15-e225,continuous,fixed-h15,225,20260910,issue-77-n1-011-a11,7,4.133458077907562,,0,False,False,195,0,0.015795
decision--continuous-fixed-h15-e225--seed20260910--issue-77-n1-012-a08,continuous-fixed-h15-e225,continuous,fixed-h15,225,20260910,issue-77-n1-012-a08,7,56.71431279182434,,0,False,False,195,0,0.015929
decision--continuous-fixed-h15-e225--seed20260910--issue-77-n1-013-a04,continuous-fixed-h15-e225,continuous,fixed-h15,225,20260910,issue-77-n1-013-a04,7,74.71045458316803,,0,False,False,195,0,0.018287
decision--continuous-fixed-h15-e225--seed20260910--issue-77-n1-014-a01,continuous-fixed-h15-e225,continuous,fixed-h15,225,20260910,issue-77-n1-014-a01,7,4.309422627091408,,0,False,False,195,0,0.018765
decision--continuous-fixed-h15-e225--seed20260910--issue-77-n1-014-a10,continuous-fixed-h15-e225,continuous,fixed-h15,225,20260910,issue-77-n1-014-a10,7,4.309422627091408,,0,False,False,195,0,0.017926
decision--continuous-fixed-h15-e225--seed20260910--issue-77-n1-015-a06,continuous-fixed-h15-e225,continuous,fixed-h15,225,20260910,issue-77-n1-015-a06,7,7.771114155650139,,0,False,False,195,0,0.019591
decision--continuous-fixed-h15-e225--seed20260910--issue-77-n1-016-a03,continuous-fixed-h15-e225,continuous,fixed-h15,225,20260910,issue-77-n1-016-a03,1,1.2392866611480713,,0,False,False,195,0,0.017753
decision--continuous-fixed-h15-e225--seed20260910--issue-77-n1-016-a12,continuous-fixed-h15-e225,continuous,fixed-h15,225,20260910,issue-77-n1-016-a12,1,1.2392866611480713,,0,False,False,195,0,0.016026
decision--continuous-fixed-h15-e600--seed20260908--issue-77-n1-001-a00,continuous-fixed-h15-e600,continuous,fixed-h15,600,20260908,issue-77-n1-001-a00,1,1.5255179405212402,,0,False,False,480,0,0.044750
decision--continuous-fixed-h15-e600--seed20260908--issue-77-n1-001-a07,continuous-fixed-h15-e600,continuous,fixed-h15,600,20260908,issue-77-n1-001-a07,1,1.5255179405212402,,0,False,False,480,0,0.049832
decision--continuous-fixed-h15-e600--seed20260908--issue-77-n1-003-a00,continuous-fixed-h15-e600,continuous,fixed-h15,600,20260908,issue-77-n1-003-a00,1,1.3933998346328735,,0,False,False,360,0,0.042723
decision--continuous-fixed-h15-e600--seed20260908--issue-77-n1-003-a10,continuous-fixed-h15-e600,continuous,fixed-h15,600,20260908,issue-77-n1-003-a10,1,1.3933998346328735,,0,False,False,360,0,0.046726
decision--continuous-fixed-h15-e600--seed20260908--issue-77-n1-004-a07,continuous-fixed-h15-e600,continuous,fixed-h15,600,20260908,issue-77-n1-004-a07,1,1.1934659481048584,,0,False,False,360,0,0.041058
decision--continuous-fixed-h15-e600--seed20260908--issue-77-n1-006-a05,continuous-fixed-h15-e600,continuous,fixed-h15,600,20260908,issue-77-n1-006-a05,12,0.8880114555358887,,0,False,False,520,0,0.057330
decision--continuous-fixed-h15-e600--seed20260908--issue-77-n1-006-a11,continuous-fixed-h15-e600,continuous,fixed-h15,600,20260908,issue-77-n1-006-a11,12,0.8880114555358887,,0,False,False,520,0,0.046384
decision--continuous-fixed-h15-e600--seed20260908--issue-77-n1-007-a05,continuous-fixed-h15-e600,continuous,fixed-h15,600,20260908,issue-77-n1-007-a05,12,0.958175539970398,,0,False,False,520,0,0.046169
decision--continuous-fixed-h15-e600--seed20260908--issue-77-n1-007-a12,continuous-fixed-h15-e600,continuous,fixed-h15,600,20260908,issue-77-n1-007-a12,12,0.958175539970398,,0,False,False,520,0,0.045429
decision--continuous-fixed-h15-e600--seed20260908--issue-77-n1-008-a05,continuous-fixed-h15-e600,continuous,fixed-h15,600,20260908,issue-77-n1-008-a05,12,0.9683706760406494,,0,False,False,520,0,0.044176
decision--continuous-fixed-h15-e600--seed20260908--issue-77-n1-008-a12,continuous-fixed-h15-e600,continuous,fixed-h15,600,20260908,issue-77-n1-008-a12,12,0.9683706760406494,,0,False,False,520,0,0.045839
decision--continuous-fixed-h15-e600--seed20260908--issue-77-n1-009-a00,continuous-fixed-h15-e600,continuous,fixed-h15,600,20260908,issue-77-n1-009-a00,1,1.8325210809707642,,0,False,False,520,0,0.046668
decision--continuous-fixed-h15-e600--seed20260908--issue-77-n1-009-a09,continuous-fixed-h15-e600,continuous,fixed-h15,600,20260908,issue-77-n1-009-a09,1,1.8325210809707642,,0,False,False,520,0,0.044306
decision--continuous-fixed-h15-e600--seed20260908--issue-77-n1-010-a06,continuous-fixed-h15-e600,continuous,fixed-h15,600,20260908,issue-77-n1-010-a06,12,1.0253727436065674,,0,False,False,520,0,0.045304
decision--continuous-fixed-h15-e600--seed20260908--issue-77-n1-011-a02,continuous-fixed-h15-e600,continuous,fixed-h15,600,20260908,issue-77-n1-011-a02,12,1.3782310485839844,,0,False,False,520,0,0.044258
decision--continuous-fixed-h15-e600--seed20260908--issue-77-n1-011-a11,continuous-fixed-h15-e600,continuous,fixed-h15,600,20260908,issue-77-n1-011-a11,12,1.3782310485839844,,0,False,False,520,0,0.044173
decision--continuous-fixed-h15-e600--seed20260908--issue-77-n1-012-a08,continuous-fixed-h15-e600,continuous,fixed-h15,600,20260908,issue-77-n1-012-a08,12,1.5265837907791138,,0,False,False,520,0,0.044962
decision--continuous-fixed-h15-e600--seed20260908--issue-77-n1-013-a04,continuous-fixed-h15-e600,continuous,fixed-h15,600,20260908,issue-77-n1-013-a04,12,1.7389682531356812,,0,False,False,520,0,0.045512
decision--continuous-fixed-h15-e600--seed20260908--issue-77-n1-014-a01,continuous-fixed-h15-e600,continuous,fixed-h15,600,20260908,issue-77-n1-014-a01,12,1.4484896659851074,,0,False,False,520,0,0.049098
decision--continuous-fixed-h15-e600--seed20260908--issue-77-n1-014-a10,continuous-fixed-h15-e600,continuous,fixed-h15,600,20260908,issue-77-n1-014-a10,12,1.4484896659851074,,0,False,False,520,0,0.047900
decision--continuous-fixed-h15-e600--seed20260908--issue-77-n1-015-a06,continuous-fixed-h15-e600,continuous,fixed-h15,600,20260908,issue-77-n1-015-a06,1,1.3754501342773438,,0,False,False,520,0,0.048251
decision--continuous-fixed-h15-e600--seed20260908--issue-77-n1-016-a03,continuous-fixed-h15-e600,continuous,fixed-h15,600,20260908,issue-77-n1-016-a03,12,1.3295292854309082,,0,False,False,520,0,0.044254
decision--continuous-fixed-h15-e600--seed20260908--issue-77-n1-016-a12,continuous-fixed-h15-e600,continuous,fixed-h15,600,20260908,issue-77-n1-016-a12,12,1.3295292854309082,,0,False,False,520,0,0.053948
decision--continuous-fixed-h15-e600--seed20260909--issue-77-n1-001-a00,continuous-fixed-h15-e600,continuous,fixed-h15,600,20260909,issue-77-n1-001-a00,1,0.5598198771476746,,0,False,False,480,0,0.044129
decision--continuous-fixed-h15-e600--seed20260909--issue-77-n1-001-a07,continuous-fixed-h15-e600,continuous,fixed-h15,600,20260909,issue-77-n1-001-a07,1,0.5598198771476746,,0,False,False,480,0,0.044584
decision--continuous-fixed-h15-e600--seed20260909--issue-77-n1-003-a00,continuous-fixed-h15-e600,continuous,fixed-h15,600,20260909,issue-77-n1-003-a00,1,1.1690577268600464,,0,False,False,360,0,0.042443
decision--continuous-fixed-h15-e600--seed20260909--issue-77-n1-003-a10,continuous-fixed-h15-e600,continuous,fixed-h15,600,20260909,issue-77-n1-003-a10,1,1.1690577268600464,,0,False,False,360,0,0.043101
decision--continuous-fixed-h15-e600--seed20260909--issue-77-n1-004-a07,continuous-fixed-h15-e600,continuous,fixed-h15,600,20260909,issue-77-n1-004-a07,1,0.6892656683921814,,0,False,False,360,0,0.041199
decision--continuous-fixed-h15-e600--seed20260909--issue-77-n1-006-a05,continuous-fixed-h15-e600,continuous,fixed-h15,600,20260909,issue-77-n1-006-a05,7,81.1610895395279,,0,False,False,520,0,0.048778
decision--continuous-fixed-h15-e600--seed20260909--issue-77-n1-006-a11,continuous-fixed-h15-e600,continuous,fixed-h15,600,20260909,issue-77-n1-006-a11,7,81.1610895395279,,0,False,False,520,0,0.046287
decision--continuous-fixed-h15-e600--seed20260909--issue-77-n1-007-a05,continuous-fixed-h15-e600,continuous,fixed-h15,600,20260909,issue-77-n1-007-a05,7,85.04238605499268,,0,False,False,520,0,0.043527
decision--continuous-fixed-h15-e600--seed20260909--issue-77-n1-007-a12,continuous-fixed-h15-e600,continuous,fixed-h15,600,20260909,issue-77-n1-007-a12,7,85.04238605499268,,0,False,False,520,0,0.047770
decision--continuous-fixed-h15-e600--seed20260909--issue-77-n1-008-a05,continuous-fixed-h15-e600,continuous,fixed-h15,600,20260909,issue-77-n1-008-a05,7,63.265665769577026,,0,False,False,520,0,0.043312
decision--continuous-fixed-h15-e600--seed20260909--issue-77-n1-008-a12,continuous-fixed-h15-e600,continuous,fixed-h15,600,20260909,issue-77-n1-008-a12,7,63.265665769577026,,0,False,False,520,0,0.043200
decision--continuous-fixed-h15-e600--seed20260909--issue-77-n1-009-a00,continuous-fixed-h15-e600,continuous,fixed-h15,600,20260909,issue-77-n1-009-a00,1,1.8470709323883057,,0,False,False,520,0,0.044745
decision--continuous-fixed-h15-e600--seed20260909--issue-77-n1-009-a09,continuous-fixed-h15-e600,continuous,fixed-h15,600,20260909,issue-77-n1-009-a09,1,1.8470709323883057,,0,False,False,520,0,0.055956
decision--continuous-fixed-h15-e600--seed20260909--issue-77-n1-010-a06,continuous-fixed-h15-e600,continuous,fixed-h15,600,20260909,issue-77-n1-010-a06,7,32.06584453582764,,0,False,False,520,0,0.046036
decision--continuous-fixed-h15-e600--seed20260909--issue-77-n1-011-a02,continuous-fixed-h15-e600,continuous,fixed-h15,600,20260909,issue-77-n1-011-a02,1,1.0879220962524414,,0,False,False,520,0,0.044236
decision--continuous-fixed-h15-e600--seed20260909--issue-77-n1-011-a11,continuous-fixed-h15-e600,continuous,fixed-h15,600,20260909,issue-77-n1-011-a11,1,1.0879220962524414,,0,False,False,520,0,0.045012
decision--continuous-fixed-h15-e600--seed20260909--issue-77-n1-012-a08,continuous-fixed-h15-e600,continuous,fixed-h15,600,20260909,issue-77-n1-012-a08,1,1.5625039339065552,,0,False,False,520,0,0.046228
decision--continuous-fixed-h15-e600--seed20260909--issue-77-n1-013-a04,continuous-fixed-h15-e600,continuous,fixed-h15,600,20260909,issue-77-n1-013-a04,1,1.6577001810073853,,0,False,False,520,0,0.049309
decision--continuous-fixed-h15-e600--seed20260909--issue-77-n1-014-a01,continuous-fixed-h15-e600,continuous,fixed-h15,600,20260909,issue-77-n1-014-a01,1,1.36807382106781,,0,False,False,520,0,0.049583
decision--continuous-fixed-h15-e600--seed20260909--issue-77-n1-014-a10,continuous-fixed-h15-e600,continuous,fixed-h15,600,20260909,issue-77-n1-014-a10,1,1.36807382106781,,0,False,False,520,0,0.050080
decision--continuous-fixed-h15-e600--seed20260909--issue-77-n1-015-a06,continuous-fixed-h15-e600,continuous,fixed-h15,600,20260909,issue-77-n1-015-a06,1,0.767429530620575,,0,False,False,520,0,0.043961
decision--continuous-fixed-h15-e600--seed20260909--issue-77-n1-016-a03,continuous-fixed-h15-e600,continuous,fixed-h15,600,20260909,issue-77-n1-016-a03,1,1.0656657218933105,,0,False,False,520,0,0.047234
decision--continuous-fixed-h15-e600--seed20260909--issue-77-n1-016-a12,continuous-fixed-h15-e600,continuous,fixed-h15,600,20260909,issue-77-n1-016-a12,1,1.0656657218933105,,0,False,False,520,0,0.048250
decision--continuous-fixed-h15-e600--seed20260910--issue-77-n1-001-a00,continuous-fixed-h15-e600,continuous,fixed-h15,600,20260910,issue-77-n1-001-a00,7,36.911124527454376,,0,False,False,480,0,0.045093
decision--continuous-fixed-h15-e600--seed20260910--issue-77-n1-001-a07,continuous-fixed-h15-e600,continuous,fixed-h15,600,20260910,issue-77-n1-001-a07,7,36.911124527454376,,0,False,False,480,0,0.043335
decision--continuous-fixed-h15-e600--seed20260910--issue-77-n1-003-a00,continuous-fixed-h15-e600,continuous,fixed-h15,600,20260910,issue-77-n1-003-a00,7,10.87914365530014,,0,False,False,360,0,0.045332
decision--continuous-fixed-h15-e600--seed20260910--issue-77-n1-003-a10,continuous-fixed-h15-e600,continuous,fixed-h15,600,20260910,issue-77-n1-003-a10,7,10.87914365530014,,0,False,False,360,0,0.043932
decision--continuous-fixed-h15-e600--seed20260910--issue-77-n1-004-a07,continuous-fixed-h15-e600,continuous,fixed-h15,600,20260910,issue-77-n1-004-a07,7,174.48374104499817,,0,False,False,360,0,0.043024
decision--continuous-fixed-h15-e600--seed20260910--issue-77-n1-006-a05,continuous-fixed-h15-e600,continuous,fixed-h15,600,20260910,issue-77-n1-006-a05,1,0.9658123850822449,,0,False,False,520,0,0.043593
decision--continuous-fixed-h15-e600--seed20260910--issue-77-n1-006-a11,continuous-fixed-h15-e600,continuous,fixed-h15,600,20260910,issue-77-n1-006-a11,1,0.9658123850822449,,0,False,False,520,0,0.044112
decision--continuous-fixed-h15-e600--seed20260910--issue-77-n1-007-a05,continuous-fixed-h15-e600,continuous,fixed-h15,600,20260910,issue-77-n1-007-a05,7,12.188501760363579,,0,False,False,520,0,0.043690
decision--continuous-fixed-h15-e600--seed20260910--issue-77-n1-007-a12,continuous-fixed-h15-e600,continuous,fixed-h15,600,20260910,issue-77-n1-007-a12,7,12.188501760363579,,0,False,False,520,0,0.057535
decision--continuous-fixed-h15-e600--seed20260910--issue-77-n1-008-a05,continuous-fixed-h15-e600,continuous,fixed-h15,600,20260910,issue-77-n1-008-a05,1,1.0855954885482788,,0,False,False,520,0,0.043617
decision--continuous-fixed-h15-e600--seed20260910--issue-77-n1-008-a12,continuous-fixed-h15-e600,continuous,fixed-h15,600,20260910,issue-77-n1-008-a12,1,1.0855954885482788,,0,False,False,520,0,0.044105
decision--continuous-fixed-h15-e600--seed20260910--issue-77-n1-009-a00,continuous-fixed-h15-e600,continuous,fixed-h15,600,20260910,issue-77-n1-009-a00,7,50.74565100669861,,0,False,False,520,0,0.045598
decision--continuous-fixed-h15-e600--seed20260910--issue-77-n1-009-a09,continuous-fixed-h15-e600,continuous,fixed-h15,600,20260910,issue-77-n1-009-a09,7,50.74565100669861,,0,False,False,520,0,0.043665
decision--continuous-fixed-h15-e600--seed20260910--issue-77-n1-010-a06,continuous-fixed-h15-e600,continuous,fixed-h15,600,20260910,issue-77-n1-010-a06,1,1.2316269874572754,,0,False,False,520,0,0.046767
decision--continuous-fixed-h15-e600--seed20260910--issue-77-n1-011-a02,continuous-fixed-h15-e600,continuous,fixed-h15,600,20260910,issue-77-n1-011-a02,7,38.58024787902832,,0,False,False,520,0,0.047836
decision--continuous-fixed-h15-e600--seed20260910--issue-77-n1-011-a11,continuous-fixed-h15-e600,continuous,fixed-h15,600,20260910,issue-77-n1-011-a11,7,38.58024787902832,,0,False,False,520,0,0.050068
decision--continuous-fixed-h15-e600--seed20260910--issue-77-n1-012-a08,continuous-fixed-h15-e600,continuous,fixed-h15,600,20260910,issue-77-n1-012-a08,7,114.89533007144928,,0,False,False,520,0,0.044823
decision--continuous-fixed-h15-e600--seed20260910--issue-77-n1-013-a04,continuous-fixed-h15-e600,continuous,fixed-h15,600,20260910,issue-77-n1-013-a04,7,204.32457292079926,,0,False,False,520,0,0.045609
decision--continuous-fixed-h15-e600--seed20260910--issue-77-n1-014-a01,continuous-fixed-h15-e600,continuous,fixed-h15,600,20260910,issue-77-n1-014-a01,7,37.22004759311676,,0,False,False,520,0,0.051456
decision--continuous-fixed-h15-e600--seed20260910--issue-77-n1-014-a10,continuous-fixed-h15-e600,continuous,fixed-h15,600,20260910,issue-77-n1-014-a10,7,37.22004759311676,,0,False,False,520,0,0.051629
decision--continuous-fixed-h15-e600--seed20260910--issue-77-n1-015-a06,continuous-fixed-h15-e600,continuous,fixed-h15,600,20260910,issue-77-n1-015-a06,7,44.284498244524,,0,False,False,520,0,0.045977
decision--continuous-fixed-h15-e600--seed20260910--issue-77-n1-016-a03,continuous-fixed-h15-e600,continuous,fixed-h15,600,20260910,issue-77-n1-016-a03,7,42.68498241901398,,0,False,False,520,0,0.047878
decision--continuous-fixed-h15-e600--seed20260910--issue-77-n1-016-a12,continuous-fixed-h15-e600,continuous,fixed-h15,600,20260910,issue-77-n1-016-a12,7,42.68498241901398,,0,False,False,520,0,0.045226
decision--continuous-fixed-h5-e225--seed20260908--issue-77-n1-001-a00,continuous-fixed-h5-e225,continuous,fixed-h5,225,20260908,issue-77-n1-001-a00,1,1.4441086053848267,,0,False,False,540,0,0.063735
decision--continuous-fixed-h5-e225--seed20260908--issue-77-n1-001-a07,continuous-fixed-h5-e225,continuous,fixed-h5,225,20260908,issue-77-n1-001-a07,1,1.4441086053848267,,0,False,False,540,0,0.050368
decision--continuous-fixed-h5-e225--seed20260908--issue-77-n1-003-a00,continuous-fixed-h5-e225,continuous,fixed-h5,225,20260908,issue-77-n1-003-a00,1,1.2819275856018066,,0,False,False,405,0,0.048157
decision--continuous-fixed-h5-e225--seed20260908--issue-77-n1-003-a10,continuous-fixed-h5-e225,continuous,fixed-h5,225,20260908,issue-77-n1-003-a10,1,1.2819275856018066,,0,False,False,405,0,0.047656
decision--continuous-fixed-h5-e225--seed20260908--issue-77-n1-004-a07,continuous-fixed-h5-e225,continuous,fixed-h5,225,20260908,issue-77-n1-004-a07,1,1.0911610126495361,,0,False,False,405,0,0.055115
decision--continuous-fixed-h5-e225--seed20260908--issue-77-n1-006-a05,continuous-fixed-h5-e225,continuous,fixed-h5,225,20260908,issue-77-n1-006-a05,12,194.9124670624733,,0,False,False,585,0,0.048985
decision--continuous-fixed-h5-e225--seed20260908--issue-77-n1-006-a11,continuous-fixed-h5-e225,continuous,fixed-h5,225,20260908,issue-77-n1-006-a11,12,194.9124670624733,,0,False,False,585,0,0.053516
decision--continuous-fixed-h5-e225--seed20260908--issue-77-n1-007-a05,continuous-fixed-h5-e225,continuous,fixed-h5,225,20260908,issue-77-n1-007-a05,12,225.47967833280563,,0,False,False,585,0,0.049459
decision--continuous-fixed-h5-e225--seed20260908--issue-77-n1-007-a12,continuous-fixed-h5-e225,continuous,fixed-h5,225,20260908,issue-77-n1-007-a12,12,225.47967833280563,,0,False,False,585,0,0.048918
decision--continuous-fixed-h5-e225--seed20260908--issue-77-n1-008-a05,continuous-fixed-h5-e225,continuous,fixed-h5,225,20260908,issue-77-n1-008-a05,12,110.65914571285248,,0,False,False,585,0,0.049275
decision--continuous-fixed-h5-e225--seed20260908--issue-77-n1-008-a12,continuous-fixed-h5-e225,continuous,fixed-h5,225,20260908,issue-77-n1-008-a12,12,110.65914571285248,,0,False,False,585,0,0.051858
decision--continuous-fixed-h5-e225--seed20260908--issue-77-n1-009-a00,continuous-fixed-h5-e225,continuous,fixed-h5,225,20260908,issue-77-n1-009-a00,12,1.4596503973007202,,0,False,False,585,0,0.048445
decision--continuous-fixed-h5-e225--seed20260908--issue-77-n1-009-a09,continuous-fixed-h5-e225,continuous,fixed-h5,225,20260908,issue-77-n1-009-a09,12,1.4596503973007202,,0,False,False,585,0,0.049421
decision--continuous-fixed-h5-e225--seed20260908--issue-77-n1-010-a06,continuous-fixed-h5-e225,continuous,fixed-h5,225,20260908,issue-77-n1-010-a06,12,71.81229811906815,,0,False,False,585,0,0.049257
decision--continuous-fixed-h5-e225--seed20260908--issue-77-n1-011-a02,continuous-fixed-h5-e225,continuous,fixed-h5,225,20260908,issue-77-n1-011-a02,12,1.2638757228851318,,0,False,False,585,0,0.054301
decision--continuous-fixed-h5-e225--seed20260908--issue-77-n1-011-a11,continuous-fixed-h5-e225,continuous,fixed-h5,225,20260908,issue-77-n1-011-a11,12,1.2638757228851318,,0,False,False,585,0,0.049983
decision--continuous-fixed-h5-e225--seed20260908--issue-77-n1-012-a08,continuous-fixed-h5-e225,continuous,fixed-h5,225,20260908,issue-77-n1-012-a08,12,1.282792091369629,,0,False,False,585,0,0.049538
decision--continuous-fixed-h5-e225--seed20260908--issue-77-n1-013-a04,continuous-fixed-h5-e225,continuous,fixed-h5,225,20260908,issue-77-n1-013-a04,12,1.389175295829773,,0,False,False,585,0,0.052524
decision--continuous-fixed-h5-e225--seed20260908--issue-77-n1-014-a01,continuous-fixed-h5-e225,continuous,fixed-h5,225,20260908,issue-77-n1-014-a01,12,1.329552173614502,,0,False,False,585,0,0.057841
decision--continuous-fixed-h5-e225--seed20260908--issue-77-n1-014-a10,continuous-fixed-h5-e225,continuous,fixed-h5,225,20260908,issue-77-n1-014-a10,12,1.329552173614502,,0,False,False,585,0,0.056591
decision--continuous-fixed-h5-e225--seed20260908--issue-77-n1-015-a06,continuous-fixed-h5-e225,continuous,fixed-h5,225,20260908,issue-77-n1-015-a06,1,1.2946569919586182,,0,False,False,585,0,0.077740
decision--continuous-fixed-h5-e225--seed20260908--issue-77-n1-016-a03,continuous-fixed-h5-e225,continuous,fixed-h5,225,20260908,issue-77-n1-016-a03,12,1.2069168090820312,,0,False,False,585,0,0.050536
decision--continuous-fixed-h5-e225--seed20260908--issue-77-n1-016-a12,continuous-fixed-h5-e225,continuous,fixed-h5,225,20260908,issue-77-n1-016-a12,12,1.2069168090820312,,0,False,False,585,0,0.055507
decision--continuous-fixed-h5-e225--seed20260909--issue-77-n1-001-a00,continuous-fixed-h5-e225,continuous,fixed-h5,225,20260909,issue-77-n1-001-a00,7,50.46333420276642,,0,False,False,540,0,0.051251
decision--continuous-fixed-h5-e225--seed20260909--issue-77-n1-001-a07,continuous-fixed-h5-e225,continuous,fixed-h5,225,20260909,issue-77-n1-001-a07,7,50.46333420276642,,0,False,False,540,0,0.052674
decision--continuous-fixed-h5-e225--seed20260909--issue-77-n1-003-a00,continuous-fixed-h5-e225,continuous,fixed-h5,225,20260909,issue-77-n1-003-a00,1,1.1459276676177979,,0,False,False,405,0,0.050788
decision--continuous-fixed-h5-e225--seed20260909--issue-77-n1-003-a10,continuous-fixed-h5-e225,continuous,fixed-h5,225,20260909,issue-77-n1-003-a10,1,1.1459276676177979,,0,False,False,405,0,0.047496
decision--continuous-fixed-h5-e225--seed20260909--issue-77-n1-004-a07,continuous-fixed-h5-e225,continuous,fixed-h5,225,20260909,issue-77-n1-004-a07,7,178.16053581237793,,0,False,False,405,0,0.048261
decision--continuous-fixed-h5-e225--seed20260909--issue-77-n1-006-a05,continuous-fixed-h5-e225,continuous,fixed-h5,225,20260909,issue-77-n1-006-a05,7,281.67585361003876,,0,False,False,585,0,0.050744
decision--continuous-fixed-h5-e225--seed20260909--issue-77-n1-006-a11,continuous-fixed-h5-e225,continuous,fixed-h5,225,20260909,issue-77-n1-006-a11,7,281.67585361003876,,0,False,False,585,0,0.049135
decision--continuous-fixed-h5-e225--seed20260909--issue-77-n1-007-a05,continuous-fixed-h5-e225,continuous,fixed-h5,225,20260909,issue-77-n1-007-a05,7,299.03759825229645,,0,False,False,585,0,0.051449
decision--continuous-fixed-h5-e225--seed20260909--issue-77-n1-007-a12,continuous-fixed-h5-e225,continuous,fixed-h5,225,20260909,issue-77-n1-007-a12,7,299.03759825229645,,0,False,False,585,0,0.049528
decision--continuous-fixed-h5-e225--seed20260909--issue-77-n1-008-a05,continuous-fixed-h5-e225,continuous,fixed-h5,225,20260909,issue-77-n1-008-a05,7,258.97532749176025,,0,False,False,585,0,0.050388
decision--continuous-fixed-h5-e225--seed20260909--issue-77-n1-008-a12,continuous-fixed-h5-e225,continuous,fixed-h5,225,20260909,issue-77-n1-008-a12,7,258.97532749176025,,0,False,False,585,0,0.059477
decision--continuous-fixed-h5-e225--seed20260909--issue-77-n1-009-a00,continuous-fixed-h5-e225,continuous,fixed-h5,225,20260909,issue-77-n1-009-a00,1,1.7998392581939697,,0,False,False,585,0,0.048775
decision--continuous-fixed-h5-e225--seed20260909--issue-77-n1-009-a09,continuous-fixed-h5-e225,continuous,fixed-h5,225,20260909,issue-77-n1-009-a09,1,1.7998392581939697,,0,False,False,585,0,0.051620
decision--continuous-fixed-h5-e225--seed20260909--issue-77-n1-010-a06,continuous-fixed-h5-e225,continuous,fixed-h5,225,20260909,issue-77-n1-010-a06,7,223.14856606721878,,0,False,False,585,0,0.049611
decision--continuous-fixed-h5-e225--seed20260909--issue-77-n1-011-a02,continuous-fixed-h5-e225,continuous,fixed-h5,225,20260909,issue-77-n1-011-a02,1,1.0723323822021484,,0,False,False,585,0,0.049227
decision--continuous-fixed-h5-e225--seed20260909--issue-77-n1-011-a11,continuous-fixed-h5-e225,continuous,fixed-h5,225,20260909,issue-77-n1-011-a11,1,1.0723323822021484,,0,False,False,585,0,0.049756
decision--continuous-fixed-h5-e225--seed20260909--issue-77-n1-012-a08,continuous-fixed-h5-e225,continuous,fixed-h5,225,20260909,issue-77-n1-012-a08,1,1.5197162628173828,,0,False,False,585,0,0.051958
decision--continuous-fixed-h5-e225--seed20260909--issue-77-n1-013-a04,continuous-fixed-h5-e225,continuous,fixed-h5,225,20260909,issue-77-n1-013-a04,1,1.5829188823699951,,0,False,False,585,0,0.051127
decision--continuous-fixed-h5-e225--seed20260909--issue-77-n1-014-a01,continuous-fixed-h5-e225,continuous,fixed-h5,225,20260909,issue-77-n1-014-a01,1,1.347477912902832,,0,False,False,585,0,0.052664
decision--continuous-fixed-h5-e225--seed20260909--issue-77-n1-014-a10,continuous-fixed-h5-e225,continuous,fixed-h5,225,20260909,issue-77-n1-014-a10,1,1.347477912902832,,0,False,False,585,0,0.056240
decision--continuous-fixed-h5-e225--seed20260909--issue-77-n1-015-a06,continuous-fixed-h5-e225,continuous,fixed-h5,225,20260909,issue-77-n1-015-a06,12,0.758646547794342,,0,False,False,585,0,0.050318
decision--continuous-fixed-h5-e225--seed20260909--issue-77-n1-016-a03,continuous-fixed-h5-e225,continuous,fixed-h5,225,20260909,issue-77-n1-016-a03,1,1.0526959896087646,,0,False,False,585,0,0.051311
decision--continuous-fixed-h5-e225--seed20260909--issue-77-n1-016-a12,continuous-fixed-h5-e225,continuous,fixed-h5,225,20260909,issue-77-n1-016-a12,1,1.0526959896087646,,0,False,False,585,0,0.056205
decision--continuous-fixed-h5-e225--seed20260910--issue-77-n1-001-a00,continuous-fixed-h5-e225,continuous,fixed-h5,225,20260910,issue-77-n1-001-a00,7,38.65358632802963,,0,False,False,540,0,0.049411
decision--continuous-fixed-h5-e225--seed20260910--issue-77-n1-001-a07,continuous-fixed-h5-e225,continuous,fixed-h5,225,20260910,issue-77-n1-001-a07,7,38.65358632802963,,0,False,False,540,0,0.051534
decision--continuous-fixed-h5-e225--seed20260910--issue-77-n1-003-a00,continuous-fixed-h5-e225,continuous,fixed-h5,225,20260910,issue-77-n1-003-a00,7,24.84399738907814,,0,False,False,405,0,0.051444
decision--continuous-fixed-h5-e225--seed20260910--issue-77-n1-003-a10,continuous-fixed-h5-e225,continuous,fixed-h5,225,20260910,issue-77-n1-003-a10,7,24.84399738907814,,0,False,False,405,0,0.048412
decision--continuous-fixed-h5-e225--seed20260910--issue-77-n1-004-a07,continuous-fixed-h5-e225,continuous,fixed-h5,225,20260910,issue-77-n1-004-a07,7,193.27132523059845,,0,False,False,405,0,0.050358
decision--continuous-fixed-h5-e225--seed20260910--issue-77-n1-006-a05,continuous-fixed-h5-e225,continuous,fixed-h5,225,20260910,issue-77-n1-006-a05,1,0.9168204069137573,,0,False,False,585,0,0.052016
decision--continuous-fixed-h5-e225--seed20260910--issue-77-n1-006-a11,continuous-fixed-h5-e225,continuous,fixed-h5,225,20260910,issue-77-n1-006-a11,1,0.9168204069137573,,0,False,False,585,0,0.049008
decision--continuous-fixed-h5-e225--seed20260910--issue-77-n1-007-a05,continuous-fixed-h5-e225,continuous,fixed-h5,225,20260910,issue-77-n1-007-a05,5,1.180765151977539,,0,True,False,585,0,0.049005
decision--continuous-fixed-h5-e225--seed20260910--issue-77-n1-007-a12,continuous-fixed-h5-e225,continuous,fixed-h5,225,20260910,issue-77-n1-007-a12,5,1.180765151977539,,0,True,False,585,0,0.050453
decision--continuous-fixed-h5-e225--seed20260910--issue-77-n1-008-a05,continuous-fixed-h5-e225,continuous,fixed-h5,225,20260910,issue-77-n1-008-a05,1,1.064690351486206,,0,False,False,585,0,0.052704
decision--continuous-fixed-h5-e225--seed20260910--issue-77-n1-008-a12,continuous-fixed-h5-e225,continuous,fixed-h5,225,20260910,issue-77-n1-008-a12,1,1.064690351486206,,0,False,False,585,0,0.050298
decision--continuous-fixed-h5-e225--seed20260910--issue-77-n1-009-a00,continuous-fixed-h5-e225,continuous,fixed-h5,225,20260910,issue-77-n1-009-a00,7,54.44872045516968,,0,False,False,585,0,0.049889
decision--continuous-fixed-h5-e225--seed20260910--issue-77-n1-009-a09,continuous-fixed-h5-e225,continuous,fixed-h5,225,20260910,issue-77-n1-009-a09,7,54.44872045516968,,0,False,False,585,0,0.049990
decision--continuous-fixed-h5-e225--seed20260910--issue-77-n1-010-a06,continuous-fixed-h5-e225,continuous,fixed-h5,225,20260910,issue-77-n1-010-a06,1,1.2292991876602173,,0,False,False,585,0,0.049542
decision--continuous-fixed-h5-e225--seed20260910--issue-77-n1-011-a02,continuous-fixed-h5-e225,continuous,fixed-h5,225,20260910,issue-77-n1-011-a02,7,55.39955693483353,,0,False,False,585,0,0.050148
decision--continuous-fixed-h5-e225--seed20260910--issue-77-n1-011-a11,continuous-fixed-h5-e225,continuous,fixed-h5,225,20260910,issue-77-n1-011-a11,7,55.39955693483353,,0,False,False,585,0,0.051732
decision--continuous-fixed-h5-e225--seed20260910--issue-77-n1-012-a08,continuous-fixed-h5-e225,continuous,fixed-h5,225,20260910,issue-77-n1-012-a08,7,128.2275104522705,,0,False,False,585,0,0.055852
decision--continuous-fixed-h5-e225--seed20260910--issue-77-n1-013-a04,continuous-fixed-h5-e225,continuous,fixed-h5,225,20260910,issue-77-n1-013-a04,7,230.93336141109467,,0,False,False,585,0,0.048423
decision--continuous-fixed-h5-e225--seed20260910--issue-77-n1-014-a01,continuous-fixed-h5-e225,continuous,fixed-h5,225,20260910,issue-77-n1-014-a01,7,53.17711544036865,,0,False,False,585,0,0.050197
decision--continuous-fixed-h5-e225--seed20260910--issue-77-n1-014-a10,continuous-fixed-h5-e225,continuous,fixed-h5,225,20260910,issue-77-n1-014-a10,7,53.17711544036865,,0,False,False,585,0,0.053633
decision--continuous-fixed-h5-e225--seed20260910--issue-77-n1-015-a06,continuous-fixed-h5-e225,continuous,fixed-h5,225,20260910,issue-77-n1-015-a06,7,62.34348890185356,,0,False,False,585,0,0.049154
decision--continuous-fixed-h5-e225--seed20260910--issue-77-n1-016-a03,continuous-fixed-h5-e225,continuous,fixed-h5,225,20260910,issue-77-n1-016-a03,7,62.930065959692,,0,False,False,585,0,0.060083
decision--continuous-fixed-h5-e225--seed20260910--issue-77-n1-016-a12,continuous-fixed-h5-e225,continuous,fixed-h5,225,20260910,issue-77-n1-016-a12,7,62.930065959692,,0,False,False,585,0,0.051680
decision--continuous-fixed-h5-e600--seed20260908--issue-77-n1-001-a00,continuous-fixed-h5-e600,continuous,fixed-h5,600,20260908,issue-77-n1-001-a00,0,4.0,,0,False,False,1440,0,0.134810
decision--continuous-fixed-h5-e600--seed20260908--issue-77-n1-001-a07,continuous-fixed-h5-e600,continuous,fixed-h5,600,20260908,issue-77-n1-001-a07,0,4.0,,0,False,False,1440,0,0.136544
decision--continuous-fixed-h5-e600--seed20260908--issue-77-n1-003-a00,continuous-fixed-h5-e600,continuous,fixed-h5,600,20260908,issue-77-n1-003-a00,9,3.0,,0,False,False,1080,0,0.126952
decision--continuous-fixed-h5-e600--seed20260908--issue-77-n1-003-a10,continuous-fixed-h5-e600,continuous,fixed-h5,600,20260908,issue-77-n1-003-a10,9,3.0,,0,False,False,1080,0,0.128082
decision--continuous-fixed-h5-e600--seed20260908--issue-77-n1-004-a07,continuous-fixed-h5-e600,continuous,fixed-h5,600,20260908,issue-77-n1-004-a07,1,4.0,,0,False,False,1080,0,0.129001
decision--continuous-fixed-h5-e600--seed20260908--issue-77-n1-006-a05,continuous-fixed-h5-e600,continuous,fixed-h5,600,20260908,issue-77-n1-006-a05,0,4.0,,0,False,False,1560,0,0.131580
decision--continuous-fixed-h5-e600--seed20260908--issue-77-n1-006-a11,continuous-fixed-h5-e600,continuous,fixed-h5,600,20260908,issue-77-n1-006-a11,0,4.0,,0,False,False,1560,0,0.143223
decision--continuous-fixed-h5-e600--seed20260908--issue-77-n1-007-a05,continuous-fixed-h5-e600,continuous,fixed-h5,600,20260908,issue-77-n1-007-a05,10,4.298861503601074,,0,False,False,1560,0,0.137957
decision--continuous-fixed-h5-e600--seed20260908--issue-77-n1-007-a12,continuous-fixed-h5-e600,continuous,fixed-h5,600,20260908,issue-77-n1-007-a12,10,4.298861503601074,,0,False,False,1560,0,0.132439
decision--continuous-fixed-h5-e600--seed20260908--issue-77-n1-008-a05,continuous-fixed-h5-e600,continuous,fixed-h5,600,20260908,issue-77-n1-008-a05,0,4.0,,0,False,False,1560,0,0.135306
decision--continuous-fixed-h5-e600--seed20260908--issue-77-n1-008-a12,continuous-fixed-h5-e600,continuous,fixed-h5,600,20260908,issue-77-n1-008-a12,0,4.0,,0,False,False,1560,0,0.132238
decision--continuous-fixed-h5-e600--seed20260908--issue-77-n1-009-a00,continuous-fixed-h5-e600,continuous,fixed-h5,600,20260908,issue-77-n1-009-a00,0,3.0,,0,False,False,1560,0,0.129870
decision--continuous-fixed-h5-e600--seed20260908--issue-77-n1-009-a09,continuous-fixed-h5-e600,continuous,fixed-h5,600,20260908,issue-77-n1-009-a09,0,3.0,,0,False,False,1560,0,0.129550
decision--continuous-fixed-h5-e600--seed20260908--issue-77-n1-010-a06,continuous-fixed-h5-e600,continuous,fixed-h5,600,20260908,issue-77-n1-010-a06,0,4.0,,0,False,False,1560,0,0.135024
decision--continuous-fixed-h5-e600--seed20260908--issue-77-n1-011-a02,continuous-fixed-h5-e600,continuous,fixed-h5,600,20260908,issue-77-n1-011-a02,12,3.1042051315307617,,0,False,False,1560,0,0.131456
decision--continuous-fixed-h5-e600--seed20260908--issue-77-n1-011-a11,continuous-fixed-h5-e600,continuous,fixed-h5,600,20260908,issue-77-n1-011-a11,12,3.1042051315307617,,0,False,False,1560,0,0.132105
decision--continuous-fixed-h5-e600--seed20260908--issue-77-n1-012-a08,continuous-fixed-h5-e600,continuous,fixed-h5,600,20260908,issue-77-n1-012-a08,0,3.0,,0,False,False,1560,0,0.138469
decision--continuous-fixed-h5-e600--seed20260908--issue-77-n1-013-a04,continuous-fixed-h5-e600,continuous,fixed-h5,600,20260908,issue-77-n1-013-a04,0,3.0,,0,False,False,1560,0,0.131212
decision--continuous-fixed-h5-e600--seed20260908--issue-77-n1-014-a01,continuous-fixed-h5-e600,continuous,fixed-h5,600,20260908,issue-77-n1-014-a01,0,3.0,,0,False,False,1560,0,0.150548
decision--continuous-fixed-h5-e600--seed20260908--issue-77-n1-014-a10,continuous-fixed-h5-e600,continuous,fixed-h5,600,20260908,issue-77-n1-014-a10,0,3.0,,0,False,False,1560,0,0.142661
decision--continuous-fixed-h5-e600--seed20260908--issue-77-n1-015-a06,continuous-fixed-h5-e600,continuous,fixed-h5,600,20260908,issue-77-n1-015-a06,0,4.0,,0,False,False,1560,0,0.147396
decision--continuous-fixed-h5-e600--seed20260908--issue-77-n1-016-a03,continuous-fixed-h5-e600,continuous,fixed-h5,600,20260908,issue-77-n1-016-a03,0,3.0,,0,False,False,1560,0,0.143138
decision--continuous-fixed-h5-e600--seed20260908--issue-77-n1-016-a12,continuous-fixed-h5-e600,continuous,fixed-h5,600,20260908,issue-77-n1-016-a12,0,3.0,,0,False,False,1560,0,0.148181
decision--continuous-fixed-h5-e600--seed20260909--issue-77-n1-001-a00,continuous-fixed-h5-e600,continuous,fixed-h5,600,20260909,issue-77-n1-001-a00,0,1.0,,0,False,False,1440,0,0.139091
decision--continuous-fixed-h5-e600--seed20260909--issue-77-n1-001-a07,continuous-fixed-h5-e600,continuous,fixed-h5,600,20260909,issue-77-n1-001-a07,0,1.0,,0,False,False,1440,0,0.131635
decision--continuous-fixed-h5-e600--seed20260909--issue-77-n1-003-a00,continuous-fixed-h5-e600,continuous,fixed-h5,600,20260909,issue-77-n1-003-a00,0,1.0,,0,False,False,1080,0,0.139073
decision--continuous-fixed-h5-e600--seed20260909--issue-77-n1-003-a10,continuous-fixed-h5-e600,continuous,fixed-h5,600,20260909,issue-77-n1-003-a10,0,1.0,,0,False,False,1080,0,0.129360
decision--continuous-fixed-h5-e600--seed20260909--issue-77-n1-004-a07,continuous-fixed-h5-e600,continuous,fixed-h5,600,20260909,issue-77-n1-004-a07,1,1.0,,0,False,False,1080,0,0.128948
decision--continuous-fixed-h5-e600--seed20260909--issue-77-n1-006-a05,continuous-fixed-h5-e600,continuous,fixed-h5,600,20260909,issue-77-n1-006-a05,0,1.0,,0,False,False,1560,0,0.138824
decision--continuous-fixed-h5-e600--seed20260909--issue-77-n1-006-a11,continuous-fixed-h5-e600,continuous,fixed-h5,600,20260909,issue-77-n1-006-a11,0,1.0,,0,False,False,1560,0,0.132700
decision--continuous-fixed-h5-e600--seed20260909--issue-77-n1-007-a05,continuous-fixed-h5-e600,continuous,fixed-h5,600,20260909,issue-77-n1-007-a05,0,1.0,,0,False,False,1560,0,0.132905
decision--continuous-fixed-h5-e600--seed20260909--issue-77-n1-007-a12,continuous-fixed-h5-e600,continuous,fixed-h5,600,20260909,issue-77-n1-007-a12,0,1.0,,0,False,False,1560,0,0.140111
decision--continuous-fixed-h5-e600--seed20260909--issue-77-n1-008-a05,continuous-fixed-h5-e600,continuous,fixed-h5,600,20260909,issue-77-n1-008-a05,0,1.0,,0,False,False,1560,0,0.145662
decision--continuous-fixed-h5-e600--seed20260909--issue-77-n1-008-a12,continuous-fixed-h5-e600,continuous,fixed-h5,600,20260909,issue-77-n1-008-a12,0,1.0,,0,False,False,1560,0,0.136414
decision--continuous-fixed-h5-e600--seed20260909--issue-77-n1-009-a00,continuous-fixed-h5-e600,continuous,fixed-h5,600,20260909,issue-77-n1-009-a00,0,1.0,,0,False,False,1560,0,0.135155
decision--continuous-fixed-h5-e600--seed20260909--issue-77-n1-009-a09,continuous-fixed-h5-e600,continuous,fixed-h5,600,20260909,issue-77-n1-009-a09,0,1.0,,0,False,False,1560,0,0.138104
decision--continuous-fixed-h5-e600--seed20260909--issue-77-n1-010-a06,continuous-fixed-h5-e600,continuous,fixed-h5,600,20260909,issue-77-n1-010-a06,0,1.0,,0,False,False,1560,0,0.150087
decision--continuous-fixed-h5-e600--seed20260909--issue-77-n1-011-a02,continuous-fixed-h5-e600,continuous,fixed-h5,600,20260909,issue-77-n1-011-a02,0,1.0,,0,False,False,1560,0,0.133169
decision--continuous-fixed-h5-e600--seed20260909--issue-77-n1-011-a11,continuous-fixed-h5-e600,continuous,fixed-h5,600,20260909,issue-77-n1-011-a11,0,1.0,,0,False,False,1560,0,0.143006
decision--continuous-fixed-h5-e600--seed20260909--issue-77-n1-012-a08,continuous-fixed-h5-e600,continuous,fixed-h5,600,20260909,issue-77-n1-012-a08,0,1.0,,0,False,False,1560,0,0.135877
decision--continuous-fixed-h5-e600--seed20260909--issue-77-n1-013-a04,continuous-fixed-h5-e600,continuous,fixed-h5,600,20260909,issue-77-n1-013-a04,0,1.0,,0,False,False,1560,0,0.134892
decision--continuous-fixed-h5-e600--seed20260909--issue-77-n1-014-a01,continuous-fixed-h5-e600,continuous,fixed-h5,600,20260909,issue-77-n1-014-a01,0,1.0,,0,False,False,1560,0,0.142354
decision--continuous-fixed-h5-e600--seed20260909--issue-77-n1-014-a10,continuous-fixed-h5-e600,continuous,fixed-h5,600,20260909,issue-77-n1-014-a10,0,1.0,,0,False,False,1560,0,0.149296
decision--continuous-fixed-h5-e600--seed20260909--issue-77-n1-015-a06,continuous-fixed-h5-e600,continuous,fixed-h5,600,20260909,issue-77-n1-015-a06,0,1.0,,0,False,False,1560,0,0.145968
decision--continuous-fixed-h5-e600--seed20260909--issue-77-n1-016-a03,continuous-fixed-h5-e600,continuous,fixed-h5,600,20260909,issue-77-n1-016-a03,0,1.0,,0,False,False,1560,0,0.137121
decision--continuous-fixed-h5-e600--seed20260909--issue-77-n1-016-a12,continuous-fixed-h5-e600,continuous,fixed-h5,600,20260909,issue-77-n1-016-a12,0,1.0,,0,False,False,1560,0,0.145714
decision--continuous-fixed-h5-e600--seed20260910--issue-77-n1-001-a00,continuous-fixed-h5-e600,continuous,fixed-h5,600,20260910,issue-77-n1-001-a00,12,1001.4721210002899,,0,False,False,1440,0,0.132274
decision--continuous-fixed-h5-e600--seed20260910--issue-77-n1-001-a07,continuous-fixed-h5-e600,continuous,fixed-h5,600,20260910,issue-77-n1-001-a07,12,1001.4721210002899,,0,False,False,1440,0,0.132113
decision--continuous-fixed-h5-e600--seed20260910--issue-77-n1-003-a00,continuous-fixed-h5-e600,continuous,fixed-h5,600,20260910,issue-77-n1-003-a00,0,1002.0,,0,False,False,1080,0,0.124673
decision--continuous-fixed-h5-e600--seed20260910--issue-77-n1-003-a10,continuous-fixed-h5-e600,continuous,fixed-h5,600,20260910,issue-77-n1-003-a10,0,1002.0,,0,False,False,1080,0,0.130544
decision--continuous-fixed-h5-e600--seed20260910--issue-77-n1-004-a07,continuous-fixed-h5-e600,continuous,fixed-h5,600,20260910,issue-77-n1-004-a07,1,2.0,,0,False,False,1080,0,0.133593
decision--continuous-fixed-h5-e600--seed20260910--issue-77-n1-006-a05,continuous-fixed-h5-e600,continuous,fixed-h5,600,20260910,issue-77-n1-006-a05,0,2.0,,0,False,False,1560,0,0.133002
decision--continuous-fixed-h5-e600--seed20260910--issue-77-n1-006-a11,continuous-fixed-h5-e600,continuous,fixed-h5,600,20260910,issue-77-n1-006-a11,0,2.0,,0,False,False,1560,0,0.133525
decision--continuous-fixed-h5-e600--seed20260910--issue-77-n1-007-a05,continuous-fixed-h5-e600,continuous,fixed-h5,600,20260910,issue-77-n1-007-a05,0,2.0,,0,False,False,1560,0,0.135405
decision--continuous-fixed-h5-e600--seed20260910--issue-77-n1-007-a12,continuous-fixed-h5-e600,continuous,fixed-h5,600,20260910,issue-77-n1-007-a12,0,2.0,,0,False,False,1560,0,0.140372
decision--continuous-fixed-h5-e600--seed20260910--issue-77-n1-008-a05,continuous-fixed-h5-e600,continuous,fixed-h5,600,20260910,issue-77-n1-008-a05,0,2.0,,0,False,False,1560,0,0.132088
decision--continuous-fixed-h5-e600--seed20260910--issue-77-n1-008-a12,continuous-fixed-h5-e600,continuous,fixed-h5,600,20260910,issue-77-n1-008-a12,0,2.0,,0,False,False,1560,0,0.132802
decision--continuous-fixed-h5-e600--seed20260910--issue-77-n1-009-a00,continuous-fixed-h5-e600,continuous,fixed-h5,600,20260910,issue-77-n1-009-a00,0,1002.0,,0,False,False,1560,0,0.129880
decision--continuous-fixed-h5-e600--seed20260910--issue-77-n1-009-a09,continuous-fixed-h5-e600,continuous,fixed-h5,600,20260910,issue-77-n1-009-a09,0,1002.0,,0,False,False,1560,0,0.130735
decision--continuous-fixed-h5-e600--seed20260910--issue-77-n1-010-a06,continuous-fixed-h5-e600,continuous,fixed-h5,600,20260910,issue-77-n1-010-a06,0,2.0,,0,False,False,1560,0,0.136610
decision--continuous-fixed-h5-e600--seed20260910--issue-77-n1-011-a02,continuous-fixed-h5-e600,continuous,fixed-h5,600,20260910,issue-77-n1-011-a02,0,1002.0,,0,False,False,1560,0,0.129383
decision--continuous-fixed-h5-e600--seed20260910--issue-77-n1-011-a11,continuous-fixed-h5-e600,continuous,fixed-h5,600,20260910,issue-77-n1-011-a11,0,1002.0,,0,False,False,1560,0,0.131673
decision--continuous-fixed-h5-e600--seed20260910--issue-77-n1-012-a08,continuous-fixed-h5-e600,continuous,fixed-h5,600,20260910,issue-77-n1-012-a08,0,1002.0,,0,False,False,1560,0,0.133626
decision--continuous-fixed-h5-e600--seed20260910--issue-77-n1-013-a04,continuous-fixed-h5-e600,continuous,fixed-h5,600,20260910,issue-77-n1-013-a04,0,1002.0,,0,False,False,1560,0,0.131982
decision--continuous-fixed-h5-e600--seed20260910--issue-77-n1-014-a01,continuous-fixed-h5-e600,continuous,fixed-h5,600,20260910,issue-77-n1-014-a01,0,1002.0,,0,False,False,1560,0,0.143546
decision--continuous-fixed-h5-e600--seed20260910--issue-77-n1-014-a10,continuous-fixed-h5-e600,continuous,fixed-h5,600,20260910,issue-77-n1-014-a10,0,1002.0,,0,False,False,1560,0,0.148020
decision--continuous-fixed-h5-e600--seed20260910--issue-77-n1-015-a06,continuous-fixed-h5-e600,continuous,fixed-h5,600,20260910,issue-77-n1-015-a06,11,1000.0,,0,False,False,1560,0,0.130896
decision--continuous-fixed-h5-e600--seed20260910--issue-77-n1-016-a03,continuous-fixed-h5-e600,continuous,fixed-h5,600,20260910,issue-77-n1-016-a03,0,1002.0,,0,False,False,1560,0,0.161915
decision--continuous-fixed-h5-e600--seed20260910--issue-77-n1-016-a12,continuous-fixed-h5-e600,continuous,fixed-h5,600,20260910,issue-77-n1-016-a12,0,1002.0,,0,False,False,1560,0,0.139477
decision--hybrid-adaptive-e225--seed20260908--issue-77-n1-001-a00,hybrid-adaptive-e225,hybrid,adaptive,225,20260908,issue-77-n1-001-a00,5,2.564507007598877,,0,True,False,824,824,0.140706
decision--hybrid-adaptive-e225--seed20260908--issue-77-n1-001-a07,hybrid-adaptive-e225,hybrid,adaptive,225,20260908,issue-77-n1-001-a07,5,2.564507007598877,,0,True,False,824,824,0.140802
decision--hybrid-adaptive-e225--seed20260908--issue-77-n1-003-a00,hybrid-adaptive-e225,hybrid,adaptive,225,20260908,issue-77-n1-003-a00,1,3.6776621341705322,,0,False,False,621,621,0.107376
decision--hybrid-adaptive-e225--seed20260908--issue-77-n1-003-a10,hybrid-adaptive-e225,hybrid,adaptive,225,20260908,issue-77-n1-003-a10,1,3.6776621341705322,,0,False,False,621,621,0.107438
decision--hybrid-adaptive-e225--seed20260908--issue-77-n1-004-a07,hybrid-adaptive-e225,hybrid,adaptive,225,20260908,issue-77-n1-004-a07,8,223.04103231430054,,0,False,False,585,585,0.105327
decision--hybrid-adaptive-e225--seed20260908--issue-77-n1-006-a05,hybrid-adaptive-e225,hybrid,adaptive,225,20260908,issue-77-n1-006-a05,1,1.4524235725402832,,0,False,False,831,831,0.115416
decision--hybrid-adaptive-e225--seed20260908--issue-77-n1-006-a11,hybrid-adaptive-e225,hybrid,adaptive,225,20260908,issue-77-n1-006-a11,1,1.4524235725402832,,0,False,False,831,831,0.119616
decision--hybrid-adaptive-e225--seed20260908--issue-77-n1-007-a05,hybrid-adaptive-e225,hybrid,adaptive,225,20260908,issue-77-n1-007-a05,3,1.8019262552261353,,0,True,False,897,897,0.113783
decision--hybrid-adaptive-e225--seed20260908--issue-77-n1-007-a12,hybrid-adaptive-e225,hybrid,adaptive,225,20260908,issue-77-n1-007-a12,3,1.8019262552261353,,0,True,False,897,897,0.111749
decision--hybrid-adaptive-e225--seed20260908--issue-77-n1-008-a05,hybrid-adaptive-e225,hybrid,adaptive,225,20260908,issue-77-n1-008-a05,0,1.3805521726608276,,0,False,False,881,881,0.127194
decision--hybrid-adaptive-e225--seed20260908--issue-77-n1-008-a12,hybrid-adaptive-e225,hybrid,adaptive,225,20260908,issue-77-n1-008-a12,0,1.3805521726608276,,0,False,False,881,881,0.126194
decision--hybrid-adaptive-e225--seed20260908--issue-77-n1-009-a00,hybrid-adaptive-e225,hybrid,adaptive,225,20260908,issue-77-n1-009-a00,11,3.998361110687256,,0,False,False,845,845,0.135544
decision--hybrid-adaptive-e225--seed20260908--issue-77-n1-009-a09,hybrid-adaptive-e225,hybrid,adaptive,225,20260908,issue-77-n1-009-a09,11,3.998361110687256,,0,False,False,845,845,0.133376
decision--hybrid-adaptive-e225--seed20260908--issue-77-n1-010-a06,hybrid-adaptive-e225,hybrid,adaptive,225,20260908,issue-77-n1-010-a06,0,1.468770980834961,,0,False,False,867,867,0.120918
decision--hybrid-adaptive-e225--seed20260908--issue-77-n1-011-a02,hybrid-adaptive-e225,hybrid,adaptive,225,20260908,issue-77-n1-011-a02,1,3.5552523136138916,,0,False,False,897,897,0.110615
decision--hybrid-adaptive-e225--seed20260908--issue-77-n1-011-a11,hybrid-adaptive-e225,hybrid,adaptive,225,20260908,issue-77-n1-011-a11,1,3.5552523136138916,,0,False,False,897,897,0.110037
decision--hybrid-adaptive-e225--seed20260908--issue-77-n1-012-a08,hybrid-adaptive-e225,hybrid,adaptive,225,20260908,issue-77-n1-012-a08,0,3.71395206451416,,0,False,False,845,845,0.119157
decision--hybrid-adaptive-e225--seed20260908--issue-77-n1-013-a04,hybrid-adaptive-e225,hybrid,adaptive,225,20260908,issue-77-n1-013-a04,7,3.2548141479492188,,0,False,False,845,845,0.126938
decision--hybrid-adaptive-e225--seed20260908--issue-77-n1-014-a01,hybrid-adaptive-e225,hybrid,adaptive,225,20260908,issue-77-n1-014-a01,1,3.850837469100952,,0,False,False,897,897,0.130534
decision--hybrid-adaptive-e225--seed20260908--issue-77-n1-014-a10,hybrid-adaptive-e225,hybrid,adaptive,225,20260908,issue-77-n1-014-a10,1,3.850837469100952,,0,False,False,897,897,0.119108
decision--hybrid-adaptive-e225--seed20260908--issue-77-n1-015-a06,hybrid-adaptive-e225,hybrid,adaptive,225,20260908,issue-77-n1-015-a06,6,2.9516687393188477,,0,True,False,853,853,0.176933
decision--hybrid-adaptive-e225--seed20260908--issue-77-n1-016-a03,hybrid-adaptive-e225,hybrid,adaptive,225,20260908,issue-77-n1-016-a03,1,3.532123565673828,,0,False,False,897,897,0.118132
decision--hybrid-adaptive-e225--seed20260908--issue-77-n1-016-a12,hybrid-adaptive-e225,hybrid,adaptive,225,20260908,issue-77-n1-016-a12,1,3.532123565673828,,0,False,False,897,897,0.131189
decision--hybrid-adaptive-e225--seed20260909--issue-77-n1-001-a00,hybrid-adaptive-e225,hybrid,adaptive,225,20260909,issue-77-n1-001-a00,12,1.8579578399658203,,0,False,False,2548,2548,0.397248
decision--hybrid-adaptive-e225--seed20260909--issue-77-n1-001-a07,hybrid-adaptive-e225,hybrid,adaptive,225,20260909,issue-77-n1-001-a07,12,1.8579578399658203,,0,False,False,2548,2548,0.382456
decision--hybrid-adaptive-e225--seed20260909--issue-77-n1-003-a00,hybrid-adaptive-e225,hybrid,adaptive,225,20260909,issue-77-n1-003-a00,0,2.0,,0,False,False,1469,1469,0.307501
decision--hybrid-adaptive-e225--seed20260909--issue-77-n1-003-a10,hybrid-adaptive-e225,hybrid,adaptive,225,20260909,issue-77-n1-003-a10,0,2.0,,0,False,False,1469,1469,0.294334
decision--hybrid-adaptive-e225--seed20260909--issue-77-n1-004-a07,hybrid-adaptive-e225,hybrid,adaptive,225,20260909,issue-77-n1-004-a07,1,2.0,,0,False,False,1891,1891,0.369777
decision--hybrid-adaptive-e225--seed20260909--issue-77-n1-006-a05,hybrid-adaptive-e225,hybrid,adaptive,225,20260909,issue-77-n1-006-a05,0,1002.0,,0,False,False,2873,2873,0.381878
decision--hybrid-adaptive-e225--seed20260909--issue-77-n1-006-a11,hybrid-adaptive-e225,hybrid,adaptive,225,20260909,issue-77-n1-006-a11,0,1002.0,,0,False,False,2873,2873,0.379377
decision--hybrid-adaptive-e225--seed20260909--issue-77-n1-007-a05,hybrid-adaptive-e225,hybrid,adaptive,225,20260909,issue-77-n1-007-a05,9,2.0,,0,False,False,2691,2691,0.347161
decision--hybrid-adaptive-e225--seed20260909--issue-77-n1-007-a12,hybrid-adaptive-e225,hybrid,adaptive,225,20260909,issue-77-n1-007-a12,9,2.0,,0,False,False,2691,2691,0.360515
decision--hybrid-adaptive-e225--seed20260909--issue-77-n1-008-a05,hybrid-adaptive-e225,hybrid,adaptive,225,20260909,issue-77-n1-008-a05,0,1002.0,,0,False,False,2873,2873,0.390275
decision--hybrid-adaptive-e225--seed20260909--issue-77-n1-008-a12,hybrid-adaptive-e225,hybrid,adaptive,225,20260909,issue-77-n1-008-a12,0,1002.0,,0,False,False,2873,2873,0.404941
decision--hybrid-adaptive-e225--seed20260909--issue-77-n1-009-a00,hybrid-adaptive-e225,hybrid,adaptive,225,20260909,issue-77-n1-009-a00,0,2.0,,0,False,False,1833,1833,0.245149
decision--hybrid-adaptive-e225--seed20260909--issue-77-n1-009-a09,hybrid-adaptive-e225,hybrid,adaptive,225,20260909,issue-77-n1-009-a09,0,2.0,,0,False,False,1833,1833,0.254392
decision--hybrid-adaptive-e225--seed20260909--issue-77-n1-010-a06,hybrid-adaptive-e225,hybrid,adaptive,225,20260909,issue-77-n1-010-a06,0,1002.0,,0,False,False,2873,2873,0.392927
decision--hybrid-adaptive-e225--seed20260909--issue-77-n1-011-a02,hybrid-adaptive-e225,hybrid,adaptive,225,20260909,issue-77-n1-011-a02,0,2.0,,0,False,False,2055,2055,0.291812
decision--hybrid-adaptive-e225--seed20260909--issue-77-n1-011-a11,hybrid-adaptive-e225,hybrid,adaptive,225,20260909,issue-77-n1-011-a11,0,2.0,,0,False,False,2055,2055,0.293987
decision--hybrid-adaptive-e225--seed20260909--issue-77-n1-012-a08,hybrid-adaptive-e225,hybrid,adaptive,225,20260909,issue-77-n1-012-a08,0,2.0,,0,False,False,1841,1841,0.263460
decision--hybrid-adaptive-e225--seed20260909--issue-77-n1-013-a04,hybrid-adaptive-e225,hybrid,adaptive,225,20260909,issue-77-n1-013-a04,0,2.0,,0,False,False,2213,2213,0.318658
decision--hybrid-adaptive-e225--seed20260909--issue-77-n1-014-a01,hybrid-adaptive-e225,hybrid,adaptive,225,20260909,issue-77-n1-014-a01,0,2.0,,0,False,False,2191,2191,0.345457
decision--hybrid-adaptive-e225--seed20260909--issue-77-n1-014-a10,hybrid-adaptive-e225,hybrid,adaptive,225,20260909,issue-77-n1-014-a10,0,2.0,,0,False,False,2191,2191,0.370650
decision--hybrid-adaptive-e225--seed20260909--issue-77-n1-015-a06,hybrid-adaptive-e225,hybrid,adaptive,225,20260909,issue-77-n1-015-a06,0,2.0,,0,False,False,2405,2405,0.343300
decision--hybrid-adaptive-e225--seed20260909--issue-77-n1-016-a03,hybrid-adaptive-e225,hybrid,adaptive,225,20260909,issue-77-n1-016-a03,0,2.0,,0,False,False,2073,2073,0.292063
decision--hybrid-adaptive-e225--seed20260909--issue-77-n1-016-a12,hybrid-adaptive-e225,hybrid,adaptive,225,20260909,issue-77-n1-016-a12,0,2.0,,0,False,False,2073,2073,0.331297
decision--hybrid-adaptive-e225--seed20260910--issue-77-n1-001-a00,hybrid-adaptive-e225,hybrid,adaptive,225,20260910,issue-77-n1-001-a00,0,2.0,,0,False,False,2524,2524,0.442106
decision--hybrid-adaptive-e225--seed20260910--issue-77-n1-001-a07,hybrid-adaptive-e225,hybrid,adaptive,225,20260910,issue-77-n1-001-a07,0,2.0,,0,False,False,2524,2524,0.450239
decision--hybrid-adaptive-e225--seed20260910--issue-77-n1-003-a00,hybrid-adaptive-e225,hybrid,adaptive,225,20260910,issue-77-n1-003-a00,0,3.0,,0,False,False,2025,2025,0.381060
decision--hybrid-adaptive-e225--seed20260910--issue-77-n1-003-a10,hybrid-adaptive-e225,hybrid,adaptive,225,20260910,issue-77-n1-003-a10,0,3.0,,0,False,False,2025,2025,0.404943
decision--hybrid-adaptive-e225--seed20260910--issue-77-n1-004-a07,hybrid-adaptive-e225,hybrid,adaptive,225,20260910,issue-77-n1-004-a07,1,2.0,,0,False,False,1469,1469,0.302678
decision--hybrid-adaptive-e225--seed20260910--issue-77-n1-006-a05,hybrid-adaptive-e225,hybrid,adaptive,225,20260910,issue-77-n1-006-a05,0,2.0,,0,False,False,1885,1885,0.261760
decision--hybrid-adaptive-e225--seed20260910--issue-77-n1-006-a11,hybrid-adaptive-e225,hybrid,adaptive,225,20260910,issue-77-n1-006-a11,0,2.0,,0,False,False,1885,1885,0.270167
decision--hybrid-adaptive-e225--seed20260910--issue-77-n1-007-a05,hybrid-adaptive-e225,hybrid,adaptive,225,20260910,issue-77-n1-007-a05,0,2.138576030731201,,0,False,False,1781,1781,0.252175
decision--hybrid-adaptive-e225--seed20260910--issue-77-n1-007-a12,hybrid-adaptive-e225,hybrid,adaptive,225,20260910,issue-77-n1-007-a12,0,2.138576030731201,,0,False,False,1781,1781,0.250569
decision--hybrid-adaptive-e225--seed20260910--issue-77-n1-008-a05,hybrid-adaptive-e225,hybrid,adaptive,225,20260910,issue-77-n1-008-a05,1,2.1937060356140137,,0,False,False,1937,1937,0.270391
decision--hybrid-adaptive-e225--seed20260910--issue-77-n1-008-a12,hybrid-adaptive-e225,hybrid,adaptive,225,20260910,issue-77-n1-008-a12,1,2.1937060356140137,,0,False,False,1937,1937,0.272577
decision--hybrid-adaptive-e225--seed20260910--issue-77-n1-009-a00,hybrid-adaptive-e225,hybrid,adaptive,225,20260910,issue-77-n1-009-a00,0,3.0,,0,False,False,2925,2925,0.383049
decision--hybrid-adaptive-e225--seed20260910--issue-77-n1-009-a09,hybrid-adaptive-e225,hybrid,adaptive,225,20260910,issue-77-n1-009-a09,0,3.0,,0,False,False,2925,2925,0.392303
decision--hybrid-adaptive-e225--seed20260910--issue-77-n1-010-a06,hybrid-adaptive-e225,hybrid,adaptive,225,20260910,issue-77-n1-010-a06,0,2.6410155296325684,,0,False,False,1885,1885,0.264362
decision--hybrid-adaptive-e225--seed20260910--issue-77-n1-011-a02,hybrid-adaptive-e225,hybrid,adaptive,225,20260910,issue-77-n1-011-a02,0,2.0,,0,False,False,2901,2901,0.391665
decision--hybrid-adaptive-e225--seed20260910--issue-77-n1-011-a11,hybrid-adaptive-e225,hybrid,adaptive,225,20260910,issue-77-n1-011-a11,0,2.0,,0,False,False,2901,2901,0.404292
decision--hybrid-adaptive-e225--seed20260910--issue-77-n1-012-a08,hybrid-adaptive-e225,hybrid,adaptive,225,20260910,issue-77-n1-012-a08,0,3.0,,0,False,False,2925,2925,0.399245
decision--hybrid-adaptive-e225--seed20260910--issue-77-n1-013-a04,hybrid-adaptive-e225,hybrid,adaptive,225,20260910,issue-77-n1-013-a04,0,3.0,,0,False,False,2925,2925,0.389873
decision--hybrid-adaptive-e225--seed20260910--issue-77-n1-014-a01,hybrid-adaptive-e225,hybrid,adaptive,225,20260910,issue-77-n1-014-a01,0,3.0,,0,False,False,2925,2925,0.425797
decision--hybrid-adaptive-e225--seed20260910--issue-77-n1-014-a10,hybrid-adaptive-e225,hybrid,adaptive,225,20260910,issue-77-n1-014-a10,0,3.0,,0,False,False,2925,2925,0.430897
decision--hybrid-adaptive-e225--seed20260910--issue-77-n1-015-a06,hybrid-adaptive-e225,hybrid,adaptive,225,20260910,issue-77-n1-015-a06,0,3.0,,0,False,False,1677,1677,0.235726
decision--hybrid-adaptive-e225--seed20260910--issue-77-n1-016-a03,hybrid-adaptive-e225,hybrid,adaptive,225,20260910,issue-77-n1-016-a03,0,3.0,,0,False,False,2925,2925,0.442305
decision--hybrid-adaptive-e225--seed20260910--issue-77-n1-016-a12,hybrid-adaptive-e225,hybrid,adaptive,225,20260910,issue-77-n1-016-a12,0,3.0,,0,False,False,2925,2925,0.406270
decision--hybrid-adaptive-e600--seed20260908--issue-77-n1-001-a00,hybrid-adaptive-e600,hybrid,adaptive,600,20260908,issue-77-n1-001-a00,1,1.1913636922836304,,0,False,False,1330,1330,0.290164
decision--hybrid-adaptive-e600--seed20260908--issue-77-n1-001-a07,hybrid-adaptive-e600,hybrid,adaptive,600,20260908,issue-77-n1-001-a07,1,1.1913636922836304,,0,False,False,1330,1330,0.299633
decision--hybrid-adaptive-e600--seed20260908--issue-77-n1-003-a00,hybrid-adaptive-e600,hybrid,adaptive,600,20260908,issue-77-n1-003-a00,9,1.0,,0,False,False,1524,1524,0.280866
decision--hybrid-adaptive-e600--seed20260908--issue-77-n1-003-a10,hybrid-adaptive-e600,hybrid,adaptive,600,20260908,issue-77-n1-003-a10,9,1.0,,0,False,False,1524,1524,0.272054
decision--hybrid-adaptive-e600--seed20260908--issue-77-n1-004-a07,hybrid-adaptive-e600,hybrid,adaptive,600,20260908,issue-77-n1-004-a07,8,347.73747730255127,,0,False,False,828,828,0.154896
decision--hybrid-adaptive-e600--seed20260908--issue-77-n1-006-a05,hybrid-adaptive-e600,hybrid,adaptive,600,20260908,issue-77-n1-006-a05,1,1.1645212173461914,,0,False,False,1146,1146,0.166431
decision--hybrid-adaptive-e600--seed20260908--issue-77-n1-006-a11,hybrid-adaptive-e600,hybrid,adaptive,600,20260908,issue-77-n1-006-a11,1,1.1645212173461914,,0,False,False,1146,1146,0.166735
decision--hybrid-adaptive-e600--seed20260908--issue-77-n1-007-a05,hybrid-adaptive-e600,hybrid,adaptive,600,20260908,issue-77-n1-007-a05,3,5.23070415854454,,0,True,False,1240,1240,0.175084
decision--hybrid-adaptive-e600--seed20260908--issue-77-n1-007-a12,hybrid-adaptive-e600,hybrid,adaptive,600,20260908,issue-77-n1-007-a12,3,5.23070415854454,,0,True,False,1240,1240,0.168106
decision--hybrid-adaptive-e600--seed20260908--issue-77-n1-008-a05,hybrid-adaptive-e600,hybrid,adaptive,600,20260908,issue-77-n1-008-a05,0,1.0,,0,False,False,1196,1196,0.177300
decision--hybrid-adaptive-e600--seed20260908--issue-77-n1-008-a12,hybrid-adaptive-e600,hybrid,adaptive,600,20260908,issue-77-n1-008-a12,0,1.0,,0,False,False,1196,1196,0.167689
decision--hybrid-adaptive-e600--seed20260908--issue-77-n1-009-a00,hybrid-adaptive-e600,hybrid,adaptive,600,20260908,issue-77-n1-009-a00,11,1.0,,0,False,False,1956,1956,0.270207
decision--hybrid-adaptive-e600--seed20260908--issue-77-n1-009-a09,hybrid-adaptive-e600,hybrid,adaptive,600,20260908,issue-77-n1-009-a09,11,1.0,,0,False,False,1956,1956,0.322470
decision--hybrid-adaptive-e600--seed20260908--issue-77-n1-010-a06,hybrid-adaptive-e600,hybrid,adaptive,600,20260908,issue-77-n1-010-a06,1,1.0607435703277588,,0,False,False,1190,1190,0.173429
decision--hybrid-adaptive-e600--seed20260908--issue-77-n1-011-a02,hybrid-adaptive-e600,hybrid,adaptive,600,20260908,issue-77-n1-011-a02,12,1.7658398151397705,,0,False,False,2236,2236,0.283463
decision--hybrid-adaptive-e600--seed20260908--issue-77-n1-011-a11,hybrid-adaptive-e600,hybrid,adaptive,600,20260908,issue-77-n1-011-a11,12,1.7658398151397705,,0,False,False,2236,2236,0.276870
decision--hybrid-adaptive-e600--seed20260908--issue-77-n1-012-a08,hybrid-adaptive-e600,hybrid,adaptive,600,20260908,issue-77-n1-012-a08,0,2.0,,0,False,False,2110,2110,0.285946
decision--hybrid-adaptive-e600--seed20260908--issue-77-n1-013-a04,hybrid-adaptive-e600,hybrid,adaptive,600,20260908,issue-77-n1-013-a04,0,1.0,,0,False,False,2172,2172,0.333859
decision--hybrid-adaptive-e600--seed20260908--issue-77-n1-014-a01,hybrid-adaptive-e600,hybrid,adaptive,600,20260908,issue-77-n1-014-a01,0,1.0,,0,False,False,2106,2106,0.294854
decision--hybrid-adaptive-e600--seed20260908--issue-77-n1-014-a10,hybrid-adaptive-e600,hybrid,adaptive,600,20260908,issue-77-n1-014-a10,0,1.0,,0,False,False,2106,2106,0.292540
decision--hybrid-adaptive-e600--seed20260908--issue-77-n1-015-a06,hybrid-adaptive-e600,hybrid,adaptive,600,20260908,issue-77-n1-015-a06,6,2.9812049865722656,,0,True,False,1210,1210,0.233901
decision--hybrid-adaptive-e600--seed20260908--issue-77-n1-016-a03,hybrid-adaptive-e600,hybrid,adaptive,600,20260908,issue-77-n1-016-a03,0,2.0,,0,False,False,2288,2288,0.284448
decision--hybrid-adaptive-e600--seed20260908--issue-77-n1-016-a12,hybrid-adaptive-e600,hybrid,adaptive,600,20260908,issue-77-n1-016-a12,0,2.0,,0,False,False,2288,2288,0.335428
decision--hybrid-adaptive-e600--seed20260909--issue-77-n1-001-a00,hybrid-adaptive-e600,hybrid,adaptive,600,20260909,issue-77-n1-001-a00,12,1.38942289352417,,0,False,False,3292,3292,0.565980
decision--hybrid-adaptive-e600--seed20260909--issue-77-n1-001-a07,hybrid-adaptive-e600,hybrid,adaptive,600,20260909,issue-77-n1-001-a07,12,1.38942289352417,,0,False,False,3292,3292,0.575131
decision--hybrid-adaptive-e600--seed20260909--issue-77-n1-003-a00,hybrid-adaptive-e600,hybrid,adaptive,600,20260909,issue-77-n1-003-a00,0,2.0,,0,False,False,1694,1694,0.334551
decision--hybrid-adaptive-e600--seed20260909--issue-77-n1-003-a10,hybrid-adaptive-e600,hybrid,adaptive,600,20260909,issue-77-n1-003-a10,0,2.0,,0,False,False,1694,1694,0.359636
decision--hybrid-adaptive-e600--seed20260909--issue-77-n1-004-a07,hybrid-adaptive-e600,hybrid,adaptive,600,20260909,issue-77-n1-004-a07,11,2.0,,0,False,False,2798,2798,0.605112
decision--hybrid-adaptive-e600--seed20260909--issue-77-n1-006-a05,hybrid-adaptive-e600,hybrid,adaptive,600,20260909,issue-77-n1-006-a05,0,1002.0,,0,False,False,4328,4328,0.645219
decision--hybrid-adaptive-e600--seed20260909--issue-77-n1-006-a11,hybrid-adaptive-e600,hybrid,adaptive,600,20260909,issue-77-n1-006-a11,0,1002.0,,0,False,False,4328,4328,0.648827
decision--hybrid-adaptive-e600--seed20260909--issue-77-n1-007-a05,hybrid-adaptive-e600,hybrid,adaptive,600,20260909,issue-77-n1-007-a05,0,1002.0,,0,False,False,3710,3710,0.525178
decision--hybrid-adaptive-e600--seed20260909--issue-77-n1-007-a12,hybrid-adaptive-e600,hybrid,adaptive,600,20260909,issue-77-n1-007-a12,0,1002.0,,0,False,False,3710,3710,0.522226
decision--hybrid-adaptive-e600--seed20260909--issue-77-n1-008-a05,hybrid-adaptive-e600,hybrid,adaptive,600,20260909,issue-77-n1-008-a05,0,1002.0,,0,False,False,4220,4220,0.613317
decision--hybrid-adaptive-e600--seed20260909--issue-77-n1-008-a12,hybrid-adaptive-e600,hybrid,adaptive,600,20260909,issue-77-n1-008-a12,0,1002.0,,0,False,False,4220,4220,0.607464
decision--hybrid-adaptive-e600--seed20260909--issue-77-n1-009-a00,hybrid-adaptive-e600,hybrid,adaptive,600,20260909,issue-77-n1-009-a00,0,2.0,,0,False,False,2158,2158,0.291997
decision--hybrid-adaptive-e600--seed20260909--issue-77-n1-009-a09,hybrid-adaptive-e600,hybrid,adaptive,600,20260909,issue-77-n1-009-a09,0,2.0,,0,False,False,2158,2158,0.285760
decision--hybrid-adaptive-e600--seed20260909--issue-77-n1-010-a06,hybrid-adaptive-e600,hybrid,adaptive,600,20260909,issue-77-n1-010-a06,0,1002.0,,0,False,False,4084,4084,0.579981
decision--hybrid-adaptive-e600--seed20260909--issue-77-n1-011-a02,hybrid-adaptive-e600,hybrid,adaptive,600,20260909,issue-77-n1-011-a02,0,2.0,,0,False,False,2380,2380,0.339124
decision--hybrid-adaptive-e600--seed20260909--issue-77-n1-011-a11,hybrid-adaptive-e600,hybrid,adaptive,600,20260909,issue-77-n1-011-a11,0,2.0,,0,False,False,2380,2380,0.340562
decision--hybrid-adaptive-e600--seed20260909--issue-77-n1-012-a08,hybrid-adaptive-e600,hybrid,adaptive,600,20260909,issue-77-n1-012-a08,0,2.0,,0,False,False,2198,2198,0.322454
decision--hybrid-adaptive-e600--seed20260909--issue-77-n1-013-a04,hybrid-adaptive-e600,hybrid,adaptive,600,20260909,issue-77-n1-013-a04,0,2.0,,0,False,False,2570,2570,0.371483
decision--hybrid-adaptive-e600--seed20260909--issue-77-n1-014-a01,hybrid-adaptive-e600,hybrid,adaptive,600,20260909,issue-77-n1-014-a01,0,2.0,,0,False,False,2516,2516,0.419067
decision--hybrid-adaptive-e600--seed20260909--issue-77-n1-014-a10,hybrid-adaptive-e600,hybrid,adaptive,600,20260909,issue-77-n1-014-a10,0,2.0,,0,False,False,2516,2516,0.419948
decision--hybrid-adaptive-e600--seed20260909--issue-77-n1-015-a06,hybrid-adaptive-e600,hybrid,adaptive,600,20260909,issue-77-n1-015-a06,1,1.9728840589523315,,0,False,False,2690,2690,0.389091
decision--hybrid-adaptive-e600--seed20260909--issue-77-n1-016-a03,hybrid-adaptive-e600,hybrid,adaptive,600,20260909,issue-77-n1-016-a03,0,2.0,,0,False,False,2398,2398,0.344844
decision--hybrid-adaptive-e600--seed20260909--issue-77-n1-016-a12,hybrid-adaptive-e600,hybrid,adaptive,600,20260909,issue-77-n1-016-a12,0,2.0,,0,False,False,2398,2398,0.346399
decision--hybrid-adaptive-e600--seed20260910--issue-77-n1-001-a00,hybrid-adaptive-e600,hybrid,adaptive,600,20260910,issue-77-n1-001-a00,0,3.0,,0,False,False,6424,6424,1.158797
decision--hybrid-adaptive-e600--seed20260910--issue-77-n1-001-a07,hybrid-adaptive-e600,hybrid,adaptive,600,20260910,issue-77-n1-001-a07,0,3.0,,0,False,False,6424,6424,1.178731
decision--hybrid-adaptive-e600--seed20260910--issue-77-n1-003-a00,hybrid-adaptive-e600,hybrid,adaptive,600,20260910,issue-77-n1-003-a00,0,3.0,,0,False,False,5400,5400,1.031178
decision--hybrid-adaptive-e600--seed20260910--issue-77-n1-003-a10,hybrid-adaptive-e600,hybrid,adaptive,600,20260910,issue-77-n1-003-a10,0,3.0,,0,False,False,5400,5400,1.029807
decision--hybrid-adaptive-e600--seed20260910--issue-77-n1-004-a07,hybrid-adaptive-e600,hybrid,adaptive,600,20260910,issue-77-n1-004-a07,4,3.0,,0,True,False,4160,4160,0.909963
decision--hybrid-adaptive-e600--seed20260910--issue-77-n1-006-a05,hybrid-adaptive-e600,hybrid,adaptive,600,20260910,issue-77-n1-006-a05,0,3.0,,0,False,False,5668,5668,0.781082
decision--hybrid-adaptive-e600--seed20260910--issue-77-n1-006-a11,hybrid-adaptive-e600,hybrid,adaptive,600,20260910,issue-77-n1-006-a11,0,3.0,,0,False,False,5668,5668,0.802878
decision--hybrid-adaptive-e600--seed20260910--issue-77-n1-007-a05,hybrid-adaptive-e600,hybrid,adaptive,600,20260910,issue-77-n1-007-a05,0,3.0,,0,False,False,3444,3444,0.496532
decision--hybrid-adaptive-e600--seed20260910--issue-77-n1-007-a12,hybrid-adaptive-e600,hybrid,adaptive,600,20260910,issue-77-n1-007-a12,0,3.0,,0,False,False,3444,3444,0.509990
decision--hybrid-adaptive-e600--seed20260910--issue-77-n1-008-a05,hybrid-adaptive-e600,hybrid,adaptive,600,20260910,issue-77-n1-008-a05,0,3.0,,0,False,False,6352,6352,0.907675
decision--hybrid-adaptive-e600--seed20260910--issue-77-n1-008-a12,hybrid-adaptive-e600,hybrid,adaptive,600,20260910,issue-77-n1-008-a12,0,3.0,,0,False,False,6352,6352,0.904083
decision--hybrid-adaptive-e600--seed20260910--issue-77-n1-009-a00,hybrid-adaptive-e600,hybrid,adaptive,600,20260910,issue-77-n1-009-a00,0,3.0,,0,False,False,7800,7800,1.053642
decision--hybrid-adaptive-e600--seed20260910--issue-77-n1-009-a09,hybrid-adaptive-e600,hybrid,adaptive,600,20260910,issue-77-n1-009-a09,0,3.0,,0,False,False,7800,7800,1.039886
decision--hybrid-adaptive-e600--seed20260910--issue-77-n1-010-a06,hybrid-adaptive-e600,hybrid,adaptive,600,20260910,issue-77-n1-010-a06,0,3.0,,0,False,False,5464,5464,0.794306
decision--hybrid-adaptive-e600--seed20260910--issue-77-n1-011-a02,hybrid-adaptive-e600,hybrid,adaptive,600,20260910,issue-77-n1-011-a02,0,3.0,,0,False,False,7776,7776,1.057977
decision--hybrid-adaptive-e600--seed20260910--issue-77-n1-011-a11,hybrid-adaptive-e600,hybrid,adaptive,600,20260910,issue-77-n1-011-a11,0,3.0,,0,False,False,7776,7776,1.062721
decision--hybrid-adaptive-e600--seed20260910--issue-77-n1-012-a08,hybrid-adaptive-e600,hybrid,adaptive,600,20260910,issue-77-n1-012-a08,0,3.0,,0,False,False,7800,7800,1.052003
decision--hybrid-adaptive-e600--seed20260910--issue-77-n1-013-a04,hybrid-adaptive-e600,hybrid,adaptive,600,20260910,issue-77-n1-013-a04,0,3.0,,0,False,False,7800,7800,1.051275
decision--hybrid-adaptive-e600--seed20260910--issue-77-n1-014-a01,hybrid-adaptive-e600,hybrid,adaptive,600,20260910,issue-77-n1-014-a01,0,3.0,,0,False,False,7800,7800,1.114939
decision--hybrid-adaptive-e600--seed20260910--issue-77-n1-014-a10,hybrid-adaptive-e600,hybrid,adaptive,600,20260910,issue-77-n1-014-a10,0,3.0,,0,False,False,7800,7800,1.172776
decision--hybrid-adaptive-e600--seed20260910--issue-77-n1-015-a06,hybrid-adaptive-e600,hybrid,adaptive,600,20260910,issue-77-n1-015-a06,6,2.0,,0,True,False,2652,2652,0.374579
decision--hybrid-adaptive-e600--seed20260910--issue-77-n1-016-a03,hybrid-adaptive-e600,hybrid,adaptive,600,20260910,issue-77-n1-016-a03,0,3.0,,0,False,False,7800,7800,1.137137
decision--hybrid-adaptive-e600--seed20260910--issue-77-n1-016-a12,hybrid-adaptive-e600,hybrid,adaptive,600,20260910,issue-77-n1-016-a12,0,3.0,,0,False,False,7800,7800,1.090811
decision--hybrid-fixed-h1-e225--seed20260908--issue-77-n1-001-a00,hybrid-fixed-h1-e225,hybrid,fixed-h1,225,20260908,issue-77-n1-001-a00,0,2.0,,0,False,False,2700,0,0.303909
decision--hybrid-fixed-h1-e225--seed20260908--issue-77-n1-001-a07,hybrid-fixed-h1-e225,hybrid,fixed-h1,225,20260908,issue-77-n1-001-a07,0,2.0,,0,False,False,2700,0,0.317708
decision--hybrid-fixed-h1-e225--seed20260908--issue-77-n1-003-a00,hybrid-fixed-h1-e225,hybrid,fixed-h1,225,20260908,issue-77-n1-003-a00,0,2.0,,0,False,False,2025,0,0.300253
decision--hybrid-fixed-h1-e225--seed20260908--issue-77-n1-003-a10,hybrid-fixed-h1-e225,hybrid,fixed-h1,225,20260908,issue-77-n1-003-a10,0,2.0,,0,False,False,2025,0,0.299089
decision--hybrid-fixed-h1-e225--seed20260908--issue-77-n1-004-a07,hybrid-fixed-h1-e225,hybrid,fixed-h1,225,20260908,issue-77-n1-004-a07,1,2.0,,0,False,False,2025,0,0.312157
decision--hybrid-fixed-h1-e225--seed20260908--issue-77-n1-006-a05,hybrid-fixed-h1-e225,hybrid,fixed-h1,225,20260908,issue-77-n1-006-a05,0,2.0,,0,False,False,2925,0,0.308857
decision--hybrid-fixed-h1-e225--seed20260908--issue-77-n1-006-a11,hybrid-fixed-h1-e225,hybrid,fixed-h1,225,20260908,issue-77-n1-006-a11,0,2.0,,0,False,False,2925,0,0.311593
decision--hybrid-fixed-h1-e225--seed20260908--issue-77-n1-007-a05,hybrid-fixed-h1-e225,hybrid,fixed-h1,225,20260908,issue-77-n1-007-a05,0,2.0,,0,False,False,2925,0,0.309491
decision--hybrid-fixed-h1-e225--seed20260908--issue-77-n1-007-a12,hybrid-fixed-h1-e225,hybrid,fixed-h1,225,20260908,issue-77-n1-007-a12,0,2.0,,0,False,False,2925,0,0.319024
decision--hybrid-fixed-h1-e225--seed20260908--issue-77-n1-008-a05,hybrid-fixed-h1-e225,hybrid,fixed-h1,225,20260908,issue-77-n1-008-a05,0,2.0,,0,False,False,2925,0,0.310080
decision--hybrid-fixed-h1-e225--seed20260908--issue-77-n1-008-a12,hybrid-fixed-h1-e225,hybrid,fixed-h1,225,20260908,issue-77-n1-008-a12,0,2.0,,0,False,False,2925,0,0.313090
decision--hybrid-fixed-h1-e225--seed20260908--issue-77-n1-009-a00,hybrid-fixed-h1-e225,hybrid,fixed-h1,225,20260908,issue-77-n1-009-a00,0,3.0,,0,False,False,2925,0,0.307559
decision--hybrid-fixed-h1-e225--seed20260908--issue-77-n1-009-a09,hybrid-fixed-h1-e225,hybrid,fixed-h1,225,20260908,issue-77-n1-009-a09,0,3.0,,0,False,False,2925,0,0.371957
decision--hybrid-fixed-h1-e225--seed20260908--issue-77-n1-010-a06,hybrid-fixed-h1-e225,hybrid,fixed-h1,225,20260908,issue-77-n1-010-a06,0,2.0,,0,False,False,2925,0,0.306187
decision--hybrid-fixed-h1-e225--seed20260908--issue-77-n1-011-a02,hybrid-fixed-h1-e225,hybrid,fixed-h1,225,20260908,issue-77-n1-011-a02,0,2.0,,0,False,False,2925,0,0.311165
decision--hybrid-fixed-h1-e225--seed20260908--issue-77-n1-011-a11,hybrid-fixed-h1-e225,hybrid,fixed-h1,225,20260908,issue-77-n1-011-a11,0,2.0,,0,False,False,2925,0,0.317274
decision--hybrid-fixed-h1-e225--seed20260908--issue-77-n1-012-a08,hybrid-fixed-h1-e225,hybrid,fixed-h1,225,20260908,issue-77-n1-012-a08,0,3.0,,0,False,False,2925,0,0.314419
decision--hybrid-fixed-h1-e225--seed20260908--issue-77-n1-013-a04,hybrid-fixed-h1-e225,hybrid,fixed-h1,225,20260908,issue-77-n1-013-a04,0,3.0,,0,False,False,2925,0,0.319769
decision--hybrid-fixed-h1-e225--seed20260908--issue-77-n1-014-a01,hybrid-fixed-h1-e225,hybrid,fixed-h1,225,20260908,issue-77-n1-014-a01,0,3.0,,0,False,False,2925,0,0.359752
decision--hybrid-fixed-h1-e225--seed20260908--issue-77-n1-014-a10,hybrid-fixed-h1-e225,hybrid,fixed-h1,225,20260908,issue-77-n1-014-a10,0,3.0,,0,False,False,2925,0,0.337491
decision--hybrid-fixed-h1-e225--seed20260908--issue-77-n1-015-a06,hybrid-fixed-h1-e225,hybrid,fixed-h1,225,20260908,issue-77-n1-015-a06,0,2.0,,0,False,False,2925,0,0.346382
decision--hybrid-fixed-h1-e225--seed20260908--issue-77-n1-016-a03,hybrid-fixed-h1-e225,hybrid,fixed-h1,225,20260908,issue-77-n1-016-a03,0,2.459338903427124,,0,False,False,2925,0,0.312654
decision--hybrid-fixed-h1-e225--seed20260908--issue-77-n1-016-a12,hybrid-fixed-h1-e225,hybrid,fixed-h1,225,20260908,issue-77-n1-016-a12,0,2.459338903427124,,0,False,False,2925,0,0.353349
decision--hybrid-fixed-h1-e225--seed20260909--issue-77-n1-001-a00,hybrid-fixed-h1-e225,hybrid,fixed-h1,225,20260909,issue-77-n1-001-a00,0,2.0,,0,False,False,2700,0,0.305995
decision--hybrid-fixed-h1-e225--seed20260909--issue-77-n1-001-a07,hybrid-fixed-h1-e225,hybrid,fixed-h1,225,20260909,issue-77-n1-001-a07,0,2.0,,0,False,False,2700,0,0.306551
decision--hybrid-fixed-h1-e225--seed20260909--issue-77-n1-003-a00,hybrid-fixed-h1-e225,hybrid,fixed-h1,225,20260909,issue-77-n1-003-a00,0,3.0,,0,False,False,2025,0,0.298228
decision--hybrid-fixed-h1-e225--seed20260909--issue-77-n1-003-a10,hybrid-fixed-h1-e225,hybrid,fixed-h1,225,20260909,issue-77-n1-003-a10,0,3.0,,0,False,False,2025,0,0.310572
decision--hybrid-fixed-h1-e225--seed20260909--issue-77-n1-004-a07,hybrid-fixed-h1-e225,hybrid,fixed-h1,225,20260909,issue-77-n1-004-a07,8,3.0,,0,False,False,2025,0,0.300766
decision--hybrid-fixed-h1-e225--seed20260909--issue-77-n1-006-a05,hybrid-fixed-h1-e225,hybrid,fixed-h1,225,20260909,issue-77-n1-006-a05,0,1003.0,,0,False,False,2925,0,0.316753
decision--hybrid-fixed-h1-e225--seed20260909--issue-77-n1-006-a11,hybrid-fixed-h1-e225,hybrid,fixed-h1,225,20260909,issue-77-n1-006-a11,0,1003.0,,0,False,False,2925,0,0.307549
decision--hybrid-fixed-h1-e225--seed20260909--issue-77-n1-007-a05,hybrid-fixed-h1-e225,hybrid,fixed-h1,225,20260909,issue-77-n1-007-a05,12,480.4632155895233,,0,False,False,2925,0,0.306797
decision--hybrid-fixed-h1-e225--seed20260909--issue-77-n1-007-a12,hybrid-fixed-h1-e225,hybrid,fixed-h1,225,20260909,issue-77-n1-007-a12,12,480.4632155895233,,0,False,False,2925,0,0.327174
decision--hybrid-fixed-h1-e225--seed20260909--issue-77-n1-008-a05,hybrid-fixed-h1-e225,hybrid,fixed-h1,225,20260909,issue-77-n1-008-a05,0,1003.0,,0,False,False,2925,0,0.312761
decision--hybrid-fixed-h1-e225--seed20260909--issue-77-n1-008-a12,hybrid-fixed-h1-e225,hybrid,fixed-h1,225,20260909,issue-77-n1-008-a12,0,1003.0,,0,False,False,2925,0,0.308922
decision--hybrid-fixed-h1-e225--seed20260909--issue-77-n1-009-a00,hybrid-fixed-h1-e225,hybrid,fixed-h1,225,20260909,issue-77-n1-009-a00,0,3.0,,0,False,False,2925,0,0.327126
decision--hybrid-fixed-h1-e225--seed20260909--issue-77-n1-009-a09,hybrid-fixed-h1-e225,hybrid,fixed-h1,225,20260909,issue-77-n1-009-a09,0,3.0,,0,False,False,2925,0,0.336077
decision--hybrid-fixed-h1-e225--seed20260909--issue-77-n1-010-a06,hybrid-fixed-h1-e225,hybrid,fixed-h1,225,20260909,issue-77-n1-010-a06,0,1003.0,,0,False,False,2925,0,0.322353
decision--hybrid-fixed-h1-e225--seed20260909--issue-77-n1-011-a02,hybrid-fixed-h1-e225,hybrid,fixed-h1,225,20260909,issue-77-n1-011-a02,0,3.0,,0,False,False,2925,0,0.316606
decision--hybrid-fixed-h1-e225--seed20260909--issue-77-n1-011-a11,hybrid-fixed-h1-e225,hybrid,fixed-h1,225,20260909,issue-77-n1-011-a11,0,3.0,,0,False,False,2925,0,0.331186
decision--hybrid-fixed-h1-e225--seed20260909--issue-77-n1-012-a08,hybrid-fixed-h1-e225,hybrid,fixed-h1,225,20260909,issue-77-n1-012-a08,0,3.0,,0,False,False,2925,0,0.313780
decision--hybrid-fixed-h1-e225--seed20260909--issue-77-n1-013-a04,hybrid-fixed-h1-e225,hybrid,fixed-h1,225,20260909,issue-77-n1-013-a04,0,3.0,,0,False,False,2925,0,0.308947
decision--hybrid-fixed-h1-e225--seed20260909--issue-77-n1-014-a01,hybrid-fixed-h1-e225,hybrid,fixed-h1,225,20260909,issue-77-n1-014-a01,0,3.0,,0,False,False,2925,0,0.339105
decision--hybrid-fixed-h1-e225--seed20260909--issue-77-n1-014-a10,hybrid-fixed-h1-e225,hybrid,fixed-h1,225,20260909,issue-77-n1-014-a10,0,3.0,,0,False,False,2925,0,0.343752
decision--hybrid-fixed-h1-e225--seed20260909--issue-77-n1-015-a06,hybrid-fixed-h1-e225,hybrid,fixed-h1,225,20260909,issue-77-n1-015-a06,0,3.0,,0,False,False,2925,0,0.322242
decision--hybrid-fixed-h1-e225--seed20260909--issue-77-n1-016-a03,hybrid-fixed-h1-e225,hybrid,fixed-h1,225,20260909,issue-77-n1-016-a03,0,3.0,,0,False,False,2925,0,0.317157
decision--hybrid-fixed-h1-e225--seed20260909--issue-77-n1-016-a12,hybrid-fixed-h1-e225,hybrid,fixed-h1,225,20260909,issue-77-n1-016-a12,0,3.0,,0,False,False,2925,0,0.343632
decision--hybrid-fixed-h1-e225--seed20260910--issue-77-n1-001-a00,hybrid-fixed-h1-e225,hybrid,fixed-h1,225,20260910,issue-77-n1-001-a00,0,3.0,,0,False,False,2700,0,0.316119
decision--hybrid-fixed-h1-e225--seed20260910--issue-77-n1-001-a07,hybrid-fixed-h1-e225,hybrid,fixed-h1,225,20260910,issue-77-n1-001-a07,0,3.0,,0,False,False,2700,0,0.313980
decision--hybrid-fixed-h1-e225--seed20260910--issue-77-n1-003-a00,hybrid-fixed-h1-e225,hybrid,fixed-h1,225,20260910,issue-77-n1-003-a00,5,3.0,,0,True,False,2025,0,0.307837
decision--hybrid-fixed-h1-e225--seed20260910--issue-77-n1-003-a10,hybrid-fixed-h1-e225,hybrid,fixed-h1,225,20260910,issue-77-n1-003-a10,5,3.0,,0,True,False,2025,0,0.298186
decision--hybrid-fixed-h1-e225--seed20260910--issue-77-n1-004-a07,hybrid-fixed-h1-e225,hybrid,fixed-h1,225,20260910,issue-77-n1-004-a07,1,4.0,,0,False,False,2025,0,0.300353
decision--hybrid-fixed-h1-e225--seed20260910--issue-77-n1-006-a05,hybrid-fixed-h1-e225,hybrid,fixed-h1,225,20260910,issue-77-n1-006-a05,0,3.0,,0,False,False,2925,0,0.316344
decision--hybrid-fixed-h1-e225--seed20260910--issue-77-n1-006-a11,hybrid-fixed-h1-e225,hybrid,fixed-h1,225,20260910,issue-77-n1-006-a11,0,3.0,,0,False,False,2925,0,0.320770
decision--hybrid-fixed-h1-e225--seed20260910--issue-77-n1-007-a05,hybrid-fixed-h1-e225,hybrid,fixed-h1,225,20260910,issue-77-n1-007-a05,0,3.0,,0,False,False,2925,0,0.307575
decision--hybrid-fixed-h1-e225--seed20260910--issue-77-n1-007-a12,hybrid-fixed-h1-e225,hybrid,fixed-h1,225,20260910,issue-77-n1-007-a12,0,3.0,,0,False,False,2925,0,0.309299
decision--hybrid-fixed-h1-e225--seed20260910--issue-77-n1-008-a05,hybrid-fixed-h1-e225,hybrid,fixed-h1,225,20260910,issue-77-n1-008-a05,6,3.1084818840026855,,0,True,False,2925,0,0.305261
decision--hybrid-fixed-h1-e225--seed20260910--issue-77-n1-008-a12,hybrid-fixed-h1-e225,hybrid,fixed-h1,225,20260910,issue-77-n1-008-a12,6,3.1084818840026855,,0,True,False,2925,0,0.315567
decision--hybrid-fixed-h1-e225--seed20260910--issue-77-n1-009-a00,hybrid-fixed-h1-e225,hybrid,fixed-h1,225,20260910,issue-77-n1-009-a00,0,3.0,,0,False,False,2925,0,0.316269
decision--hybrid-fixed-h1-e225--seed20260910--issue-77-n1-009-a09,hybrid-fixed-h1-e225,hybrid,fixed-h1,225,20260910,issue-77-n1-009-a09,0,3.0,,0,False,False,2925,0,0.311011
decision--hybrid-fixed-h1-e225--seed20260910--issue-77-n1-010-a06,hybrid-fixed-h1-e225,hybrid,fixed-h1,225,20260910,issue-77-n1-010-a06,0,3.0,,0,False,False,2925,0,0.319127
decision--hybrid-fixed-h1-e225--seed20260910--issue-77-n1-011-a02,hybrid-fixed-h1-e225,hybrid,fixed-h1,225,20260910,issue-77-n1-011-a02,0,3.0,,0,False,False,2925,0,0.323554
decision--hybrid-fixed-h1-e225--seed20260910--issue-77-n1-011-a11,hybrid-fixed-h1-e225,hybrid,fixed-h1,225,20260910,issue-77-n1-011-a11,0,3.0,,0,False,False,2925,0,0.309335
decision--hybrid-fixed-h1-e225--seed20260910--issue-77-n1-012-a08,hybrid-fixed-h1-e225,hybrid,fixed-h1,225,20260910,issue-77-n1-012-a08,0,3.0,,0,False,False,2925,0,0.314094
decision--hybrid-fixed-h1-e225--seed20260910--issue-77-n1-013-a04,hybrid-fixed-h1-e225,hybrid,fixed-h1,225,20260910,issue-77-n1-013-a04,0,3.0,,0,False,False,2925,0,0.319186
decision--hybrid-fixed-h1-e225--seed20260910--issue-77-n1-014-a01,hybrid-fixed-h1-e225,hybrid,fixed-h1,225,20260910,issue-77-n1-014-a01,0,3.0,,0,False,False,2925,0,0.348191
decision--hybrid-fixed-h1-e225--seed20260910--issue-77-n1-014-a10,hybrid-fixed-h1-e225,hybrid,fixed-h1,225,20260910,issue-77-n1-014-a10,0,3.0,,0,False,False,2925,0,0.335953
decision--hybrid-fixed-h1-e225--seed20260910--issue-77-n1-015-a06,hybrid-fixed-h1-e225,hybrid,fixed-h1,225,20260910,issue-77-n1-015-a06,0,4.0,,0,False,False,2925,0,0.306864
decision--hybrid-fixed-h1-e225--seed20260910--issue-77-n1-016-a03,hybrid-fixed-h1-e225,hybrid,fixed-h1,225,20260910,issue-77-n1-016-a03,0,3.0,,0,False,False,2925,0,0.355551
decision--hybrid-fixed-h1-e225--seed20260910--issue-77-n1-016-a12,hybrid-fixed-h1-e225,hybrid,fixed-h1,225,20260910,issue-77-n1-016-a12,0,3.0,,0,False,False,2925,0,0.322696
decision--hybrid-fixed-h1-e600--seed20260908--issue-77-n1-001-a00,hybrid-fixed-h1-e600,hybrid,fixed-h1,600,20260908,issue-77-n1-001-a00,0,2.0,,0,False,False,7200,0,0.838461
decision--hybrid-fixed-h1-e600--seed20260908--issue-77-n1-001-a07,hybrid-fixed-h1-e600,hybrid,fixed-h1,600,20260908,issue-77-n1-001-a07,0,2.0,,0,False,False,7200,0,0.827773
decision--hybrid-fixed-h1-e600--seed20260908--issue-77-n1-003-a00,hybrid-fixed-h1-e600,hybrid,fixed-h1,600,20260908,issue-77-n1-003-a00,0,3.0,,0,False,False,5400,0,0.832572
decision--hybrid-fixed-h1-e600--seed20260908--issue-77-n1-003-a10,hybrid-fixed-h1-e600,hybrid,fixed-h1,600,20260908,issue-77-n1-003-a10,0,3.0,,0,False,False,5400,0,0.807004
decision--hybrid-fixed-h1-e600--seed20260908--issue-77-n1-004-a07,hybrid-fixed-h1-e600,hybrid,fixed-h1,600,20260908,issue-77-n1-004-a07,1,2.0,,0,False,False,5400,0,0.834254
decision--hybrid-fixed-h1-e600--seed20260908--issue-77-n1-006-a05,hybrid-fixed-h1-e600,hybrid,fixed-h1,600,20260908,issue-77-n1-006-a05,0,2.0,,0,False,False,7800,0,0.837332
decision--hybrid-fixed-h1-e600--seed20260908--issue-77-n1-006-a11,hybrid-fixed-h1-e600,hybrid,fixed-h1,600,20260908,issue-77-n1-006-a11,0,2.0,,0,False,False,7800,0,0.854142
decision--hybrid-fixed-h1-e600--seed20260908--issue-77-n1-007-a05,hybrid-fixed-h1-e600,hybrid,fixed-h1,600,20260908,issue-77-n1-007-a05,0,2.0,,0,False,False,7800,0,0.841813
decision--hybrid-fixed-h1-e600--seed20260908--issue-77-n1-007-a12,hybrid-fixed-h1-e600,hybrid,fixed-h1,600,20260908,issue-77-n1-007-a12,0,2.0,,0,False,False,7800,0,0.817570
decision--hybrid-fixed-h1-e600--seed20260908--issue-77-n1-008-a05,hybrid-fixed-h1-e600,hybrid,fixed-h1,600,20260908,issue-77-n1-008-a05,0,2.0,,0,False,False,7800,0,0.836368
decision--hybrid-fixed-h1-e600--seed20260908--issue-77-n1-008-a12,hybrid-fixed-h1-e600,hybrid,fixed-h1,600,20260908,issue-77-n1-008-a12,0,2.0,,0,False,False,7800,0,0.845718
decision--hybrid-fixed-h1-e600--seed20260908--issue-77-n1-009-a00,hybrid-fixed-h1-e600,hybrid,fixed-h1,600,20260908,issue-77-n1-009-a00,0,3.0,,0,False,False,7800,0,0.846902
decision--hybrid-fixed-h1-e600--seed20260908--issue-77-n1-009-a09,hybrid-fixed-h1-e600,hybrid,fixed-h1,600,20260908,issue-77-n1-009-a09,0,3.0,,0,False,False,7800,0,0.943944
decision--hybrid-fixed-h1-e600--seed20260908--issue-77-n1-010-a06,hybrid-fixed-h1-e600,hybrid,fixed-h1,600,20260908,issue-77-n1-010-a06,0,2.0,,0,False,False,7800,0,0.853677
decision--hybrid-fixed-h1-e600--seed20260908--issue-77-n1-011-a02,hybrid-fixed-h1-e600,hybrid,fixed-h1,600,20260908,issue-77-n1-011-a02,0,3.0,,0,False,False,7800,0,0.855329
decision--hybrid-fixed-h1-e600--seed20260908--issue-77-n1-011-a11,hybrid-fixed-h1-e600,hybrid,fixed-h1,600,20260908,issue-77-n1-011-a11,0,3.0,,0,False,False,7800,0,0.819721
decision--hybrid-fixed-h1-e600--seed20260908--issue-77-n1-012-a08,hybrid-fixed-h1-e600,hybrid,fixed-h1,600,20260908,issue-77-n1-012-a08,0,3.0,,0,False,False,7800,0,0.842510
decision--hybrid-fixed-h1-e600--seed20260908--issue-77-n1-013-a04,hybrid-fixed-h1-e600,hybrid,fixed-h1,600,20260908,issue-77-n1-013-a04,0,3.0,,0,False,False,7800,0,0.838062
decision--hybrid-fixed-h1-e600--seed20260908--issue-77-n1-014-a01,hybrid-fixed-h1-e600,hybrid,fixed-h1,600,20260908,issue-77-n1-014-a01,0,3.0,,0,False,False,7800,0,0.960829
decision--hybrid-fixed-h1-e600--seed20260908--issue-77-n1-014-a10,hybrid-fixed-h1-e600,hybrid,fixed-h1,600,20260908,issue-77-n1-014-a10,0,3.0,,0,False,False,7800,0,0.926379
decision--hybrid-fixed-h1-e600--seed20260908--issue-77-n1-015-a06,hybrid-fixed-h1-e600,hybrid,fixed-h1,600,20260908,issue-77-n1-015-a06,0,2.0,,0,False,False,7800,0,0.920071
decision--hybrid-fixed-h1-e600--seed20260908--issue-77-n1-016-a03,hybrid-fixed-h1-e600,hybrid,fixed-h1,600,20260908,issue-77-n1-016-a03,0,3.0,,0,False,False,7800,0,0.846009
decision--hybrid-fixed-h1-e600--seed20260908--issue-77-n1-016-a12,hybrid-fixed-h1-e600,hybrid,fixed-h1,600,20260908,issue-77-n1-016-a12,0,3.0,,0,False,False,7800,0,0.949901
decision--hybrid-fixed-h1-e600--seed20260909--issue-77-n1-001-a00,hybrid-fixed-h1-e600,hybrid,fixed-h1,600,20260909,issue-77-n1-001-a00,0,1002.0,,0,False,False,7200,0,0.824677
decision--hybrid-fixed-h1-e600--seed20260909--issue-77-n1-001-a07,hybrid-fixed-h1-e600,hybrid,fixed-h1,600,20260909,issue-77-n1-001-a07,0,1002.0,,0,False,False,7200,0,0.826571
decision--hybrid-fixed-h1-e600--seed20260909--issue-77-n1-003-a00,hybrid-fixed-h1-e600,hybrid,fixed-h1,600,20260909,issue-77-n1-003-a00,10,3.0,,0,False,False,5400,0,0.839423
decision--hybrid-fixed-h1-e600--seed20260909--issue-77-n1-003-a10,hybrid-fixed-h1-e600,hybrid,fixed-h1,600,20260909,issue-77-n1-003-a10,10,3.0,,0,False,False,5400,0,0.824538
decision--hybrid-fixed-h1-e600--seed20260909--issue-77-n1-004-a07,hybrid-fixed-h1-e600,hybrid,fixed-h1,600,20260909,issue-77-n1-004-a07,1,1001.0,,0,False,False,5400,0,0.825802
decision--hybrid-fixed-h1-e600--seed20260909--issue-77-n1-006-a05,hybrid-fixed-h1-e600,hybrid,fixed-h1,600,20260909,issue-77-n1-006-a05,0,1001.0,,0,False,False,7800,0,0.854240
decision--hybrid-fixed-h1-e600--seed20260909--issue-77-n1-006-a11,hybrid-fixed-h1-e600,hybrid,fixed-h1,600,20260909,issue-77-n1-006-a11,0,1001.0,,0,False,False,7800,0,0.837157
decision--hybrid-fixed-h1-e600--seed20260909--issue-77-n1-007-a05,hybrid-fixed-h1-e600,hybrid,fixed-h1,600,20260909,issue-77-n1-007-a05,0,1003.0,,0,False,False,7800,0,0.828162
decision--hybrid-fixed-h1-e600--seed20260909--issue-77-n1-007-a12,hybrid-fixed-h1-e600,hybrid,fixed-h1,600,20260909,issue-77-n1-007-a12,0,1003.0,,0,False,False,7800,0,0.849601
decision--hybrid-fixed-h1-e600--seed20260909--issue-77-n1-008-a05,hybrid-fixed-h1-e600,hybrid,fixed-h1,600,20260909,issue-77-n1-008-a05,0,1001.0,,0,False,False,7800,0,0.841399
decision--hybrid-fixed-h1-e600--seed20260909--issue-77-n1-008-a12,hybrid-fixed-h1-e600,hybrid,fixed-h1,600,20260909,issue-77-n1-008-a12,0,1001.0,,0,False,False,7800,0,0.831556
decision--hybrid-fixed-h1-e600--seed20260909--issue-77-n1-009-a00,hybrid-fixed-h1-e600,hybrid,fixed-h1,600,20260909,issue-77-n1-009-a00,0,3.0,,0,False,False,7800,0,0.834128
decision--hybrid-fixed-h1-e600--seed20260909--issue-77-n1-009-a09,hybrid-fixed-h1-e600,hybrid,fixed-h1,600,20260909,issue-77-n1-009-a09,0,3.0,,0,False,False,7800,0,0.853629
decision--hybrid-fixed-h1-e600--seed20260909--issue-77-n1-010-a06,hybrid-fixed-h1-e600,hybrid,fixed-h1,600,20260909,issue-77-n1-010-a06,0,1001.0,,0,False,False,7800,0,0.850234
decision--hybrid-fixed-h1-e600--seed20260909--issue-77-n1-011-a02,hybrid-fixed-h1-e600,hybrid,fixed-h1,600,20260909,issue-77-n1-011-a02,5,3.0,,0,True,False,7800,0,0.829225
decision--hybrid-fixed-h1-e600--seed20260909--issue-77-n1-011-a11,hybrid-fixed-h1-e600,hybrid,fixed-h1,600,20260909,issue-77-n1-011-a11,5,3.0,,0,True,False,7800,0,0.865890
decision--hybrid-fixed-h1-e600--seed20260909--issue-77-n1-012-a08,hybrid-fixed-h1-e600,hybrid,fixed-h1,600,20260909,issue-77-n1-012-a08,0,3.0,,0,False,False,7800,0,0.842689
decision--hybrid-fixed-h1-e600--seed20260909--issue-77-n1-013-a04,hybrid-fixed-h1-e600,hybrid,fixed-h1,600,20260909,issue-77-n1-013-a04,12,2.0,,0,False,False,7800,0,0.832006
decision--hybrid-fixed-h1-e600--seed20260909--issue-77-n1-014-a01,hybrid-fixed-h1-e600,hybrid,fixed-h1,600,20260909,issue-77-n1-014-a01,0,3.0,,0,False,False,7800,0,0.903687
decision--hybrid-fixed-h1-e600--seed20260909--issue-77-n1-014-a10,hybrid-fixed-h1-e600,hybrid,fixed-h1,600,20260909,issue-77-n1-014-a10,0,3.0,,0,False,False,7800,0,0.937572
decision--hybrid-fixed-h1-e600--seed20260909--issue-77-n1-015-a06,hybrid-fixed-h1-e600,hybrid,fixed-h1,600,20260909,issue-77-n1-015-a06,0,1002.0,,0,False,False,7800,0,0.830219
decision--hybrid-fixed-h1-e600--seed20260909--issue-77-n1-016-a03,hybrid-fixed-h1-e600,hybrid,fixed-h1,600,20260909,issue-77-n1-016-a03,0,3.0,,0,False,False,7800,0,0.829914
decision--hybrid-fixed-h1-e600--seed20260909--issue-77-n1-016-a12,hybrid-fixed-h1-e600,hybrid,fixed-h1,600,20260909,issue-77-n1-016-a12,0,3.0,,0,False,False,7800,0,0.935759
decision--hybrid-fixed-h1-e600--seed20260910--issue-77-n1-001-a00,hybrid-fixed-h1-e600,hybrid,fixed-h1,600,20260910,issue-77-n1-001-a00,0,4.0,,0,False,False,7200,0,0.819094
decision--hybrid-fixed-h1-e600--seed20260910--issue-77-n1-001-a07,hybrid-fixed-h1-e600,hybrid,fixed-h1,600,20260910,issue-77-n1-001-a07,0,4.0,,0,False,False,7200,0,0.824344
decision--hybrid-fixed-h1-e600--seed20260910--issue-77-n1-003-a00,hybrid-fixed-h1-e600,hybrid,fixed-h1,600,20260910,issue-77-n1-003-a00,0,3.0,,0,False,False,5400,0,0.810917
decision--hybrid-fixed-h1-e600--seed20260910--issue-77-n1-003-a10,hybrid-fixed-h1-e600,hybrid,fixed-h1,600,20260910,issue-77-n1-003-a10,0,3.0,,0,False,False,5400,0,0.814140
decision--hybrid-fixed-h1-e600--seed20260910--issue-77-n1-004-a07,hybrid-fixed-h1-e600,hybrid,fixed-h1,600,20260910,issue-77-n1-004-a07,1,4.0,,0,False,False,5400,0,0.821855
decision--hybrid-fixed-h1-e600--seed20260910--issue-77-n1-006-a05,hybrid-fixed-h1-e600,hybrid,fixed-h1,600,20260910,issue-77-n1-006-a05,0,4.0,,0,False,False,7800,0,0.831339
decision--hybrid-fixed-h1-e600--seed20260910--issue-77-n1-006-a11,hybrid-fixed-h1-e600,hybrid,fixed-h1,600,20260910,issue-77-n1-006-a11,0,4.0,,0,False,False,7800,0,0.841644
decision--hybrid-fixed-h1-e600--seed20260910--issue-77-n1-007-a05,hybrid-fixed-h1-e600,hybrid,fixed-h1,600,20260910,issue-77-n1-007-a05,0,5.0,,0,False,False,7800,0,0.837571
decision--hybrid-fixed-h1-e600--seed20260910--issue-77-n1-007-a12,hybrid-fixed-h1-e600,hybrid,fixed-h1,600,20260910,issue-77-n1-007-a12,0,5.0,,0,False,False,7800,0,0.853183
decision--hybrid-fixed-h1-e600--seed20260910--issue-77-n1-008-a05,hybrid-fixed-h1-e600,hybrid,fixed-h1,600,20260910,issue-77-n1-008-a05,0,4.0,,0,False,False,7800,0,0.840238
decision--hybrid-fixed-h1-e600--seed20260910--issue-77-n1-008-a12,hybrid-fixed-h1-e600,hybrid,fixed-h1,600,20260910,issue-77-n1-008-a12,0,4.0,,0,False,False,7800,0,0.835622
decision--hybrid-fixed-h1-e600--seed20260910--issue-77-n1-009-a00,hybrid-fixed-h1-e600,hybrid,fixed-h1,600,20260910,issue-77-n1-009-a00,0,2.0,,0,False,False,7800,0,0.843312
decision--hybrid-fixed-h1-e600--seed20260910--issue-77-n1-009-a09,hybrid-fixed-h1-e600,hybrid,fixed-h1,600,20260910,issue-77-n1-009-a09,0,2.0,,0,False,False,7800,0,0.825759
decision--hybrid-fixed-h1-e600--seed20260910--issue-77-n1-010-a06,hybrid-fixed-h1-e600,hybrid,fixed-h1,600,20260910,issue-77-n1-010-a06,0,5.0,,0,False,False,7800,0,0.855926
decision--hybrid-fixed-h1-e600--seed20260910--issue-77-n1-011-a02,hybrid-fixed-h1-e600,hybrid,fixed-h1,600,20260910,issue-77-n1-011-a02,0,3.0,,0,False,False,7800,0,0.843986
decision--hybrid-fixed-h1-e600--seed20260910--issue-77-n1-011-a11,hybrid-fixed-h1-e600,hybrid,fixed-h1,600,20260910,issue-77-n1-011-a11,0,3.0,,0,False,False,7800,0,0.837747
decision--hybrid-fixed-h1-e600--seed20260910--issue-77-n1-012-a08,hybrid-fixed-h1-e600,hybrid,fixed-h1,600,20260910,issue-77-n1-012-a08,0,2.0,,0,False,False,7800,0,0.844520
decision--hybrid-fixed-h1-e600--seed20260910--issue-77-n1-013-a04,hybrid-fixed-h1-e600,hybrid,fixed-h1,600,20260910,issue-77-n1-013-a04,0,3.0,,0,False,False,7800,0,0.828826
decision--hybrid-fixed-h1-e600--seed20260910--issue-77-n1-014-a01,hybrid-fixed-h1-e600,hybrid,fixed-h1,600,20260910,issue-77-n1-014-a01,12,2.1533780097961426,,0,False,False,7800,0,0.922657
decision--hybrid-fixed-h1-e600--seed20260910--issue-77-n1-014-a10,hybrid-fixed-h1-e600,hybrid,fixed-h1,600,20260910,issue-77-n1-014-a10,12,2.1533780097961426,,0,False,False,7800,0,0.921412
decision--hybrid-fixed-h1-e600--seed20260910--issue-77-n1-015-a06,hybrid-fixed-h1-e600,hybrid,fixed-h1,600,20260910,issue-77-n1-015-a06,0,4.0,,0,False,False,7800,0,0.861158
decision--hybrid-fixed-h1-e600--seed20260910--issue-77-n1-016-a03,hybrid-fixed-h1-e600,hybrid,fixed-h1,600,20260910,issue-77-n1-016-a03,5,2.0,,0,True,False,7800,0,0.926276
decision--hybrid-fixed-h1-e600--seed20260910--issue-77-n1-016-a12,hybrid-fixed-h1-e600,hybrid,fixed-h1,600,20260910,issue-77-n1-016-a12,5,2.0,,0,True,False,7800,0,0.855332
decision--hybrid-fixed-h15-e225--seed20260908--issue-77-n1-001-a00,hybrid-fixed-h15-e225,hybrid,fixed-h15,225,20260908,issue-77-n1-001-a00,12,1.1140103340148926,,0,False,False,180,0,0.019751
decision--hybrid-fixed-h15-e225--seed20260908--issue-77-n1-001-a07,hybrid-fixed-h15-e225,hybrid,fixed-h15,225,20260908,issue-77-n1-001-a07,12,1.1140103340148926,,0,False,False,180,0,0.021113
decision--hybrid-fixed-h15-e225--seed20260908--issue-77-n1-003-a00,hybrid-fixed-h15-e225,hybrid,fixed-h15,225,20260908,issue-77-n1-003-a00,11,1.3946894407272339,,0,False,False,135,0,0.021251
decision--hybrid-fixed-h15-e225--seed20260908--issue-77-n1-003-a10,hybrid-fixed-h15-e225,hybrid,fixed-h15,225,20260908,issue-77-n1-003-a10,11,1.3946894407272339,,0,False,False,135,0,0.019951
decision--hybrid-fixed-h15-e225--seed20260908--issue-77-n1-004-a07,hybrid-fixed-h15-e225,hybrid,fixed-h15,225,20260908,issue-77-n1-004-a07,8,19.69127717614174,,0,False,False,135,0,0.019293
decision--hybrid-fixed-h15-e225--seed20260908--issue-77-n1-006-a05,hybrid-fixed-h15-e225,hybrid,fixed-h15,225,20260908,issue-77-n1-006-a05,12,0.809120237827301,,0,False,False,195,0,0.020412
decision--hybrid-fixed-h15-e225--seed20260908--issue-77-n1-006-a11,hybrid-fixed-h15-e225,hybrid,fixed-h15,225,20260908,issue-77-n1-006-a11,12,0.809120237827301,,0,False,False,195,0,0.021849
decision--hybrid-fixed-h15-e225--seed20260908--issue-77-n1-007-a05,hybrid-fixed-h15-e225,hybrid,fixed-h15,225,20260908,issue-77-n1-007-a05,8,38.73082882165909,,0,False,False,195,0,0.022533
decision--hybrid-fixed-h15-e225--seed20260908--issue-77-n1-007-a12,hybrid-fixed-h15-e225,hybrid,fixed-h15,225,20260908,issue-77-n1-007-a12,8,38.73082882165909,,0,False,False,195,0,0.019799
decision--hybrid-fixed-h15-e225--seed20260908--issue-77-n1-008-a05,hybrid-fixed-h15-e225,hybrid,fixed-h15,225,20260908,issue-77-n1-008-a05,12,0.8693206906318665,,0,False,False,195,0,0.021015
decision--hybrid-fixed-h15-e225--seed20260908--issue-77-n1-008-a12,hybrid-fixed-h15-e225,hybrid,fixed-h15,225,20260908,issue-77-n1-008-a12,12,0.8693206906318665,,0,False,False,195,0,0.019991
decision--hybrid-fixed-h15-e225--seed20260908--issue-77-n1-009-a00,hybrid-fixed-h15-e225,hybrid,fixed-h15,225,20260908,issue-77-n1-009-a00,12,2.265989065170288,,0,False,False,195,0,0.020550
decision--hybrid-fixed-h15-e225--seed20260908--issue-77-n1-009-a09,hybrid-fixed-h15-e225,hybrid,fixed-h15,225,20260908,issue-77-n1-009-a09,12,2.265989065170288,,0,False,False,195,0,0.023599
decision--hybrid-fixed-h15-e225--seed20260908--issue-77-n1-010-a06,hybrid-fixed-h15-e225,hybrid,fixed-h15,225,20260908,issue-77-n1-010-a06,12,0.9808221459388733,,0,False,False,195,0,0.022192
decision--hybrid-fixed-h15-e225--seed20260908--issue-77-n1-011-a02,hybrid-fixed-h15-e225,hybrid,fixed-h15,225,20260908,issue-77-n1-011-a02,12,1.3011106252670288,,0,False,False,195,0,0.021209
decision--hybrid-fixed-h15-e225--seed20260908--issue-77-n1-011-a11,hybrid-fixed-h15-e225,hybrid,fixed-h15,225,20260908,issue-77-n1-011-a11,12,1.3011106252670288,,0,False,False,195,0,0.022978
decision--hybrid-fixed-h15-e225--seed20260908--issue-77-n1-012-a08,hybrid-fixed-h15-e225,hybrid,fixed-h15,225,20260908,issue-77-n1-012-a08,12,1.9512767791748047,,0,False,False,195,0,0.024094
decision--hybrid-fixed-h15-e225--seed20260908--issue-77-n1-013-a04,hybrid-fixed-h15-e225,hybrid,fixed-h15,225,20260908,issue-77-n1-013-a04,12,2.1871895790100098,,0,False,False,195,0,0.023832
decision--hybrid-fixed-h15-e225--seed20260908--issue-77-n1-014-a01,hybrid-fixed-h15-e225,hybrid,fixed-h15,225,20260908,issue-77-n1-014-a01,12,1.570281744003296,,0,False,False,195,0,0.024236
decision--hybrid-fixed-h15-e225--seed20260908--issue-77-n1-014-a10,hybrid-fixed-h15-e225,hybrid,fixed-h15,225,20260908,issue-77-n1-014-a10,12,1.570281744003296,,0,False,False,195,0,0.023214
decision--hybrid-fixed-h15-e225--seed20260908--issue-77-n1-015-a06,hybrid-fixed-h15-e225,hybrid,fixed-h15,225,20260908,issue-77-n1-015-a06,12,1.2347431182861328,,0,False,False,195,0,0.022766
decision--hybrid-fixed-h15-e225--seed20260908--issue-77-n1-016-a03,hybrid-fixed-h15-e225,hybrid,fixed-h15,225,20260908,issue-77-n1-016-a03,12,1.2267669439315796,,0,False,False,195,0,0.020052
decision--hybrid-fixed-h15-e225--seed20260908--issue-77-n1-016-a12,hybrid-fixed-h15-e225,hybrid,fixed-h15,225,20260908,issue-77-n1-016-a12,12,1.2267669439315796,,0,False,False,195,0,0.023432
decision--hybrid-fixed-h15-e225--seed20260909--issue-77-n1-001-a00,hybrid-fixed-h15-e225,hybrid,fixed-h15,225,20260909,issue-77-n1-001-a00,1,1.3497788906097412,,0,False,False,180,0,0.021054
decision--hybrid-fixed-h15-e225--seed20260909--issue-77-n1-001-a07,hybrid-fixed-h15-e225,hybrid,fixed-h15,225,20260909,issue-77-n1-001-a07,1,1.3497788906097412,,0,False,False,180,0,0.019599
decision--hybrid-fixed-h15-e225--seed20260909--issue-77-n1-003-a00,hybrid-fixed-h15-e225,hybrid,fixed-h15,225,20260909,issue-77-n1-003-a00,5,1.555162787437439,,0,True,False,135,0,0.019246
decision--hybrid-fixed-h15-e225--seed20260909--issue-77-n1-003-a10,hybrid-fixed-h15-e225,hybrid,fixed-h15,225,20260909,issue-77-n1-003-a10,5,1.555162787437439,,0,True,False,135,0,0.020344
decision--hybrid-fixed-h15-e225--seed20260909--issue-77-n1-004-a07,hybrid-fixed-h15-e225,hybrid,fixed-h15,225,20260909,issue-77-n1-004-a07,7,1.3901760578155518,,0,False,False,135,0,0.022228
decision--hybrid-fixed-h15-e225--seed20260909--issue-77-n1-006-a05,hybrid-fixed-h15-e225,hybrid,fixed-h15,225,20260909,issue-77-n1-006-a05,1,1.117856502532959,,0,False,False,195,0,0.020500
decision--hybrid-fixed-h15-e225--seed20260909--issue-77-n1-006-a11,hybrid-fixed-h15-e225,hybrid,fixed-h15,225,20260909,issue-77-n1-006-a11,1,1.117856502532959,,0,False,False,195,0,0.020831
decision--hybrid-fixed-h15-e225--seed20260909--issue-77-n1-007-a05,hybrid-fixed-h15-e225,hybrid,fixed-h15,225,20260909,issue-77-n1-007-a05,1,1.0651206970214844,,0,False,False,195,0,0.021420
decision--hybrid-fixed-h15-e225--seed20260909--issue-77-n1-007-a12,hybrid-fixed-h15-e225,hybrid,fixed-h15,225,20260909,issue-77-n1-007-a12,1,1.0651206970214844,,0,False,False,195,0,0.024513
decision--hybrid-fixed-h15-e225--seed20260909--issue-77-n1-008-a05,hybrid-fixed-h15-e225,hybrid,fixed-h15,225,20260909,issue-77-n1-008-a05,1,1.1092404127120972,,0,False,False,195,0,0.021985
decision--hybrid-fixed-h15-e225--seed20260909--issue-77-n1-008-a12,hybrid-fixed-h15-e225,hybrid,fixed-h15,225,20260909,issue-77-n1-008-a12,1,1.1092404127120972,,0,False,False,195,0,0.019752
decision--hybrid-fixed-h15-e225--seed20260909--issue-77-n1-009-a00,hybrid-fixed-h15-e225,hybrid,fixed-h15,225,20260909,issue-77-n1-009-a00,1,2.337891101837158,,0,False,False,195,0,0.021620
decision--hybrid-fixed-h15-e225--seed20260909--issue-77-n1-009-a09,hybrid-fixed-h15-e225,hybrid,fixed-h15,225,20260909,issue-77-n1-009-a09,1,2.337891101837158,,0,False,False,195,0,0.022498
decision--hybrid-fixed-h15-e225--seed20260909--issue-77-n1-010-a06,hybrid-fixed-h15-e225,hybrid,fixed-h15,225,20260909,issue-77-n1-010-a06,1,1.2174930572509766,,0,False,False,195,0,0.019754
decision--hybrid-fixed-h15-e225--seed20260909--issue-77-n1-011-a02,hybrid-fixed-h15-e225,hybrid,fixed-h15,225,20260909,issue-77-n1-011-a02,10,5.07401804625988,,0,False,False,195,0,0.024459
decision--hybrid-fixed-h15-e225--seed20260909--issue-77-n1-011-a11,hybrid-fixed-h15-e225,hybrid,fixed-h15,225,20260909,issue-77-n1-011-a11,10,5.07401804625988,,0,False,False,195,0,0.023139
decision--hybrid-fixed-h15-e225--seed20260909--issue-77-n1-012-a08,hybrid-fixed-h15-e225,hybrid,fixed-h15,225,20260909,issue-77-n1-012-a08,3,2.080742359161377,,0,True,False,195,0,0.021525
decision--hybrid-fixed-h15-e225--seed20260909--issue-77-n1-013-a04,hybrid-fixed-h15-e225,hybrid,fixed-h15,225,20260909,issue-77-n1-013-a04,9,2.472574472427368,,0,False,False,195,0,0.019823
decision--hybrid-fixed-h15-e225--seed20260909--issue-77-n1-014-a01,hybrid-fixed-h15-e225,hybrid,fixed-h15,225,20260909,issue-77-n1-014-a01,10,8.670002326369286,,0,False,False,195,0,0.023957
decision--hybrid-fixed-h15-e225--seed20260909--issue-77-n1-014-a10,hybrid-fixed-h15-e225,hybrid,fixed-h15,225,20260909,issue-77-n1-014-a10,10,8.670002326369286,,0,False,False,195,0,0.027494
decision--hybrid-fixed-h15-e225--seed20260909--issue-77-n1-015-a06,hybrid-fixed-h15-e225,hybrid,fixed-h15,225,20260909,issue-77-n1-015-a06,1,1.4342190027236938,,0,False,False,195,0,0.021464
decision--hybrid-fixed-h15-e225--seed20260909--issue-77-n1-016-a03,hybrid-fixed-h15-e225,hybrid,fixed-h15,225,20260909,issue-77-n1-016-a03,3,1.4040791988372803,,0,True,True,195,0,0.020896
decision--hybrid-fixed-h15-e225--seed20260909--issue-77-n1-016-a12,hybrid-fixed-h15-e225,hybrid,fixed-h15,225,20260909,issue-77-n1-016-a12,3,1.4040791988372803,,0,True,True,195,0,0.024118
decision--hybrid-fixed-h15-e225--seed20260910--issue-77-n1-001-a00,hybrid-fixed-h15-e225,hybrid,fixed-h15,225,20260910,issue-77-n1-001-a00,1,1.4173851013183594,,0,False,False,180,0,0.019737
decision--hybrid-fixed-h15-e225--seed20260910--issue-77-n1-001-a07,hybrid-fixed-h15-e225,hybrid,fixed-h15,225,20260910,issue-77-n1-001-a07,1,1.4173851013183594,,0,False,False,180,0,0.021544
decision--hybrid-fixed-h15-e225--seed20260910--issue-77-n1-003-a00,hybrid-fixed-h15-e225,hybrid,fixed-h15,225,20260910,issue-77-n1-003-a00,1,1.59283447265625,,0,False,False,135,0,0.020129
decision--hybrid-fixed-h15-e225--seed20260910--issue-77-n1-003-a10,hybrid-fixed-h15-e225,hybrid,fixed-h15,225,20260910,issue-77-n1-003-a10,1,1.59283447265625,,0,False,False,135,0,0.019181
decision--hybrid-fixed-h15-e225--seed20260910--issue-77-n1-004-a07,hybrid-fixed-h15-e225,hybrid,fixed-h15,225,20260910,issue-77-n1-004-a07,1,1.3868225812911987,,0,False,False,135,0,0.019186
decision--hybrid-fixed-h15-e225--seed20260910--issue-77-n1-006-a05,hybrid-fixed-h15-e225,hybrid,fixed-h15,225,20260910,issue-77-n1-006-a05,1,1.2961424589157104,,0,False,False,195,0,0.021444
decision--hybrid-fixed-h15-e225--seed20260910--issue-77-n1-006-a11,hybrid-fixed-h15-e225,hybrid,fixed-h15,225,20260910,issue-77-n1-006-a11,1,1.2961424589157104,,0,False,False,195,0,0.023527
decision--hybrid-fixed-h15-e225--seed20260910--issue-77-n1-007-a05,hybrid-fixed-h15-e225,hybrid,fixed-h15,225,20260910,issue-77-n1-007-a05,1,1.4735937118530273,,0,False,False,195,0,0.023014
decision--hybrid-fixed-h15-e225--seed20260910--issue-77-n1-007-a12,hybrid-fixed-h15-e225,hybrid,fixed-h15,225,20260910,issue-77-n1-007-a12,1,1.4735937118530273,,0,False,False,195,0,0.019956
decision--hybrid-fixed-h15-e225--seed20260910--issue-77-n1-008-a05,hybrid-fixed-h15-e225,hybrid,fixed-h15,225,20260910,issue-77-n1-008-a05,1,1.3095322847366333,,0,False,False,195,0,0.020852
decision--hybrid-fixed-h15-e225--seed20260910--issue-77-n1-008-a12,hybrid-fixed-h15-e225,hybrid,fixed-h15,225,20260910,issue-77-n1-008-a12,1,1.3095322847366333,,0,False,False,195,0,0.019839
decision--hybrid-fixed-h15-e225--seed20260910--issue-77-n1-009-a00,hybrid-fixed-h15-e225,hybrid,fixed-h15,225,20260910,issue-77-n1-009-a00,1,2.385352373123169,,0,False,False,195,0,0.021548
decision--hybrid-fixed-h15-e225--seed20260910--issue-77-n1-009-a09,hybrid-fixed-h15-e225,hybrid,fixed-h15,225,20260910,issue-77-n1-009-a09,1,2.385352373123169,,0,False,False,195,0,0.022270
decision--hybrid-fixed-h15-e225--seed20260910--issue-77-n1-010-a06,hybrid-fixed-h15-e225,hybrid,fixed-h15,225,20260910,issue-77-n1-010-a06,1,1.4481630325317383,,0,False,False,195,0,0.023224
decision--hybrid-fixed-h15-e225--seed20260910--issue-77-n1-011-a02,hybrid-fixed-h15-e225,hybrid,fixed-h15,225,20260910,issue-77-n1-011-a02,12,1.4789483547210693,,0,False,False,195,0,0.020416
decision--hybrid-fixed-h15-e225--seed20260910--issue-77-n1-011-a11,hybrid-fixed-h15-e225,hybrid,fixed-h15,225,20260910,issue-77-n1-011-a11,12,1.4789483547210693,,0,False,False,195,0,0.021575
decision--hybrid-fixed-h15-e225--seed20260910--issue-77-n1-012-a08,hybrid-fixed-h15-e225,hybrid,fixed-h15,225,20260910,issue-77-n1-012-a08,1,2.1017799377441406,,0,False,False,195,0,0.021793
decision--hybrid-fixed-h15-e225--seed20260910--issue-77-n1-013-a04,hybrid-fixed-h15-e225,hybrid,fixed-h15,225,20260910,issue-77-n1-013-a04,1,2.4108686447143555,,0,False,False,195,0,0.021743
decision--hybrid-fixed-h15-e225--seed20260910--issue-77-n1-014-a01,hybrid-fixed-h15-e225,hybrid,fixed-h15,225,20260910,issue-77-n1-014-a01,12,1.7306498289108276,,0,False,False,195,0,0.025242
decision--hybrid-fixed-h15-e225--seed20260910--issue-77-n1-014-a10,hybrid-fixed-h15-e225,hybrid,fixed-h15,225,20260910,issue-77-n1-014-a10,12,1.7306498289108276,,0,False,False,195,0,0.022688
decision--hybrid-fixed-h15-e225--seed20260910--issue-77-n1-015-a06,hybrid-fixed-h15-e225,hybrid,fixed-h15,225,20260910,issue-77-n1-015-a06,1,1.5256428718566895,,0,False,False,195,0,0.019801
decision--hybrid-fixed-h15-e225--seed20260910--issue-77-n1-016-a03,hybrid-fixed-h15-e225,hybrid,fixed-h15,225,20260910,issue-77-n1-016-a03,1,1.3660589456558228,,0,False,False,195,0,0.026057
decision--hybrid-fixed-h15-e225--seed20260910--issue-77-n1-016-a12,hybrid-fixed-h15-e225,hybrid,fixed-h15,225,20260910,issue-77-n1-016-a12,1,1.3660589456558228,,0,False,False,195,0,0.024372
decision--hybrid-fixed-h15-e600--seed20260908--issue-77-n1-001-a00,hybrid-fixed-h15-e600,hybrid,fixed-h15,600,20260908,issue-77-n1-001-a00,1,1.70108163356781,,0,False,False,480,0,0.056304
decision--hybrid-fixed-h15-e600--seed20260908--issue-77-n1-001-a07,hybrid-fixed-h15-e600,hybrid,fixed-h15,600,20260908,issue-77-n1-001-a07,1,1.70108163356781,,0,False,False,480,0,0.054508
decision--hybrid-fixed-h15-e600--seed20260908--issue-77-n1-003-a00,hybrid-fixed-h15-e600,hybrid,fixed-h15,600,20260908,issue-77-n1-003-a00,1,2.208848476409912,,0,False,False,360,0,0.055751
decision--hybrid-fixed-h15-e600--seed20260908--issue-77-n1-003-a10,hybrid-fixed-h15-e600,hybrid,fixed-h15,600,20260908,issue-77-n1-003-a10,1,2.208848476409912,,0,False,False,360,0,0.056163
decision--hybrid-fixed-h15-e600--seed20260908--issue-77-n1-004-a07,hybrid-fixed-h15-e600,hybrid,fixed-h15,600,20260908,issue-77-n1-004-a07,1,1.556908130645752,,0,False,False,360,0,0.053490
decision--hybrid-fixed-h15-e600--seed20260908--issue-77-n1-006-a05,hybrid-fixed-h15-e600,hybrid,fixed-h15,600,20260908,issue-77-n1-006-a05,12,1.1974766254425049,,0,False,False,520,0,0.056101
decision--hybrid-fixed-h15-e600--seed20260908--issue-77-n1-006-a11,hybrid-fixed-h15-e600,hybrid,fixed-h15,600,20260908,issue-77-n1-006-a11,12,1.1974766254425049,,0,False,False,520,0,0.055553
decision--hybrid-fixed-h15-e600--seed20260908--issue-77-n1-007-a05,hybrid-fixed-h15-e600,hybrid,fixed-h15,600,20260908,issue-77-n1-007-a05,12,1.568237066268921,,0,False,False,520,0,0.056159
decision--hybrid-fixed-h15-e600--seed20260908--issue-77-n1-007-a12,hybrid-fixed-h15-e600,hybrid,fixed-h15,600,20260908,issue-77-n1-007-a12,12,1.568237066268921,,0,False,False,520,0,0.065964
decision--hybrid-fixed-h15-e600--seed20260908--issue-77-n1-008-a05,hybrid-fixed-h15-e600,hybrid,fixed-h15,600,20260908,issue-77-n1-008-a05,12,1.2772918939590454,,0,False,False,520,0,0.056415
decision--hybrid-fixed-h15-e600--seed20260908--issue-77-n1-008-a12,hybrid-fixed-h15-e600,hybrid,fixed-h15,600,20260908,issue-77-n1-008-a12,12,1.2772918939590454,,0,False,False,520,0,0.056144
decision--hybrid-fixed-h15-e600--seed20260908--issue-77-n1-009-a00,hybrid-fixed-h15-e600,hybrid,fixed-h15,600,20260908,issue-77-n1-009-a00,1,3.017878532409668,,0,False,False,520,0,0.060410
decision--hybrid-fixed-h15-e600--seed20260908--issue-77-n1-009-a09,hybrid-fixed-h15-e600,hybrid,fixed-h15,600,20260908,issue-77-n1-009-a09,1,3.017878532409668,,0,False,False,520,0,0.065570
decision--hybrid-fixed-h15-e600--seed20260908--issue-77-n1-010-a06,hybrid-fixed-h15-e600,hybrid,fixed-h15,600,20260908,issue-77-n1-010-a06,12,1.363660454750061,,0,False,False,520,0,0.056712
decision--hybrid-fixed-h15-e600--seed20260908--issue-77-n1-011-a02,hybrid-fixed-h15-e600,hybrid,fixed-h15,600,20260908,issue-77-n1-011-a02,1,2.1088740825653076,,0,False,False,520,0,0.053827
decision--hybrid-fixed-h15-e600--seed20260908--issue-77-n1-011-a11,hybrid-fixed-h15-e600,hybrid,fixed-h15,600,20260908,issue-77-n1-011-a11,1,2.1088740825653076,,0,False,False,520,0,0.057897
decision--hybrid-fixed-h15-e600--seed20260908--issue-77-n1-012-a08,hybrid-fixed-h15-e600,hybrid,fixed-h15,600,20260908,issue-77-n1-012-a08,1,2.7053589820861816,,0,False,False,520,0,0.056327
decision--hybrid-fixed-h15-e600--seed20260908--issue-77-n1-013-a04,hybrid-fixed-h15-e600,hybrid,fixed-h15,600,20260908,issue-77-n1-013-a04,1,2.856656789779663,,0,False,False,520,0,0.056123
decision--hybrid-fixed-h15-e600--seed20260908--issue-77-n1-014-a01,hybrid-fixed-h15-e600,hybrid,fixed-h15,600,20260908,issue-77-n1-014-a01,1,2.3564610481262207,,0,False,False,520,0,0.063045
decision--hybrid-fixed-h15-e600--seed20260908--issue-77-n1-014-a10,hybrid-fixed-h15-e600,hybrid,fixed-h15,600,20260908,issue-77-n1-014-a10,1,2.3564610481262207,,0,False,False,520,0,0.059216
decision--hybrid-fixed-h15-e600--seed20260908--issue-77-n1-015-a06,hybrid-fixed-h15-e600,hybrid,fixed-h15,600,20260908,issue-77-n1-015-a06,1,2.040315628051758,,0,False,False,520,0,0.061754
decision--hybrid-fixed-h15-e600--seed20260908--issue-77-n1-016-a03,hybrid-fixed-h15-e600,hybrid,fixed-h15,600,20260908,issue-77-n1-016-a03,1,2.0628693103790283,,0,False,False,520,0,0.057870
decision--hybrid-fixed-h15-e600--seed20260908--issue-77-n1-016-a12,hybrid-fixed-h15-e600,hybrid,fixed-h15,600,20260908,issue-77-n1-016-a12,1,2.0628693103790283,,0,False,False,520,0,0.060882
decision--hybrid-fixed-h15-e600--seed20260909--issue-77-n1-001-a00,hybrid-fixed-h15-e600,hybrid,fixed-h15,600,20260909,issue-77-n1-001-a00,1,1.3266704082489014,,0,False,False,480,0,0.053740
decision--hybrid-fixed-h15-e600--seed20260909--issue-77-n1-001-a07,hybrid-fixed-h15-e600,hybrid,fixed-h15,600,20260909,issue-77-n1-001-a07,1,1.3266704082489014,,0,False,False,480,0,0.054769
decision--hybrid-fixed-h15-e600--seed20260909--issue-77-n1-003-a00,hybrid-fixed-h15-e600,hybrid,fixed-h15,600,20260909,issue-77-n1-003-a00,1,1.5435185432434082,,0,False,False,360,0,0.054536
decision--hybrid-fixed-h15-e600--seed20260909--issue-77-n1-003-a10,hybrid-fixed-h15-e600,hybrid,fixed-h15,600,20260909,issue-77-n1-003-a10,1,1.5435185432434082,,0,False,False,360,0,0.055501
decision--hybrid-fixed-h15-e600--seed20260909--issue-77-n1-004-a07,hybrid-fixed-h15-e600,hybrid,fixed-h15,600,20260909,issue-77-n1-004-a07,1,1.453615665435791,,0,False,False,360,0,0.053325
decision--hybrid-fixed-h15-e600--seed20260909--issue-77-n1-006-a05,hybrid-fixed-h15-e600,hybrid,fixed-h15,600,20260909,issue-77-n1-006-a05,1,1.2186423540115356,,0,False,False,520,0,0.054652
decision--hybrid-fixed-h15-e600--seed20260909--issue-77-n1-006-a11,hybrid-fixed-h15-e600,hybrid,fixed-h15,600,20260909,issue-77-n1-006-a11,1,1.2186423540115356,,0,False,False,520,0,0.055332
decision--hybrid-fixed-h15-e600--seed20260909--issue-77-n1-007-a05,hybrid-fixed-h15-e600,hybrid,fixed-h15,600,20260909,issue-77-n1-007-a05,1,1.0681030750274658,,0,False,False,520,0,0.055902
decision--hybrid-fixed-h15-e600--seed20260909--issue-77-n1-007-a12,hybrid-fixed-h15-e600,hybrid,fixed-h15,600,20260909,issue-77-n1-007-a12,1,1.0681030750274658,,0,False,False,520,0,0.055243
decision--hybrid-fixed-h15-e600--seed20260909--issue-77-n1-008-a05,hybrid-fixed-h15-e600,hybrid,fixed-h15,600,20260909,issue-77-n1-008-a05,1,1.2027667760849,,0,False,False,520,0,0.057694
decision--hybrid-fixed-h15-e600--seed20260909--issue-77-n1-008-a12,hybrid-fixed-h15-e600,hybrid,fixed-h15,600,20260909,issue-77-n1-008-a12,1,1.2027667760849,,0,False,False,520,0,0.055710
decision--hybrid-fixed-h15-e600--seed20260909--issue-77-n1-009-a00,hybrid-fixed-h15-e600,hybrid,fixed-h15,600,20260909,issue-77-n1-009-a00,1,2.054830312728882,,0,False,False,520,0,0.067348
decision--hybrid-fixed-h15-e600--seed20260909--issue-77-n1-009-a09,hybrid-fixed-h15-e600,hybrid,fixed-h15,600,20260909,issue-77-n1-009-a09,1,2.054830312728882,,0,False,False,520,0,0.056769
decision--hybrid-fixed-h15-e600--seed20260909--issue-77-n1-010-a06,hybrid-fixed-h15-e600,hybrid,fixed-h15,600,20260909,issue-77-n1-010-a06,1,1.320804476737976,,0,False,False,520,0,0.055283
decision--hybrid-fixed-h15-e600--seed20260909--issue-77-n1-011-a02,hybrid-fixed-h15-e600,hybrid,fixed-h15,600,20260909,issue-77-n1-011-a02,1,1.5189528465270996,,0,False,False,520,0,0.059041
decision--hybrid-fixed-h15-e600--seed20260909--issue-77-n1-011-a11,hybrid-fixed-h15-e600,hybrid,fixed-h15,600,20260909,issue-77-n1-011-a11,1,1.5189528465270996,,0,False,False,520,0,0.055178
decision--hybrid-fixed-h15-e600--seed20260909--issue-77-n1-012-a08,hybrid-fixed-h15-e600,hybrid,fixed-h15,600,20260909,issue-77-n1-012-a08,1,1.7294070720672607,,0,False,False,520,0,0.058285
decision--hybrid-fixed-h15-e600--seed20260909--issue-77-n1-013-a04,hybrid-fixed-h15-e600,hybrid,fixed-h15,600,20260909,issue-77-n1-013-a04,1,2.071108341217041,,0,False,False,520,0,0.053990
decision--hybrid-fixed-h15-e600--seed20260909--issue-77-n1-014-a01,hybrid-fixed-h15-e600,hybrid,fixed-h15,600,20260909,issue-77-n1-014-a01,1,1.5489466190338135,,0,False,False,520,0,0.056912
decision--hybrid-fixed-h15-e600--seed20260909--issue-77-n1-014-a10,hybrid-fixed-h15-e600,hybrid,fixed-h15,600,20260909,issue-77-n1-014-a10,1,1.5489466190338135,,0,False,False,520,0,0.063070
decision--hybrid-fixed-h15-e600--seed20260909--issue-77-n1-015-a06,hybrid-fixed-h15-e600,hybrid,fixed-h15,600,20260909,issue-77-n1-015-a06,1,1.5763561725616455,,0,False,False,520,0,0.059595
decision--hybrid-fixed-h15-e600--seed20260909--issue-77-n1-016-a03,hybrid-fixed-h15-e600,hybrid,fixed-h15,600,20260909,issue-77-n1-016-a03,1,1.5054693222045898,,0,False,False,520,0,0.055230
decision--hybrid-fixed-h15-e600--seed20260909--issue-77-n1-016-a12,hybrid-fixed-h15-e600,hybrid,fixed-h15,600,20260909,issue-77-n1-016-a12,1,1.5054693222045898,,0,False,False,520,0,0.063454
decision--hybrid-fixed-h15-e600--seed20260910--issue-77-n1-001-a00,hybrid-fixed-h15-e600,hybrid,fixed-h15,600,20260910,issue-77-n1-001-a00,1,2.262028932571411,,0,False,False,480,0,0.055274
decision--hybrid-fixed-h15-e600--seed20260910--issue-77-n1-001-a07,hybrid-fixed-h15-e600,hybrid,fixed-h15,600,20260910,issue-77-n1-001-a07,1,2.262028932571411,,0,False,False,480,0,0.061243
decision--hybrid-fixed-h15-e600--seed20260910--issue-77-n1-003-a00,hybrid-fixed-h15-e600,hybrid,fixed-h15,600,20260910,issue-77-n1-003-a00,1,2.26615047454834,,0,False,False,360,0,0.054796
decision--hybrid-fixed-h15-e600--seed20260910--issue-77-n1-003-a10,hybrid-fixed-h15-e600,hybrid,fixed-h15,600,20260910,issue-77-n1-003-a10,1,2.26615047454834,,0,False,False,360,0,0.053950
decision--hybrid-fixed-h15-e600--seed20260910--issue-77-n1-004-a07,hybrid-fixed-h15-e600,hybrid,fixed-h15,600,20260910,issue-77-n1-004-a07,1,2.5249788761138916,,0,False,False,360,0,0.054563
decision--hybrid-fixed-h15-e600--seed20260910--issue-77-n1-006-a05,hybrid-fixed-h15-e600,hybrid,fixed-h15,600,20260910,issue-77-n1-006-a05,7,2.7593367099761963,,0,False,False,520,0,0.065684
decision--hybrid-fixed-h15-e600--seed20260910--issue-77-n1-006-a11,hybrid-fixed-h15-e600,hybrid,fixed-h15,600,20260910,issue-77-n1-006-a11,7,2.7593367099761963,,0,False,False,520,0,0.059757
decision--hybrid-fixed-h15-e600--seed20260910--issue-77-n1-007-a05,hybrid-fixed-h15-e600,hybrid,fixed-h15,600,20260910,issue-77-n1-007-a05,7,2.8421411514282227,,0,False,False,520,0,0.055192
decision--hybrid-fixed-h15-e600--seed20260910--issue-77-n1-007-a12,hybrid-fixed-h15-e600,hybrid,fixed-h15,600,20260910,issue-77-n1-007-a12,7,2.8421411514282227,,0,False,False,520,0,0.059939
decision--hybrid-fixed-h15-e600--seed20260910--issue-77-n1-008-a05,hybrid-fixed-h15-e600,hybrid,fixed-h15,600,20260910,issue-77-n1-008-a05,9,2.6562659740448,,0,False,False,520,0,0.058921
decision--hybrid-fixed-h15-e600--seed20260910--issue-77-n1-008-a12,hybrid-fixed-h15-e600,hybrid,fixed-h15,600,20260910,issue-77-n1-008-a12,9,2.6562659740448,,0,False,False,520,0,0.056226
decision--hybrid-fixed-h15-e600--seed20260910--issue-77-n1-009-a00,hybrid-fixed-h15-e600,hybrid,fixed-h15,600,20260910,issue-77-n1-009-a00,12,2.787412166595459,,0,False,False,520,0,0.054097
decision--hybrid-fixed-h15-e600--seed20260910--issue-77-n1-009-a09,hybrid-fixed-h15-e600,hybrid,fixed-h15,600,20260910,issue-77-n1-009-a09,12,2.787412166595459,,0,False,False,520,0,0.062076
decision--hybrid-fixed-h15-e600--seed20260910--issue-77-n1-010-a06,hybrid-fixed-h15-e600,hybrid,fixed-h15,600,20260910,issue-77-n1-010-a06,1,2.6688244342803955,,0,False,False,520,0,0.054577
decision--hybrid-fixed-h15-e600--seed20260910--issue-77-n1-011-a02,hybrid-fixed-h15-e600,hybrid,fixed-h15,600,20260910,issue-77-n1-011-a02,1,2.1794393062591553,,0,False,False,520,0,0.054076
decision--hybrid-fixed-h15-e600--seed20260910--issue-77-n1-011-a11,hybrid-fixed-h15-e600,hybrid,fixed-h15,600,20260910,issue-77-n1-011-a11,1,2.1794393062591553,,0,False,False,520,0,0.053565
decision--hybrid-fixed-h15-e600--seed20260910--issue-77-n1-012-a08,hybrid-fixed-h15-e600,hybrid,fixed-h15,600,20260910,issue-77-n1-012-a08,1,2.5935449600219727,,0,False,False,520,0,0.054296
decision--hybrid-fixed-h15-e600--seed20260910--issue-77-n1-013-a04,hybrid-fixed-h15-e600,hybrid,fixed-h15,600,20260910,issue-77-n1-013-a04,12,2.5715761184692383,,0,False,False,520,0,0.055019
decision--hybrid-fixed-h15-e600--seed20260910--issue-77-n1-014-a01,hybrid-fixed-h15-e600,hybrid,fixed-h15,600,20260910,issue-77-n1-014-a01,1,2.3509559631347656,,0,False,False,520,0,0.062296
decision--hybrid-fixed-h15-e600--seed20260910--issue-77-n1-014-a10,hybrid-fixed-h15-e600,hybrid,fixed-h15,600,20260910,issue-77-n1-014-a10,1,2.3509559631347656,,0,False,False,520,0,0.063001
decision--hybrid-fixed-h15-e600--seed20260910--issue-77-n1-015-a06,hybrid-fixed-h15-e600,hybrid,fixed-h15,600,20260910,issue-77-n1-015-a06,1,2.286252021789551,,0,False,False,520,0,0.055519
decision--hybrid-fixed-h15-e600--seed20260910--issue-77-n1-016-a03,hybrid-fixed-h15-e600,hybrid,fixed-h15,600,20260910,issue-77-n1-016-a03,1,2.0557861328125,,0,False,False,520,0,0.065063
decision--hybrid-fixed-h15-e600--seed20260910--issue-77-n1-016-a12,hybrid-fixed-h15-e600,hybrid,fixed-h15,600,20260910,issue-77-n1-016-a12,1,2.0557861328125,,0,False,False,520,0,0.056535
decision--hybrid-fixed-h5-e225--seed20260908--issue-77-n1-001-a00,hybrid-fixed-h5-e225,hybrid,fixed-h5,225,20260908,issue-77-n1-001-a00,1,1.9784255027770996,,0,False,False,540,0,0.061844
decision--hybrid-fixed-h5-e225--seed20260908--issue-77-n1-001-a07,hybrid-fixed-h5-e225,hybrid,fixed-h5,225,20260908,issue-77-n1-001-a07,1,1.9784255027770996,,0,False,False,540,0,0.065184
decision--hybrid-fixed-h5-e225--seed20260908--issue-77-n1-003-a00,hybrid-fixed-h5-e225,hybrid,fixed-h5,225,20260908,issue-77-n1-003-a00,1,2.549182415008545,,0,False,False,405,0,0.058952
decision--hybrid-fixed-h5-e225--seed20260908--issue-77-n1-003-a10,hybrid-fixed-h5-e225,hybrid,fixed-h5,225,20260908,issue-77-n1-003-a10,1,2.549182415008545,,0,False,False,405,0,0.059484
decision--hybrid-fixed-h5-e225--seed20260908--issue-77-n1-004-a07,hybrid-fixed-h5-e225,hybrid,fixed-h5,225,20260908,issue-77-n1-004-a07,1,1.8285878896713257,,0,False,False,405,0,0.061487
decision--hybrid-fixed-h5-e225--seed20260908--issue-77-n1-006-a05,hybrid-fixed-h5-e225,hybrid,fixed-h5,225,20260908,issue-77-n1-006-a05,7,1.4014325141906738,,0,False,False,585,0,0.061309
decision--hybrid-fixed-h5-e225--seed20260908--issue-77-n1-006-a11,hybrid-fixed-h5-e225,hybrid,fixed-h5,225,20260908,issue-77-n1-006-a11,7,1.4014325141906738,,0,False,False,585,0,0.061732
decision--hybrid-fixed-h5-e225--seed20260908--issue-77-n1-007-a05,hybrid-fixed-h5-e225,hybrid,fixed-h5,225,20260908,issue-77-n1-007-a05,7,1.8119392395019531,,0,False,False,585,0,0.065778
decision--hybrid-fixed-h5-e225--seed20260908--issue-77-n1-007-a12,hybrid-fixed-h5-e225,hybrid,fixed-h5,225,20260908,issue-77-n1-007-a12,7,1.8119392395019531,,0,False,False,585,0,0.061647
decision--hybrid-fixed-h5-e225--seed20260908--issue-77-n1-008-a05,hybrid-fixed-h5-e225,hybrid,fixed-h5,225,20260908,issue-77-n1-008-a05,7,1.4797556400299072,,0,False,False,585,0,0.062106
decision--hybrid-fixed-h5-e225--seed20260908--issue-77-n1-008-a12,hybrid-fixed-h5-e225,hybrid,fixed-h5,225,20260908,issue-77-n1-008-a12,7,1.4797556400299072,,0,False,False,585,0,0.060802
decision--hybrid-fixed-h5-e225--seed20260908--issue-77-n1-009-a00,hybrid-fixed-h5-e225,hybrid,fixed-h5,225,20260908,issue-77-n1-009-a00,1,3.323721408843994,,0,False,False,585,0,0.061657
decision--hybrid-fixed-h5-e225--seed20260908--issue-77-n1-009-a09,hybrid-fixed-h5-e225,hybrid,fixed-h5,225,20260908,issue-77-n1-009-a09,1,3.323721408843994,,0,False,False,585,0,0.071231
decision--hybrid-fixed-h5-e225--seed20260908--issue-77-n1-010-a06,hybrid-fixed-h5-e225,hybrid,fixed-h5,225,20260908,issue-77-n1-010-a06,7,1.5710763931274414,,0,False,False,585,0,0.065339
decision--hybrid-fixed-h5-e225--seed20260908--issue-77-n1-011-a02,hybrid-fixed-h5-e225,hybrid,fixed-h5,225,20260908,issue-77-n1-011-a02,1,2.4419920444488525,,0,False,False,585,0,0.060738
decision--hybrid-fixed-h5-e225--seed20260908--issue-77-n1-011-a11,hybrid-fixed-h5-e225,hybrid,fixed-h5,225,20260908,issue-77-n1-011-a11,1,2.4419920444488525,,0,False,False,585,0,0.061951
decision--hybrid-fixed-h5-e225--seed20260908--issue-77-n1-012-a08,hybrid-fixed-h5-e225,hybrid,fixed-h5,225,20260908,issue-77-n1-012-a08,1,3.0122876167297363,,0,False,False,585,0,0.064632
decision--hybrid-fixed-h5-e225--seed20260908--issue-77-n1-013-a04,hybrid-fixed-h5-e225,hybrid,fixed-h5,225,20260908,issue-77-n1-013-a04,1,3.164503812789917,,0,False,False,585,0,0.061244
decision--hybrid-fixed-h5-e225--seed20260908--issue-77-n1-014-a01,hybrid-fixed-h5-e225,hybrid,fixed-h5,225,20260908,issue-77-n1-014-a01,1,2.6885218620300293,,0,False,False,585,0,0.074718
decision--hybrid-fixed-h5-e225--seed20260908--issue-77-n1-014-a10,hybrid-fixed-h5-e225,hybrid,fixed-h5,225,20260908,issue-77-n1-014-a10,1,2.6885218620300293,,0,False,False,585,0,0.070265
decision--hybrid-fixed-h5-e225--seed20260908--issue-77-n1-015-a06,hybrid-fixed-h5-e225,hybrid,fixed-h5,225,20260908,issue-77-n1-015-a06,1,2.3795900344848633,,0,False,False,585,0,0.066651
decision--hybrid-fixed-h5-e225--seed20260908--issue-77-n1-016-a03,hybrid-fixed-h5-e225,hybrid,fixed-h5,225,20260908,issue-77-n1-016-a03,1,2.4011306762695312,,0,False,False,585,0,0.064464
decision--hybrid-fixed-h5-e225--seed20260908--issue-77-n1-016-a12,hybrid-fixed-h5-e225,hybrid,fixed-h5,225,20260908,issue-77-n1-016-a12,1,2.4011306762695312,,0,False,False,585,0,0.065770
decision--hybrid-fixed-h5-e225--seed20260909--issue-77-n1-001-a00,hybrid-fixed-h5-e225,hybrid,fixed-h5,225,20260909,issue-77-n1-001-a00,1,1.2283653020858765,,0,False,False,540,0,0.061828
decision--hybrid-fixed-h5-e225--seed20260909--issue-77-n1-001-a07,hybrid-fixed-h5-e225,hybrid,fixed-h5,225,20260909,issue-77-n1-001-a07,1,1.2283653020858765,,0,False,False,540,0,0.062799
decision--hybrid-fixed-h5-e225--seed20260909--issue-77-n1-003-a00,hybrid-fixed-h5-e225,hybrid,fixed-h5,225,20260909,issue-77-n1-003-a00,1,1.5441513061523438,,0,False,False,405,0,0.060321
decision--hybrid-fixed-h5-e225--seed20260909--issue-77-n1-003-a10,hybrid-fixed-h5-e225,hybrid,fixed-h5,225,20260909,issue-77-n1-003-a10,1,1.5441513061523438,,0,False,False,405,0,0.059619
decision--hybrid-fixed-h5-e225--seed20260909--issue-77-n1-004-a07,hybrid-fixed-h5-e225,hybrid,fixed-h5,225,20260909,issue-77-n1-004-a07,1,1.3300353288650513,,0,False,False,405,0,0.062974
decision--hybrid-fixed-h5-e225--seed20260909--issue-77-n1-006-a05,hybrid-fixed-h5-e225,hybrid,fixed-h5,225,20260909,issue-77-n1-006-a05,1,1.1082698106765747,,0,False,False,585,0,0.062926
decision--hybrid-fixed-h5-e225--seed20260909--issue-77-n1-006-a11,hybrid-fixed-h5-e225,hybrid,fixed-h5,225,20260909,issue-77-n1-006-a11,1,1.1082698106765747,,0,False,False,585,0,0.063990
decision--hybrid-fixed-h5-e225--seed20260909--issue-77-n1-007-a05,hybrid-fixed-h5-e225,hybrid,fixed-h5,225,20260909,issue-77-n1-007-a05,0,1.0,,0,False,False,585,0,0.063784
decision--hybrid-fixed-h5-e225--seed20260909--issue-77-n1-007-a12,hybrid-fixed-h5-e225,hybrid,fixed-h5,225,20260909,issue-77-n1-007-a12,0,1.0,,0,False,False,585,0,0.062591
decision--hybrid-fixed-h5-e225--seed20260909--issue-77-n1-008-a05,hybrid-fixed-h5-e225,hybrid,fixed-h5,225,20260909,issue-77-n1-008-a05,1,1.095780611038208,,0,False,False,585,0,0.062555
decision--hybrid-fixed-h5-e225--seed20260909--issue-77-n1-008-a12,hybrid-fixed-h5-e225,hybrid,fixed-h5,225,20260909,issue-77-n1-008-a12,1,1.095780611038208,,0,False,False,585,0,0.060543
decision--hybrid-fixed-h5-e225--seed20260909--issue-77-n1-009-a00,hybrid-fixed-h5-e225,hybrid,fixed-h5,225,20260909,issue-77-n1-009-a00,1,2.0120797157287598,,0,False,False,585,0,0.061404
decision--hybrid-fixed-h5-e225--seed20260909--issue-77-n1-009-a09,hybrid-fixed-h5-e225,hybrid,fixed-h5,225,20260909,issue-77-n1-009-a09,1,2.0120797157287598,,0,False,False,585,0,0.062316
decision--hybrid-fixed-h5-e225--seed20260909--issue-77-n1-010-a06,hybrid-fixed-h5-e225,hybrid,fixed-h5,225,20260909,issue-77-n1-010-a06,1,1.2125595808029175,,0,False,False,585,0,0.063677
decision--hybrid-fixed-h5-e225--seed20260909--issue-77-n1-011-a02,hybrid-fixed-h5-e225,hybrid,fixed-h5,225,20260909,issue-77-n1-011-a02,1,1.5116299390792847,,0,False,False,585,0,0.061985
decision--hybrid-fixed-h5-e225--seed20260909--issue-77-n1-011-a11,hybrid-fixed-h5-e225,hybrid,fixed-h5,225,20260909,issue-77-n1-011-a11,1,1.5116299390792847,,0,False,False,585,0,0.065364
decision--hybrid-fixed-h5-e225--seed20260909--issue-77-n1-012-a08,hybrid-fixed-h5-e225,hybrid,fixed-h5,225,20260909,issue-77-n1-012-a08,1,1.6275633573532104,,0,False,False,585,0,0.061126
decision--hybrid-fixed-h5-e225--seed20260909--issue-77-n1-013-a04,hybrid-fixed-h5-e225,hybrid,fixed-h5,225,20260909,issue-77-n1-013-a04,1,1.980859398841858,,0,False,False,585,0,0.061861
decision--hybrid-fixed-h5-e225--seed20260909--issue-77-n1-014-a01,hybrid-fixed-h5-e225,hybrid,fixed-h5,225,20260909,issue-77-n1-014-a01,1,1.5457602739334106,,0,False,False,585,0,0.064985
decision--hybrid-fixed-h5-e225--seed20260909--issue-77-n1-014-a10,hybrid-fixed-h5-e225,hybrid,fixed-h5,225,20260909,issue-77-n1-014-a10,1,1.5457602739334106,,0,False,False,585,0,0.068057
decision--hybrid-fixed-h5-e225--seed20260909--issue-77-n1-015-a06,hybrid-fixed-h5-e225,hybrid,fixed-h5,225,20260909,issue-77-n1-015-a06,1,1.540022850036621,,0,False,False,585,0,0.062503
decision--hybrid-fixed-h5-e225--seed20260909--issue-77-n1-016-a03,hybrid-fixed-h5-e225,hybrid,fixed-h5,225,20260909,issue-77-n1-016-a03,1,1.4923549890518188,,0,False,False,585,0,0.061440
decision--hybrid-fixed-h5-e225--seed20260909--issue-77-n1-016-a12,hybrid-fixed-h5-e225,hybrid,fixed-h5,225,20260909,issue-77-n1-016-a12,1,1.4923549890518188,,0,False,False,585,0,0.069669
decision--hybrid-fixed-h5-e225--seed20260910--issue-77-n1-001-a00,hybrid-fixed-h5-e225,hybrid,fixed-h5,225,20260910,issue-77-n1-001-a00,1,2.427783727645874,,0,False,False,540,0,0.063762
decision--hybrid-fixed-h5-e225--seed20260910--issue-77-n1-001-a07,hybrid-fixed-h5-e225,hybrid,fixed-h5,225,20260910,issue-77-n1-001-a07,1,2.427783727645874,,0,False,False,540,0,0.063220
decision--hybrid-fixed-h5-e225--seed20260910--issue-77-n1-003-a00,hybrid-fixed-h5-e225,hybrid,fixed-h5,225,20260910,issue-77-n1-003-a00,1,2.4227333068847656,,0,False,False,405,0,0.060619
decision--hybrid-fixed-h5-e225--seed20260910--issue-77-n1-003-a10,hybrid-fixed-h5-e225,hybrid,fixed-h5,225,20260910,issue-77-n1-003-a10,1,2.4227333068847656,,0,False,False,405,0,0.059064
decision--hybrid-fixed-h5-e225--seed20260910--issue-77-n1-004-a07,hybrid-fixed-h5-e225,hybrid,fixed-h5,225,20260910,issue-77-n1-004-a07,12,2.6434407234191895,,0,False,False,405,0,0.062207
decision--hybrid-fixed-h5-e225--seed20260910--issue-77-n1-006-a05,hybrid-fixed-h5-e225,hybrid,fixed-h5,225,20260910,issue-77-n1-006-a05,12,2.8625311851501465,,0,False,False,585,0,0.061060
decision--hybrid-fixed-h5-e225--seed20260910--issue-77-n1-006-a11,hybrid-fixed-h5-e225,hybrid,fixed-h5,225,20260910,issue-77-n1-006-a11,12,2.8625311851501465,,0,False,False,585,0,0.062877
decision--hybrid-fixed-h5-e225--seed20260910--issue-77-n1-007-a05,hybrid-fixed-h5-e225,hybrid,fixed-h5,225,20260910,issue-77-n1-007-a05,12,2.8730356693267822,,0,False,False,585,0,0.064821
decision--hybrid-fixed-h5-e225--seed20260910--issue-77-n1-007-a12,hybrid-fixed-h5-e225,hybrid,fixed-h5,225,20260910,issue-77-n1-007-a12,12,2.8730356693267822,,0,False,False,585,0,0.064319
decision--hybrid-fixed-h5-e225--seed20260910--issue-77-n1-008-a05,hybrid-fixed-h5-e225,hybrid,fixed-h5,225,20260910,issue-77-n1-008-a05,12,2.848792314529419,,0,False,False,585,0,0.059961
decision--hybrid-fixed-h5-e225--seed20260910--issue-77-n1-008-a12,hybrid-fixed-h5-e225,hybrid,fixed-h5,225,20260910,issue-77-n1-008-a12,12,2.848792314529419,,0,False,False,585,0,0.061303
decision--hybrid-fixed-h5-e225--seed20260910--issue-77-n1-009-a00,hybrid-fixed-h5-e225,hybrid,fixed-h5,225,20260910,issue-77-n1-009-a00,12,2.7126970291137695,,0,False,False,585,0,0.061850
decision--hybrid-fixed-h5-e225--seed20260910--issue-77-n1-009-a09,hybrid-fixed-h5-e225,hybrid,fixed-h5,225,20260910,issue-77-n1-009-a09,12,2.7126970291137695,,0,False,False,585,0,0.062677
decision--hybrid-fixed-h5-e225--seed20260910--issue-77-n1-010-a06,hybrid-fixed-h5-e225,hybrid,fixed-h5,225,20260910,issue-77-n1-010-a06,12,2.854588508605957,,0,False,False,585,0,0.063796
decision--hybrid-fixed-h5-e225--seed20260910--issue-77-n1-011-a02,hybrid-fixed-h5-e225,hybrid,fixed-h5,225,20260910,issue-77-n1-011-a02,1,2.3173885345458984,,0,False,False,585,0,0.061077
decision--hybrid-fixed-h5-e225--seed20260910--issue-77-n1-011-a11,hybrid-fixed-h5-e225,hybrid,fixed-h5,225,20260910,issue-77-n1-011-a11,1,2.3173885345458984,,0,False,False,585,0,0.062696
decision--hybrid-fixed-h5-e225--seed20260910--issue-77-n1-012-a08,hybrid-fixed-h5-e225,hybrid,fixed-h5,225,20260910,issue-77-n1-012-a08,12,2.558239459991455,,0,False,False,585,0,0.066442
decision--hybrid-fixed-h5-e225--seed20260910--issue-77-n1-013-a04,hybrid-fixed-h5-e225,hybrid,fixed-h5,225,20260910,issue-77-n1-013-a04,12,2.4341211318969727,,0,False,False,585,0,0.062387
decision--hybrid-fixed-h5-e225--seed20260910--issue-77-n1-014-a01,hybrid-fixed-h5-e225,hybrid,fixed-h5,225,20260910,issue-77-n1-014-a01,1,2.5004916191101074,,0,False,False,585,0,0.064116
decision--hybrid-fixed-h5-e225--seed20260910--issue-77-n1-014-a10,hybrid-fixed-h5-e225,hybrid,fixed-h5,225,20260910,issue-77-n1-014-a10,1,2.5004916191101074,,0,False,False,585,0,0.071997
decision--hybrid-fixed-h5-e225--seed20260910--issue-77-n1-015-a06,hybrid-fixed-h5-e225,hybrid,fixed-h5,225,20260910,issue-77-n1-015-a06,1,2.4375975131988525,,0,False,False,585,0,0.061045
decision--hybrid-fixed-h5-e225--seed20260910--issue-77-n1-016-a03,hybrid-fixed-h5-e225,hybrid,fixed-h5,225,20260910,issue-77-n1-016-a03,1,2.186272144317627,,0,False,False,585,0,0.067036
decision--hybrid-fixed-h5-e225--seed20260910--issue-77-n1-016-a12,hybrid-fixed-h5-e225,hybrid,fixed-h5,225,20260910,issue-77-n1-016-a12,1,2.186272144317627,,0,False,False,585,0,0.062889
decision--hybrid-fixed-h5-e600--seed20260908--issue-77-n1-001-a00,hybrid-fixed-h5-e600,hybrid,fixed-h5,600,20260908,issue-77-n1-001-a00,0,1.0,,0,False,False,1440,0,0.166742
decision--hybrid-fixed-h5-e600--seed20260908--issue-77-n1-001-a07,hybrid-fixed-h5-e600,hybrid,fixed-h5,600,20260908,issue-77-n1-001-a07,0,1.0,,0,False,False,1440,0,0.166934
decision--hybrid-fixed-h5-e600--seed20260908--issue-77-n1-003-a00,hybrid-fixed-h5-e600,hybrid,fixed-h5,600,20260908,issue-77-n1-003-a00,1,1.6667804718017578,,0,False,False,1080,0,0.164908
decision--hybrid-fixed-h5-e600--seed20260908--issue-77-n1-003-a10,hybrid-fixed-h5-e600,hybrid,fixed-h5,600,20260908,issue-77-n1-003-a10,1,1.6667804718017578,,0,False,False,1080,0,0.161980
decision--hybrid-fixed-h5-e600--seed20260908--issue-77-n1-004-a07,hybrid-fixed-h5-e600,hybrid,fixed-h5,600,20260908,issue-77-n1-004-a07,4,245.56395208835602,,0,True,False,1080,0,0.166810
decision--hybrid-fixed-h5-e600--seed20260908--issue-77-n1-006-a05,hybrid-fixed-h5-e600,hybrid,fixed-h5,600,20260908,issue-77-n1-006-a05,3,633.9444012641907,,0,True,False,1560,0,0.165856
decision--hybrid-fixed-h5-e600--seed20260908--issue-77-n1-006-a11,hybrid-fixed-h5-e600,hybrid,fixed-h5,600,20260908,issue-77-n1-006-a11,3,633.9444012641907,,0,True,False,1560,0,0.165826
decision--hybrid-fixed-h5-e600--seed20260908--issue-77-n1-007-a05,hybrid-fixed-h5-e600,hybrid,fixed-h5,600,20260908,issue-77-n1-007-a05,5,849.7762988805771,,0,True,False,1560,0,0.163609
decision--hybrid-fixed-h5-e600--seed20260908--issue-77-n1-007-a12,hybrid-fixed-h5-e600,hybrid,fixed-h5,600,20260908,issue-77-n1-007-a12,5,849.7762988805771,,0,True,False,1560,0,0.164679
decision--hybrid-fixed-h5-e600--seed20260908--issue-77-n1-008-a05,hybrid-fixed-h5-e600,hybrid,fixed-h5,600,20260908,issue-77-n1-008-a05,3,545.3601608276367,,0,True,False,1560,0,0.166163
decision--hybrid-fixed-h5-e600--seed20260908--issue-77-n1-008-a12,hybrid-fixed-h5-e600,hybrid,fixed-h5,600,20260908,issue-77-n1-008-a12,3,545.3601608276367,,0,True,False,1560,0,0.165130
decision--hybrid-fixed-h5-e600--seed20260908--issue-77-n1-009-a00,hybrid-fixed-h5-e600,hybrid,fixed-h5,600,20260908,issue-77-n1-009-a00,0,2.0,,0,False,False,1560,0,0.164628
decision--hybrid-fixed-h5-e600--seed20260908--issue-77-n1-009-a09,hybrid-fixed-h5-e600,hybrid,fixed-h5,600,20260908,issue-77-n1-009-a09,0,2.0,,0,False,False,1560,0,0.196984
decision--hybrid-fixed-h5-e600--seed20260908--issue-77-n1-010-a06,hybrid-fixed-h5-e600,hybrid,fixed-h5,600,20260908,issue-77-n1-010-a06,3,580.0032744407654,,0,True,False,1560,0,0.168080
decision--hybrid-fixed-h5-e600--seed20260908--issue-77-n1-011-a02,hybrid-fixed-h5-e600,hybrid,fixed-h5,600,20260908,issue-77-n1-011-a02,1,1.4983197450637817,,0,False,False,1560,0,0.163440
decision--hybrid-fixed-h5-e600--seed20260908--issue-77-n1-011-a11,hybrid-fixed-h5-e600,hybrid,fixed-h5,600,20260908,issue-77-n1-011-a11,1,1.4983197450637817,,0,False,False,1560,0,0.175836
decision--hybrid-fixed-h5-e600--seed20260908--issue-77-n1-012-a08,hybrid-fixed-h5-e600,hybrid,fixed-h5,600,20260908,issue-77-n1-012-a08,0,2.0,,0,False,False,1560,0,0.167875
decision--hybrid-fixed-h5-e600--seed20260908--issue-77-n1-013-a04,hybrid-fixed-h5-e600,hybrid,fixed-h5,600,20260908,issue-77-n1-013-a04,0,2.0,,0,False,False,1560,0,0.166832
decision--hybrid-fixed-h5-e600--seed20260908--issue-77-n1-014-a01,hybrid-fixed-h5-e600,hybrid,fixed-h5,600,20260908,issue-77-n1-014-a01,1,1.9239692687988281,,0,False,False,1560,0,0.187354
decision--hybrid-fixed-h5-e600--seed20260908--issue-77-n1-014-a10,hybrid-fixed-h5-e600,hybrid,fixed-h5,600,20260908,issue-77-n1-014-a10,1,1.9239692687988281,,0,False,False,1560,0,0.179267
decision--hybrid-fixed-h5-e600--seed20260908--issue-77-n1-015-a06,hybrid-fixed-h5-e600,hybrid,fixed-h5,600,20260908,issue-77-n1-015-a06,1,1.1203340291976929,,0,False,False,1560,0,0.183758
decision--hybrid-fixed-h5-e600--seed20260908--issue-77-n1-016-a03,hybrid-fixed-h5-e600,hybrid,fixed-h5,600,20260908,issue-77-n1-016-a03,1,1.545102596282959,,0,False,False,1560,0,0.172237
decision--hybrid-fixed-h5-e600--seed20260908--issue-77-n1-016-a12,hybrid-fixed-h5-e600,hybrid,fixed-h5,600,20260908,issue-77-n1-016-a12,1,1.545102596282959,,0,False,False,1560,0,0.186190
decision--hybrid-fixed-h5-e600--seed20260909--issue-77-n1-001-a00,hybrid-fixed-h5-e600,hybrid,fixed-h5,600,20260909,issue-77-n1-001-a00,0,2.0,,0,False,False,1440,0,0.161691
decision--hybrid-fixed-h5-e600--seed20260909--issue-77-n1-001-a07,hybrid-fixed-h5-e600,hybrid,fixed-h5,600,20260909,issue-77-n1-001-a07,0,2.0,,0,False,False,1440,0,0.162814
decision--hybrid-fixed-h5-e600--seed20260909--issue-77-n1-003-a00,hybrid-fixed-h5-e600,hybrid,fixed-h5,600,20260909,issue-77-n1-003-a00,0,2.0,,0,False,False,1080,0,0.158957
decision--hybrid-fixed-h5-e600--seed20260909--issue-77-n1-003-a10,hybrid-fixed-h5-e600,hybrid,fixed-h5,600,20260909,issue-77-n1-003-a10,0,2.0,,0,False,False,1080,0,0.163724
decision--hybrid-fixed-h5-e600--seed20260909--issue-77-n1-004-a07,hybrid-fixed-h5-e600,hybrid,fixed-h5,600,20260909,issue-77-n1-004-a07,1,3.0,,0,False,False,1080,0,0.167437
decision--hybrid-fixed-h5-e600--seed20260909--issue-77-n1-006-a05,hybrid-fixed-h5-e600,hybrid,fixed-h5,600,20260909,issue-77-n1-006-a05,0,3.0,,0,False,False,1560,0,0.163007
decision--hybrid-fixed-h5-e600--seed20260909--issue-77-n1-006-a11,hybrid-fixed-h5-e600,hybrid,fixed-h5,600,20260909,issue-77-n1-006-a11,0,3.0,,0,False,False,1560,0,0.171150
decision--hybrid-fixed-h5-e600--seed20260909--issue-77-n1-007-a05,hybrid-fixed-h5-e600,hybrid,fixed-h5,600,20260909,issue-77-n1-007-a05,0,3.0,,0,False,False,1560,0,0.164184
decision--hybrid-fixed-h5-e600--seed20260909--issue-77-n1-007-a12,hybrid-fixed-h5-e600,hybrid,fixed-h5,600,20260909,issue-77-n1-007-a12,0,3.0,,0,False,False,1560,0,0.175717
decision--hybrid-fixed-h5-e600--seed20260909--issue-77-n1-008-a05,hybrid-fixed-h5-e600,hybrid,fixed-h5,600,20260909,issue-77-n1-008-a05,0,3.0,,0,False,False,1560,0,0.166048
decision--hybrid-fixed-h5-e600--seed20260909--issue-77-n1-008-a12,hybrid-fixed-h5-e600,hybrid,fixed-h5,600,20260909,issue-77-n1-008-a12,0,3.0,,0,False,False,1560,0,0.165111
decision--hybrid-fixed-h5-e600--seed20260909--issue-77-n1-009-a00,hybrid-fixed-h5-e600,hybrid,fixed-h5,600,20260909,issue-77-n1-009-a00,0,3.0,,0,False,False,1560,0,0.187749
decision--hybrid-fixed-h5-e600--seed20260909--issue-77-n1-009-a09,hybrid-fixed-h5-e600,hybrid,fixed-h5,600,20260909,issue-77-n1-009-a09,0,3.0,,0,False,False,1560,0,0.169426
decision--hybrid-fixed-h5-e600--seed20260909--issue-77-n1-010-a06,hybrid-fixed-h5-e600,hybrid,fixed-h5,600,20260909,issue-77-n1-010-a06,0,3.0,,0,False,False,1560,0,0.165263
decision--hybrid-fixed-h5-e600--seed20260909--issue-77-n1-011-a02,hybrid-fixed-h5-e600,hybrid,fixed-h5,600,20260909,issue-77-n1-011-a02,0,2.0,,0,False,False,1560,0,0.163356
decision--hybrid-fixed-h5-e600--seed20260909--issue-77-n1-011-a11,hybrid-fixed-h5-e600,hybrid,fixed-h5,600,20260909,issue-77-n1-011-a11,0,2.0,,0,False,False,1560,0,0.162488
decision--hybrid-fixed-h5-e600--seed20260909--issue-77-n1-012-a08,hybrid-fixed-h5-e600,hybrid,fixed-h5,600,20260909,issue-77-n1-012-a08,0,3.0,,0,False,False,1560,0,0.166123
decision--hybrid-fixed-h5-e600--seed20260909--issue-77-n1-013-a04,hybrid-fixed-h5-e600,hybrid,fixed-h5,600,20260909,issue-77-n1-013-a04,0,3.0,,0,False,False,1560,0,0.165277
decision--hybrid-fixed-h5-e600--seed20260909--issue-77-n1-014-a01,hybrid-fixed-h5-e600,hybrid,fixed-h5,600,20260909,issue-77-n1-014-a01,0,2.0,,0,False,False,1560,0,0.180236
decision--hybrid-fixed-h5-e600--seed20260909--issue-77-n1-014-a10,hybrid-fixed-h5-e600,hybrid,fixed-h5,600,20260909,issue-77-n1-014-a10,0,2.0,,0,False,False,1560,0,0.190756
decision--hybrid-fixed-h5-e600--seed20260909--issue-77-n1-015-a06,hybrid-fixed-h5-e600,hybrid,fixed-h5,600,20260909,issue-77-n1-015-a06,0,2.0,,0,False,False,1560,0,0.168181
decision--hybrid-fixed-h5-e600--seed20260909--issue-77-n1-016-a03,hybrid-fixed-h5-e600,hybrid,fixed-h5,600,20260909,issue-77-n1-016-a03,0,2.0,,0,False,False,1560,0,0.166993
decision--hybrid-fixed-h5-e600--seed20260909--issue-77-n1-016-a12,hybrid-fixed-h5-e600,hybrid,fixed-h5,600,20260909,issue-77-n1-016-a12,0,2.0,,0,False,False,1560,0,0.190184
decision--hybrid-fixed-h5-e600--seed20260910--issue-77-n1-001-a00,hybrid-fixed-h5-e600,hybrid,fixed-h5,600,20260910,issue-77-n1-001-a00,0,3.0,,0,False,False,1440,0,0.166328
decision--hybrid-fixed-h5-e600--seed20260910--issue-77-n1-001-a07,hybrid-fixed-h5-e600,hybrid,fixed-h5,600,20260910,issue-77-n1-001-a07,0,3.0,,0,False,False,1440,0,0.170103
decision--hybrid-fixed-h5-e600--seed20260910--issue-77-n1-003-a00,hybrid-fixed-h5-e600,hybrid,fixed-h5,600,20260910,issue-77-n1-003-a00,0,4.0,,0,False,False,1080,0,0.171534
decision--hybrid-fixed-h5-e600--seed20260910--issue-77-n1-003-a10,hybrid-fixed-h5-e600,hybrid,fixed-h5,600,20260910,issue-77-n1-003-a10,0,4.0,,0,False,False,1080,0,0.163927
decision--hybrid-fixed-h5-e600--seed20260910--issue-77-n1-004-a07,hybrid-fixed-h5-e600,hybrid,fixed-h5,600,20260910,issue-77-n1-004-a07,1,3.0,,0,False,False,1080,0,0.161012
decision--hybrid-fixed-h5-e600--seed20260910--issue-77-n1-006-a05,hybrid-fixed-h5-e600,hybrid,fixed-h5,600,20260910,issue-77-n1-006-a05,0,3.0,,0,False,False,1560,0,0.161650
decision--hybrid-fixed-h5-e600--seed20260910--issue-77-n1-006-a11,hybrid-fixed-h5-e600,hybrid,fixed-h5,600,20260910,issue-77-n1-006-a11,0,3.0,,0,False,False,1560,0,0.172653
decision--hybrid-fixed-h5-e600--seed20260910--issue-77-n1-007-a05,hybrid-fixed-h5-e600,hybrid,fixed-h5,600,20260910,issue-77-n1-007-a05,0,3.0,,0,False,False,1560,0,0.171998
decision--hybrid-fixed-h5-e600--seed20260910--issue-77-n1-007-a12,hybrid-fixed-h5-e600,hybrid,fixed-h5,600,20260910,issue-77-n1-007-a12,0,3.0,,0,False,False,1560,0,0.167291
decision--hybrid-fixed-h5-e600--seed20260910--issue-77-n1-008-a05,hybrid-fixed-h5-e600,hybrid,fixed-h5,600,20260910,issue-77-n1-008-a05,0,3.0,,0,False,False,1560,0,0.163163
decision--hybrid-fixed-h5-e600--seed20260910--issue-77-n1-008-a12,hybrid-fixed-h5-e600,hybrid,fixed-h5,600,20260910,issue-77-n1-008-a12,0,3.0,,0,False,False,1560,0,0.161762
decision--hybrid-fixed-h5-e600--seed20260910--issue-77-n1-009-a00,hybrid-fixed-h5-e600,hybrid,fixed-h5,600,20260910,issue-77-n1-009-a00,0,3.0,,0,False,False,1560,0,0.167643
decision--hybrid-fixed-h5-e600--seed20260910--issue-77-n1-009-a09,hybrid-fixed-h5-e600,hybrid,fixed-h5,600,20260910,issue-77-n1-009-a09,0,3.0,,0,False,False,1560,0,0.174813
decision--hybrid-fixed-h5-e600--seed20260910--issue-77-n1-010-a06,hybrid-fixed-h5-e600,hybrid,fixed-h5,600,20260910,issue-77-n1-010-a06,0,3.0,,0,False,False,1560,0,0.170919
decision--hybrid-fixed-h5-e600--seed20260910--issue-77-n1-011-a02,hybrid-fixed-h5-e600,hybrid,fixed-h5,600,20260910,issue-77-n1-011-a02,0,4.0,,0,False,False,1560,0,0.164826
decision--hybrid-fixed-h5-e600--seed20260910--issue-77-n1-011-a11,hybrid-fixed-h5-e600,hybrid,fixed-h5,600,20260910,issue-77-n1-011-a11,0,4.0,,0,False,False,1560,0,0.168406
decision--hybrid-fixed-h5-e600--seed20260910--issue-77-n1-012-a08,hybrid-fixed-h5-e600,hybrid,fixed-h5,600,20260910,issue-77-n1-012-a08,12,3.8878583908081055,,0,False,False,1560,0,0.169244
decision--hybrid-fixed-h5-e600--seed20260910--issue-77-n1-013-a04,hybrid-fixed-h5-e600,hybrid,fixed-h5,600,20260910,issue-77-n1-013-a04,3,3.351065158843994,,0,True,False,1560,0,0.174322
decision--hybrid-fixed-h5-e600--seed20260910--issue-77-n1-014-a01,hybrid-fixed-h5-e600,hybrid,fixed-h5,600,20260910,issue-77-n1-014-a01,0,4.0,,0,False,False,1560,0,0.183281
decision--hybrid-fixed-h5-e600--seed20260910--issue-77-n1-014-a10,hybrid-fixed-h5-e600,hybrid,fixed-h5,600,20260910,issue-77-n1-014-a10,0,4.0,,0,False,False,1560,0,0.180001
decision--hybrid-fixed-h5-e600--seed20260910--issue-77-n1-015-a06,hybrid-fixed-h5-e600,hybrid,fixed-h5,600,20260910,issue-77-n1-015-a06,0,3.0,,0,False,False,1560,0,0.173649
decision--hybrid-fixed-h5-e600--seed20260910--issue-77-n1-016-a03,hybrid-fixed-h5-e600,hybrid,fixed-h5,600,20260910,issue-77-n1-016-a03,0,4.0,,0,False,False,1560,0,0.193173
decision--hybrid-fixed-h5-e600--seed20260910--issue-77-n1-016-a12,hybrid-fixed-h5-e600,hybrid,fixed-h5,600,20260910,issue-77-n1-016-a12,0,4.0,,0,False,False,1560,0,0.174347
