seed,system,elapsed_observed_frames,kind,metric,value,available_states
20260908,continuous_h1,15,recursive,mean_available_candidates,13.0,4
20260908,continuous_h1,15,recursive,carrier_mse,0.028230493852438837,4
20260908,continuous_h1,15,recursive,history_available_mse,0.0185518453327649,4
20260908,continuous_h1,15,recursive,prior_elapsed_seconds_mse,0.024386513172290646,4
20260908,continuous_h1,15,recursive,availability_bits_mse,0.03568445489956783,4
20260908,continuous_h1,15,recursive,presence_available_values,18.0,4
20260908,continuous_h1,15,recursive,presence_mse,0.02144828954568276,4
20260908,continuous_h1,15,recursive,kind_available_values,36.0,4
20260908,continuous_h1,15,recursive,kind_mse,0.02205343798805888,4
20260908,continuous_h1,15,recursive,position_available_values,7.26923076923077,4
20260908,continuous_h1,15,recursive,position_mse,0.05234156975236077,4
20260908,continuous_h1,15,recursive,motion_available_values,7.230769230769232,4
20260908,continuous_h1,15,recursive,motion_mse,0.009367673129488068,4
20260908,continuous_h1,15,recursive,parsed_pig_count_absolute_error,0.034962705336511135,4
20260908,continuous_h1,15,recursive,parsed_block_count_absolute_error,0.11533702738009965,4
20260908,continuous_h1,30,recursive,mean_available_candidates,13.0,4
20260908,continuous_h1,30,recursive,carrier_mse,0.09783279996078748,4
20260908,continuous_h1,30,recursive,history_available_mse,0.29091367626992554,4
20260908,continuous_h1,30,recursive,prior_elapsed_seconds_mse,0.08407483257066745,4
20260908,continuous_h1,30,recursive,availability_bits_mse,0.10976998235743779,4
20260908,continuous_h1,30,recursive,presence_available_values,18.0,4
20260908,continuous_h1,30,recursive,presence_mse,0.08603473523488411,4
20260908,continuous_h1,30,recursive,kind_available_values,36.0,4
20260908,continuous_h1,30,recursive,kind_mse,0.09400101321247908,4
20260908,continuous_h1,30,recursive,position_available_values,7.346153846153847,4
20260908,continuous_h1,30,recursive,position_mse,0.14478976451433623,4
20260908,continuous_h1,30,recursive,motion_available_values,7.346153846153847,4
20260908,continuous_h1,30,recursive,motion_mse,0.020406932122288987,4
20260908,continuous_h1,30,recursive,parsed_pig_count_absolute_error,0.04097736659101569,4
20260908,continuous_h1,30,recursive,parsed_block_count_absolute_error,0.18843671679496765,4
20260908,continuous_h1,60,recursive,mean_available_candidates,13.0,4
20260908,continuous_h1,60,recursive,carrier_mse,0.858113475717031,4
20260908,continuous_h1,60,recursive,history_available_mse,1.7105084737906089,4
20260908,continuous_h1,60,recursive,prior_elapsed_seconds_mse,0.06629182276530908,4
20260908,continuous_h1,60,recursive,availability_bits_mse,1.0346803814172745,4
20260908,continuous_h1,60,recursive,presence_available_values,18.0,4
20260908,continuous_h1,60,recursive,presence_mse,0.6659712928992051,4
20260908,continuous_h1,60,recursive,kind_available_values,36.0,4
20260908,continuous_h1,60,recursive,kind_mse,1.094277290197519,4
20260908,continuous_h1,60,recursive,position_available_values,7.1923076923076925,4
20260908,continuous_h1,60,recursive,position_mse,0.528501332952426,4
20260908,continuous_h1,60,recursive,motion_available_values,7.1923076923076925,4
20260908,continuous_h1,60,recursive,motion_mse,0.5445547499335729,4
20260908,continuous_h1,60,recursive,parsed_pig_count_absolute_error,0.17584741230194387,4
20260908,continuous_h1,60,recursive,parsed_block_count_absolute_error,0.6400402343043914,4
20260908,continuous_h1,150,recursive,mean_available_candidates,13.0,4
20260908,continuous_h1,150,recursive,carrier_mse,499.74303436279297,4
20260908,continuous_h1,150,recursive,history_available_mse,220.95473168446466,4
20260908,continuous_h1,150,recursive,prior_elapsed_seconds_mse,796.7952393751877,4
20260908,continuous_h1,150,recursive,availability_bits_mse,668.8690349872295,4
20260908,continuous_h1,150,recursive,presence_available_values,18.0,4
20260908,continuous_h1,150,recursive,presence_mse,332.2229256263146,4
20260908,continuous_h1,150,recursive,kind_available_values,36.0,4
20260908,continuous_h1,150,recursive,kind_mse,514.4937427227314,4
20260908,continuous_h1,150,recursive,position_available_values,7.153846153846153,4
20260908,continuous_h1,150,recursive,position_mse,573.5107198861929,4
20260908,continuous_h1,150,recursive,motion_available_values,7.115384615384615,4
20260908,continuous_h1,150,recursive,motion_mse,242.64466212346005,4
20260908,continuous_h1,150,recursive,parsed_pig_count_absolute_error,0.05342316806602936,4
20260908,continuous_h1,150,recursive,parsed_block_count_absolute_error,2.88873036721578,4
20260908,continuous_h1,225,recursive,mean_available_candidates,13.0,4
20260908,continuous_h1,225,recursive,carrier_mse,2320.2296612079326,4
20260908,continuous_h1,225,recursive,history_available_mse,1656.890405508188,4
20260908,continuous_h1,225,recursive,prior_elapsed_seconds_mse,3461.547459528996,4
20260908,continuous_h1,225,recursive,availability_bits_mse,3134.00192964994,4
20260908,continuous_h1,225,recursive,presence_available_values,18.0,4
20260908,continuous_h1,225,recursive,presence_mse,1614.4301476111777,4
20260908,continuous_h1,225,recursive,kind_available_values,36.0,4
20260908,continuous_h1,225,recursive,kind_mse,2401.08158991887,4
20260908,continuous_h1,225,recursive,position_available_values,7.153846153846153,4
20260908,continuous_h1,225,recursive,position_mse,2193.5760709322412,4
20260908,continuous_h1,225,recursive,motion_available_values,7.153846153846153,4
20260908,continuous_h1,225,recursive,motion_mse,962.1802555964543,4
20260908,continuous_h1,225,recursive,parsed_pig_count_absolute_error,0.05472629345380342,4
20260908,continuous_h1,225,recursive,parsed_block_count_absolute_error,2.816608355022394,4
20260908,continuous_h1,600,recursive,mean_available_candidates,13.0,4
20260908,continuous_h1,600,recursive,carrier_mse,32520.658916766828,4
20260908,continuous_h1,600,recursive,history_available_mse,33286.224740835336,4
20260908,continuous_h1,600,recursive,prior_elapsed_seconds_mse,37597.15271935096,4
20260908,continuous_h1,600,recursive,availability_bits_mse,43505.66188401442,4
20260908,continuous_h1,600,recursive,presence_available_values,18.0,4
20260908,continuous_h1,600,recursive,presence_mse,26740.98152043269,4
20260908,continuous_h1,600,recursive,kind_available_values,36.0,4
20260908,continuous_h1,600,recursive,kind_mse,36180.123497596156,4
20260908,continuous_h1,600,recursive,position_available_values,7.038461538461538,4
20260908,continuous_h1,600,recursive,position_mse,18212.143564077523,4
20260908,continuous_h1,600,recursive,motion_available_values,7.038461538461538,4
20260908,continuous_h1,600,recursive,motion_mse,11260.05676269531,4
20260908,continuous_h1,600,recursive,parsed_pig_count_absolute_error,0.05352701390018829,4
20260908,continuous_h1,600,recursive,parsed_block_count_absolute_error,2.1223671424847383,4
20260908,continuous_h1,15,local,mean_available_candidates,13.0,4
20260908,continuous_h1,15,local,carrier_mse,0.0006040055467075525,4
20260908,continuous_h1,15,local,history_available_mse,0.0002759289319829332,4
20260908,continuous_h1,15,local,prior_elapsed_seconds_mse,7.525924400547241e-05,4
20260908,continuous_h1,15,local,availability_bits_mse,0.0008258978419829733,4
20260908,continuous_h1,15,local,presence_available_values,18.0,4
20260908,continuous_h1,15,local,presence_mse,0.00014133957357933887,4
20260908,continuous_h1,15,local,kind_available_values,36.0,4
20260908,continuous_h1,15,local,kind_mse,0.00020462722512512794,4
20260908,continuous_h1,15,local,position_available_values,7.26923076923077,4
20260908,continuous_h1,15,local,position_mse,0.00222607864130763,4
20260908,continuous_h1,15,local,motion_available_values,7.230769230769232,4
20260908,continuous_h1,15,local,motion_mse,0.002691347594428897,4
20260908,continuous_h1,15,local,parsed_pig_count_absolute_error,0.006903324885150561,4
20260908,continuous_h1,15,local,parsed_block_count_absolute_error,0.017958240440258615,4
20260908,continuous_h1,30,local,mean_available_candidates,13.0,4
20260908,continuous_h1,30,local,carrier_mse,0.0002546067318270126,4
20260908,continuous_h1,30,local,history_available_mse,0.0001301466251369185,4
20260908,continuous_h1,30,local,prior_elapsed_seconds_mse,7.310217459072659e-05,4
20260908,continuous_h1,30,local,availability_bits_mse,0.00032320752115293336,4
20260908,continuous_h1,30,local,presence_available_values,18.0,4
20260908,continuous_h1,30,local,presence_mse,0.00013257218527612096,4
20260908,continuous_h1,30,local,kind_available_values,36.0,4
20260908,continuous_h1,30,local,kind_mse,0.00017440587040395118,4
20260908,continuous_h1,30,local,position_available_values,7.346153846153847,4
20260908,continuous_h1,30,local,position_mse,0.00039773822992663976,4
20260908,continuous_h1,30,local,motion_available_values,7.346153846153847,4
20260908,continuous_h1,30,local,motion_mse,0.0009174510269076563,4
20260908,continuous_h1,30,local,parsed_pig_count_absolute_error,0.006346582542531766,4
20260908,continuous_h1,30,local,parsed_block_count_absolute_error,0.017231486164606534,4
20260908,continuous_h1,60,local,mean_available_candidates,13.0,4
20260908,continuous_h1,60,local,carrier_mse,0.00026196054386673495,4
20260908,continuous_h1,60,local,history_available_mse,0.00012906985418560988,4
20260908,continuous_h1,60,local,prior_elapsed_seconds_mse,7.445671455850691e-05,4
20260908,continuous_h1,60,local,availability_bits_mse,0.0003227280786422153,4
20260908,continuous_h1,60,local,presence_available_values,18.0,4
20260908,continuous_h1,60,local,presence_mse,0.00013602025599259202,4
20260908,continuous_h1,60,local,kind_available_values,36.0,4
20260908,continuous_h1,60,local,kind_mse,0.00017358257159335504,4
20260908,continuous_h1,60,local,position_available_values,7.1923076923076925,4
20260908,continuous_h1,60,local,position_mse,0.00039503941745631607,4
20260908,continuous_h1,60,local,motion_available_values,7.1923076923076925,4
20260908,continuous_h1,60,local,motion_mse,0.001139633176465465,4
20260908,continuous_h1,60,local,parsed_pig_count_absolute_error,0.007090187810647946,4
20260908,continuous_h1,60,local,parsed_block_count_absolute_error,0.016574258414598614,4
20260908,continuous_h1,150,local,mean_available_candidates,13.0,4
20260908,continuous_h1,150,local,carrier_mse,0.000562479367755049,4
20260908,continuous_h1,150,local,history_available_mse,0.00013955694470603786,4
20260908,continuous_h1,150,local,prior_elapsed_seconds_mse,7.065114873446768e-05,4
20260908,continuous_h1,150,local,availability_bits_mse,0.0008925730821479542,4
20260908,continuous_h1,150,local,presence_available_values,18.0,4
20260908,continuous_h1,150,local,presence_mse,0.00013835866019899887,4
20260908,continuous_h1,150,local,kind_available_values,36.0,4
20260908,continuous_h1,150,local,kind_mse,0.0001967499949667119,4
20260908,continuous_h1,150,local,position_available_values,7.153846153846153,4
20260908,continuous_h1,150,local,position_mse,0.0015752496118903554,4
20260908,continuous_h1,150,local,motion_available_values,7.115384615384615,4
20260908,continuous_h1,150,local,motion_mse,0.0013576108568276353,4
20260908,continuous_h1,150,local,parsed_pig_count_absolute_error,0.007042548547570522,4
20260908,continuous_h1,150,local,parsed_block_count_absolute_error,0.0174920461498774,4
20260908,continuous_h1,225,local,mean_available_candidates,13.0,4
20260908,continuous_h1,225,local,carrier_mse,0.0002814395000034263,4
20260908,continuous_h1,225,local,history_available_mse,0.00012941784133492826,4
20260908,continuous_h1,225,local,prior_elapsed_seconds_mse,7.353715353439418e-05,4
20260908,continuous_h1,225,local,availability_bits_mse,0.00032576954701933294,4
20260908,continuous_h1,225,local,presence_available_values,18.0,4
20260908,continuous_h1,225,local,presence_mse,0.00015666789085326646,4
20260908,continuous_h1,225,local,kind_available_values,36.0,4
20260908,continuous_h1,225,local,kind_mse,0.00019115410339929018,4
20260908,continuous_h1,225,local,position_available_values,7.153846153846153,4
20260908,continuous_h1,225,local,position_mse,0.0003893702154388078,4
20260908,continuous_h1,225,local,motion_available_values,7.153846153846153,4
20260908,continuous_h1,225,local,motion_mse,0.0015438784978939043,4
20260908,continuous_h1,225,local,parsed_pig_count_absolute_error,0.007546473473597031,4
20260908,continuous_h1,225,local,parsed_block_count_absolute_error,0.021264639038306016,4
20260908,continuous_h1,600,local,mean_available_candidates,13.0,4
20260908,continuous_h1,600,local,carrier_mse,0.0007777804771299438,4
20260908,continuous_h1,600,local,history_available_mse,0.0006227754037465816,4
20260908,continuous_h1,600,local,prior_elapsed_seconds_mse,9.112283890398378e-05,4
20260908,continuous_h1,600,local,availability_bits_mse,0.0003822160405644144,4
20260908,continuous_h1,600,local,presence_available_values,18.0,4
20260908,continuous_h1,600,local,presence_mse,0.00016637409484806436,4
20260908,continuous_h1,600,local,kind_available_values,36.0,4
20260908,continuous_h1,600,local,kind_mse,0.00020154244814945673,4
20260908,continuous_h1,600,local,position_available_values,7.038461538461538,4
20260908,continuous_h1,600,local,position_mse,0.00039541068858502863,4
20260908,continuous_h1,600,local,motion_available_values,7.038461538461538,4
20260908,continuous_h1,600,local,motion_mse,0.013343744760417255,4
20260908,continuous_h1,600,local,parsed_pig_count_absolute_error,0.007491573404807311,4
20260908,continuous_h1,600,local,parsed_block_count_absolute_error,0.020025033217210036,4
20260908,continuous_h5,15,recursive,mean_available_candidates,13.0,4
20260908,continuous_h5,15,recursive,carrier_mse,0.008684489329775365,4
20260908,continuous_h5,15,recursive,history_available_mse,0.03223487820762855,4
20260908,continuous_h5,15,recursive,prior_elapsed_seconds_mse,0.0025865764350433335,4
20260908,continuous_h5,15,recursive,availability_bits_mse,0.017177761209985386,4
20260908,continuous_h5,15,recursive,presence_available_values,18.0,4
20260908,continuous_h5,15,recursive,presence_mse,0.0016632050761612705,4
20260908,continuous_h5,15,recursive,kind_available_values,36.0,4
20260908,continuous_h5,15,recursive,kind_mse,0.0018243987478154641,4
20260908,continuous_h5,15,recursive,position_available_values,7.26923076923077,4
20260908,continuous_h5,15,recursive,position_mse,0.030513145215361595,4
20260908,continuous_h5,15,recursive,motion_available_values,7.230769230769232,4
20260908,continuous_h5,15,recursive,motion_mse,0.003992405722293859,4
20260908,continuous_h5,15,recursive,parsed_pig_count_absolute_error,0.020280228533710424,4
20260908,continuous_h5,15,recursive,parsed_block_count_absolute_error,0.06311884235877258,4
20260908,continuous_h5,30,recursive,mean_available_candidates,13.0,4
20260908,continuous_h5,30,recursive,carrier_mse,0.01133977290457831,4
20260908,continuous_h5,30,recursive,history_available_mse,0.015322972796499156,4
20260908,continuous_h5,30,recursive,prior_elapsed_seconds_mse,0.00680023630355628,4
20260908,continuous_h5,30,recursive,availability_bits_mse,0.019145385666678734,4
20260908,continuous_h5,30,recursive,presence_available_values,18.0,4
20260908,continuous_h5,30,recursive,presence_mse,0.004432765793843338,4
20260908,continuous_h5,30,recursive,kind_available_values,36.0,4
20260908,continuous_h5,30,recursive,kind_mse,0.005075204020473533,4
20260908,continuous_h5,30,recursive,position_available_values,7.346153846153847,4
20260908,continuous_h5,30,recursive,position_mse,0.034650814352342144,4
20260908,continuous_h5,30,recursive,motion_available_values,7.346153846153847,4
20260908,continuous_h5,30,recursive,motion_mse,0.004210675632258734,4
20260908,continuous_h5,30,recursive,parsed_pig_count_absolute_error,0.03134120280782764,4
20260908,continuous_h5,30,recursive,parsed_block_count_absolute_error,0.06773513555526733,4
20260908,continuous_h5,60,recursive,mean_available_candidates,13.0,4
20260908,continuous_h5,60,recursive,carrier_mse,0.021444044111726377,4
20260908,continuous_h5,60,recursive,history_available_mse,0.007836403889366642,4
20260908,continuous_h5,60,recursive,prior_elapsed_seconds_mse,0.016961714915501386,4
20260908,continuous_h5,60,recursive,availability_bits_mse,0.028914599034648672,4
20260908,continuous_h5,60,recursive,presence_available_values,18.0,4
20260908,continuous_h5,60,recursive,presence_mse,0.013850091956555845,4
20260908,continuous_h5,60,recursive,kind_available_values,36.0,4
20260908,continuous_h5,60,recursive,kind_mse,0.015914142758657154,4
20260908,continuous_h5,60,recursive,position_available_values,7.1923076923076925,4
20260908,continuous_h5,60,recursive,position_mse,0.04279836770505286,4
20260908,continuous_h5,60,recursive,motion_available_values,7.1923076923076925,4
20260908,continuous_h5,60,recursive,motion_mse,0.006439631571993231,4
20260908,continuous_h5,60,recursive,parsed_pig_count_absolute_error,0.04211786016821861,4
20260908,continuous_h5,60,recursive,parsed_block_count_absolute_error,0.08044002778255022,4
20260908,continuous_h5,150,recursive,mean_available_candidates,13.0,4
20260908,continuous_h5,150,recursive,carrier_mse,0.10753740914739095,4
20260908,continuous_h5,150,recursive,history_available_mse,0.29955058745466745,4
20260908,continuous_h5,150,recursive,prior_elapsed_seconds_mse,0.08352660287458163,4
20260908,continuous_h5,150,recursive,availability_bits_mse,0.12241487591885603,4
20260908,continuous_h5,150,recursive,presence_available_values,18.0,4
20260908,continuous_h5,150,recursive,presence_mse,0.0879101872157592,4
20260908,continuous_h5,150,recursive,kind_available_values,36.0,4
20260908,continuous_h5,150,recursive,kind_mse,0.10568333302552883,4
20260908,continuous_h5,150,recursive,position_available_values,7.153846153846153,4
20260908,continuous_h5,150,recursive,position_mse,0.15853160175566489,4
20260908,continuous_h5,150,recursive,motion_available_values,7.115384615384615,4
20260908,continuous_h5,150,recursive,motion_mse,0.02409711100447636,4
20260908,continuous_h5,150,recursive,parsed_pig_count_absolute_error,0.04681613432386747,4
20260908,continuous_h5,150,recursive,parsed_block_count_absolute_error,0.1604984144751842,4
20260908,continuous_h5,225,recursive,mean_available_candidates,13.0,4
20260908,continuous_h5,225,recursive,carrier_mse,0.33223235377898586,4
20260908,continuous_h5,225,recursive,history_available_mse,0.9254991257419954,4
20260908,continuous_h5,225,recursive,prior_elapsed_seconds_mse,0.13730367072499716,4
20260908,continuous_h5,225,recursive,availability_bits_mse,0.3883881775232462,4
20260908,continuous_h5,225,recursive,presence_available_values,18.0,4
20260908,continuous_h5,225,recursive,presence_mse,0.26470605771128947,4
20260908,continuous_h5,225,recursive,kind_available_values,36.0,4
20260908,continuous_h5,225,recursive,kind_mse,0.3790138157514425,4
20260908,continuous_h5,225,recursive,position_available_values,7.153846153846153,4
20260908,continuous_h5,225,recursive,position_mse,0.3401822949258181,4
20260908,continuous_h5,225,recursive,motion_available_values,7.153846153846153,4
20260908,continuous_h5,225,recursive,motion_mse,0.13061735750390935,4
20260908,continuous_h5,225,recursive,parsed_pig_count_absolute_error,0.09798129504689802,4
20260908,continuous_h5,225,recursive,parsed_block_count_absolute_error,0.22101737960026813,4
20260908,continuous_h5,600,recursive,mean_available_candidates,13.0,4
20260908,continuous_h5,600,recursive,carrier_mse,182.076775770921,4
20260908,continuous_h5,600,recursive,history_available_mse,45.619406988987556,4
20260908,continuous_h5,600,recursive,prior_elapsed_seconds_mse,249.15061906667856,4
20260908,continuous_h5,600,recursive,availability_bits_mse,240.278807419997,4
20260908,continuous_h5,600,recursive,presence_available_values,18.0,4
20260908,continuous_h5,600,recursive,presence_mse,116.81337547302246,4
20260908,continuous_h5,600,recursive,kind_available_values,36.0,4
20260908,continuous_h5,600,recursive,kind_mse,191.69075775146484,4
20260908,continuous_h5,600,recursive,position_available_values,7.038461538461538,4
20260908,continuous_h5,600,recursive,position_mse,208.0396740253155,4
20260908,continuous_h5,600,recursive,motion_available_values,7.038461538461538,4
20260908,continuous_h5,600,recursive,motion_mse,98.1584931887113,4
20260908,continuous_h5,600,recursive,parsed_pig_count_absolute_error,0.16626662617692578,4
20260908,continuous_h5,600,recursive,parsed_block_count_absolute_error,2.652284951164172,4
20260908,continuous_h5,15,local,mean_available_candidates,13.0,4
20260908,continuous_h5,15,local,carrier_mse,0.0020653554280355684,4
20260908,continuous_h5,15,local,history_available_mse,0.00042009822223986447,4
20260908,continuous_h5,15,local,prior_elapsed_seconds_mse,9.064098517529472e-05,4
20260908,continuous_h5,15,local,availability_bits_mse,0.0026766600796970753,4
20260908,continuous_h5,15,local,presence_available_values,18.0,4
20260908,continuous_h5,15,local,presence_mse,0.000377043788131022,4
20260908,continuous_h5,15,local,kind_available_values,36.0,4
20260908,continuous_h5,15,local,kind_mse,0.00041457936066972953,4
20260908,continuous_h5,15,local,position_available_values,7.26923076923077,4
20260908,continuous_h5,15,local,position_mse,0.005204124425710268,4
20260908,continuous_h5,15,local,motion_available_values,7.230769230769232,4
20260908,continuous_h5,15,local,motion_mse,0.015983963726634662,4
20260908,continuous_h5,15,local,parsed_pig_count_absolute_error,0.00928039809402365,4
20260908,continuous_h5,15,local,parsed_block_count_absolute_error,0.04167311294720723,4
20260908,continuous_h5,30,local,mean_available_candidates,13.0,4
20260908,continuous_h5,30,local,carrier_mse,0.0002531450101322172,4
20260908,continuous_h5,30,local,history_available_mse,0.00013618975124857642,4
20260908,continuous_h5,30,local,prior_elapsed_seconds_mse,6.661958909247847e-05,4
20260908,continuous_h5,30,local,availability_bits_mse,0.00031028696265331324,4
20260908,continuous_h5,30,local,presence_available_values,18.0,4
20260908,continuous_h5,30,local,presence_mse,0.00013657646475341887,4
20260908,continuous_h5,30,local,kind_available_values,36.0,4
20260908,continuous_h5,30,local,kind_mse,0.00019996385470641632,4
20260908,continuous_h5,30,local,position_available_values,7.346153846153847,4
20260908,continuous_h5,30,local,position_mse,0.00040807022182539536,4
20260908,continuous_h5,30,local,motion_available_values,7.346153846153847,4
20260908,continuous_h5,30,local,motion_mse,0.0008075311942285716,4
20260908,continuous_h5,30,local,parsed_pig_count_absolute_error,0.005614011082798243,4
20260908,continuous_h5,30,local,parsed_block_count_absolute_error,0.017459183358229123,4
20260908,continuous_h5,60,local,mean_available_candidates,13.0,4
20260908,continuous_h5,60,local,carrier_mse,0.0004359894393508932,4
20260908,continuous_h5,60,local,history_available_mse,0.0001403645149688023,4
20260908,continuous_h5,60,local,prior_elapsed_seconds_mse,6.851792979690483e-05,4
20260908,continuous_h5,60,local,availability_bits_mse,0.0006815489751506203,4
20260908,continuous_h5,60,local,presence_available_values,18.0,4
20260908,continuous_h5,60,local,presence_mse,0.00013260761107421084,4
20260908,continuous_h5,60,local,kind_available_values,36.0,4
20260908,continuous_h5,60,local,kind_mse,0.00020142781809576822,4
20260908,continuous_h5,60,local,position_available_values,7.1923076923076925,4
20260908,continuous_h5,60,local,position_mse,0.0004121251085262674,4
20260908,continuous_h5,60,local,motion_available_values,7.1923076923076925,4
20260908,continuous_h5,60,local,motion_mse,0.0008363790573359718,4
20260908,continuous_h5,60,local,parsed_pig_count_absolute_error,0.006245427012730103,4
20260908,continuous_h5,60,local,parsed_block_count_absolute_error,0.021425999701023102,4
20260908,continuous_h5,150,local,mean_available_candidates,13.0,4
20260908,continuous_h5,150,local,carrier_mse,0.0007411969544101829,4
20260908,continuous_h5,150,local,history_available_mse,0.0001493169743599109,4
20260908,continuous_h5,150,local,prior_elapsed_seconds_mse,6.648093124211459e-05,4
20260908,continuous_h5,150,local,availability_bits_mse,0.0012498930868437479,4
20260908,continuous_h5,150,local,presence_available_values,18.0,4
20260908,continuous_h5,150,local,presence_mse,0.0001689604828593124,4
20260908,continuous_h5,150,local,kind_available_values,36.0,4
20260908,continuous_h5,150,local,kind_mse,0.00022345491659227543,4
20260908,continuous_h5,150,local,position_available_values,7.153846153846153,4
20260908,continuous_h5,150,local,position_mse,0.001573614916616442,4
20260908,continuous_h5,150,local,motion_available_values,7.115384615384615,4
20260908,continuous_h5,150,local,motion_mse,0.0011024141397054056,4
20260908,continuous_h5,150,local,parsed_pig_count_absolute_error,0.006269666581199719,4
20260908,continuous_h5,150,local,parsed_block_count_absolute_error,0.021746404469013214,4
20260908,continuous_h5,225,local,mean_available_candidates,13.0,4
20260908,continuous_h5,225,local,carrier_mse,0.0006663648539240687,4
20260908,continuous_h5,225,local,history_available_mse,0.00014981065711065886,4
20260908,continuous_h5,225,local,prior_elapsed_seconds_mse,6.457116116810068e-05,4
20260908,continuous_h5,225,local,availability_bits_mse,0.00109226234585199,4
20260908,continuous_h5,225,local,presence_available_values,18.0,4
20260908,continuous_h5,225,local,presence_mse,0.00024523790866973845,4
20260908,continuous_h5,225,local,kind_available_values,36.0,4
20260908,continuous_h5,225,local,kind_mse,0.00019027327317207193,4
20260908,continuous_h5,225,local,position_available_values,7.153846153846153,4
20260908,continuous_h5,225,local,position_mse,0.00039101025294467737,4
20260908,continuous_h5,225,local,motion_available_values,7.153846153846153,4
20260908,continuous_h5,225,local,motion_mse,0.0014814561324713465,4
20260908,continuous_h5,225,local,parsed_pig_count_absolute_error,0.006472291281590095,4
20260908,continuous_h5,225,local,parsed_block_count_absolute_error,0.031318119512154505,4
20260908,continuous_h5,600,local,mean_available_candidates,13.0,4
20260908,continuous_h5,600,local,carrier_mse,0.0009628968252330266,4
20260908,continuous_h5,600,local,history_available_mse,0.0006175376036687488,4
20260908,continuous_h5,600,local,prior_elapsed_seconds_mse,8.283194909477642e-05,4
20260908,continuous_h5,600,local,availability_bits_mse,0.0007476188248592034,4
20260908,continuous_h5,600,local,presence_available_values,18.0,4
20260908,continuous_h5,600,local,presence_mse,0.00019192363722070764,4
20260908,continuous_h5,600,local,kind_available_values,36.0,4
20260908,continuous_h5,600,local,kind_mse,0.0003104151538326942,4
20260908,continuous_h5,600,local,position_available_values,7.038461538461538,4
20260908,continuous_h5,600,local,position_mse,0.00040696744158944616,4
20260908,continuous_h5,600,local,motion_available_values,7.038461538461538,4
20260908,continuous_h5,600,local,motion_mse,0.012903677880296107,4
20260908,continuous_h5,600,local,parsed_pig_count_absolute_error,0.006731667520048527,4
20260908,continuous_h5,600,local,parsed_block_count_absolute_error,0.023356022169956792,4
20260908,continuous_h15,15,recursive,mean_available_candidates,13.0,4
20260908,continuous_h15,15,recursive,carrier_mse,0.00844184599386958,4
20260908,continuous_h15,15,recursive,history_available_mse,0.035692485479208134,4
20260908,continuous_h15,15,recursive,prior_elapsed_seconds_mse,0.0005095499431123383,4
20260908,continuous_h15,15,recursive,availability_bits_mse,0.018220494286372114,4
20260908,continuous_h15,15,recursive,presence_available_values,18.0,4
20260908,continuous_h15,15,recursive,presence_mse,0.0008055780300100406,4
20260908,continuous_h15,15,recursive,kind_available_values,36.0,4
20260908,continuous_h15,15,recursive,kind_mse,0.0006696324324786054,4
20260908,continuous_h15,15,recursive,position_available_values,7.26923076923077,4
20260908,continuous_h15,15,recursive,position_mse,0.03046188419340559,4
20260908,continuous_h15,15,recursive,motion_available_values,7.230769230769232,4
20260908,continuous_h15,15,recursive,motion_mse,0.003956360777150481,4
20260908,continuous_h15,15,recursive,parsed_pig_count_absolute_error,0.012499554297671868,4
20260908,continuous_h15,15,recursive,parsed_block_count_absolute_error,0.07329965497438724,4
20260908,continuous_h15,30,recursive,mean_available_candidates,13.0,4
20260908,continuous_h15,30,recursive,carrier_mse,0.008460512760883339,4
20260908,continuous_h15,30,recursive,history_available_mse,0.03180370246991515,4
20260908,continuous_h15,30,recursive,prior_elapsed_seconds_mse,0.001528778918257628,4
20260908,continuous_h15,30,recursive,availability_bits_mse,0.017723083693104293,4
20260908,continuous_h15,30,recursive,presence_available_values,18.0,4
20260908,continuous_h15,30,recursive,presence_mse,0.0012271318466026478,4
20260908,continuous_h15,30,recursive,kind_available_values,36.0,4
20260908,continuous_h15,30,recursive,kind_mse,0.0009720106721103477,4
20260908,continuous_h15,30,recursive,position_available_values,7.346153846153847,4
20260908,continuous_h15,30,recursive,position_mse,0.032169103423187226,4
20260908,continuous_h15,30,recursive,motion_available_values,7.346153846153847,4
20260908,continuous_h15,30,recursive,motion_mse,0.002085286593333316,4
20260908,continuous_h15,30,recursive,parsed_pig_count_absolute_error,0.01507125347136305,4
20260908,continuous_h15,30,recursive,parsed_block_count_absolute_error,0.0646145183306474,4
20260908,continuous_h15,60,recursive,mean_available_candidates,13.0,4
20260908,continuous_h15,60,recursive,carrier_mse,0.00839578161517588,4
20260908,continuous_h15,60,recursive,history_available_mse,0.021353897387878254,4
20260908,continuous_h15,60,recursive,prior_elapsed_seconds_mse,0.004173623577046853,4
20260908,continuous_h15,60,recursive,availability_bits_mse,0.01596204563975334,4
20260908,continuous_h15,60,recursive,presence_available_values,18.0,4
20260908,continuous_h15,60,recursive,presence_mse,0.0022334279291009386,4
20260908,continuous_h15,60,recursive,kind_available_values,36.0,4
20260908,continuous_h15,60,recursive,kind_mse,0.0023579542153479103,4
20260908,continuous_h15,60,recursive,position_available_values,7.1923076923076925,4
20260908,continuous_h15,60,recursive,position_mse,0.02760105143757895,4
20260908,continuous_h15,60,recursive,motion_available_values,7.1923076923076925,4
20260908,continuous_h15,60,recursive,motion_mse,0.003486559918830888,4
20260908,continuous_h15,60,recursive,parsed_pig_count_absolute_error,0.022942376000663407,4
20260908,continuous_h15,60,recursive,parsed_block_count_absolute_error,0.04927348001645161,4
20260908,continuous_h15,150,recursive,mean_available_candidates,13.0,4
20260908,continuous_h15,150,recursive,carrier_mse,0.015221844892948864,4
20260908,continuous_h15,150,recursive,history_available_mse,0.005490005317999301,4
20260908,continuous_h15,150,recursive,prior_elapsed_seconds_mse,0.012895084290693587,4
20260908,continuous_h15,150,recursive,availability_bits_mse,0.02161051014151711,4
20260908,continuous_h15,150,recursive,presence_available_values,18.0,4
20260908,continuous_h15,150,recursive,presence_mse,0.010280290896144625,4
20260908,continuous_h15,150,recursive,kind_available_values,36.0,4
20260908,continuous_h15,150,recursive,kind_mse,0.010294431587681174,4
20260908,continuous_h15,150,recursive,position_available_values,7.153846153846153,4
20260908,continuous_h15,150,recursive,position_mse,0.03303230823411678,4
20260908,continuous_h15,150,recursive,motion_available_values,7.115384615384615,4
20260908,continuous_h15,150,recursive,motion_mse,0.0061446917691053106,4
20260908,continuous_h15,150,recursive,parsed_pig_count_absolute_error,0.03169381199404597,4
20260908,continuous_h15,150,recursive,parsed_block_count_absolute_error,0.08766224808417834,4
20260908,continuous_h15,225,recursive,mean_available_candidates,13.0,4
20260908,continuous_h15,225,recursive,carrier_mse,0.026169182338680215,4
20260908,continuous_h15,225,recursive,history_available_mse,0.01523869781382158,4
20260908,continuous_h15,225,recursive,prior_elapsed_seconds_mse,0.02150726864615885,4
20260908,continuous_h15,225,recursive,availability_bits_mse,0.033325674943625934,4
20260908,continuous_h15,225,recursive,presence_available_values,18.0,4
20260908,continuous_h15,225,recursive,presence_mse,0.022068916999090173,4
20260908,continuous_h15,225,recursive,kind_available_values,36.0,4
20260908,continuous_h15,225,recursive,kind_mse,0.020445523102982685,4
20260908,continuous_h15,225,recursive,position_available_values,7.153846153846153,4
20260908,continuous_h15,225,recursive,position_mse,0.04585335554125217,4
20260908,continuous_h15,225,recursive,motion_available_values,7.153846153846153,4
20260908,continuous_h15,225,recursive,motion_mse,0.007441832249661764,4
20260908,continuous_h15,225,recursive,parsed_pig_count_absolute_error,0.04146540730905074,4
20260908,continuous_h15,225,recursive,parsed_block_count_absolute_error,0.133468118424599,4
20260908,continuous_h15,600,recursive,mean_available_candidates,13.0,4
20260908,continuous_h15,600,recursive,carrier_mse,0.17893938147104704,4
20260908,continuous_h15,600,recursive,history_available_mse,0.5342234556491559,4
20260908,continuous_h15,600,recursive,prior_elapsed_seconds_mse,0.10257151178442515,4
20260908,continuous_h15,600,recursive,availability_bits_mse,0.20113244222906917,4
20260908,continuous_h15,600,recursive,presence_available_values,18.0,4
20260908,continuous_h15,600,recursive,presence_mse,0.15889575762244373,4
20260908,continuous_h15,600,recursive,kind_available_values,36.0,4
20260908,continuous_h15,600,recursive,kind_mse,0.19492814145409143,4
20260908,continuous_h15,600,recursive,position_available_values,7.038461538461538,4
20260908,continuous_h15,600,recursive,position_mse,0.21625032247259066,4
20260908,continuous_h15,600,recursive,motion_available_values,7.038461538461538,4
20260908,continuous_h15,600,recursive,motion_mse,0.11797015741467476,4
20260908,continuous_h15,600,recursive,parsed_pig_count_absolute_error,0.05178034022593727,4
20260908,continuous_h15,600,recursive,parsed_block_count_absolute_error,0.3409458960478122,4
20260908,continuous_h15,15,local,mean_available_candidates,13.0,4
20260908,continuous_h15,15,local,carrier_mse,0.00844184599386958,4
20260908,continuous_h15,15,local,history_available_mse,0.035692485479208134,4
20260908,continuous_h15,15,local,prior_elapsed_seconds_mse,0.0005095499431123383,4
20260908,continuous_h15,15,local,availability_bits_mse,0.018220494286372114,4
20260908,continuous_h15,15,local,presence_available_values,18.0,4
20260908,continuous_h15,15,local,presence_mse,0.0008055780300100406,4
20260908,continuous_h15,15,local,kind_available_values,36.0,4
20260908,continuous_h15,15,local,kind_mse,0.0006696324324786054,4
20260908,continuous_h15,15,local,position_available_values,7.26923076923077,4
20260908,continuous_h15,15,local,position_mse,0.03046188419340559,4
20260908,continuous_h15,15,local,motion_available_values,7.230769230769232,4
20260908,continuous_h15,15,local,motion_mse,0.003956360777150481,4
20260908,continuous_h15,15,local,parsed_pig_count_absolute_error,0.012499554297671868,4
20260908,continuous_h15,15,local,parsed_block_count_absolute_error,0.07329965497438724,4
20260908,continuous_h15,30,local,mean_available_candidates,13.0,4
20260908,continuous_h15,30,local,carrier_mse,0.0010510319561245313,4
20260908,continuous_h15,30,local,history_available_mse,0.00038155448113386115,4
20260908,continuous_h15,30,local,prior_elapsed_seconds_mse,7.32071399472016e-05,4
20260908,continuous_h15,30,local,availability_bits_mse,0.0019332619891569125,4
20260908,continuous_h15,30,local,presence_available_values,18.0,4
20260908,continuous_h15,30,local,presence_mse,0.00019140756893858244,4
20260908,continuous_h15,30,local,kind_available_values,36.0,4
20260908,continuous_h15,30,local,kind_mse,0.00020399874917459855,4
20260908,continuous_h15,30,local,position_available_values,7.346153846153847,4
20260908,continuous_h15,30,local,position_mse,0.003660880368932759,4
20260908,continuous_h15,30,local,motion_available_values,7.346153846153847,4
20260908,continuous_h15,30,local,motion_mse,0.0013736016567586027,4
20260908,continuous_h15,30,local,parsed_pig_count_absolute_error,0.008769838497615777,4
20260908,continuous_h15,30,local,parsed_block_count_absolute_error,0.027396179162538968,4
20260908,continuous_h15,60,local,mean_available_candidates,13.0,4
20260908,continuous_h15,60,local,carrier_mse,0.0010126166984823963,4
20260908,continuous_h15,60,local,history_available_mse,0.00022557767944010062,4
20260908,continuous_h15,60,local,prior_elapsed_seconds_mse,7.60638614341229e-05,4
20260908,continuous_h15,60,local,availability_bits_mse,0.0018114421806016113,4
20260908,continuous_h15,60,local,presence_available_values,18.0,4
20260908,continuous_h15,60,local,presence_mse,0.00027400270664657,4
20260908,continuous_h15,60,local,kind_available_values,36.0,4
20260908,continuous_h15,60,local,kind_mse,0.0002299762268543978,4
20260908,continuous_h15,60,local,position_available_values,7.1923076923076925,4
20260908,continuous_h15,60,local,position_mse,0.0003510998875963895,4
20260908,continuous_h15,60,local,motion_available_values,7.1923076923076925,4
20260908,continuous_h15,60,local,motion_mse,0.001054365697760099,4
20260908,continuous_h15,60,local,parsed_pig_count_absolute_error,0.007525048039567012,4
20260908,continuous_h15,60,local,parsed_block_count_absolute_error,0.04492133741195385,4
20260908,continuous_h15,150,local,mean_available_candidates,13.0,4
20260908,continuous_h15,150,local,carrier_mse,0.0011317361719333208,4
20260908,continuous_h15,150,local,history_available_mse,0.0002338010035261872,4
20260908,continuous_h15,150,local,prior_elapsed_seconds_mse,7.973962073748453e-05,4
20260908,continuous_h15,150,local,availability_bits_mse,0.0020043822419561013,4
20260908,continuous_h15,150,local,presence_available_values,18.0,4
20260908,continuous_h15,150,local,presence_mse,0.0002407510997167824,4
20260908,continuous_h15,150,local,kind_available_values,36.0,4
20260908,continuous_h15,150,local,kind_mse,0.00031248185377290397,4
20260908,continuous_h15,150,local,position_available_values,7.153846153846153,4
20260908,continuous_h15,150,local,position_mse,0.001522730446595233,4
20260908,continuous_h15,150,local,motion_available_values,7.115384615384615,4
20260908,continuous_h15,150,local,motion_mse,0.001320423299218349,4
20260908,continuous_h15,150,local,parsed_pig_count_absolute_error,0.008532881880035767,4
20260908,continuous_h15,150,local,parsed_block_count_absolute_error,0.03274680846012555,4
20260908,continuous_h15,225,local,mean_available_candidates,13.0,4
20260908,continuous_h15,225,local,carrier_mse,0.0018923229629133577,4
20260908,continuous_h15,225,local,history_available_mse,0.00035094980551991355,4
20260908,continuous_h15,225,local,prior_elapsed_seconds_mse,7.477847384356877e-05,4
20260908,continuous_h15,225,local,availability_bits_mse,0.003490289696436286,4
20260908,continuous_h15,225,local,presence_available_values,18.0,4
20260908,continuous_h15,225,local,presence_mse,0.00038456681138016464,4
20260908,continuous_h15,225,local,kind_available_values,36.0,4
20260908,continuous_h15,225,local,kind_mse,0.0002805221753918046,4
20260908,continuous_h15,225,local,position_available_values,7.153846153846153,4
20260908,continuous_h15,225,local,position_mse,0.0003410659225594897,4
20260908,continuous_h15,225,local,motion_available_values,7.153846153846153,4
20260908,continuous_h15,225,local,motion_mse,0.0017621439191526198,4
20260908,continuous_h15,225,local,parsed_pig_count_absolute_error,0.008508264767722443,4
20260908,continuous_h15,225,local,parsed_block_count_absolute_error,0.048494524107529566,4
20260908,continuous_h15,600,local,mean_available_candidates,13.0,4
20260908,continuous_h15,600,local,carrier_mse,0.0009805323721733517,4
20260908,continuous_h15,600,local,history_available_mse,0.0006757380418573706,4
20260908,continuous_h15,600,local,prior_elapsed_seconds_mse,8.726956885052317e-05,4
20260908,continuous_h15,600,local,availability_bits_mse,0.000718029585046819,4
20260908,continuous_h15,600,local,presence_available_values,18.0,4
20260908,continuous_h15,600,local,presence_mse,0.00019986443979947717,4
20260908,continuous_h15,600,local,kind_available_values,36.0,4
20260908,continuous_h15,600,local,kind_mse,0.0003014147977620059,4
20260908,continuous_h15,600,local,position_available_values,7.038461538461538,4
20260908,continuous_h15,600,local,position_mse,0.0003550795741970293,4
20260908,continuous_h15,600,local,motion_available_values,7.038461538461538,4
20260908,continuous_h15,600,local,motion_mse,0.013874924119031325,4
20260908,continuous_h15,600,local,parsed_pig_count_absolute_error,0.008808320961319484,4
20260908,continuous_h15,600,local,parsed_block_count_absolute_error,0.024501147751624767,4
20260908,hybrid_continuous_h1,15,recursive,mean_available_candidates,13.0,4
20260908,hybrid_continuous_h1,15,recursive,carrier_mse,0.021758380847481582,4
20260908,hybrid_continuous_h1,15,recursive,history_available_mse,0.00300713406361935,4
20260908,hybrid_continuous_h1,15,recursive,prior_elapsed_seconds_mse,0.002632622027214473,4
20260908,hybrid_continuous_h1,15,recursive,availability_bits_mse,0.027193095284299206,4
20260908,hybrid_continuous_h1,15,recursive,presence_available_values,18.0,4
20260908,hybrid_continuous_h1,15,recursive,presence_mse,0.020682929656826533,4
20260908,hybrid_continuous_h1,15,recursive,kind_available_values,36.0,4
20260908,hybrid_continuous_h1,15,recursive,kind_mse,0.015772690996527672,4
20260908,hybrid_continuous_h1,15,recursive,position_available_values,7.26923076923077,4
20260908,hybrid_continuous_h1,15,recursive,position_mse,0.03875639637072499,4
20260908,hybrid_continuous_h1,15,recursive,motion_available_values,7.230769230769232,4
20260908,hybrid_continuous_h1,15,recursive,motion_mse,0.015528409938829448,4
20260908,hybrid_continuous_h1,15,recursive,parsed_pig_count_absolute_error,0.04055529334940589,4
20260908,hybrid_continuous_h1,15,recursive,parsed_block_count_absolute_error,0.24246090020124728,4
20260908,hybrid_continuous_h1,30,recursive,mean_available_candidates,13.0,4
20260908,hybrid_continuous_h1,30,recursive,carrier_mse,0.06337793522442763,4
20260908,hybrid_continuous_h1,30,recursive,history_available_mse,0.019700929600031277,4
20260908,hybrid_continuous_h1,30,recursive,prior_elapsed_seconds_mse,0.009338625742552372,4
20260908,hybrid_continuous_h1,30,recursive,availability_bits_mse,0.062036813236773014,4
20260908,hybrid_continuous_h1,30,recursive,presence_available_values,18.0,4
20260908,hybrid_continuous_h1,30,recursive,presence_mse,0.07155600225982757,4
20260908,hybrid_continuous_h1,30,recursive,kind_available_values,36.0,4
20260908,hybrid_continuous_h1,30,recursive,kind_mse,0.0570128348011237,4
20260908,hybrid_continuous_h1,30,recursive,position_available_values,7.346153846153847,4
20260908,hybrid_continuous_h1,30,recursive,position_mse,0.11762809832222186,4
20260908,hybrid_continuous_h1,30,recursive,motion_available_values,7.346153846153847,4
20260908,hybrid_continuous_h1,30,recursive,motion_mse,0.05480467721533317,4
20260908,hybrid_continuous_h1,30,recursive,parsed_pig_count_absolute_error,0.054029826791240625,4
20260908,hybrid_continuous_h1,30,recursive,parsed_block_count_absolute_error,0.6022751216705029,4
20260908,hybrid_continuous_h1,60,recursive,mean_available_candidates,13.0,4
20260908,hybrid_continuous_h1,60,recursive,carrier_mse,0.3393806792222537,4
20260908,hybrid_continuous_h1,60,recursive,history_available_mse,0.4718209912176602,4
20260908,hybrid_continuous_h1,60,recursive,prior_elapsed_seconds_mse,0.0623345361270297,4
20260908,hybrid_continuous_h1,60,recursive,availability_bits_mse,0.3337941192663633,4
20260908,hybrid_continuous_h1,60,recursive,presence_available_values,18.0,4
20260908,hybrid_continuous_h1,60,recursive,presence_mse,0.3304380496534018,4
20260908,hybrid_continuous_h1,60,recursive,kind_available_values,36.0,4
20260908,hybrid_continuous_h1,60,recursive,kind_mse,0.3043722894329291,4
20260908,hybrid_continuous_h1,60,recursive,position_available_values,7.1923076923076925,4
20260908,hybrid_continuous_h1,60,recursive,position_mse,0.5631308843596623,4
20260908,hybrid_continuous_h1,60,recursive,motion_available_values,7.1923076923076925,4
20260908,hybrid_continuous_h1,60,recursive,motion_mse,0.3579538063361095,4
20260908,hybrid_continuous_h1,60,recursive,parsed_pig_count_absolute_error,0.05307455976995139,4
20260908,hybrid_continuous_h1,60,recursive,parsed_block_count_absolute_error,1.740393800804248,4
20260908,hybrid_continuous_h1,150,recursive,mean_available_candidates,13.0,4
20260908,hybrid_continuous_h1,150,recursive,carrier_mse,92.35861118023212,4
20260908,hybrid_continuous_h1,150,recursive,history_available_mse,96.200023155946,4
20260908,hybrid_continuous_h1,150,recursive,prior_elapsed_seconds_mse,6.618107156111645,4
20260908,hybrid_continuous_h1,150,recursive,availability_bits_mse,99.64062089186447,4
20260908,hybrid_continuous_h1,150,recursive,presence_available_values,18.0,4
20260908,hybrid_continuous_h1,150,recursive,presence_mse,82.92498324467587,4
20260908,hybrid_continuous_h1,150,recursive,kind_available_values,36.0,4
20260908,hybrid_continuous_h1,150,recursive,kind_mse,100.23935105250432,4
20260908,hybrid_continuous_h1,150,recursive,position_available_values,7.153846153846153,4
20260908,hybrid_continuous_h1,150,recursive,position_mse,54.74199379407443,4
20260908,hybrid_continuous_h1,150,recursive,motion_available_values,7.115384615384615,4
20260908,hybrid_continuous_h1,150,recursive,motion_mse,50.87486646725581,4
20260908,hybrid_continuous_h1,150,recursive,parsed_pig_count_absolute_error,0.05342316806602936,4
20260908,hybrid_continuous_h1,150,recursive,parsed_block_count_absolute_error,0.8156703567275635,4
20260908,hybrid_continuous_h1,225,recursive,mean_available_candidates,13.0,4
20260908,hybrid_continuous_h1,225,recursive,carrier_mse,1609.8912846491887,4
20260908,hybrid_continuous_h1,225,recursive,history_available_mse,171.8625944210933,4
20260908,hybrid_continuous_h1,225,recursive,prior_elapsed_seconds_mse,98.38342062326578,4
20260908,hybrid_continuous_h1,225,recursive,availability_bits_mse,1916.732943021334,4
20260908,hybrid_continuous_h1,225,recursive,presence_available_values,18.0,4
20260908,hybrid_continuous_h1,225,recursive,presence_mse,2201.638197678786,4
20260908,hybrid_continuous_h1,225,recursive,kind_available_values,36.0,4
20260908,hybrid_continuous_h1,225,recursive,kind_mse,1746.6899367112383,4
20260908,hybrid_continuous_h1,225,recursive,position_available_values,7.153846153846153,4
20260908,hybrid_continuous_h1,225,recursive,position_mse,773.74478325477,4
20260908,hybrid_continuous_h1,225,recursive,motion_available_values,7.153846153846153,4
20260908,hybrid_continuous_h1,225,recursive,motion_mse,559.3132752638596,4
20260908,hybrid_continuous_h1,225,recursive,parsed_pig_count_absolute_error,0.05472629345380342,4
20260908,hybrid_continuous_h1,225,recursive,parsed_block_count_absolute_error,1.5234148450768912,4
20260908,hybrid_continuous_h1,600,recursive,mean_available_candidates,13.0,4
20260908,hybrid_continuous_h1,600,recursive,carrier_mse,40931.81858473558,4
20260908,hybrid_continuous_h1,600,recursive,history_available_mse,107885.95132211539,4
20260908,hybrid_continuous_h1,600,recursive,prior_elapsed_seconds_mse,6951.2054443359375,4
20260908,hybrid_continuous_h1,600,recursive,availability_bits_mse,46398.5009765625,4
20260908,hybrid_continuous_h1,600,recursive,presence_available_values,18.0,4
20260908,hybrid_continuous_h1,600,recursive,presence_mse,71107.21732271634,4
20260908,hybrid_continuous_h1,600,recursive,kind_available_values,36.0,4
20260908,hybrid_continuous_h1,600,recursive,kind_mse,40159.63401442308,4
20260908,hybrid_continuous_h1,600,recursive,position_available_values,7.038461538461538,4
20260908,hybrid_continuous_h1,600,recursive,position_mse,22050.743727463945,4
20260908,hybrid_continuous_h1,600,recursive,motion_available_values,7.038461538461538,4
20260908,hybrid_continuous_h1,600,recursive,motion_mse,18973.399198091945,4
20260908,hybrid_continuous_h1,600,recursive,parsed_pig_count_absolute_error,0.05352701390018829,4
20260908,hybrid_continuous_h1,600,recursive,parsed_block_count_absolute_error,1.6223671424847383,4
20260908,hybrid_continuous_h1,15,local,mean_available_candidates,13.0,4
20260908,hybrid_continuous_h1,15,local,carrier_mse,0.0006974479222732884,4
20260908,hybrid_continuous_h1,15,local,history_available_mse,0.0007494885144138353,4
20260908,hybrid_continuous_h1,15,local,prior_elapsed_seconds_mse,0.00010837806114348216,4
20260908,hybrid_continuous_h1,15,local,availability_bits_mse,0.0008491612170473671,4
20260908,hybrid_continuous_h1,15,local,presence_available_values,18.0,4
20260908,hybrid_continuous_h1,15,local,presence_mse,0.0001648923309683316,4
20260908,hybrid_continuous_h1,15,local,kind_available_values,36.0,4
20260908,hybrid_continuous_h1,15,local,kind_mse,0.0001712904014801517,4
20260908,hybrid_continuous_h1,15,local,position_available_values,7.26923076923077,4
20260908,hybrid_continuous_h1,15,local,position_mse,0.00191645854017854,4
20260908,hybrid_continuous_h1,15,local,motion_available_values,7.230769230769232,4
20260908,hybrid_continuous_h1,15,local,motion_mse,0.003904197067290974,4
20260908,hybrid_continuous_h1,15,local,parsed_pig_count_absolute_error,0.0057201124011324,4
20260908,hybrid_continuous_h1,15,local,parsed_block_count_absolute_error,0.022446199678457703,4
20260908,hybrid_continuous_h1,30,local,mean_available_candidates,13.0,4
20260908,hybrid_continuous_h1,30,local,carrier_mse,0.00030798725604724424,4
20260908,hybrid_continuous_h1,30,local,history_available_mse,0.0004437906822397727,4
20260908,hybrid_continuous_h1,30,local,prior_elapsed_seconds_mse,0.00010370984073933169,4
20260908,hybrid_continuous_h1,30,local,availability_bits_mse,0.00027797574624016235,4
20260908,hybrid_continuous_h1,30,local,presence_available_values,18.0,4
20260908,hybrid_continuous_h1,30,local,presence_mse,0.0001514046678214352,4
20260908,hybrid_continuous_h1,30,local,kind_available_values,36.0,4
20260908,hybrid_continuous_h1,30,local,kind_mse,0.00013509109073940915,4
20260908,hybrid_continuous_h1,30,local,position_available_values,7.346153846153847,4
20260908,hybrid_continuous_h1,30,local,position_mse,0.00014184555388615432,4
20260908,hybrid_continuous_h1,30,local,motion_available_values,7.346153846153847,4
20260908,hybrid_continuous_h1,30,local,motion_mse,0.0019471660175790582,4
20260908,hybrid_continuous_h1,30,local,parsed_pig_count_absolute_error,0.004701696336269379,4
20260908,hybrid_continuous_h1,30,local,parsed_block_count_absolute_error,0.02250617169416868,4
20260908,hybrid_continuous_h1,60,local,mean_available_candidates,13.0,4
20260908,hybrid_continuous_h1,60,local,carrier_mse,0.00032372791079419234,4
20260908,hybrid_continuous_h1,60,local,history_available_mse,0.0004617992006687315,4
20260908,hybrid_continuous_h1,60,local,prior_elapsed_seconds_mse,0.00010769684989169876,4
20260908,hybrid_continuous_h1,60,local,availability_bits_mse,0.0002792974723538814,4
20260908,hybrid_continuous_h1,60,local,presence_available_values,18.0,4
20260908,hybrid_continuous_h1,60,local,presence_mse,0.00015359189008170058,4
20260908,hybrid_continuous_h1,60,local,kind_available_values,36.0,4
20260908,hybrid_continuous_h1,60,local,kind_mse,0.00013551622564241718,4
20260908,hybrid_continuous_h1,60,local,position_available_values,7.1923076923076925,4
20260908,hybrid_continuous_h1,60,local,position_mse,0.00014118557786647356,4
20260908,hybrid_continuous_h1,60,local,motion_available_values,7.1923076923076925,4
20260908,hybrid_continuous_h1,60,local,motion_mse,0.0022936070521469587,4
20260908,hybrid_continuous_h1,60,local,parsed_pig_count_absolute_error,0.004737637507227751,4
20260908,hybrid_continuous_h1,60,local,parsed_block_count_absolute_error,0.02172282051581603,4
20260908,hybrid_continuous_h1,150,local,mean_available_candidates,13.0,4
20260908,hybrid_continuous_h1,150,local,carrier_mse,0.0006344328704961719,4
20260908,hybrid_continuous_h1,150,local,history_available_mse,0.0004882239004757593,4
20260908,hybrid_continuous_h1,150,local,prior_elapsed_seconds_mse,0.00010988483563778573,4
20260908,hybrid_continuous_h1,150,local,availability_bits_mse,0.0008949164808794963,4
20260908,hybrid_continuous_h1,150,local,presence_available_values,18.0,4
20260908,hybrid_continuous_h1,150,local,presence_mse,0.00015950362103467342,4
20260908,hybrid_continuous_h1,150,local,kind_available_values,36.0,4
20260908,hybrid_continuous_h1,150,local,kind_mse,0.000158248894177422,4
20260908,hybrid_continuous_h1,150,local,position_available_values,7.153846153846153,4
20260908,hybrid_continuous_h1,150,local,position_mse,0.0013277657413149986,4
20260908,hybrid_continuous_h1,150,local,motion_available_values,7.115384615384615,4
20260908,hybrid_continuous_h1,150,local,motion_mse,0.0022621696888773628,4
20260908,hybrid_continuous_h1,150,local,parsed_pig_count_absolute_error,0.004677841941324565,4
20260908,hybrid_continuous_h1,150,local,parsed_block_count_absolute_error,0.022083969643482793,4
20260908,hybrid_continuous_h1,225,local,mean_available_candidates,13.0,4
20260908,hybrid_continuous_h1,225,local,carrier_mse,0.00033517669726279564,4
20260908,hybrid_continuous_h1,225,local,history_available_mse,0.0004983176248768172,4
20260908,hybrid_continuous_h1,225,local,prior_elapsed_seconds_mse,0.00011092863710998173,4
20260908,hybrid_continuous_h1,225,local,availability_bits_mse,0.00028258027892801555,4
20260908,hybrid_continuous_h1,225,local,presence_available_values,18.0,4
20260908,hybrid_continuous_h1,225,local,presence_mse,0.00017443741293950903,4
20260908,hybrid_continuous_h1,225,local,kind_available_values,36.0,4
20260908,hybrid_continuous_h1,225,local,kind_mse,0.00015446735666885687,4
20260908,hybrid_continuous_h1,225,local,position_available_values,7.153846153846153,4
20260908,hybrid_continuous_h1,225,local,position_mse,0.00014369348788862297,4
20260908,hybrid_continuous_h1,225,local,motion_available_values,7.153846153846153,4
20260908,hybrid_continuous_h1,225,local,motion_mse,0.0023356226626604507,4
20260908,hybrid_continuous_h1,225,local,parsed_pig_count_absolute_error,0.00469862397473592,4
20260908,hybrid_continuous_h1,225,local,parsed_block_count_absolute_error,0.025939985536611997,4
20260908,hybrid_continuous_h1,600,local,mean_available_candidates,13.0,4
20260908,hybrid_continuous_h1,600,local,carrier_mse,0.0006267108323159986,4
20260908,hybrid_continuous_h1,600,local,history_available_mse,0.0006836820389928961,4
20260908,hybrid_continuous_h1,600,local,prior_elapsed_seconds_mse,0.00016388771382480627,4
20260908,hybrid_continuous_h1,600,local,availability_bits_mse,0.0003502605972104133,4
20260908,hybrid_continuous_h1,600,local,presence_available_values,18.0,4
20260908,hybrid_continuous_h1,600,local,presence_mse,0.00018560600284007914,4
20260908,hybrid_continuous_h1,600,local,kind_available_values,36.0,4
20260908,hybrid_continuous_h1,600,local,kind_mse,0.00016959423429887887,4
20260908,hybrid_continuous_h1,600,local,position_available_values,7.038461538461538,4
20260908,hybrid_continuous_h1,600,local,position_mse,0.00017012872026848176,4
20260908,hybrid_continuous_h1,600,local,motion_available_values,7.038461538461538,4
20260908,hybrid_continuous_h1,600,local,motion_mse,0.00866802750253835,4
20260908,hybrid_continuous_h1,600,local,parsed_pig_count_absolute_error,0.005265325880967654,4
20260908,hybrid_continuous_h1,600,local,parsed_block_count_absolute_error,0.023100372690420888,4
20260908,hybrid_micro_h1,15,recursive,mean_available_candidates,13.0,4
20260908,hybrid_micro_h1,15,recursive,carrier_mse,0.021889713073435884,4
20260908,hybrid_micro_h1,15,recursive,history_available_mse,0.008386603762538962,4
20260908,hybrid_micro_h1,15,recursive,prior_elapsed_seconds_mse,0.0001815832500696467,4
20260908,hybrid_micro_h1,15,recursive,availability_bits_mse,0.027779866009950634,4
20260908,hybrid_micro_h1,15,recursive,presence_available_values,18.0,4
20260908,hybrid_micro_h1,15,recursive,presence_mse,0.020157579511690598,4
20260908,hybrid_micro_h1,15,recursive,kind_available_values,36.0,4
20260908,hybrid_micro_h1,15,recursive,kind_mse,0.01643903820345608,4
20260908,hybrid_micro_h1,15,recursive,position_available_values,7.26923076923077,4
20260908,hybrid_micro_h1,15,recursive,position_mse,0.04416068532289221,4
20260908,hybrid_micro_h1,15,recursive,motion_available_values,7.230769230769232,4
20260908,hybrid_micro_h1,15,recursive,motion_mse,0.015642593740127407,4
20260908,hybrid_micro_h1,15,recursive,parsed_pig_count_absolute_error,0.03285657059257993,4
20260908,hybrid_micro_h1,15,recursive,parsed_block_count_absolute_error,0.2555738200361912,4
20260908,hybrid_micro_h1,30,recursive,mean_available_candidates,13.0,4
20260908,hybrid_micro_h1,30,recursive,carrier_mse,0.06568254408641504,4
20260908,hybrid_micro_h1,30,recursive,history_available_mse,0.015238556813878508,4
20260908,hybrid_micro_h1,30,recursive,prior_elapsed_seconds_mse,0.0024346699020288023,4
20260908,hybrid_micro_h1,30,recursive,availability_bits_mse,0.06642645575965826,4
20260908,hybrid_micro_h1,30,recursive,presence_available_values,18.0,4
20260908,hybrid_micro_h1,30,recursive,presence_mse,0.07211495412943456,4
20260908,hybrid_micro_h1,30,recursive,kind_available_values,36.0,4
20260908,hybrid_micro_h1,30,recursive,kind_mse,0.06175273212675865,4
20260908,hybrid_micro_h1,30,recursive,position_available_values,7.346153846153847,4
20260908,hybrid_micro_h1,30,recursive,position_mse,0.14026518452626005,4
20260908,hybrid_micro_h1,30,recursive,motion_available_values,7.346153846153847,4
20260908,hybrid_micro_h1,30,recursive,motion_mse,0.057819857405355335,4
20260908,hybrid_micro_h1,30,recursive,parsed_pig_count_absolute_error,0.05355502460868313,4
20260908,hybrid_micro_h1,30,recursive,parsed_block_count_absolute_error,0.6468873551258674,4
20260908,hybrid_micro_h1,60,recursive,mean_available_candidates,13.0,4
20260908,hybrid_micro_h1,60,recursive,carrier_mse,0.3722794743684622,4
20260908,hybrid_micro_h1,60,recursive,history_available_mse,0.4695433359951354,4
20260908,hybrid_micro_h1,60,recursive,prior_elapsed_seconds_mse,0.035576801491865456,4
20260908,hybrid_micro_h1,60,recursive,availability_bits_mse,0.38665678352117544,4
20260908,hybrid_micro_h1,60,recursive,presence_available_values,18.0,4
20260908,hybrid_micro_h1,60,recursive,presence_mse,0.327646287301412,4
20260908,hybrid_micro_h1,60,recursive,kind_available_values,36.0,4
20260908,hybrid_micro_h1,60,recursive,kind_mse,0.31201260135723996,4
20260908,hybrid_micro_h1,60,recursive,position_available_values,7.1923076923076925,4
20260908,hybrid_micro_h1,60,recursive,position_mse,0.7876551804634241,4
20260908,hybrid_micro_h1,60,recursive,motion_available_values,7.1923076923076925,4
20260908,hybrid_micro_h1,60,recursive,motion_mse,0.36587441483369243,4
20260908,hybrid_micro_h1,60,recursive,parsed_pig_count_absolute_error,0.05307455976995139,4
20260908,hybrid_micro_h1,60,recursive,parsed_block_count_absolute_error,1.747995788661333,4
20260908,hybrid_micro_h1,150,recursive,mean_available_candidates,13.0,4
20260908,hybrid_micro_h1,150,recursive,carrier_mse,103.51426197932318,4
20260908,hybrid_micro_h1,150,recursive,history_available_mse,30.90775859355927,4
20260908,hybrid_micro_h1,150,recursive,prior_elapsed_seconds_mse,3.2252875873818994,4
20260908,hybrid_micro_h1,150,recursive,availability_bits_mse,118.52815921490009,4
20260908,hybrid_micro_h1,150,recursive,presence_available_values,18.0,4
20260908,hybrid_micro_h1,150,recursive,presence_mse,104.05502744821402,4
20260908,hybrid_micro_h1,150,recursive,kind_available_values,36.0,4
20260908,hybrid_micro_h1,150,recursive,kind_mse,98.98419688298152,4
20260908,hybrid_micro_h1,150,recursive,position_available_values,7.153846153846153,4
20260908,hybrid_micro_h1,150,recursive,position_mse,60.130734553703896,4
20260908,hybrid_micro_h1,150,recursive,motion_available_values,7.115384615384615,4
20260908,hybrid_micro_h1,150,recursive,motion_mse,55.4397238951463,4
20260908,hybrid_micro_h1,150,recursive,parsed_pig_count_absolute_error,0.05342316806602936,4
20260908,hybrid_micro_h1,150,recursive,parsed_block_count_absolute_error,0.5898973454649632,4
20260908,hybrid_micro_h1,225,recursive,mean_available_candidates,13.0,4
20260908,hybrid_micro_h1,225,recursive,carrier_mse,1691.410869891827,4
20260908,hybrid_micro_h1,225,recursive,history_available_mse,557.6740507529331,4
20260908,hybrid_micro_h1,225,recursive,prior_elapsed_seconds_mse,41.24465637940627,4
20260908,hybrid_micro_h1,225,recursive,availability_bits_mse,2008.3296015812798,4
20260908,hybrid_micro_h1,225,recursive,presence_available_values,18.0,4
20260908,hybrid_micro_h1,225,recursive,presence_mse,2525.7300814115088,4
20260908,hybrid_micro_h1,225,recursive,kind_available_values,36.0,4
20260908,hybrid_micro_h1,225,recursive,kind_mse,1666.329092172476,4
20260908,hybrid_micro_h1,225,recursive,position_available_values,7.153846153846153,4
20260908,hybrid_micro_h1,225,recursive,position_mse,836.3902493990386,4
20260908,hybrid_micro_h1,225,recursive,motion_available_values,7.153846153846153,4
20260908,hybrid_micro_h1,225,recursive,motion_mse,774.7445156390851,4
20260908,hybrid_micro_h1,225,recursive,parsed_pig_count_absolute_error,0.05472629345380342,4
20260908,hybrid_micro_h1,225,recursive,parsed_block_count_absolute_error,1.097964845597744,4
20260908,hybrid_micro_h1,600,recursive,mean_available_candidates,13.0,4
20260908,hybrid_micro_h1,600,recursive,carrier_mse,41106.56460336538,4
20260908,hybrid_micro_h1,600,recursive,history_available_mse,107145.64753605769,4
20260908,hybrid_micro_h1,600,recursive,prior_elapsed_seconds_mse,4432.9375422551075,4
20260908,hybrid_micro_h1,600,recursive,availability_bits_mse,45031.73865685096,4
20260908,hybrid_micro_h1,600,recursive,presence_available_values,18.0,4
20260908,hybrid_micro_h1,600,recursive,presence_mse,72218.23407451923,4
20260908,hybrid_micro_h1,600,recursive,kind_available_values,36.0,4
20260908,hybrid_micro_h1,600,recursive,kind_mse,36850.33631310096,4
20260908,hybrid_micro_h1,600,recursive,position_available_values,7.038461538461538,4
20260908,hybrid_micro_h1,600,recursive,position_mse,24446.484412560094,4
20260908,hybrid_micro_h1,600,recursive,motion_available_values,7.038461538461538,4
20260908,hybrid_micro_h1,600,recursive,motion_mse,29068.32771183894,4
20260908,hybrid_micro_h1,600,recursive,parsed_pig_count_absolute_error,0.05352701390018829,4
20260908,hybrid_micro_h1,600,recursive,parsed_block_count_absolute_error,1.1615709100778286,4
20260908,hybrid_micro_h1,15,local,mean_available_candidates,13.0,4
20260908,hybrid_micro_h1,15,local,carrier_mse,0.0006979927230321873,4
20260908,hybrid_micro_h1,15,local,history_available_mse,0.0007673741705196754,4
20260908,hybrid_micro_h1,15,local,prior_elapsed_seconds_mse,2.3594735962093264e-05,4
20260908,hybrid_micro_h1,15,local,availability_bits_mse,0.000856237320616716,4
20260908,hybrid_micro_h1,15,local,presence_available_values,18.0,4
20260908,hybrid_micro_h1,15,local,presence_mse,0.00017485021621373913,4
20260908,hybrid_micro_h1,15,local,kind_available_values,36.0,4
20260908,hybrid_micro_h1,15,local,kind_mse,0.0001583074401703645,4
20260908,hybrid_micro_h1,15,local,position_available_values,7.26923076923077,4
20260908,hybrid_micro_h1,15,local,position_mse,0.0019695814553415403,4
20260908,hybrid_micro_h1,15,local,motion_available_values,7.230769230769232,4
20260908,hybrid_micro_h1,15,local,motion_mse,0.004047056658936735,4
20260908,hybrid_micro_h1,15,local,parsed_pig_count_absolute_error,0.007388897168521697,4
20260908,hybrid_micro_h1,15,local,parsed_block_count_absolute_error,0.018407302980239574,4
20260908,hybrid_micro_h1,30,local,mean_available_candidates,13.0,4
20260908,hybrid_micro_h1,30,local,carrier_mse,0.0003089669992802486,4
20260908,hybrid_micro_h1,30,local,history_available_mse,0.00045631204041995943,4
20260908,hybrid_micro_h1,30,local,prior_elapsed_seconds_mse,1.9217340777161622e-05,4
20260908,hybrid_micro_h1,30,local,availability_bits_mse,0.0002842820456582838,4
20260908,hybrid_micro_h1,30,local,presence_available_values,18.0,4
20260908,hybrid_micro_h1,30,local,presence_mse,0.00016222801115453386,4
20260908,hybrid_micro_h1,30,local,kind_available_values,36.0,4
20260908,hybrid_micro_h1,30,local,kind_mse,0.00012179963750196084,4
20260908,hybrid_micro_h1,30,local,position_available_values,7.346153846153847,4
20260908,hybrid_micro_h1,30,local,position_mse,0.00017802166369689917,4
20260908,hybrid_micro_h1,30,local,motion_available_values,7.346153846153847,4
20260908,hybrid_micro_h1,30,local,motion_mse,0.0020941489425380356,4
20260908,hybrid_micro_h1,30,local,parsed_pig_count_absolute_error,0.006224870108641111,4
20260908,hybrid_micro_h1,30,local,parsed_block_count_absolute_error,0.017806568971047036,4
20260908,hybrid_micro_h1,60,local,mean_available_candidates,13.0,4
20260908,hybrid_micro_h1,60,local,carrier_mse,0.0003247680212482989,4
20260908,hybrid_micro_h1,60,local,history_available_mse,0.00047484277231673715,4
20260908,hybrid_micro_h1,60,local,prior_elapsed_seconds_mse,2.0556290246801587e-05,4
20260908,hybrid_micro_h1,60,local,availability_bits_mse,0.0002852434115014218,4
20260908,hybrid_micro_h1,60,local,presence_available_values,18.0,4
20260908,hybrid_micro_h1,60,local,presence_mse,0.00016344442883564625,4
20260908,hybrid_micro_h1,60,local,kind_available_values,36.0,4
20260908,hybrid_micro_h1,60,local,kind_mse,0.00012223812168835697,4
20260908,hybrid_micro_h1,60,local,position_available_values,7.1923076923076925,4
20260908,hybrid_micro_h1,60,local,position_mse,0.0001772858490417443,4
20260908,hybrid_micro_h1,60,local,motion_available_values,7.1923076923076925,4
20260908,hybrid_micro_h1,60,local,motion_mse,0.002453823540306005,4
20260908,hybrid_micro_h1,60,local,parsed_pig_count_absolute_error,0.006250064103649212,4
20260908,hybrid_micro_h1,60,local,parsed_block_count_absolute_error,0.017052348416585192,4
20260908,hybrid_micro_h1,150,local,mean_available_candidates,13.0,4
20260908,hybrid_micro_h1,150,local,carrier_mse,0.0006342427253772398,4
20260908,hybrid_micro_h1,150,local,history_available_mse,0.0005018310353451538,4
20260908,hybrid_micro_h1,150,local,prior_elapsed_seconds_mse,2.136921468569415e-05,4
20260908,hybrid_micro_h1,150,local,availability_bits_mse,0.0008997783392820007,4
20260908,hybrid_micro_h1,150,local,presence_available_values,18.0,4
20260908,hybrid_micro_h1,150,local,presence_mse,0.00016897285212717878,4
20260908,hybrid_micro_h1,150,local,kind_available_values,36.0,4
20260908,hybrid_micro_h1,150,local,kind_mse,0.0001451607691146469,4
20260908,hybrid_micro_h1,150,local,position_available_values,7.153846153846153,4
20260908,hybrid_micro_h1,150,local,position_mse,0.001377960340995252,4
20260908,hybrid_micro_h1,150,local,motion_available_values,7.115384615384615,4
20260908,hybrid_micro_h1,150,local,motion_mse,0.002406346907194417,4
20260908,hybrid_micro_h1,150,local,parsed_pig_count_absolute_error,0.006107194564090325,4
20260908,hybrid_micro_h1,150,local,parsed_block_count_absolute_error,0.017843806399748877,4
20260908,hybrid_micro_h1,225,local,mean_available_candidates,13.0,4
20260908,hybrid_micro_h1,225,local,carrier_mse,0.00033599998949704546,4
20260908,hybrid_micro_h1,225,local,history_available_mse,0.0005121714348182383,4
20260908,hybrid_micro_h1,225,local,prior_elapsed_seconds_mse,2.4167609644112056e-05,4
20260908,hybrid_micro_h1,225,local,availability_bits_mse,0.0002885224950240137,4
20260908,hybrid_micro_h1,225,local,presence_available_values,18.0,4
20260908,hybrid_micro_h1,225,local,presence_mse,0.0001838110969961585,4
20260908,hybrid_micro_h1,225,local,kind_available_values,36.0,4
20260908,hybrid_micro_h1,225,local,kind_mse,0.00014137007299443492,4
20260908,hybrid_micro_h1,225,local,position_available_values,7.153846153846153,4
20260908,hybrid_micro_h1,225,local,position_mse,0.00018000256778367865,4
20260908,hybrid_micro_h1,225,local,motion_available_values,7.153846153846153,4
20260908,hybrid_micro_h1,225,local,motion_mse,0.0024911439843260897,4
20260908,hybrid_micro_h1,225,local,parsed_pig_count_absolute_error,0.006163904729944009,4
20260908,hybrid_micro_h1,225,local,parsed_block_count_absolute_error,0.021667556693920724,4
20260908,hybrid_micro_h1,600,local,mean_available_candidates,13.0,4
20260908,hybrid_micro_h1,600,local,carrier_mse,0.0006244582783927819,4
20260908,hybrid_micro_h1,600,local,history_available_mse,0.0006983926057363678,4
20260908,hybrid_micro_h1,600,local,prior_elapsed_seconds_mse,6.371142092286542e-05,4
20260908,hybrid_micro_h1,600,local,availability_bits_mse,0.00035183956872340507,4
20260908,hybrid_micro_h1,600,local,presence_available_values,18.0,4
20260908,hybrid_micro_h1,600,local,presence_mse,0.00019209319109974714,4
20260908,hybrid_micro_h1,600,local,kind_available_values,36.0,4
20260908,hybrid_micro_h1,600,local,kind_mse,0.00015373866993356316,4
20260908,hybrid_micro_h1,600,local,position_available_values,7.038461538461538,4
20260908,hybrid_micro_h1,600,local,position_mse,0.00020274358002307755,4
20260908,hybrid_micro_h1,600,local,motion_available_values,7.038461538461538,4
20260908,hybrid_micro_h1,600,local,motion_mse,0.008878815584466793,4
20260908,hybrid_micro_h1,600,local,parsed_pig_count_absolute_error,0.006420040932985453,4
20260908,hybrid_micro_h1,600,local,parsed_block_count_absolute_error,0.018529176138914544,4
20260908,hybrid_macro_h1,15,recursive,mean_available_candidates,13.0,4
20260908,hybrid_macro_h1,15,recursive,carrier_mse,0.026124076667026833,4
20260908,hybrid_macro_h1,15,recursive,history_available_mse,0.003869987292161498,4
20260908,hybrid_macro_h1,15,recursive,prior_elapsed_seconds_mse,0.0028201024430177203,4
20260908,hybrid_macro_h1,15,recursive,availability_bits_mse,0.03457303176848934,4
20260908,hybrid_macro_h1,15,recursive,presence_available_values,18.0,4
20260908,hybrid_macro_h1,15,recursive,presence_mse,0.03587434028920073,4
20260908,hybrid_macro_h1,15,recursive,kind_available_values,36.0,4
20260908,hybrid_macro_h1,15,recursive,kind_mse,0.014662229187356738,4
20260908,hybrid_macro_h1,15,recursive,position_available_values,7.26923076923077,4
20260908,hybrid_macro_h1,15,recursive,position_mse,0.04519689616818841,4
20260908,hybrid_macro_h1,15,recursive,motion_available_values,7.230769230769232,4
20260908,hybrid_macro_h1,15,recursive,motion_mse,0.0229970679546778,4
20260908,hybrid_macro_h1,15,recursive,parsed_pig_count_absolute_error,0.07664919608774093,4
20260908,hybrid_macro_h1,15,recursive,parsed_block_count_absolute_error,0.2981408404616209,4
20260908,hybrid_macro_h1,30,recursive,mean_available_candidates,13.0,4
20260908,hybrid_macro_h1,30,recursive,carrier_mse,0.07696536054404882,4
20260908,hybrid_macro_h1,30,recursive,history_available_mse,0.0012937374383914,4
20260908,hybrid_macro_h1,30,recursive,prior_elapsed_seconds_mse,0.015034865404371746,4
20260908,hybrid_macro_h1,30,recursive,availability_bits_mse,0.0916120266685119,4
20260908,hybrid_macro_h1,30,recursive,presence_available_values,18.0,4
20260908,hybrid_macro_h1,30,recursive,presence_mse,0.11621423782064365,4
20260908,hybrid_macro_h1,30,recursive,kind_available_values,36.0,4
20260908,hybrid_macro_h1,30,recursive,kind_mse,0.049266039537122615,4
20260908,hybrid_macro_h1,30,recursive,position_available_values,7.346153846153847,4
20260908,hybrid_macro_h1,30,recursive,position_mse,0.10583553620829034,4
20260908,hybrid_macro_h1,30,recursive,motion_available_values,7.346153846153847,4
20260908,hybrid_macro_h1,30,recursive,motion_mse,0.07417247666475865,4
20260908,hybrid_macro_h1,30,recursive,parsed_pig_count_absolute_error,0.14395109019600427,4
20260908,hybrid_macro_h1,30,recursive,parsed_block_count_absolute_error,0.5982485528175647,4
20260908,hybrid_macro_h1,60,recursive,mean_available_candidates,13.0,4
20260908,hybrid_macro_h1,60,recursive,carrier_mse,0.3037217855453491,4
20260908,hybrid_macro_h1,60,recursive,history_available_mse,0.0038404362528450084,4
20260908,hybrid_macro_h1,60,recursive,prior_elapsed_seconds_mse,0.0520001875948555,4
20260908,hybrid_macro_h1,60,recursive,availability_bits_mse,0.3265231486696464,4
20260908,hybrid_macro_h1,60,recursive,presence_available_values,18.0,4
20260908,hybrid_macro_h1,60,recursive,presence_mse,0.4140332811153852,4
20260908,hybrid_macro_h1,60,recursive,kind_available_values,36.0,4
20260908,hybrid_macro_h1,60,recursive,kind_mse,0.2645763485477521,4
20260908,hybrid_macro_h1,60,recursive,position_available_values,7.1923076923076925,4
20260908,hybrid_macro_h1,60,recursive,position_mse,0.45696653253757036,4
20260908,hybrid_macro_h1,60,recursive,motion_available_values,7.1923076923076925,4
20260908,hybrid_macro_h1,60,recursive,motion_mse,0.36682701454712796,4
20260908,hybrid_macro_h1,60,recursive,parsed_pig_count_absolute_error,0.23960949795750472,4
20260908,hybrid_macro_h1,60,recursive,parsed_block_count_absolute_error,1.2934410589245648,4
20260908,hybrid_macro_h1,150,recursive,mean_available_candidates,13.0,4
20260908,hybrid_macro_h1,150,recursive,carrier_mse,6.599385499954224,4
20260908,hybrid_macro_h1,150,recursive,history_available_mse,8.402985619161672,4
20260908,hybrid_macro_h1,150,recursive,prior_elapsed_seconds_mse,0.40846864112581194,4
20260908,hybrid_macro_h1,150,recursive,availability_bits_mse,6.917286111758306,4
20260908,hybrid_macro_h1,150,recursive,presence_available_values,18.0,4
20260908,hybrid_macro_h1,150,recursive,presence_mse,7.589439823077276,4
20260908,hybrid_macro_h1,150,recursive,kind_available_values,36.0,4
20260908,hybrid_macro_h1,150,recursive,kind_mse,6.310478586416979,4
20260908,hybrid_macro_h1,150,recursive,position_available_values,7.153846153846153,4
20260908,hybrid_macro_h1,150,recursive,position_mse,14.04674088037931,4
20260908,hybrid_macro_h1,150,recursive,motion_available_values,7.115384615384615,4
20260908,hybrid_macro_h1,150,recursive,motion_mse,4.55573324056772,4
20260908,hybrid_macro_h1,150,recursive,parsed_pig_count_absolute_error,0.27798613640837944,4
20260908,hybrid_macro_h1,150,recursive,parsed_block_count_absolute_error,0.5947819802050407,4
20260908,hybrid_macro_h1,225,recursive,mean_available_candidates,13.0,4
20260908,hybrid_macro_h1,225,recursive,carrier_mse,112.59980333768405,4
20260908,hybrid_macro_h1,225,recursive,history_available_mse,166.8189539405016,4
20260908,hybrid_macro_h1,225,recursive,prior_elapsed_seconds_mse,19.24633535972008,4
20260908,hybrid_macro_h1,225,recursive,availability_bits_mse,124.20515427222618,4
20260908,hybrid_macro_h1,225,recursive,presence_available_values,18.0,4
20260908,hybrid_macro_h1,225,recursive,presence_mse,94.91667571434607,4
20260908,hybrid_macro_h1,225,recursive,kind_available_values,36.0,4
20260908,hybrid_macro_h1,225,recursive,kind_mse,97.22089400658241,4
20260908,hybrid_macro_h1,225,recursive,position_available_values,7.153846153846153,4
20260908,hybrid_macro_h1,225,recursive,position_mse,101.64856749314528,4
20260908,hybrid_macro_h1,225,recursive,motion_available_values,7.153846153846153,4
20260908,hybrid_macro_h1,225,recursive,motion_mse,47.05767653538631,4
20260908,hybrid_macro_h1,225,recursive,parsed_pig_count_absolute_error,0.5091512799263,4
20260908,hybrid_macro_h1,225,recursive,parsed_block_count_absolute_error,0.6232605003393613,4
20260908,hybrid_macro_h1,600,recursive,mean_available_candidates,13.0,4
20260908,hybrid_macro_h1,600,recursive,carrier_mse,27453.88115985577,4
20260908,hybrid_macro_h1,600,recursive,history_available_mse,30376.77553147536,4
20260908,hybrid_macro_h1,600,recursive,prior_elapsed_seconds_mse,612.94839822329,4
20260908,hybrid_macro_h1,600,recursive,availability_bits_mse,30581.62421123798,4
20260908,hybrid_macro_h1,600,recursive,presence_available_values,18.0,4
20260908,hybrid_macro_h1,600,recursive,presence_mse,39741.026780348555,4
20260908,hybrid_macro_h1,600,recursive,kind_available_values,36.0,4
20260908,hybrid_macro_h1,600,recursive,kind_mse,27254.352989783656,4
20260908,hybrid_macro_h1,600,recursive,position_available_values,7.038461538461538,4
20260908,hybrid_macro_h1,600,recursive,position_mse,18648.142052283656,4
20260908,hybrid_macro_h1,600,recursive,motion_available_values,7.038461538461538,4
20260908,hybrid_macro_h1,600,recursive,motion_mse,19634.35869891827,4
20260908,hybrid_macro_h1,600,recursive,parsed_pig_count_absolute_error,0.05352701390018829,4
20260908,hybrid_macro_h1,600,recursive,parsed_block_count_absolute_error,0.36239241522092086,4
20260908,hybrid_macro_h1,15,local,mean_available_candidates,13.0,4
20260908,hybrid_macro_h1,15,local,carrier_mse,0.004250850043787908,4
20260908,hybrid_macro_h1,15,local,history_available_mse,0.008990601165281147,4
20260908,hybrid_macro_h1,15,local,prior_elapsed_seconds_mse,0.0003902657280998931,4
20260908,hybrid_macro_h1,15,local,availability_bits_mse,0.0028321133901884486,4
20260908,hybrid_macro_h1,15,local,presence_available_values,18.0,4
20260908,hybrid_macro_h1,15,local,presence_mse,0.002747982378283408,4
20260908,hybrid_macro_h1,15,local,kind_available_values,36.0,4
20260908,hybrid_macro_h1,15,local,kind_mse,0.0025630656194922407,4
20260908,hybrid_macro_h1,15,local,position_available_values,7.26923076923077,4
20260908,hybrid_macro_h1,15,local,position_mse,0.002450897295672733,4
20260908,hybrid_macro_h1,15,local,motion_available_values,7.230769230769232,4
20260908,hybrid_macro_h1,15,local,motion_mse,0.008190873812194556,4
20260908,hybrid_macro_h1,15,local,parsed_pig_count_absolute_error,0.046624614033274926,4
20260908,hybrid_macro_h1,15,local,parsed_block_count_absolute_error,0.017905692641551677,4
20260908,hybrid_macro_h1,30,local,mean_available_candidates,13.0,4
20260908,hybrid_macro_h1,30,local,carrier_mse,0.0037507406735900212,4
20260908,hybrid_macro_h1,30,local,history_available_mse,0.009720100877949825,4
20260908,hybrid_macro_h1,30,local,prior_elapsed_seconds_mse,0.0002940896473940204,4
20260908,hybrid_macro_h1,30,local,availability_bits_mse,0.0021973613419014816,4
20260908,hybrid_macro_h1,30,local,presence_available_values,18.0,4
20260908,hybrid_macro_h1,30,local,presence_mse,0.0026314574654231994,4
20260908,hybrid_macro_h1,30,local,kind_available_values,36.0,4
20260908,hybrid_macro_h1,30,local,kind_mse,0.0024813987055005366,4
20260908,hybrid_macro_h1,30,local,position_available_values,7.346153846153847,4
20260908,hybrid_macro_h1,30,local,position_mse,0.0004915500282480095,4
20260908,hybrid_macro_h1,30,local,motion_available_values,7.346153846153847,4
20260908,hybrid_macro_h1,30,local,motion_mse,0.006230790913552762,4
20260908,hybrid_macro_h1,30,local,parsed_pig_count_absolute_error,0.05213147810158821,4
20260908,hybrid_macro_h1,30,local,parsed_block_count_absolute_error,0.012822045156588921,4
20260908,hybrid_macro_h1,60,local,mean_available_candidates,13.0,4
20260908,hybrid_macro_h1,60,local,carrier_mse,0.003948229975111854,4
20260908,hybrid_macro_h1,60,local,history_available_mse,0.009524903806427924,4
20260908,hybrid_macro_h1,60,local,prior_elapsed_seconds_mse,0.0003314952970579445,4
20260908,hybrid_macro_h1,60,local,availability_bits_mse,0.00228505608258554,4
20260908,hybrid_macro_h1,60,local,presence_available_values,18.0,4
20260908,hybrid_macro_h1,60,local,presence_mse,0.0027825096297489763,4
20260908,hybrid_macro_h1,60,local,kind_available_values,36.0,4
20260908,hybrid_macro_h1,60,local,kind_mse,0.00259941122595382,4
20260908,hybrid_macro_h1,60,local,position_available_values,7.1923076923076925,4
20260908,hybrid_macro_h1,60,local,position_mse,0.0005024827584678021,4
20260908,hybrid_macro_h1,60,local,motion_available_values,7.1923076923076925,4
20260908,hybrid_macro_h1,60,local,motion_mse,0.006988344212564139,4
20260908,hybrid_macro_h1,60,local,parsed_pig_count_absolute_error,0.05089504221597543,4
20260908,hybrid_macro_h1,60,local,parsed_block_count_absolute_error,0.01353077877026338,4
20260908,hybrid_macro_h1,150,local,mean_available_candidates,13.0,4
20260908,hybrid_macro_h1,150,local,carrier_mse,0.004215585381294099,4
20260908,hybrid_macro_h1,150,local,history_available_mse,0.009561406273860484,4
20260908,hybrid_macro_h1,150,local,prior_elapsed_seconds_mse,0.0003274249153543215,4
20260908,hybrid_macro_h1,150,local,availability_bits_mse,0.002920310178664155,4
20260908,hybrid_macro_h1,150,local,presence_available_values,18.0,4
20260908,hybrid_macro_h1,150,local,presence_mse,0.0027545442913273852,4
20260908,hybrid_macro_h1,150,local,kind_available_values,36.0,4
20260908,hybrid_macro_h1,150,local,kind_mse,0.0025829863460295694,4
20260908,hybrid_macro_h1,150,local,position_available_values,7.153846153846153,4
20260908,hybrid_macro_h1,150,local,position_mse,0.0017369132586351882,4
20260908,hybrid_macro_h1,150,local,motion_available_values,7.115384615384615,4
20260908,hybrid_macro_h1,150,local,motion_mse,0.006606038431457888,4
20260908,hybrid_macro_h1,150,local,parsed_pig_count_absolute_error,0.05200472191119423,4
20260908,hybrid_macro_h1,150,local,parsed_block_count_absolute_error,0.01754032190029438,4
20260908,hybrid_macro_h1,225,local,mean_available_candidates,13.0,4
20260908,hybrid_macro_h1,225,local,carrier_mse,0.003867041934147262,4
20260908,hybrid_macro_h1,225,local,history_available_mse,0.009169778831374759,4
20260908,hybrid_macro_h1,225,local,prior_elapsed_seconds_mse,0.00035585186248081427,4
20260908,hybrid_macro_h1,225,local,availability_bits_mse,0.0022473312307668566,4
20260908,hybrid_macro_h1,225,local,presence_available_values,18.0,4
20260908,hybrid_macro_h1,225,local,presence_mse,0.002748315680946689,4
20260908,hybrid_macro_h1,225,local,kind_available_values,36.0,4
20260908,hybrid_macro_h1,225,local,kind_mse,0.0025632046501693996,4
20260908,hybrid_macro_h1,225,local,position_available_values,7.153846153846153,4
20260908,hybrid_macro_h1,225,local,position_mse,0.0005195731598807749,4
20260908,hybrid_macro_h1,225,local,motion_available_values,7.153846153846153,4
20260908,hybrid_macro_h1,225,local,motion_mse,0.0062963892179630845,4
20260908,hybrid_macro_h1,225,local,parsed_pig_count_absolute_error,0.051178693054960325,4
20260908,hybrid_macro_h1,225,local,parsed_block_count_absolute_error,0.021378930944662828,4
20260908,hybrid_macro_h1,600,local,mean_available_candidates,13.0,4
20260908,hybrid_macro_h1,600,local,carrier_mse,0.0040655539627410826,4
20260908,hybrid_macro_h1,600,local,history_available_mse,0.009239889108217679,4
20260908,hybrid_macro_h1,600,local,prior_elapsed_seconds_mse,0.0005317613814070194,4
20260908,hybrid_macro_h1,600,local,availability_bits_mse,0.002300304207332934,4
20260908,hybrid_macro_h1,600,local,presence_available_values,18.0,4
20260908,hybrid_macro_h1,600,local,presence_mse,0.0026967473389119664,4
20260908,hybrid_macro_h1,600,local,kind_available_values,36.0,4
20260908,hybrid_macro_h1,600,local,kind_mse,0.0025353596376170083,4
20260908,hybrid_macro_h1,600,local,position_available_values,7.038461538461538,4
20260908,hybrid_macro_h1,600,local,position_mse,0.0005198616138211666,4
20260908,hybrid_macro_h1,600,local,motion_available_values,7.038461538461538,4
20260908,hybrid_macro_h1,600,local,motion_mse,0.010887274650695661,4
20260908,hybrid_macro_h1,600,local,parsed_pig_count_absolute_error,0.050720184289205536,4
20260908,hybrid_macro_h1,600,local,parsed_block_count_absolute_error,0.014352263739475839,4
20260908,hybrid_continuous_h5,15,recursive,mean_available_candidates,13.0,4
20260908,hybrid_continuous_h5,15,recursive,carrier_mse,0.008814080152660608,4
20260908,hybrid_continuous_h5,15,recursive,history_available_mse,0.05458561452822044,4
20260908,hybrid_continuous_h5,15,recursive,prior_elapsed_seconds_mse,0.00034193257306469604,4
20260908,hybrid_continuous_h5,15,recursive,availability_bits_mse,0.0177081970927807,4
20260908,hybrid_continuous_h5,15,recursive,presence_available_values,18.0,4
20260908,hybrid_continuous_h5,15,recursive,presence_mse,0.0019441483802018831,4
20260908,hybrid_continuous_h5,15,recursive,kind_available_values,36.0,4
20260908,hybrid_continuous_h5,15,recursive,kind_mse,0.0014510192883720333,4
20260908,hybrid_continuous_h5,15,recursive,position_available_values,7.26923076923077,4
20260908,hybrid_continuous_h5,15,recursive,position_mse,0.027275463055747632,4
20260908,hybrid_continuous_h5,15,recursive,motion_available_values,7.230769230769232,4
20260908,hybrid_continuous_h5,15,recursive,motion_mse,0.005614565546588543,4
20260908,hybrid_continuous_h5,15,recursive,parsed_pig_count_absolute_error,0.0078069128525944855,4
20260908,hybrid_continuous_h5,15,recursive,parsed_block_count_absolute_error,0.07522879139735147,4
20260908,hybrid_continuous_h5,30,recursive,mean_available_candidates,13.0,4
20260908,hybrid_continuous_h5,30,recursive,carrier_mse,0.01048291446820188,4
20260908,hybrid_continuous_h5,30,recursive,history_available_mse,0.024722100951923773,4
20260908,hybrid_continuous_h5,30,recursive,prior_elapsed_seconds_mse,0.0009268258677016443,4
20260908,hybrid_continuous_h5,30,recursive,availability_bits_mse,0.018887338479264423,4
20260908,hybrid_continuous_h5,30,recursive,presence_available_values,18.0,4
20260908,hybrid_continuous_h5,30,recursive,presence_mse,0.005012716296522951,4
20260908,hybrid_continuous_h5,30,recursive,kind_available_values,36.0,4
20260908,hybrid_continuous_h5,30,recursive,kind_mse,0.0034746204798396393,4
20260908,hybrid_continuous_h5,30,recursive,position_available_values,7.346153846153847,4
20260908,hybrid_continuous_h5,30,recursive,position_mse,0.02809307663791025,4
20260908,hybrid_continuous_h5,30,recursive,motion_available_values,7.346153846153847,4
20260908,hybrid_continuous_h5,30,recursive,motion_mse,0.00563611769869637,4
20260908,hybrid_continuous_h5,30,recursive,parsed_pig_count_absolute_error,0.015747083959957726,4
20260908,hybrid_continuous_h5,30,recursive,parsed_block_count_absolute_error,0.11850088834762573,4
20260908,hybrid_continuous_h5,60,recursive,mean_available_candidates,13.0,4
20260908,hybrid_continuous_h5,60,recursive,carrier_mse,0.01667353890549678,4
20260908,hybrid_continuous_h5,60,recursive,history_available_mse,0.005696041538612917,4
20260908,hybrid_continuous_h5,60,recursive,prior_elapsed_seconds_mse,0.002220267864266554,4
20260908,hybrid_continuous_h5,60,recursive,availability_bits_mse,0.022993721963407904,4
20260908,hybrid_continuous_h5,60,recursive,presence_available_values,18.0,4
20260908,hybrid_continuous_h5,60,recursive,presence_mse,0.014374136781463258,4
20260908,hybrid_continuous_h5,60,recursive,kind_available_values,36.0,4
20260908,hybrid_continuous_h5,60,recursive,kind_mse,0.010607269198562091,4
20260908,hybrid_continuous_h5,60,recursive,position_available_values,7.1923076923076925,4
20260908,hybrid_continuous_h5,60,recursive,position_mse,0.0320045048944079,4
20260908,hybrid_continuous_h5,60,recursive,motion_available_values,7.1923076923076925,4
20260908,hybrid_continuous_h5,60,recursive,motion_mse,0.010271489020222081,4
20260908,hybrid_continuous_h5,60,recursive,parsed_pig_count_absolute_error,0.031350734070516556,4
20260908,hybrid_continuous_h5,60,recursive,parsed_block_count_absolute_error,0.2245863601565361,4
20260908,hybrid_continuous_h5,150,recursive,mean_available_candidates,13.0,4
20260908,hybrid_continuous_h5,150,recursive,carrier_mse,0.06388385629711243,4
20260908,hybrid_continuous_h5,150,recursive,history_available_mse,0.021677549236782254,4
20260908,hybrid_continuous_h5,150,recursive,prior_elapsed_seconds_mse,0.010378407403969994,4
20260908,hybrid_continuous_h5,150,recursive,availability_bits_mse,0.06300067822807111,4
20260908,hybrid_continuous_h5,150,recursive,presence_available_values,18.0,4
20260908,hybrid_continuous_h5,150,recursive,presence_mse,0.0723391120107128,4
20260908,hybrid_continuous_h5,150,recursive,kind_available_values,36.0,4
20260908,hybrid_continuous_h5,150,recursive,kind_mse,0.05683710161023415,4
20260908,hybrid_continuous_h5,150,recursive,position_available_values,7.153846153846153,4
20260908,hybrid_continuous_h5,150,recursive,position_mse,0.11686295414200196,4
20260908,hybrid_continuous_h5,150,recursive,motion_available_values,7.115384615384615,4
20260908,hybrid_continuous_h5,150,recursive,motion_mse,0.056286211197192855,4
20260908,hybrid_continuous_h5,150,recursive,parsed_pig_count_absolute_error,0.05342316806602936,4
20260908,hybrid_continuous_h5,150,recursive,parsed_block_count_absolute_error,0.663843168089023,4
20260908,hybrid_continuous_h5,225,recursive,mean_available_candidates,13.0,4
20260908,hybrid_continuous_h5,225,recursive,carrier_mse,0.15305972901674417,4
20260908,hybrid_continuous_h5,225,recursive,history_available_mse,0.13975309915034673,4
20260908,hybrid_continuous_h5,225,recursive,prior_elapsed_seconds_mse,0.03333819657564163,4
20260908,hybrid_continuous_h5,225,recursive,availability_bits_mse,0.1467899058300715,4
20260908,hybrid_continuous_h5,225,recursive,presence_available_values,18.0,4
20260908,hybrid_continuous_h5,225,recursive,presence_mse,0.16421459959103513,4
20260908,hybrid_continuous_h5,225,recursive,kind_available_values,36.0,4
20260908,hybrid_continuous_h5,225,recursive,kind_mse,0.13920014609511083,4
20260908,hybrid_continuous_h5,225,recursive,position_available_values,7.153846153846153,4
20260908,hybrid_continuous_h5,225,recursive,position_mse,0.27025373967794275,4
20260908,hybrid_continuous_h5,225,recursive,motion_available_values,7.153846153846153,4
20260908,hybrid_continuous_h5,225,recursive,motion_mse,0.15814161931092924,4
20260908,hybrid_continuous_h5,225,recursive,parsed_pig_count_absolute_error,0.05472629345380342,4
20260908,hybrid_continuous_h5,225,recursive,parsed_block_count_absolute_error,1.203361244728932,4
20260908,hybrid_continuous_h5,600,recursive,mean_available_candidates,13.0,4
20260908,hybrid_continuous_h5,600,recursive,carrier_mse,10.485364409593435,4
20260908,hybrid_continuous_h5,600,recursive,history_available_mse,24.19295825637304,4
20260908,hybrid_continuous_h5,600,recursive,prior_elapsed_seconds_mse,1.1695411637998543,4
20260908,hybrid_continuous_h5,600,recursive,availability_bits_mse,11.245443921822767,4
20260908,hybrid_continuous_h5,600,recursive,presence_available_values,18.0,4
20260908,hybrid_continuous_h5,600,recursive,presence_mse,8.742270121207603,4
20260908,hybrid_continuous_h5,600,recursive,kind_available_values,36.0,4
20260908,hybrid_continuous_h5,600,recursive,kind_mse,10.643889541809376,4
20260908,hybrid_continuous_h5,600,recursive,position_available_values,7.038461538461538,4
20260908,hybrid_continuous_h5,600,recursive,position_mse,8.134813714485901,4
20260908,hybrid_continuous_h5,600,recursive,motion_available_values,7.038461538461538,4
20260908,hybrid_continuous_h5,600,recursive,motion_mse,8.06724553841811,4
20260908,hybrid_continuous_h5,600,recursive,parsed_pig_count_absolute_error,0.35168388514564586,4
20260908,hybrid_continuous_h5,600,recursive,parsed_block_count_absolute_error,0.47347330473936516,4
20260908,hybrid_continuous_h5,15,local,mean_available_candidates,13.0,4
20260908,hybrid_continuous_h5,15,local,carrier_mse,0.0023439399628841784,4
20260908,hybrid_continuous_h5,15,local,history_available_mse,0.0008096898838194131,4
20260908,hybrid_continuous_h5,15,local,prior_elapsed_seconds_mse,0.00013603597951627168,4
20260908,hybrid_continuous_h5,15,local,availability_bits_mse,0.0027178503528725393,4
20260908,hybrid_continuous_h5,15,local,presence_available_values,18.0,4
20260908,hybrid_continuous_h5,15,local,presence_mse,0.00041940863971271587,4
20260908,hybrid_continuous_h5,15,local,kind_available_values,36.0,4
20260908,hybrid_continuous_h5,15,local,kind_mse,0.0004107518060873889,4
20260908,hybrid_continuous_h5,15,local,position_available_values,7.26923076923077,4
20260908,hybrid_continuous_h5,15,local,position_mse,0.0048483864718666435,4
20260908,hybrid_continuous_h5,15,local,motion_available_values,7.230769230769232,4
20260908,hybrid_continuous_h5,15,local,motion_mse,0.02220654063477503,4
20260908,hybrid_continuous_h5,15,local,parsed_pig_count_absolute_error,0.007639650183801468,4
20260908,hybrid_continuous_h5,15,local,parsed_block_count_absolute_error,0.044517902800670035,4
20260908,hybrid_continuous_h5,30,local,mean_available_candidates,13.0,4
20260908,hybrid_continuous_h5,30,local,carrier_mse,0.000319864615168906,4
20260908,hybrid_continuous_h5,30,local,history_available_mse,0.00046283172937222616,4
20260908,hybrid_continuous_h5,30,local,prior_elapsed_seconds_mse,0.00010923790565497115,4
20260908,hybrid_continuous_h5,30,local,availability_bits_mse,0.0002813232086527233,4
20260908,hybrid_continuous_h5,30,local,presence_available_values,18.0,4
20260908,hybrid_continuous_h5,30,local,presence_mse,0.0001600804409043541,4
20260908,hybrid_continuous_h5,30,local,kind_available_values,36.0,4
20260908,hybrid_continuous_h5,30,local,kind_mse,0.00015614108381739172,4
20260908,hybrid_continuous_h5,30,local,position_available_values,7.346153846153847,4
20260908,hybrid_continuous_h5,30,local,position_mse,0.00014156499240086234,4
20260908,hybrid_continuous_h5,30,local,motion_available_values,7.346153846153847,4
20260908,hybrid_continuous_h5,30,local,motion_mse,0.0020711713060826203,4
20260908,hybrid_continuous_h5,30,local,parsed_pig_count_absolute_error,0.004898901025836284,4
20260908,hybrid_continuous_h5,30,local,parsed_block_count_absolute_error,0.02460611095795264,4
20260908,hybrid_continuous_h5,60,local,mean_available_candidates,13.0,4
20260908,hybrid_continuous_h5,60,local,carrier_mse,0.0005184244524011424,4
20260908,hybrid_continuous_h5,60,local,history_available_mse,0.00048062867824573744,4
20260908,hybrid_continuous_h5,60,local,prior_elapsed_seconds_mse,0.00011424076197167429,4
20260908,hybrid_continuous_h5,60,local,availability_bits_mse,0.0006661652676904431,4
20260908,hybrid_continuous_h5,60,local,presence_available_values,18.0,4
20260908,hybrid_continuous_h5,60,local,presence_mse,0.00015702124815456607,4
20260908,hybrid_continuous_h5,60,local,kind_available_values,36.0,4
20260908,hybrid_continuous_h5,60,local,kind_mse,0.0001503553370499643,4
20260908,hybrid_continuous_h5,60,local,position_available_values,7.1923076923076925,4
20260908,hybrid_continuous_h5,60,local,position_mse,0.00014033666404709668,4
20260908,hybrid_continuous_h5,60,local,motion_available_values,7.1923076923076925,4
20260908,hybrid_continuous_h5,60,local,motion_mse,0.002242116039269604,4
20260908,hybrid_continuous_h5,60,local,parsed_pig_count_absolute_error,0.005048437760426448,4
20260908,hybrid_continuous_h5,60,local,parsed_block_count_absolute_error,0.027930405850593865,4
20260908,hybrid_continuous_h5,150,local,mean_available_candidates,13.0,4
20260908,hybrid_continuous_h5,150,local,carrier_mse,0.0008307554576626548,4
20260908,hybrid_continuous_h5,150,local,history_available_mse,0.0005022236145251896,4
20260908,hybrid_continuous_h5,150,local,prior_elapsed_seconds_mse,0.00011413112791230492,4
20260908,hybrid_continuous_h5,150,local,availability_bits_mse,0.0012795149640833887,4
20260908,hybrid_continuous_h5,150,local,presence_available_values,18.0,4
20260908,hybrid_continuous_h5,150,local,presence_mse,0.00019476127664137704,4
20260908,hybrid_continuous_h5,150,local,kind_available_values,36.0,4
20260908,hybrid_continuous_h5,150,local,kind_mse,0.0001806817139228,4
20260908,hybrid_continuous_h5,150,local,position_available_values,7.153846153846153,4
20260908,hybrid_continuous_h5,150,local,position_mse,0.001313495521362011,4
20260908,hybrid_continuous_h5,150,local,motion_available_values,7.115384615384615,4
20260908,hybrid_continuous_h5,150,local,motion_mse,0.0021555104131738725,4
20260908,hybrid_continuous_h5,150,local,parsed_pig_count_absolute_error,0.004597646470826406,4
20260908,hybrid_continuous_h5,150,local,parsed_block_count_absolute_error,0.028035126626491543,4
20260908,hybrid_continuous_h5,225,local,mean_available_candidates,13.0,4
20260908,hybrid_continuous_h5,225,local,carrier_mse,0.000751014137607014,4
20260908,hybrid_continuous_h5,225,local,history_available_mse,0.0005018366354576641,4
20260908,hybrid_continuous_h5,225,local,prior_elapsed_seconds_mse,0.00011279791669949191,4
20260908,hybrid_continuous_h5,225,local,availability_bits_mse,0.0011043283400515346,4
20260908,hybrid_continuous_h5,225,local,presence_available_values,18.0,4
20260908,hybrid_continuous_h5,225,local,presence_mse,0.00025703844977005455,4
20260908,hybrid_continuous_h5,225,local,kind_available_values,36.0,4
20260908,hybrid_continuous_h5,225,local,kind_mse,0.00015249706442633536,4
20260908,hybrid_continuous_h5,225,local,position_available_values,7.153846153846153,4
20260908,hybrid_continuous_h5,225,local,position_mse,0.0001450668285262789,4
20260908,hybrid_continuous_h5,225,local,motion_available_values,7.153846153846153,4
20260908,hybrid_continuous_h5,225,local,motion_mse,0.0025072042447461104,4
20260908,hybrid_continuous_h5,225,local,parsed_pig_count_absolute_error,0.005022332931940372,4
20260908,hybrid_continuous_h5,225,local,parsed_block_count_absolute_error,0.037579124936690696,4
20260908,hybrid_continuous_h5,600,local,mean_available_candidates,13.0,4
20260908,hybrid_continuous_h5,600,local,carrier_mse,0.0008435440756259665,4
20260908,hybrid_continuous_h5,600,local,history_available_mse,0.0006817643797987898,4
20260908,hybrid_continuous_h5,600,local,prior_elapsed_seconds_mse,0.00016728791353251346,4
20260908,hybrid_continuous_h5,600,local,availability_bits_mse,0.0007509233490474379,4
20260908,hybrid_continuous_h5,600,local,presence_available_values,18.0,4
20260908,hybrid_continuous_h5,600,local,presence_mse,0.00021693956002239318,4
20260908,hybrid_continuous_h5,600,local,kind_available_values,36.0,4
20260908,hybrid_continuous_h5,600,local,kind_mse,0.0002674700941637499,4
20260908,hybrid_continuous_h5,600,local,position_available_values,7.038461538461538,4
20260908,hybrid_continuous_h5,600,local,position_mse,0.0001720754897598034,4
20260908,hybrid_continuous_h5,600,local,motion_available_values,7.038461538461538,4
20260908,hybrid_continuous_h5,600,local,motion_mse,0.008803625376178669,4
20260908,hybrid_continuous_h5,600,local,parsed_pig_count_absolute_error,0.005218093784955831,4
20260908,hybrid_continuous_h5,600,local,parsed_block_count_absolute_error,0.027990728616714478,4
20260908,hybrid_micro_h5,15,recursive,mean_available_candidates,13.0,4
20260908,hybrid_micro_h5,15,recursive,carrier_mse,0.008879585460258218,4
20260908,hybrid_micro_h5,15,recursive,history_available_mse,0.05765467244558609,4
20260908,hybrid_micro_h5,15,recursive,prior_elapsed_seconds_mse,6.312287696877631e-05,4
20260908,hybrid_micro_h5,15,recursive,availability_bits_mse,0.01781625024831066,4
20260908,hybrid_micro_h5,15,recursive,presence_available_values,18.0,4
20260908,hybrid_micro_h5,15,recursive,presence_mse,0.0019396018693581798,4
20260908,hybrid_micro_h5,15,recursive,kind_available_values,36.0,4
20260908,hybrid_micro_h5,15,recursive,kind_mse,0.0014212570464363897,4
20260908,hybrid_micro_h5,15,recursive,position_available_values,7.26923076923077,4
20260908,hybrid_micro_h5,15,recursive,position_mse,0.028401388681511607,4
20260908,hybrid_micro_h5,15,recursive,motion_available_values,7.230769230769232,4
20260908,hybrid_micro_h5,15,recursive,motion_mse,0.005854914193220723,4
20260908,hybrid_micro_h5,15,recursive,parsed_pig_count_absolute_error,0.008861973523520507,4
20260908,hybrid_micro_h5,15,recursive,parsed_block_count_absolute_error,0.07212691524854073,4
20260908,hybrid_micro_h5,30,recursive,mean_available_candidates,13.0,4
20260908,hybrid_micro_h5,30,recursive,carrier_mse,0.010544101841962682,4
20260908,hybrid_micro_h5,30,recursive,history_available_mse,0.029429736726272564,4
20260908,hybrid_micro_h5,30,recursive,prior_elapsed_seconds_mse,0.00012328984494695933,4
20260908,hybrid_micro_h5,30,recursive,availability_bits_mse,0.019015194489978827,4
20260908,hybrid_micro_h5,30,recursive,presence_available_values,18.0,4
20260908,hybrid_micro_h5,30,recursive,presence_mse,0.004857487936253444,4
20260908,hybrid_micro_h5,30,recursive,kind_available_values,36.0,4
20260908,hybrid_micro_h5,30,recursive,kind_mse,0.0034229879294378823,4
20260908,hybrid_micro_h5,30,recursive,position_available_values,7.346153846153847,4
20260908,hybrid_micro_h5,30,recursive,position_mse,0.03030079767967646,4
20260908,hybrid_micro_h5,30,recursive,motion_available_values,7.346153846153847,4
20260908,hybrid_micro_h5,30,recursive,motion_mse,0.00584999848013887,4
20260908,hybrid_micro_h5,30,recursive,parsed_pig_count_absolute_error,0.0160906185897497,4
20260908,hybrid_micro_h5,30,recursive,parsed_block_count_absolute_error,0.11770833455599271,4
20260908,hybrid_micro_h5,60,recursive,mean_available_candidates,13.0,4
20260908,hybrid_micro_h5,60,recursive,carrier_mse,0.01672221849171015,4
20260908,hybrid_micro_h5,60,recursive,history_available_mse,0.011102131388794918,4
20260908,hybrid_micro_h5,60,recursive,prior_elapsed_seconds_mse,0.0001754683441378413,4
20260908,hybrid_micro_h5,60,recursive,availability_bits_mse,0.023316429498103947,4
20260908,hybrid_micro_h5,60,recursive,presence_available_values,18.0,4
20260908,hybrid_micro_h5,60,recursive,presence_mse,0.013989282001812871,4
20260908,hybrid_micro_h5,60,recursive,kind_available_values,36.0,4
20260908,hybrid_micro_h5,60,recursive,kind_mse,0.0108199434605642,4
20260908,hybrid_micro_h5,60,recursive,position_available_values,7.1923076923076925,4
20260908,hybrid_micro_h5,60,recursive,position_mse,0.03638788731768727,4
20260908,hybrid_micro_h5,60,recursive,motion_available_values,7.1923076923076925,4
20260908,hybrid_micro_h5,60,recursive,motion_mse,0.01032213127025618,4
20260908,hybrid_micro_h5,60,recursive,parsed_pig_count_absolute_error,0.03170794420517408,4
20260908,hybrid_micro_h5,60,recursive,parsed_block_count_absolute_error,0.24080954549404293,4
20260908,hybrid_micro_h5,150,recursive,mean_available_candidates,13.0,4
20260908,hybrid_micro_h5,150,recursive,carrier_mse,0.06660763840549266,4
20260908,hybrid_micro_h5,150,recursive,history_available_mse,0.018167310333060762,4
20260908,hybrid_micro_h5,150,recursive,prior_elapsed_seconds_mse,0.0029860453818960544,4
20260908,hybrid_micro_h5,150,recursive,availability_bits_mse,0.06828614926108947,4
20260908,hybrid_micro_h5,150,recursive,presence_available_values,18.0,4
20260908,hybrid_micro_h5,150,recursive,presence_mse,0.0727671101832619,4
20260908,hybrid_micro_h5,150,recursive,kind_available_values,36.0,4
20260908,hybrid_micro_h5,150,recursive,kind_mse,0.06134498470391219,4
20260908,hybrid_micro_h5,150,recursive,position_available_values,7.153846153846153,4
20260908,hybrid_micro_h5,150,recursive,position_mse,0.14091678952368406,4
20260908,hybrid_micro_h5,150,recursive,motion_available_values,7.115384615384615,4
20260908,hybrid_micro_h5,150,recursive,motion_mse,0.05961523226533945,4
20260908,hybrid_micro_h5,150,recursive,parsed_pig_count_absolute_error,0.05302339204801963,4
20260908,hybrid_micro_h5,150,recursive,parsed_block_count_absolute_error,0.7189330429984973,4
20260908,hybrid_micro_h5,225,recursive,mean_available_candidates,13.0,4
20260908,hybrid_micro_h5,225,recursive,carrier_mse,0.16639223981362122,4
20260908,hybrid_micro_h5,225,recursive,history_available_mse,0.14949533642860702,4
20260908,hybrid_micro_h5,225,recursive,prior_elapsed_seconds_mse,0.019155870093247637,4
20260908,hybrid_micro_h5,225,recursive,availability_bits_mse,0.16885496102846587,4
20260908,hybrid_micro_h5,225,recursive,presence_available_values,18.0,4
20260908,hybrid_micro_h5,225,recursive,presence_mse,0.16557317714278516,4
20260908,hybrid_micro_h5,225,recursive,kind_available_values,36.0,4
20260908,hybrid_micro_h5,225,recursive,kind_mse,0.1499767700353494,4
20260908,hybrid_micro_h5,225,recursive,position_available_values,7.153846153846153,4
20260908,hybrid_micro_h5,225,recursive,position_mse,0.3493441191430275,4
20260908,hybrid_micro_h5,225,recursive,motion_available_values,7.153846153846153,4
20260908,hybrid_micro_h5,225,recursive,motion_mse,0.16831215642965758,4
20260908,hybrid_micro_h5,225,recursive,parsed_pig_count_absolute_error,0.05472629345380342,4
20260908,hybrid_micro_h5,225,recursive,parsed_block_count_absolute_error,1.2351579797955659,4
20260908,hybrid_micro_h5,600,recursive,mean_available_candidates,13.0,4
20260908,hybrid_micro_h5,600,recursive,carrier_mse,11.736071394040033,4
20260908,hybrid_micro_h5,600,recursive,history_available_mse,13.360309190475025,4
20260908,hybrid_micro_h5,600,recursive,prior_elapsed_seconds_mse,0.8363081473530307,4
20260908,hybrid_micro_h5,600,recursive,availability_bits_mse,13.381465013210592,4
20260908,hybrid_micro_h5,600,recursive,presence_available_values,18.0,4
20260908,hybrid_micro_h5,600,recursive,presence_mse,8.658500561347374,4
20260908,hybrid_micro_h5,600,recursive,kind_available_values,36.0,4
20260908,hybrid_micro_h5,600,recursive,kind_mse,10.404027306116545,4
20260908,hybrid_micro_h5,600,recursive,position_available_values,7.038461538461538,4
20260908,hybrid_micro_h5,600,recursive,position_mse,9.895385574835998,4
20260908,hybrid_micro_h5,600,recursive,motion_available_values,7.038461538461538,4
20260908,hybrid_micro_h5,600,recursive,motion_mse,8.581887946679043,4
20260908,hybrid_micro_h5,600,recursive,parsed_pig_count_absolute_error,0.05352701390018829,4
20260908,hybrid_micro_h5,600,recursive,parsed_block_count_absolute_error,0.2803095326973842,4
20260908,hybrid_micro_h5,15,local,mean_available_candidates,13.0,4
20260908,hybrid_micro_h5,15,local,carrier_mse,0.002337080004788452,4
20260908,hybrid_micro_h5,15,local,history_available_mse,0.0008531538048735307,4
20260908,hybrid_micro_h5,15,local,prior_elapsed_seconds_mse,4.965321854342688e-05,4
20260908,hybrid_micro_h5,15,local,availability_bits_mse,0.002718948476495615,4
20260908,hybrid_micro_h5,15,local,presence_available_values,18.0,4
20260908,hybrid_micro_h5,15,local,presence_mse,0.00042261223335607117,4
20260908,hybrid_micro_h5,15,local,kind_available_values,36.0,4
20260908,hybrid_micro_h5,15,local,kind_mse,0.0003974431340164022,4
20260908,hybrid_micro_h5,15,local,position_available_values,7.26923076923077,4
20260908,hybrid_micro_h5,15,local,position_mse,0.004931991302398203,4
20260908,hybrid_micro_h5,15,local,motion_available_values,7.230769230769232,4
20260908,hybrid_micro_h5,15,local,motion_mse,0.02226618211828351,4
20260908,hybrid_micro_h5,15,local,parsed_pig_count_absolute_error,0.008698252746118948,4
20260908,hybrid_micro_h5,15,local,parsed_block_count_absolute_error,0.04227266231408486,4
20260908,hybrid_micro_h5,30,local,mean_available_candidates,13.0,4
20260908,hybrid_micro_h5,30,local,carrier_mse,0.00031875045309649204,4
20260908,hybrid_micro_h5,30,local,history_available_mse,0.0004965411108841522,4
20260908,hybrid_micro_h5,30,local,prior_elapsed_seconds_mse,1.9290241095695556e-05,4
20260908,hybrid_micro_h5,30,local,availability_bits_mse,0.00028532908170466096,4
20260908,hybrid_micro_h5,30,local,presence_available_values,18.0,4
20260908,hybrid_micro_h5,30,local,presence_mse,0.0001678482606691362,4
20260908,hybrid_micro_h5,30,local,kind_available_values,36.0,4
20260908,hybrid_micro_h5,30,local,kind_mse,0.0001412897161991658,4
20260908,hybrid_micro_h5,30,local,position_available_values,7.346153846153847,4
20260908,hybrid_micro_h5,30,local,position_mse,0.0001785703254706907,4
20260908,hybrid_micro_h5,30,local,motion_available_values,7.346153846153847,4
20260908,hybrid_micro_h5,30,local,motion_mse,0.002208765796520031,4
20260908,hybrid_micro_h5,30,local,parsed_pig_count_absolute_error,0.0062027342904072535,4
20260908,hybrid_micro_h5,30,local,parsed_block_count_absolute_error,0.020992297392625075,4
20260908,hybrid_micro_h5,60,local,mean_available_candidates,13.0,4
20260908,hybrid_micro_h5,60,local,carrier_mse,0.0005160930950996071,4
20260908,hybrid_micro_h5,60,local,history_available_mse,0.0005154797913347736,4
20260908,hybrid_micro_h5,60,local,prior_elapsed_seconds_mse,2.080860058255414e-05,4
20260908,hybrid_micro_h5,60,local,availability_bits_mse,0.0006705050643806596,4
20260908,hybrid_micro_h5,60,local,presence_available_values,18.0,4
20260908,hybrid_micro_h5,60,local,presence_mse,0.00016369356867821456,4
20260908,hybrid_micro_h5,60,local,kind_available_values,36.0,4
20260908,hybrid_micro_h5,60,local,kind_mse,0.0001347224530875862,4
20260908,hybrid_micro_h5,60,local,position_available_values,7.1923076923076925,4
20260908,hybrid_micro_h5,60,local,position_mse,0.0001771381825025086,4
20260908,hybrid_micro_h5,60,local,motion_available_values,7.1923076923076925,4
20260908,hybrid_micro_h5,60,local,motion_mse,0.0023801567306061494,4
20260908,hybrid_micro_h5,60,local,parsed_pig_count_absolute_error,0.006356333310787495,4
20260908,hybrid_micro_h5,60,local,parsed_block_count_absolute_error,0.02378107320803862,4
20260908,hybrid_micro_h5,150,local,mean_available_candidates,13.0,4
20260908,hybrid_micro_h5,150,local,carrier_mse,0.0008282593458156602,4
20260908,hybrid_micro_h5,150,local,history_available_mse,0.0005392180492470161,4
20260908,hybrid_micro_h5,150,local,prior_elapsed_seconds_mse,2.1083424689649632e-05,4
20260908,hybrid_micro_h5,150,local,availability_bits_mse,0.0012832367745151995,4
20260908,hybrid_micro_h5,150,local,presence_available_values,18.0,4
20260908,hybrid_micro_h5,150,local,presence_mse,0.00020100422443647403,4
20260908,hybrid_micro_h5,150,local,kind_available_values,36.0,4
20260908,hybrid_micro_h5,150,local,kind_mse,0.00016583949582127389,4
20260908,hybrid_micro_h5,150,local,position_available_values,7.153846153846153,4
20260908,hybrid_micro_h5,150,local,position_mse,0.0013640411699060888,4
20260908,hybrid_micro_h5,150,local,motion_available_values,7.115384615384615,4
20260908,hybrid_micro_h5,150,local,motion_mse,0.002291076841244761,4
20260908,hybrid_micro_h5,150,local,parsed_pig_count_absolute_error,0.00585969344068032,4
20260908,hybrid_micro_h5,150,local,parsed_block_count_absolute_error,0.025019906461238858,4
20260908,hybrid_micro_h5,225,local,mean_available_candidates,13.0,4
20260908,hybrid_micro_h5,225,local,carrier_mse,0.0007491743109802393,4
20260908,hybrid_micro_h5,225,local,history_available_mse,0.0005375101195617468,4
20260908,hybrid_micro_h5,225,local,prior_elapsed_seconds_mse,2.1462542121854758e-05,4
20260908,hybrid_micro_h5,225,local,availability_bits_mse,0.0011090768426723885,4
20260908,hybrid_micro_h5,225,local,presence_available_values,18.0,4
20260908,hybrid_micro_h5,225,local,presence_mse,0.00026410662912195013,4
20260908,hybrid_micro_h5,225,local,kind_available_values,36.0,4
20260908,hybrid_micro_h5,225,local,kind_mse,0.00013865160018702646,4
20260908,hybrid_micro_h5,225,local,position_available_values,7.153846153846153,4
20260908,hybrid_micro_h5,225,local,position_mse,0.00018122790900703805,4
20260908,hybrid_micro_h5,225,local,motion_available_values,7.153846153846153,4
20260908,hybrid_micro_h5,225,local,motion_mse,0.0026480860889513185,4
20260908,hybrid_micro_h5,225,local,parsed_pig_count_absolute_error,0.006256225017400889,4
20260908,hybrid_micro_h5,225,local,parsed_block_count_absolute_error,0.03405886888504028,4
20260908,hybrid_micro_h5,600,local,mean_available_candidates,13.0,4
20260908,hybrid_micro_h5,600,local,carrier_mse,0.0008388088838098785,4
20260908,hybrid_micro_h5,600,local,history_available_mse,0.0007205271905095748,4
20260908,hybrid_micro_h5,600,local,prior_elapsed_seconds_mse,6.600955147567003e-05,4
20260908,hybrid_micro_h5,600,local,availability_bits_mse,0.0007503126359482009,4
20260908,hybrid_micro_h5,600,local,presence_available_values,18.0,4
20260908,hybrid_micro_h5,600,local,presence_mse,0.00022003167480131827,4
20260908,hybrid_micro_h5,600,local,kind_available_values,36.0,4
20260908,hybrid_micro_h5,600,local,kind_mse,0.0002501528296516671,4
20260908,hybrid_micro_h5,600,local,position_available_values,7.038461538461538,4
20260908,hybrid_micro_h5,600,local,position_mse,0.00020598100533019393,4
20260908,hybrid_micro_h5,600,local,motion_available_values,7.038461538461538,4
20260908,hybrid_micro_h5,600,local,motion_mse,0.009002795876138127,4
20260908,hybrid_micro_h5,600,local,parsed_pig_count_absolute_error,0.006290165850749383,4
20260908,hybrid_micro_h5,600,local,parsed_block_count_absolute_error,0.023985093602767356,4
20260908,hybrid_macro_h5,15,recursive,mean_available_candidates,13.0,4
20260908,hybrid_macro_h5,15,recursive,carrier_mse,0.009195043445708088,4
20260908,hybrid_macro_h5,15,recursive,history_available_mse,0.024313346959668424,4
20260908,hybrid_macro_h5,15,recursive,prior_elapsed_seconds_mse,0.0014585199678549543,4
20260908,hybrid_macro_h5,15,recursive,availability_bits_mse,0.017675060581845734,4
20260908,hybrid_macro_h5,15,recursive,presence_available_values,18.0,4
20260908,hybrid_macro_h5,15,recursive,presence_mse,0.003013798765515765,4
20260908,hybrid_macro_h5,15,recursive,kind_available_values,36.0,4
20260908,hybrid_macro_h5,15,recursive,kind_mse,0.0022033811658799937,4
20260908,hybrid_macro_h5,15,recursive,position_available_values,7.26923076923077,4
20260908,hybrid_macro_h5,15,recursive,position_mse,0.02842279133843616,4
20260908,hybrid_macro_h5,15,recursive,motion_available_values,7.230769230769232,4
20260908,hybrid_macro_h5,15,recursive,motion_mse,0.0067278163982197065,4
20260908,hybrid_macro_h5,15,recursive,parsed_pig_count_absolute_error,0.013289809441910341,4
20260908,hybrid_macro_h5,15,recursive,parsed_block_count_absolute_error,0.11955078461995491,4
20260908,hybrid_macro_h5,30,recursive,mean_available_candidates,13.0,4
20260908,hybrid_macro_h5,30,recursive,carrier_mse,0.011359812199281385,4
20260908,hybrid_macro_h5,30,recursive,history_available_mse,0.01461117968070679,4
20260908,hybrid_macro_h5,30,recursive,prior_elapsed_seconds_mse,0.0002236211304586041,4
20260908,hybrid_macro_h5,30,recursive,availability_bits_mse,0.0194755841154032,4
20260908,hybrid_macro_h5,30,recursive,presence_available_values,18.0,4
20260908,hybrid_macro_h5,30,recursive,presence_mse,0.008114119454358632,4
20260908,hybrid_macro_h5,30,recursive,kind_available_values,36.0,4
20260908,hybrid_macro_h5,30,recursive,kind_mse,0.0041185405973989805,4
20260908,hybrid_macro_h5,30,recursive,position_available_values,7.346153846153847,4
20260908,hybrid_macro_h5,30,recursive,position_mse,0.032033838860045835,4
20260908,hybrid_macro_h5,30,recursive,motion_available_values,7.346153846153847,4
20260908,hybrid_macro_h5,30,recursive,motion_mse,0.007756233627263171,4
20260908,hybrid_macro_h5,30,recursive,parsed_pig_count_absolute_error,0.03106898828767813,4
20260908,hybrid_macro_h5,30,recursive,parsed_block_count_absolute_error,0.1256907479121135,4
20260908,hybrid_macro_h5,60,recursive,mean_available_candidates,13.0,4
20260908,hybrid_macro_h5,60,recursive,carrier_mse,0.0193197786843834,4
20260908,hybrid_macro_h5,60,recursive,history_available_mse,0.006691137203373588,4
20260908,hybrid_macro_h5,60,recursive,prior_elapsed_seconds_mse,0.0012411785631649345,4
20260908,hybrid_macro_h5,60,recursive,availability_bits_mse,0.02677045142851197,4
20260908,hybrid_macro_h5,60,recursive,presence_available_values,18.0,4
20260908,hybrid_macro_h5,60,recursive,presence_mse,0.024379703717736095,4
20260908,hybrid_macro_h5,60,recursive,kind_available_values,36.0,4
20260908,hybrid_macro_h5,60,recursive,kind_mse,0.010611950204922602,4
20260908,hybrid_macro_h5,60,recursive,position_available_values,7.1923076923076925,4
20260908,hybrid_macro_h5,60,recursive,position_mse,0.038754415984910265,4
20260908,hybrid_macro_h5,60,recursive,motion_available_values,7.1923076923076925,4
20260908,hybrid_macro_h5,60,recursive,motion_mse,0.014987503858999565,4
20260908,hybrid_macro_h5,60,recursive,parsed_pig_count_absolute_error,0.05529080016108659,4
20260908,hybrid_macro_h5,60,recursive,parsed_block_count_absolute_error,0.25861367869835633,4
20260908,hybrid_macro_h5,150,recursive,mean_available_candidates,13.0,4
20260908,hybrid_macro_h5,150,recursive,carrier_mse,0.07502118053917702,4
20260908,hybrid_macro_h5,150,recursive,history_available_mse,0.0008082047238640545,4
20260908,hybrid_macro_h5,150,recursive,prior_elapsed_seconds_mse,0.016044581120905396,4
20260908,hybrid_macro_h5,150,recursive,availability_bits_mse,0.08934714458882809,4
20260908,hybrid_macro_h5,150,recursive,presence_available_values,18.0,4
20260908,hybrid_macro_h5,150,recursive,presence_mse,0.1120668388903141,4
20260908,hybrid_macro_h5,150,recursive,kind_available_values,36.0,4
20260908,hybrid_macro_h5,150,recursive,kind_mse,0.04910401362352646,4
20260908,hybrid_macro_h5,150,recursive,position_available_values,7.153846153846153,4
20260908,hybrid_macro_h5,150,recursive,position_mse,0.10576732528324309,4
20260908,hybrid_macro_h5,150,recursive,motion_available_values,7.115384615384615,4
20260908,hybrid_macro_h5,150,recursive,motion_mse,0.07450034025196844,4
20260908,hybrid_macro_h5,150,recursive,parsed_pig_count_absolute_error,0.10881735420284362,4
20260908,hybrid_macro_h5,150,recursive,parsed_block_count_absolute_error,0.6352499190431375,4
20260908,hybrid_macro_h5,225,recursive,mean_available_candidates,13.0,4
20260908,hybrid_macro_h5,225,recursive,carrier_mse,0.16001566499471664,4
20260908,hybrid_macro_h5,225,recursive,history_available_mse,0.008348523891438748,4
20260908,hybrid_macro_h5,225,recursive,prior_elapsed_seconds_mse,0.026923792967304155,4
20260908,hybrid_macro_h5,225,recursive,availability_bits_mse,0.1837688758969307,4
20260908,hybrid_macro_h5,225,recursive,presence_available_values,18.0,4
20260908,hybrid_macro_h5,225,recursive,presence_mse,0.22318956427849257,4
20260908,hybrid_macro_h5,225,recursive,kind_available_values,36.0,4
20260908,hybrid_macro_h5,225,recursive,kind_mse,0.11738124575752479,4
20260908,hybrid_macro_h5,225,recursive,position_available_values,7.153846153846153,4
20260908,hybrid_macro_h5,225,recursive,position_mse,0.22428256473862207,4
20260908,hybrid_macro_h5,225,recursive,motion_available_values,7.153846153846153,4
20260908,hybrid_macro_h5,225,recursive,motion_mse,0.18929388001561165,4
20260908,hybrid_macro_h5,225,recursive,parsed_pig_count_absolute_error,0.1493894775899557,4
20260908,hybrid_macro_h5,225,recursive,parsed_block_count_absolute_error,0.9354226262523577,4
20260908,hybrid_macro_h5,600,recursive,mean_available_candidates,13.0,4
20260908,hybrid_macro_h5,600,recursive,carrier_mse,2.401583547775562,4
20260908,hybrid_macro_h5,600,recursive,history_available_mse,2.096327405709487,4
20260908,hybrid_macro_h5,600,recursive,prior_elapsed_seconds_mse,0.29956385199553687,4
20260908,hybrid_macro_h5,600,recursive,availability_bits_mse,2.2590982272074775,4
20260908,hybrid_macro_h5,600,recursive,presence_available_values,18.0,4
20260908,hybrid_macro_h5,600,recursive,presence_mse,2.4990552893051734,4
20260908,hybrid_macro_h5,600,recursive,kind_available_values,36.0,4
20260908,hybrid_macro_h5,600,recursive,kind_mse,2.6054078432229852,4
20260908,hybrid_macro_h5,600,recursive,position_available_values,7.038461538461538,4
20260908,hybrid_macro_h5,600,recursive,position_mse,5.604141537959759,4
20260908,hybrid_macro_h5,600,recursive,motion_available_values,7.038461538461538,4
20260908,hybrid_macro_h5,600,recursive,motion_mse,2.3960568010807037,4
20260908,hybrid_macro_h5,600,recursive,parsed_pig_count_absolute_error,0.42163310744441473,4
20260908,hybrid_macro_h5,600,recursive,parsed_block_count_absolute_error,0.965850721185024,4
20260908,hybrid_macro_h5,15,local,mean_available_candidates,13.0,4
20260908,hybrid_macro_h5,15,local,carrier_mse,0.005924740403245848,4
20260908,hybrid_macro_h5,15,local,history_available_mse,0.0076713463151396434,4
20260908,hybrid_macro_h5,15,local,prior_elapsed_seconds_mse,0.0005585633890894734,4
20260908,hybrid_macro_h5,15,local,availability_bits_mse,0.0047002553239088645,4
20260908,hybrid_macro_h5,15,local,presence_available_values,18.0,4
20260908,hybrid_macro_h5,15,local,presence_mse,0.0030492673722619656,4
20260908,hybrid_macro_h5,15,local,kind_available_values,36.0,4
20260908,hybrid_macro_h5,15,local,kind_mse,0.002822033868981704,4
20260908,hybrid_macro_h5,15,local,position_available_values,7.26923076923077,4
20260908,hybrid_macro_h5,15,local,position_mse,0.005568550063729232,4
20260908,hybrid_macro_h5,15,local,motion_available_values,7.230769230769232,4
20260908,hybrid_macro_h5,15,local,motion_mse,0.026087920591145612,4
20260908,hybrid_macro_h5,15,local,parsed_pig_count_absolute_error,0.04535702153897056,4
20260908,hybrid_macro_h5,15,local,parsed_block_count_absolute_error,0.03976805680073224,4
20260908,hybrid_macro_h5,30,local,mean_available_candidates,13.0,4
20260908,hybrid_macro_h5,30,local,carrier_mse,0.0037309617048147344,4
20260908,hybrid_macro_h5,30,local,history_available_mse,0.009254584232201943,4
20260908,hybrid_macro_h5,30,local,prior_elapsed_seconds_mse,0.0002885764725257299,4
20260908,hybrid_macro_h5,30,local,availability_bits_mse,0.002191728629650942,4
20260908,hybrid_macro_h5,30,local,presence_available_values,18.0,4
20260908,hybrid_macro_h5,30,local,presence_mse,0.002628134569162145,4
20260908,hybrid_macro_h5,30,local,kind_available_values,36.0,4
20260908,hybrid_macro_h5,30,local,kind_mse,0.0024953898425267725,4
20260908,hybrid_macro_h5,30,local,position_available_values,7.346153846153847,4
20260908,hybrid_macro_h5,30,local,position_mse,0.0004867599966998499,4
20260908,hybrid_macro_h5,30,local,motion_available_values,7.346153846153847,4
20260908,hybrid_macro_h5,30,local,motion_mse,0.006099228471822034,4
20260908,hybrid_macro_h5,30,local,parsed_pig_count_absolute_error,0.05069944663689687,4
20260908,hybrid_macro_h5,30,local,parsed_block_count_absolute_error,0.014611379458354069,4
20260908,hybrid_macro_h5,60,local,mean_available_candidates,13.0,4
20260908,hybrid_macro_h5,60,local,carrier_mse,0.003953485550412621,4
20260908,hybrid_macro_h5,60,local,history_available_mse,0.009147161976076089,4
20260908,hybrid_macro_h5,60,local,prior_elapsed_seconds_mse,0.00032338807607164185,4
20260908,hybrid_macro_h5,60,local,availability_bits_mse,0.002606553650156666,4
20260908,hybrid_macro_h5,60,local,presence_available_values,18.0,4
20260908,hybrid_macro_h5,60,local,presence_mse,0.0026167803343224265,4
20260908,hybrid_macro_h5,60,local,kind_available_values,36.0,4
20260908,hybrid_macro_h5,60,local,kind_mse,0.0024903864989307923,4
20260908,hybrid_macro_h5,60,local,position_available_values,7.1923076923076925,4
20260908,hybrid_macro_h5,60,local,position_mse,0.00048131427600030567,4
20260908,hybrid_macro_h5,60,local,motion_available_values,7.1923076923076925,4
20260908,hybrid_macro_h5,60,local,motion_mse,0.006439566462246989,4
20260908,hybrid_macro_h5,60,local,parsed_pig_count_absolute_error,0.05051389064353247,4
20260908,hybrid_macro_h5,60,local,parsed_block_count_absolute_error,0.010678691932788262,4
20260908,hybrid_macro_h5,150,local,mean_available_candidates,13.0,4
20260908,hybrid_macro_h5,150,local,carrier_mse,0.004306972230551764,4
20260908,hybrid_macro_h5,150,local,history_available_mse,0.009351132455496835,4
20260908,hybrid_macro_h5,150,local,prior_elapsed_seconds_mse,0.0003031161645441653,4
20260908,hybrid_macro_h5,150,local,availability_bits_mse,0.0032709242816333873,4
20260908,hybrid_macro_h5,150,local,presence_available_values,18.0,4
20260908,hybrid_macro_h5,150,local,presence_mse,0.002712258413129558,4
20260908,hybrid_macro_h5,150,local,kind_available_values,36.0,4
20260908,hybrid_macro_h5,150,local,kind_mse,0.002544682665477292,4
20260908,hybrid_macro_h5,150,local,position_available_values,7.153846153846153,4
20260908,hybrid_macro_h5,150,local,position_mse,0.001698180848437075,4
20260908,hybrid_macro_h5,150,local,motion_available_values,7.115384615384615,4
20260908,hybrid_macro_h5,150,local,motion_mse,0.006158819475855965,4
20260908,hybrid_macro_h5,150,local,parsed_pig_count_absolute_error,0.05209466854396921,4
20260908,hybrid_macro_h5,150,local,parsed_block_count_absolute_error,0.023385964334011074,4
20260908,hybrid_macro_h5,225,local,mean_available_candidates,13.0,4
20260908,hybrid_macro_h5,225,local,carrier_mse,0.004056658978627708,4
20260908,hybrid_macro_h5,225,local,history_available_mse,0.009118365589529276,4
20260908,hybrid_macro_h5,225,local,prior_elapsed_seconds_mse,0.0003055538242592731,4
20260908,hybrid_macro_h5,225,local,availability_bits_mse,0.0030091162423979347,4
20260908,hybrid_macro_h5,225,local,presence_available_values,18.0,4
20260908,hybrid_macro_h5,225,local,presence_mse,0.00261553671645323,4
20260908,hybrid_macro_h5,225,local,kind_available_values,36.0,4
20260908,hybrid_macro_h5,225,local,kind_mse,0.00240779400001674,4
20260908,hybrid_macro_h5,225,local,position_available_values,7.153846153846153,4
20260908,hybrid_macro_h5,225,local,position_mse,0.0004837226890511095,4
20260908,hybrid_macro_h5,225,local,motion_available_values,7.153846153846153,4
20260908,hybrid_macro_h5,225,local,motion_mse,0.005931879033316643,4
20260908,hybrid_macro_h5,225,local,parsed_pig_count_absolute_error,0.050935156034448974,4
20260908,hybrid_macro_h5,225,local,parsed_block_count_absolute_error,0.026131211565091062,4
20260908,hybrid_macro_h5,600,local,mean_available_candidates,13.0,4
20260908,hybrid_macro_h5,600,local,carrier_mse,0.00421815345124252,4
20260908,hybrid_macro_h5,600,local,history_available_mse,0.008976216114555987,4
20260908,hybrid_macro_h5,600,local,prior_elapsed_seconds_mse,0.00048766886732920506,4
20260908,hybrid_macro_h5,600,local,availability_bits_mse,0.002703845241250327,4
20260908,hybrid_macro_h5,600,local,presence_available_values,18.0,4
20260908,hybrid_macro_h5,600,local,presence_mse,0.0026732874956416283,4
20260908,hybrid_macro_h5,600,local,kind_available_values,36.0,4
20260908,hybrid_macro_h5,600,local,kind_mse,0.0026100806291931523,4
20260908,hybrid_macro_h5,600,local,position_available_values,7.038461538461538,4
20260908,hybrid_macro_h5,600,local,position_mse,0.0005128756439752089,4
20260908,hybrid_macro_h5,600,local,motion_available_values,7.038461538461538,4
20260908,hybrid_macro_h5,600,local,motion_mse,0.010820393941965168,4
20260908,hybrid_macro_h5,600,local,parsed_pig_count_absolute_error,0.05113960379877915,4
20260908,hybrid_macro_h5,600,local,parsed_block_count_absolute_error,0.017218708992004395,4
20260908,hybrid_continuous_h15,15,recursive,mean_available_candidates,13.0,4
20260908,hybrid_continuous_h15,15,recursive,carrier_mse,0.00921765430114017,4
20260908,hybrid_continuous_h15,15,recursive,history_available_mse,0.1536355746480135,4
20260908,hybrid_continuous_h15,15,recursive,prior_elapsed_seconds_mse,0.0005711803381787972,4
20260908,hybrid_continuous_h15,15,recursive,availability_bits_mse,0.01880810334562109,4
20260908,hybrid_continuous_h15,15,recursive,presence_available_values,18.0,4
20260908,hybrid_continuous_h15,15,recursive,presence_mse,0.0008130234886126486,4
20260908,hybrid_continuous_h15,15,recursive,kind_available_values,36.0,4
20260908,hybrid_continuous_h15,15,recursive,kind_mse,0.0006939046873482696,4
20260908,hybrid_continuous_h15,15,recursive,position_available_values,7.26923076923077,4
20260908,hybrid_continuous_h15,15,recursive,position_mse,0.029504734040249156,4
20260908,hybrid_continuous_h15,15,recursive,motion_available_values,7.230769230769232,4
20260908,hybrid_continuous_h15,15,recursive,motion_mse,0.00331696800444311,4
20260908,hybrid_continuous_h15,15,recursive,parsed_pig_count_absolute_error,0.007272342434869364,4
20260908,hybrid_continuous_h15,15,recursive,parsed_block_count_absolute_error,0.05317011532875207,4
20260908,hybrid_continuous_h15,30,recursive,mean_available_candidates,13.0,4
20260908,hybrid_continuous_h15,30,recursive,carrier_mse,0.008885242035970664,4
20260908,hybrid_continuous_h15,30,recursive,history_available_mse,0.07654795960451548,4
20260908,hybrid_continuous_h15,30,recursive,prior_elapsed_seconds_mse,0.000153296764787788,4
20260908,hybrid_continuous_h15,30,recursive,availability_bits_mse,0.01840691359785314,4
20260908,hybrid_continuous_h15,30,recursive,presence_available_values,18.0,4
20260908,hybrid_continuous_h15,30,recursive,presence_mse,0.0013114816918879605,4
20260908,hybrid_continuous_h15,30,recursive,kind_available_values,36.0,4
20260908,hybrid_continuous_h15,30,recursive,kind_mse,0.0008981790877162264,4
20260908,hybrid_continuous_h15,30,recursive,position_available_values,7.346153846153847,4
20260908,hybrid_continuous_h15,30,recursive,position_mse,0.030517024167728283,4
20260908,hybrid_continuous_h15,30,recursive,motion_available_values,7.346153846153847,4
20260908,hybrid_continuous_h15,30,recursive,motion_mse,0.0033571962491036034,4
20260908,hybrid_continuous_h15,30,recursive,parsed_pig_count_absolute_error,0.006776299184331526,4
20260908,hybrid_continuous_h15,30,recursive,parsed_block_count_absolute_error,0.05926211636800032,4
20260908,hybrid_continuous_h15,60,recursive,mean_available_candidates,13.0,4
20260908,hybrid_continuous_h15,60,recursive,carrier_mse,0.008633912621567456,4
20260908,hybrid_continuous_h15,60,recursive,history_available_mse,0.04181708631893763,4
20260908,hybrid_continuous_h15,60,recursive,prior_elapsed_seconds_mse,0.0005550558758281673,4
20260908,hybrid_continuous_h15,60,recursive,availability_bits_mse,0.016893987525970888,4
20260908,hybrid_continuous_h15,60,recursive,presence_available_values,18.0,4
20260908,hybrid_continuous_h15,60,recursive,presence_mse,0.0024896872323901895,4
20260908,hybrid_continuous_h15,60,recursive,kind_available_values,36.0,4
20260908,hybrid_continuous_h15,60,recursive,kind_mse,0.001870929773968573,4
20260908,hybrid_continuous_h15,60,recursive,position_available_values,7.1923076923076925,4
20260908,hybrid_continuous_h15,60,recursive,position_mse,0.02477192564849527,4
20260908,hybrid_continuous_h15,60,recursive,motion_available_values,7.1923076923076925,4
20260908,hybrid_continuous_h15,60,recursive,motion_mse,0.004884723994809274,4
20260908,hybrid_continuous_h15,60,recursive,parsed_pig_count_absolute_error,0.008058970507520895,4
20260908,hybrid_continuous_h15,60,recursive,parsed_block_count_absolute_error,0.09190788922401574,4
20260908,hybrid_continuous_h15,150,recursive,mean_available_candidates,13.0,4
20260908,hybrid_continuous_h15,150,recursive,carrier_mse,0.013630855255402053,4
20260908,hybrid_continuous_h15,150,recursive,history_available_mse,0.009409596283848468,4
20260908,hybrid_continuous_h15,150,recursive,prior_elapsed_seconds_mse,0.0018525075865909457,4
20260908,hybrid_continuous_h15,150,recursive,availability_bits_mse,0.020332753335913785,4
20260908,hybrid_continuous_h15,150,recursive,presence_available_values,18.0,4
20260908,hybrid_continuous_h15,150,recursive,presence_mse,0.010019855546908311,4
20260908,hybrid_continuous_h15,150,recursive,kind_available_values,36.0,4
20260908,hybrid_continuous_h15,150,recursive,kind_mse,0.00789531437644305,4
20260908,hybrid_continuous_h15,150,recursive,position_available_values,7.153846153846153,4
20260908,hybrid_continuous_h15,150,recursive,position_mse,0.02710368666941157,4
20260908,hybrid_continuous_h15,150,recursive,motion_available_values,7.115384615384615,4
20260908,hybrid_continuous_h15,150,recursive,motion_mse,0.008267521670159813,4
20260908,hybrid_continuous_h15,150,recursive,parsed_pig_count_absolute_error,0.03145975318665688,4
20260908,hybrid_continuous_h15,150,recursive,parsed_block_count_absolute_error,0.18260523161062828,4
20260908,hybrid_continuous_h15,225,recursive,mean_available_candidates,13.0,4
20260908,hybrid_continuous_h15,225,recursive,carrier_mse,0.0216829263103696,4
20260908,hybrid_continuous_h15,225,recursive,history_available_mse,0.0023083441216071006,4
20260908,hybrid_continuous_h15,225,recursive,prior_elapsed_seconds_mse,0.0029343747793553537,4
20260908,hybrid_continuous_h15,225,recursive,availability_bits_mse,0.027265704595125638,4
20260908,hybrid_continuous_h15,225,recursive,presence_available_values,18.0,4
20260908,hybrid_continuous_h15,225,recursive,presence_mse,0.019923083985654205,4
20260908,hybrid_continuous_h15,225,recursive,kind_available_values,36.0,4
20260908,hybrid_continuous_h15,225,recursive,kind_mse,0.0159719438614467,4
20260908,hybrid_continuous_h15,225,recursive,position_available_values,7.153846153846153,4
20260908,hybrid_continuous_h15,225,recursive,position_mse,0.03820153637430988,4
20260908,hybrid_continuous_h15,225,recursive,motion_available_values,7.153846153846153,4
20260908,hybrid_continuous_h15,225,recursive,motion_mse,0.013341734920126887,4
20260908,hybrid_continuous_h15,225,recursive,parsed_pig_count_absolute_error,0.04466328669625978,4
20260908,hybrid_continuous_h15,225,recursive,parsed_block_count_absolute_error,0.2622207466226358,4
20260908,hybrid_continuous_h15,600,recursive,mean_available_candidates,13.0,4
20260908,hybrid_continuous_h15,600,recursive,carrier_mse,0.11414313201720899,4
20260908,hybrid_continuous_h15,600,recursive,history_available_mse,0.09197708792747177,4
20260908,hybrid_continuous_h15,600,recursive,prior_elapsed_seconds_mse,0.024271715718966264,4
20260908,hybrid_continuous_h15,600,recursive,availability_bits_mse,0.1088070932489175,4
20260908,hybrid_continuous_h15,600,recursive,presence_available_values,18.0,4
20260908,hybrid_continuous_h15,600,recursive,presence_mse,0.11167889360625011,4
20260908,hybrid_continuous_h15,600,recursive,kind_available_values,36.0,4
20260908,hybrid_continuous_h15,600,recursive,kind_mse,0.10854926662376294,4
20260908,hybrid_continuous_h15,600,recursive,position_available_values,7.038461538461538,4
20260908,hybrid_continuous_h15,600,recursive,position_mse,0.1739145409888946,4
20260908,hybrid_continuous_h15,600,recursive,motion_available_values,7.038461538461538,4
20260908,hybrid_continuous_h15,600,recursive,motion_mse,0.16453572305349204,4
20260908,hybrid_continuous_h15,600,recursive,parsed_pig_count_absolute_error,0.05352701390018829,4
20260908,hybrid_continuous_h15,600,recursive,parsed_block_count_absolute_error,0.9465710119559214,4
20260908,hybrid_continuous_h15,15,local,mean_available_candidates,13.0,4
20260908,hybrid_continuous_h15,15,local,carrier_mse,0.00921765430114017,4
20260908,hybrid_continuous_h15,15,local,history_available_mse,0.1536355746480135,4
20260908,hybrid_continuous_h15,15,local,prior_elapsed_seconds_mse,0.0005711803381787972,4
20260908,hybrid_continuous_h15,15,local,availability_bits_mse,0.01880810334562109,4
20260908,hybrid_continuous_h15,15,local,presence_available_values,18.0,4
20260908,hybrid_continuous_h15,15,local,presence_mse,0.0008130234886126486,4
20260908,hybrid_continuous_h15,15,local,kind_available_values,36.0,4
20260908,hybrid_continuous_h15,15,local,kind_mse,0.0006939046873482696,4
20260908,hybrid_continuous_h15,15,local,position_available_values,7.26923076923077,4
20260908,hybrid_continuous_h15,15,local,position_mse,0.029504734040249156,4
20260908,hybrid_continuous_h15,15,local,motion_available_values,7.230769230769232,4
20260908,hybrid_continuous_h15,15,local,motion_mse,0.00331696800444311,4
20260908,hybrid_continuous_h15,15,local,parsed_pig_count_absolute_error,0.007272342434869364,4
20260908,hybrid_continuous_h15,15,local,parsed_block_count_absolute_error,0.05317011532875207,4
20260908,hybrid_continuous_h15,30,local,mean_available_candidates,13.0,4
20260908,hybrid_continuous_h15,30,local,carrier_mse,0.0011793462687749597,4
20260908,hybrid_continuous_h15,30,local,history_available_mse,0.0006322906323964399,4
20260908,hybrid_continuous_h15,30,local,prior_elapsed_seconds_mse,0.000118936217544475,4
20260908,hybrid_continuous_h15,30,local,availability_bits_mse,0.0020474798785961373,4
20260908,hybrid_continuous_h15,30,local,presence_available_values,18.0,4
20260908,hybrid_continuous_h15,30,local,presence_mse,0.00020000084077764768,4
20260908,hybrid_continuous_h15,30,local,kind_available_values,36.0,4
20260908,hybrid_continuous_h15,30,local,kind_mse,0.00017594661221664865,4
20260908,hybrid_continuous_h15,30,local,position_available_values,7.346153846153847,4
20260908,hybrid_continuous_h15,30,local,position_mse,0.0034528401809858712,4
20260908,hybrid_continuous_h15,30,local,motion_available_values,7.346153846153847,4
20260908,hybrid_continuous_h15,30,local,motion_mse,0.002552800150274729,4
20260908,hybrid_continuous_h15,30,local,parsed_pig_count_absolute_error,0.004179749781122575,4
20260908,hybrid_continuous_h15,30,local,parsed_block_count_absolute_error,0.03231217196354499,4
20260908,hybrid_continuous_h15,60,local,mean_available_candidates,13.0,4
20260908,hybrid_continuous_h15,60,local,carrier_mse,0.001130449935981932,4
20260908,hybrid_continuous_h15,60,local,history_available_mse,0.0003739724013911428,4
20260908,hybrid_continuous_h15,60,local,prior_elapsed_seconds_mse,0.00011774837786595945,4
20260908,hybrid_continuous_h15,60,local,availability_bits_mse,0.0018801735414644308,4
20260908,hybrid_continuous_h15,60,local,presence_available_values,18.0,4
20260908,hybrid_continuous_h15,60,local,presence_mse,0.00027281917139659455,4
20260908,hybrid_continuous_h15,60,local,kind_available_values,36.0,4
20260908,hybrid_continuous_h15,60,local,kind_mse,0.00019550478380271952,4
20260908,hybrid_continuous_h15,60,local,position_available_values,7.1923076923076925,4
20260908,hybrid_continuous_h15,60,local,position_mse,0.00013911304855495333,4
20260908,hybrid_continuous_h15,60,local,motion_available_values,7.1923076923076925,4
20260908,hybrid_continuous_h15,60,local,motion_mse,0.002203062822585567,4
20260908,hybrid_continuous_h15,60,local,parsed_pig_count_absolute_error,0.004525586819419494,4
20260908,hybrid_continuous_h15,60,local,parsed_block_count_absolute_error,0.05012631473632959,4
20260908,hybrid_continuous_h15,150,local,mean_available_candidates,13.0,4
20260908,hybrid_continuous_h15,150,local,carrier_mse,0.0012591202763500265,4
20260908,hybrid_continuous_h15,150,local,history_available_mse,0.00037377655371774774,4
20260908,hybrid_continuous_h15,150,local,prior_elapsed_seconds_mse,0.00011600126103635726,4
20260908,hybrid_continuous_h15,150,local,availability_bits_mse,0.0021148930337893455,4
20260908,hybrid_continuous_h15,150,local,presence_available_values,18.0,4
20260908,hybrid_continuous_h15,150,local,presence_mse,0.00025387329473093047,4
20260908,hybrid_continuous_h15,150,local,kind_available_values,36.0,4
20260908,hybrid_continuous_h15,150,local,kind_mse,0.0002740800632287014,4
20260908,hybrid_continuous_h15,150,local,position_available_values,7.153846153846153,4
20260908,hybrid_continuous_h15,150,local,position_mse,0.0013155917114580425,4
20260908,hybrid_continuous_h15,150,local,motion_available_values,7.115384615384615,4
20260908,hybrid_continuous_h15,150,local,motion_mse,0.002283203093191752,4
20260908,hybrid_continuous_h15,150,local,parsed_pig_count_absolute_error,0.0046890553516837265,4
20260908,hybrid_continuous_h15,150,local,parsed_block_count_absolute_error,0.03734324471308635,4
20260908,hybrid_continuous_h15,225,local,mean_available_candidates,13.0,4
20260908,hybrid_continuous_h15,225,local,carrier_mse,0.0020378469313212773,4
20260908,hybrid_continuous_h15,225,local,history_available_mse,0.0003777937962284957,4
20260908,hybrid_continuous_h15,225,local,prior_elapsed_seconds_mse,0.0001078334372113414,4
20260908,hybrid_continuous_h15,225,local,availability_bits_mse,0.0035969587059718417,4
20260908,hybrid_continuous_h15,225,local,presence_available_values,18.0,4
20260908,hybrid_continuous_h15,225,local,presence_mse,0.00037629961955714796,4
20260908,hybrid_continuous_h15,225,local,kind_available_values,36.0,4
20260908,hybrid_continuous_h15,225,local,kind_mse,0.00025898359126586,4
20260908,hybrid_continuous_h15,225,local,position_available_values,7.153846153846153,4
20260908,hybrid_continuous_h15,225,local,position_mse,0.00014457939288639373,4
20260908,hybrid_continuous_h15,225,local,motion_available_values,7.153846153846153,4
20260908,hybrid_continuous_h15,225,local,motion_mse,0.00264178164742099,4
20260908,hybrid_continuous_h15,225,local,parsed_pig_count_absolute_error,0.005445252459209699,4
20260908,hybrid_continuous_h15,225,local,parsed_block_count_absolute_error,0.052752961906102985,4
20260908,hybrid_continuous_h15,600,local,mean_available_candidates,13.0,4
20260908,hybrid_continuous_h15,600,local,carrier_mse,0.0008474009628116619,4
20260908,hybrid_continuous_h15,600,local,history_available_mse,0.0005742516739689362,4
20260908,hybrid_continuous_h15,600,local,prior_elapsed_seconds_mse,0.00016775945452816534,4
20260908,hybrid_continuous_h15,600,local,availability_bits_mse,0.0007584925185186036,4
20260908,hybrid_continuous_h15,600,local,presence_available_values,18.0,4
20260908,hybrid_continuous_h15,600,local,presence_mse,0.00020634583261898323,4
20260908,hybrid_continuous_h15,600,local,kind_available_values,36.0,4
20260908,hybrid_continuous_h15,600,local,kind_mse,0.00027572840344174224,4
20260908,hybrid_continuous_h15,600,local,position_available_values,7.038461538461538,4
20260908,hybrid_continuous_h15,600,local,position_mse,0.00017219118294283713,4
20260908,hybrid_continuous_h15,600,local,motion_available_values,7.038461538461538,4
20260908,hybrid_continuous_h15,600,local,motion_mse,0.008809337953257805,4
20260908,hybrid_continuous_h15,600,local,parsed_pig_count_absolute_error,0.004615383222699165,4
20260908,hybrid_continuous_h15,600,local,parsed_block_count_absolute_error,0.027383994024533488,4
20260908,hybrid_micro_h15,15,recursive,mean_available_candidates,13.0,4
20260908,hybrid_micro_h15,15,recursive,carrier_mse,0.009208290085483056,4
20260908,hybrid_micro_h15,15,recursive,history_available_mse,0.15239798635817492,4
20260908,hybrid_micro_h15,15,recursive,prior_elapsed_seconds_mse,0.0003243499338098515,4
20260908,hybrid_micro_h15,15,recursive,availability_bits_mse,0.01883211681762567,4
20260908,hybrid_micro_h15,15,recursive,presence_available_values,18.0,4
20260908,hybrid_micro_h15,15,recursive,presence_mse,0.0008130946116580162,4
20260908,hybrid_micro_h15,15,recursive,kind_available_values,36.0,4
20260908,hybrid_micro_h15,15,recursive,kind_mse,0.0006782493292121217,4
20260908,hybrid_micro_h15,15,recursive,position_available_values,7.26923076923077,4
20260908,hybrid_micro_h15,15,recursive,position_mse,0.029987127463055704,4
20260908,hybrid_micro_h15,15,recursive,motion_available_values,7.230769230769232,4
20260908,hybrid_micro_h15,15,recursive,motion_mse,0.0034214873493720703,4
20260908,hybrid_micro_h15,15,recursive,parsed_pig_count_absolute_error,0.007556316156226856,4
20260908,hybrid_micro_h15,15,recursive,parsed_block_count_absolute_error,0.05432419994702706,4
20260908,hybrid_micro_h15,30,recursive,mean_available_candidates,13.0,4
20260908,hybrid_micro_h15,30,recursive,carrier_mse,0.008959603898871977,4
20260908,hybrid_micro_h15,30,recursive,history_available_mse,0.08014237465193638,4
20260908,hybrid_micro_h15,30,recursive,prior_elapsed_seconds_mse,2.4374140431706947e-05,4
20260908,hybrid_micro_h15,30,recursive,availability_bits_mse,0.018506627100018356,4
20260908,hybrid_micro_h15,30,recursive,presence_available_values,18.0,4
20260908,hybrid_micro_h15,30,recursive,presence_mse,0.0013332466008320737,4
20260908,hybrid_micro_h15,30,recursive,kind_available_values,36.0,4
20260908,hybrid_micro_h15,30,recursive,kind_mse,0.0008871631692342747,4
20260908,hybrid_micro_h15,30,recursive,position_available_values,7.346153846153847,4
20260908,hybrid_micro_h15,30,recursive,position_mse,0.03136972012781861,4
20260908,hybrid_micro_h15,30,recursive,motion_available_values,7.346153846153847,4
20260908,hybrid_micro_h15,30,recursive,motion_mse,0.0035543633096564845,4
20260908,hybrid_micro_h15,30,recursive,parsed_pig_count_absolute_error,0.005872760827724749,4
20260908,hybrid_micro_h15,30,recursive,parsed_block_count_absolute_error,0.05932191014289856,4
20260908,hybrid_micro_h15,60,recursive,mean_available_candidates,13.0,4
20260908,hybrid_micro_h15,60,recursive,carrier_mse,0.008694438317504067,4
20260908,hybrid_micro_h15,60,recursive,history_available_mse,0.04591325717046857,4
20260908,hybrid_micro_h15,60,recursive,prior_elapsed_seconds_mse,7.958803483638814e-05,4
20260908,hybrid_micro_h15,60,recursive,availability_bits_mse,0.016968344266598042,4
20260908,hybrid_micro_h15,60,recursive,presence_available_values,18.0,4
20260908,hybrid_micro_h15,60,recursive,presence_mse,0.002408060381780021,4
20260908,hybrid_micro_h15,60,recursive,kind_available_values,36.0,4
20260908,hybrid_micro_h15,60,recursive,kind_mse,0.0018269471654023689,4
20260908,hybrid_micro_h15,60,recursive,position_available_values,7.1923076923076925,4
20260908,hybrid_micro_h15,60,recursive,position_mse,0.025991827236094438,4
20260908,hybrid_micro_h15,60,recursive,motion_available_values,7.1923076923076925,4
20260908,hybrid_micro_h15,60,recursive,motion_mse,0.0052581774697710686,4
20260908,hybrid_micro_h15,60,recursive,parsed_pig_count_absolute_error,0.011575756343797995,4
20260908,hybrid_micro_h15,60,recursive,parsed_block_count_absolute_error,0.08757127764133307,4
20260908,hybrid_micro_h15,150,recursive,mean_available_candidates,13.0,4
20260908,hybrid_micro_h15,150,recursive,carrier_mse,0.013718709797383502,4
20260908,hybrid_micro_h15,150,recursive,history_available_mse,0.014488088808810482,4
20260908,hybrid_micro_h15,150,recursive,prior_elapsed_seconds_mse,0.00011840030722994802,4
20260908,hybrid_micro_h15,150,recursive,availability_bits_mse,0.020570967418070022,4
20260908,hybrid_micro_h15,150,recursive,presence_available_values,18.0,4
20260908,hybrid_micro_h15,150,recursive,presence_mse,0.009330537071666464,4
20260908,hybrid_micro_h15,150,recursive,kind_available_values,36.0,4
20260908,hybrid_micro_h15,150,recursive,kind_mse,0.008099111629864918,4
20260908,hybrid_micro_h15,150,recursive,position_available_values,7.153846153846153,4
20260908,hybrid_micro_h15,150,recursive,position_mse,0.030058009549975395,4
20260908,hybrid_micro_h15,150,recursive,motion_available_values,7.115384615384615,4
20260908,hybrid_micro_h15,150,recursive,motion_mse,0.008190579998951692,4
20260908,hybrid_micro_h15,150,recursive,parsed_pig_count_absolute_error,0.033185665030032396,4
20260908,hybrid_micro_h15,150,recursive,parsed_block_count_absolute_error,0.18460313918498847,4
20260908,hybrid_micro_h15,225,recursive,mean_available_candidates,13.0,4
20260908,hybrid_micro_h15,225,recursive,carrier_mse,0.021996863669930745,4
20260908,hybrid_micro_h15,225,recursive,history_available_mse,0.0057916410710626785,4
20260908,hybrid_micro_h15,225,recursive,prior_elapsed_seconds_mse,0.0001427002712554112,4
20260908,hybrid_micro_h15,225,recursive,availability_bits_mse,0.028107566973910883,4
20260908,hybrid_micro_h15,225,recursive,presence_available_values,18.0,4
20260908,hybrid_micro_h15,225,recursive,presence_mse,0.018677611692020524,4
20260908,hybrid_micro_h15,225,recursive,kind_available_values,36.0,4
20260908,hybrid_micro_h15,225,recursive,kind_mse,0.016884805974908747,4
20260908,hybrid_micro_h15,225,recursive,position_available_values,7.153846153846153,4
20260908,hybrid_micro_h15,225,recursive,position_mse,0.04349516690350496,4
20260908,hybrid_micro_h15,225,recursive,motion_available_values,7.153846153846153,4
20260908,hybrid_micro_h15,225,recursive,motion_mse,0.012945941309086405,4
20260908,hybrid_micro_h15,225,recursive,parsed_pig_count_absolute_error,0.044908952970917404,4
20260908,hybrid_micro_h15,225,recursive,parsed_block_count_absolute_error,0.2688413852682481,4
20260908,hybrid_micro_h15,600,recursive,mean_available_candidates,13.0,4
20260908,hybrid_micro_h15,600,recursive,carrier_mse,0.12415966105002624,4
20260908,hybrid_micro_h15,600,recursive,history_available_mse,0.10724152294166672,4
20260908,hybrid_micro_h15,600,recursive,prior_elapsed_seconds_mse,0.013172900975825122,4
20260908,hybrid_micro_h15,600,recursive,availability_bits_mse,0.1259704464330123,4
20260908,hybrid_micro_h15,600,recursive,presence_available_values,18.0,4
20260908,hybrid_micro_h15,600,recursive,presence_mse,0.10616266784759668,4
20260908,hybrid_micro_h15,600,recursive,kind_available_values,36.0,4
20260908,hybrid_micro_h15,600,recursive,kind_mse,0.12165494148547834,4
20260908,hybrid_micro_h15,600,recursive,position_available_values,7.038461538461538,4
20260908,hybrid_micro_h15,600,recursive,position_mse,0.20924162348875633,4
20260908,hybrid_micro_h15,600,recursive,motion_available_values,7.038461538461538,4
20260908,hybrid_micro_h15,600,recursive,motion_mse,0.16696555325045034,4
20260908,hybrid_micro_h15,600,recursive,parsed_pig_count_absolute_error,0.05352701390018829,4
20260908,hybrid_micro_h15,600,recursive,parsed_block_count_absolute_error,0.9430686544913511,4
20260908,hybrid_micro_h15,15,local,mean_available_candidates,13.0,4
20260908,hybrid_micro_h15,15,local,carrier_mse,0.009208290085483056,4
20260908,hybrid_micro_h15,15,local,history_available_mse,0.15239798635817492,4
20260908,hybrid_micro_h15,15,local,prior_elapsed_seconds_mse,0.0003243499338098515,4
20260908,hybrid_micro_h15,15,local,availability_bits_mse,0.01883211681762567,4
20260908,hybrid_micro_h15,15,local,presence_available_values,18.0,4
20260908,hybrid_micro_h15,15,local,presence_mse,0.0008130946116580162,4
20260908,hybrid_micro_h15,15,local,kind_available_values,36.0,4
20260908,hybrid_micro_h15,15,local,kind_mse,0.0006782493292121217,4
20260908,hybrid_micro_h15,15,local,position_available_values,7.26923076923077,4
20260908,hybrid_micro_h15,15,local,position_mse,0.029987127463055704,4
20260908,hybrid_micro_h15,15,local,motion_available_values,7.230769230769232,4
20260908,hybrid_micro_h15,15,local,motion_mse,0.0034214873493720703,4
20260908,hybrid_micro_h15,15,local,parsed_pig_count_absolute_error,0.007556316156226856,4
20260908,hybrid_micro_h15,15,local,parsed_block_count_absolute_error,0.05432419994702706,4
20260908,hybrid_micro_h15,30,local,mean_available_candidates,13.0,4
20260908,hybrid_micro_h15,30,local,carrier_mse,0.0011782856454374269,4
20260908,hybrid_micro_h15,30,local,history_available_mse,0.0006098263577467395,4
20260908,hybrid_micro_h15,30,local,prior_elapsed_seconds_mse,1.9858044332175485e-05,4
20260908,hybrid_micro_h15,30,local,availability_bits_mse,0.0020496199501324626,4
20260908,hybrid_micro_h15,30,local,presence_available_values,18.0,4
20260908,hybrid_micro_h15,30,local,presence_mse,0.0002015112221180551,4
20260908,hybrid_micro_h15,30,local,kind_available_values,36.0,4
20260908,hybrid_micro_h15,30,local,kind_mse,0.00016029273837585395,4
20260908,hybrid_micro_h15,30,local,position_available_values,7.346153846153847,4
20260908,hybrid_micro_h15,30,local,position_mse,0.0035255306639345903,4
20260908,hybrid_micro_h15,30,local,motion_available_values,7.346153846153847,4
20260908,hybrid_micro_h15,30,local,motion_mse,0.002733756016823463,4
20260908,hybrid_micro_h15,30,local,parsed_pig_count_absolute_error,0.004618186646929154,4
20260908,hybrid_micro_h15,30,local,parsed_block_count_absolute_error,0.028395116329193115,4
20260908,hybrid_micro_h15,60,local,mean_available_candidates,13.0,4
20260908,hybrid_micro_h15,60,local,carrier_mse,0.0011233653497653834,4
20260908,hybrid_micro_h15,60,local,history_available_mse,0.00035731058407424584,4
20260908,hybrid_micro_h15,60,local,prior_elapsed_seconds_mse,1.8581619723545336e-05,4
20260908,hybrid_micro_h15,60,local,availability_bits_mse,0.0018762048188923823,4
20260908,hybrid_micro_h15,60,local,presence_available_values,18.0,4
20260908,hybrid_micro_h15,60,local,presence_mse,0.0002741258674807166,4
20260908,hybrid_micro_h15,60,local,kind_available_values,36.0,4
20260908,hybrid_micro_h15,60,local,kind_mse,0.00017956287117088394,4
20260908,hybrid_micro_h15,60,local,position_available_values,7.1923076923076925,4
20260908,hybrid_micro_h15,60,local,position_mse,0.00017137363591665722,4
20260908,hybrid_micro_h15,60,local,motion_available_values,7.1923076923076925,4
20260908,hybrid_micro_h15,60,local,motion_mse,0.002387065771752252,4
20260908,hybrid_micro_h15,60,local,parsed_pig_count_absolute_error,0.00502433326955025,4
20260908,hybrid_micro_h15,60,local,parsed_block_count_absolute_error,0.04529418452427937,4
20260908,hybrid_micro_h15,150,local,mean_available_candidates,13.0,4
20260908,hybrid_micro_h15,150,local,carrier_mse,0.0012522378187546004,4
20260908,hybrid_micro_h15,150,local,history_available_mse,0.0003572665972785015,4
20260908,hybrid_micro_h15,150,local,prior_elapsed_seconds_mse,1.8588547112921146e-05,4
20260908,hybrid_micro_h15,150,local,availability_bits_mse,0.002110540708459806,4
20260908,hybrid_micro_h15,150,local,presence_available_values,18.0,4
20260908,hybrid_micro_h15,150,local,presence_mse,0.00025306509031417174,4
20260908,hybrid_micro_h15,150,local,kind_available_values,36.0,4
20260908,hybrid_micro_h15,150,local,kind_mse,0.0002570587821537629,4
20260908,hybrid_micro_h15,150,local,position_available_values,7.153846153846153,4
20260908,hybrid_micro_h15,150,local,position_mse,0.0013607172046389538,4
20260908,hybrid_micro_h15,150,local,motion_available_values,7.115384615384615,4
20260908,hybrid_micro_h15,150,local,motion_mse,0.00245423360208336,4
20260908,hybrid_micro_h15,150,local,parsed_pig_count_absolute_error,0.005175269638689665,4
20260908,hybrid_micro_h15,150,local,parsed_block_count_absolute_error,0.03378699662593695,4
20260908,hybrid_micro_h15,225,local,mean_available_candidates,13.0,4
20260908,hybrid_micro_h15,225,local,carrier_mse,0.002029696560874492,4
20260908,hybrid_micro_h15,225,local,history_available_mse,0.000359225522527796,4
20260908,hybrid_micro_h15,225,local,prior_elapsed_seconds_mse,1.550478408251638e-05,4
20260908,hybrid_micro_h15,225,local,availability_bits_mse,0.0035927862753361785,4
20260908,hybrid_micro_h15,225,local,presence_available_values,18.0,4
20260908,hybrid_micro_h15,225,local,presence_mse,0.0003811437908063034,4
20260908,hybrid_micro_h15,225,local,kind_available_values,36.0,4
20260908,hybrid_micro_h15,225,local,kind_mse,0.00024408877470705193,4
20260908,hybrid_micro_h15,225,local,position_available_values,7.153846153846153,4
20260908,hybrid_micro_h15,225,local,position_mse,0.00017577104888634774,4
20260908,hybrid_micro_h15,225,local,motion_available_values,7.153846153846153,4
20260908,hybrid_micro_h15,225,local,motion_mse,0.0027999617495180033,4
20260908,hybrid_micro_h15,225,local,parsed_pig_count_absolute_error,0.005914168933836313,4
20260908,hybrid_micro_h15,225,local,parsed_block_count_absolute_error,0.04840314560211621,4
20260908,hybrid_micro_h15,600,local,mean_available_candidates,13.0,4
20260908,hybrid_micro_h15,600,local,carrier_mse,0.0008414526684926106,4
20260908,hybrid_micro_h15,600,local,history_available_mse,0.0005543209899758932,4
20260908,hybrid_micro_h15,600,local,prior_elapsed_seconds_mse,6.157395523735142e-05,4
20260908,hybrid_micro_h15,600,local,availability_bits_mse,0.0007539646805805835,4
20260908,hybrid_micro_h15,600,local,presence_available_values,18.0,4
20260908,hybrid_micro_h15,600,local,presence_mse,0.00020408086031518624,4
20260908,hybrid_micro_h15,600,local,kind_available_values,36.0,4
20260908,hybrid_micro_h15,600,local,kind_mse,0.00025766326031701354,4
20260908,hybrid_micro_h15,600,local,position_available_values,7.038461538461538,4
20260908,hybrid_micro_h15,600,local,position_mse,0.00020414243394602986,4
20260908,hybrid_micro_h15,600,local,motion_available_values,7.038461538461538,4
20260908,hybrid_micro_h15,600,local,motion_mse,0.009053287906751323,4
20260908,hybrid_micro_h15,600,local,parsed_pig_count_absolute_error,0.00504068758052129,4
20260908,hybrid_micro_h15,600,local,parsed_block_count_absolute_error,0.022481695390664615,4
20260908,hybrid_macro_h15,15,recursive,mean_available_candidates,13.0,4
20260908,hybrid_macro_h15,15,recursive,carrier_mse,0.009504682599351956,4
20260908,hybrid_macro_h15,15,recursive,history_available_mse,0.09174466878175735,4
20260908,hybrid_macro_h15,15,recursive,prior_elapsed_seconds_mse,0.005628449369956238,4
20260908,hybrid_macro_h15,15,recursive,availability_bits_mse,0.018654313242922608,4
20260908,hybrid_macro_h15,15,recursive,presence_available_values,18.0,4
20260908,hybrid_macro_h15,15,recursive,presence_mse,0.0012351085953503991,4
20260908,hybrid_macro_h15,15,recursive,kind_available_values,36.0,4
20260908,hybrid_macro_h15,15,recursive,kind_mse,0.001316865910596859,4
20260908,hybrid_macro_h15,15,recursive,position_available_values,7.26923076923077,4
20260908,hybrid_macro_h15,15,recursive,position_mse,0.029617905974961244,4
20260908,hybrid_macro_h15,15,recursive,motion_available_values,7.230769230769232,4
20260908,hybrid_macro_h15,15,recursive,motion_mse,0.004401121521368623,4
20260908,hybrid_macro_h15,15,recursive,parsed_pig_count_absolute_error,0.03245966286899952,4
20260908,hybrid_macro_h15,15,recursive,parsed_block_count_absolute_error,0.0449854748753401,4
20260908,hybrid_macro_h15,30,recursive,mean_available_candidates,13.0,4
20260908,hybrid_macro_h15,30,recursive,carrier_mse,0.011483167414553463,4
20260908,hybrid_macro_h15,30,recursive,history_available_mse,0.02882946588887045,4
20260908,hybrid_macro_h15,30,recursive,prior_elapsed_seconds_mse,0.0013583042906311414,4
20260908,hybrid_macro_h15,30,recursive,availability_bits_mse,0.01894231473740477,4
20260908,hybrid_macro_h15,30,recursive,presence_available_values,18.0,4
20260908,hybrid_macro_h15,30,recursive,presence_mse,0.004146978702360334,4
20260908,hybrid_macro_h15,30,recursive,kind_available_values,36.0,4
20260908,hybrid_macro_h15,30,recursive,kind_mse,0.003315130524032821,4
20260908,hybrid_macro_h15,30,recursive,position_available_values,7.346153846153847,4
20260908,hybrid_macro_h15,30,recursive,position_mse,0.03123013637377881,4
20260908,hybrid_macro_h15,30,recursive,motion_available_values,7.346153846153847,4
20260908,hybrid_macro_h15,30,recursive,motion_mse,0.010231343003957031,4
20260908,hybrid_macro_h15,30,recursive,parsed_pig_count_absolute_error,0.03419184999970289,4
20260908,hybrid_macro_h15,30,recursive,parsed_block_count_absolute_error,0.07536961138248444,4
20260908,hybrid_macro_h15,60,recursive,mean_available_candidates,13.0,4
20260908,hybrid_macro_h15,60,recursive,carrier_mse,0.009509469266049564,4
20260908,hybrid_macro_h15,60,recursive,history_available_mse,0.013212925414196573,4
20260908,hybrid_macro_h15,60,recursive,prior_elapsed_seconds_mse,0.0009617262134829967,4
20260908,hybrid_macro_h15,60,recursive,availability_bits_mse,0.017262265999586537,4
20260908,hybrid_macro_h15,60,recursive,presence_available_values,18.0,4
20260908,hybrid_macro_h15,60,recursive,presence_mse,0.004649275837716861,4
20260908,hybrid_macro_h15,60,recursive,kind_available_values,36.0,4
20260908,hybrid_macro_h15,60,recursive,kind_mse,0.0024668957406762415,4
20260908,hybrid_macro_h15,60,recursive,position_available_values,7.1923076923076925,4
20260908,hybrid_macro_h15,60,recursive,position_mse,0.027164229079901885,4
20260908,hybrid_macro_h15,60,recursive,motion_available_values,7.1923076923076925,4
20260908,hybrid_macro_h15,60,recursive,motion_mse,0.006834825223240143,4
20260908,hybrid_macro_h15,60,recursive,parsed_pig_count_absolute_error,0.022139545064419508,4
20260908,hybrid_macro_h15,60,recursive,parsed_block_count_absolute_error,0.09763920020598632,4
20260908,hybrid_macro_h15,150,recursive,mean_available_candidates,13.0,4
20260908,hybrid_macro_h15,150,recursive,carrier_mse,0.016201094133206285,4
20260908,hybrid_macro_h15,150,recursive,history_available_mse,0.0037182776952529545,4
20260908,hybrid_macro_h15,150,recursive,prior_elapsed_seconds_mse,0.0015611224707054833,4
20260908,hybrid_macro_h15,150,recursive,availability_bits_mse,0.02372325211763382,4
20260908,hybrid_macro_h15,150,recursive,presence_available_values,18.0,4
20260908,hybrid_macro_h15,150,recursive,presence_mse,0.01879657281992527,4
20260908,hybrid_macro_h15,150,recursive,kind_available_values,36.0,4
20260908,hybrid_macro_h15,150,recursive,kind_mse,0.00775285281885702,4
20260908,hybrid_macro_h15,150,recursive,position_available_values,7.153846153846153,4
20260908,hybrid_macro_h15,150,recursive,position_mse,0.033944936630387716,4
20260908,hybrid_macro_h15,150,recursive,motion_available_values,7.115384615384615,4
20260908,hybrid_macro_h15,150,recursive,motion_mse,0.015144369421670072,4
20260908,hybrid_macro_h15,150,recursive,parsed_pig_count_absolute_error,0.03063927082201609,4
20260908,hybrid_macro_h15,150,recursive,parsed_block_count_absolute_error,0.19794423706256425,4
20260908,hybrid_macro_h15,225,recursive,mean_available_candidates,13.0,4
20260908,hybrid_macro_h15,225,recursive,carrier_mse,0.0265010348521173,4
20260908,hybrid_macro_h15,225,recursive,history_available_mse,0.0015299874716080152,4
20260908,hybrid_macro_h15,225,recursive,prior_elapsed_seconds_mse,0.004529894457776278,4
20260908,hybrid_macro_h15,225,recursive,availability_bits_mse,0.03482433157758071,4
20260908,hybrid_macro_h15,225,recursive,presence_available_values,18.0,4
20260908,hybrid_macro_h15,225,recursive,presence_mse,0.03745449395277179,4
20260908,hybrid_macro_h15,225,recursive,kind_available_values,36.0,4
20260908,hybrid_macro_h15,225,recursive,kind_mse,0.015310808299825743,4
20260908,hybrid_macro_h15,225,recursive,position_available_values,7.153846153846153,4
20260908,hybrid_macro_h15,225,recursive,position_mse,0.046918910856430344,4
20260908,hybrid_macro_h15,225,recursive,motion_available_values,7.153846153846153,4
20260908,hybrid_macro_h15,225,recursive,motion_mse,0.021738486436124027,4
20260908,hybrid_macro_h15,225,recursive,parsed_pig_count_absolute_error,0.03594622660714847,4
20260908,hybrid_macro_h15,225,recursive,parsed_block_count_absolute_error,0.30243990799555415,4
20260908,hybrid_macro_h15,600,recursive,mean_available_candidates,13.0,4
20260908,hybrid_macro_h15,600,recursive,carrier_mse,0.1340525636019615,4
20260908,hybrid_macro_h15,600,recursive,history_available_mse,0.034739416899460945,4
20260908,hybrid_macro_h15,600,recursive,prior_elapsed_seconds_mse,0.0299713967833668,4
20260908,hybrid_macro_h15,600,recursive,availability_bits_mse,0.16130024653214675,4
20260908,hybrid_macro_h15,600,recursive,presence_available_values,18.0,4
20260908,hybrid_macro_h15,600,recursive,presence_mse,0.17653118217220676,4
20260908,hybrid_macro_h15,600,recursive,kind_available_values,36.0,4
20260908,hybrid_macro_h15,600,recursive,kind_mse,0.08692263682874349,4
20260908,hybrid_macro_h15,600,recursive,position_available_values,7.038461538461538,4
20260908,hybrid_macro_h15,600,recursive,position_mse,0.15701485238969326,4
20260908,hybrid_macro_h15,600,recursive,motion_available_values,7.038461538461538,4
20260908,hybrid_macro_h15,600,recursive,motion_mse,0.2243650830709017,4
20260908,hybrid_macro_h15,600,recursive,parsed_pig_count_absolute_error,0.0624028925712292,4
20260908,hybrid_macro_h15,600,recursive,parsed_block_count_absolute_error,0.7509858459234237,4
20260908,hybrid_macro_h15,15,local,mean_available_candidates,13.0,4
20260908,hybrid_macro_h15,15,local,carrier_mse,0.009504682599351956,4
20260908,hybrid_macro_h15,15,local,history_available_mse,0.09174466878175735,4
20260908,hybrid_macro_h15,15,local,prior_elapsed_seconds_mse,0.005628449369956238,4
20260908,hybrid_macro_h15,15,local,availability_bits_mse,0.018654313242922608,4
20260908,hybrid_macro_h15,15,local,presence_available_values,18.0,4
20260908,hybrid_macro_h15,15,local,presence_mse,0.0012351085953503991,4
20260908,hybrid_macro_h15,15,local,kind_available_values,36.0,4
20260908,hybrid_macro_h15,15,local,kind_mse,0.001316865910596859,4
20260908,hybrid_macro_h15,15,local,position_available_values,7.26923076923077,4
20260908,hybrid_macro_h15,15,local,position_mse,0.029617905974961244,4
20260908,hybrid_macro_h15,15,local,motion_available_values,7.230769230769232,4
20260908,hybrid_macro_h15,15,local,motion_mse,0.004401121521368623,4
20260908,hybrid_macro_h15,15,local,parsed_pig_count_absolute_error,0.03245966286899952,4
20260908,hybrid_macro_h15,15,local,parsed_block_count_absolute_error,0.0449854748753401,4
20260908,hybrid_macro_h15,30,local,mean_available_candidates,13.0,4
20260908,hybrid_macro_h15,30,local,carrier_mse,0.004035843568719708,4
20260908,hybrid_macro_h15,30,local,history_available_mse,0.007554257463198155,4
20260908,hybrid_macro_h15,30,local,prior_elapsed_seconds_mse,0.0002645910944046101,4
20260908,hybrid_macro_h15,30,local,availability_bits_mse,0.003571352652215864,4
20260908,hybrid_macro_h15,30,local,presence_available_values,18.0,4
20260908,hybrid_macro_h15,30,local,presence_mse,0.0022970180552175194,4
20260908,hybrid_macro_h15,30,local,kind_available_values,36.0,4
20260908,hybrid_macro_h15,30,local,kind_mse,0.0021089316190997264,4
20260908,hybrid_macro_h15,30,local,position_available_values,7.346153846153847,4
20260908,hybrid_macro_h15,30,local,position_mse,0.003900016634781003,4
20260908,hybrid_macro_h15,30,local,motion_available_values,7.346153846153847,4
20260908,hybrid_macro_h15,30,local,motion_mse,0.005987295041380164,4
20260908,hybrid_macro_h15,30,local,parsed_pig_count_absolute_error,0.048314266300831854,4
20260908,hybrid_macro_h15,30,local,parsed_block_count_absolute_error,0.023933662818028376,4
20260908,hybrid_macro_h15,60,local,mean_available_candidates,13.0,4
20260908,hybrid_macro_h15,60,local,carrier_mse,0.00393155210902198,4
20260908,hybrid_macro_h15,60,local,history_available_mse,0.007624942128761456,4
20260908,hybrid_macro_h15,60,local,prior_elapsed_seconds_mse,0.0002368412277222048,4
20260908,hybrid_macro_h15,60,local,availability_bits_mse,0.003477866765863907,4
20260908,hybrid_macro_h15,60,local,presence_available_values,18.0,4
20260908,hybrid_macro_h15,60,local,presence_mse,0.0022313201222389652,4
20260908,hybrid_macro_h15,60,local,kind_available_values,36.0,4
20260908,hybrid_macro_h15,60,local,kind_mse,0.002085436326944126,4
20260908,hybrid_macro_h15,60,local,position_available_values,7.1923076923076925,4
20260908,hybrid_macro_h15,60,local,position_mse,0.0004249076714936214,4
20260908,hybrid_macro_h15,60,local,motion_available_values,7.1923076923076925,4
20260908,hybrid_macro_h15,60,local,motion_mse,0.005568467718638623,4
20260908,hybrid_macro_h15,60,local,parsed_pig_count_absolute_error,0.051054176946099,4
20260908,hybrid_macro_h15,60,local,parsed_block_count_absolute_error,0.037563468401248634,4
20260908,hybrid_macro_h15,150,local,mean_available_candidates,13.0,4
20260908,hybrid_macro_h15,150,local,carrier_mse,0.003917692222995146,4
20260908,hybrid_macro_h15,150,local,history_available_mse,0.007377597154118121,4
20260908,hybrid_macro_h15,150,local,prior_elapsed_seconds_mse,0.00024335815142415219,4
20260908,hybrid_macro_h15,150,local,availability_bits_mse,0.003680621265979985,4
20260908,hybrid_macro_h15,150,local,presence_available_values,18.0,4
20260908,hybrid_macro_h15,150,local,presence_mse,0.0021638061600522352,4
20260908,hybrid_macro_h15,150,local,kind_available_values,36.0,4
20260908,hybrid_macro_h15,150,local,kind_mse,0.002065851826046128,4
20260908,hybrid_macro_h15,150,local,position_available_values,7.153846153846153,4
20260908,hybrid_macro_h15,150,local,position_mse,0.0016248563582708952,4
20260908,hybrid_macro_h15,150,local,motion_available_values,7.115384615384615,4
20260908,hybrid_macro_h15,150,local,motion_mse,0.005110444680142862,4
20260908,hybrid_macro_h15,150,local,parsed_pig_count_absolute_error,0.04955701393863329,4
20260908,hybrid_macro_h15,150,local,parsed_block_count_absolute_error,0.035163529217243195,4
20260908,hybrid_macro_h15,225,local,mean_available_candidates,13.0,4
20260908,hybrid_macro_h15,225,local,carrier_mse,0.004867448876701438,4
20260908,hybrid_macro_h15,225,local,history_available_mse,0.007528689089947596,4
20260908,hybrid_macro_h15,225,local,prior_elapsed_seconds_mse,0.00023990911071778082,4
20260908,hybrid_macro_h15,225,local,availability_bits_mse,0.005251000402495265,4
20260908,hybrid_macro_h15,225,local,presence_available_values,18.0,4
20260908,hybrid_macro_h15,225,local,presence_mse,0.002392875201901636,4
20260908,hybrid_macro_h15,225,local,kind_available_values,36.0,4
20260908,hybrid_macro_h15,225,local,kind_mse,0.0021729560836460083,4
20260908,hybrid_macro_h15,225,local,position_available_values,7.153846153846153,4
20260908,hybrid_macro_h15,225,local,position_mse,0.0004405123282385131,4
20260908,hybrid_macro_h15,225,local,motion_available_values,7.153846153846153,4
20260908,hybrid_macro_h15,225,local,motion_mse,0.005730803993244011,4
20260908,hybrid_macro_h15,225,local,parsed_pig_count_absolute_error,0.0494817324484197,4
20260908,hybrid_macro_h15,225,local,parsed_block_count_absolute_error,0.042262301422082454,4
20260908,hybrid_macro_h15,600,local,mean_available_candidates,13.0,4
20260908,hybrid_macro_h15,600,local,carrier_mse,0.003603424093363663,4
20260908,hybrid_macro_h15,600,local,history_available_mse,0.007233602885837451,4
20260908,hybrid_macro_h15,600,local,prior_elapsed_seconds_mse,0.0004060865302182475,4
20260908,hybrid_macro_h15,600,local,availability_bits_mse,0.002342266351871121,4
20260908,hybrid_macro_h15,600,local,presence_available_values,18.0,4
20260908,hybrid_macro_h15,600,local,presence_mse,0.002227602134763192,4
20260908,hybrid_macro_h15,600,local,kind_available_values,36.0,4
20260908,hybrid_macro_h15,600,local,kind_mse,0.002167450604107356,4
20260908,hybrid_macro_h15,600,local,position_available_values,7.038461538461538,4
20260908,hybrid_macro_h15,600,local,position_mse,0.00044978994041090255,4
20260908,hybrid_macro_h15,600,local,motion_available_values,7.038461538461538,4
20260908,hybrid_macro_h15,600,local,motion_mse,0.01015099121678549,4
20260908,hybrid_macro_h15,600,local,parsed_pig_count_absolute_error,0.05041032735831462,4
20260908,hybrid_macro_h15,600,local,parsed_block_count_absolute_error,0.0194802639576105,4
20260909,continuous_h1,15,recursive,mean_available_candidates,13.0,4
20260909,continuous_h1,15,recursive,carrier_mse,0.027370087157648347,4
20260909,continuous_h1,15,recursive,history_available_mse,0.008690193635769762,4
20260909,continuous_h1,15,recursive,prior_elapsed_seconds_mse,0.03190470950749631,4
20260909,continuous_h1,15,recursive,availability_bits_mse,0.03990054696511764,4
20260909,continuous_h1,15,recursive,presence_available_values,18.0,4
20260909,continuous_h1,15,recursive,presence_mse,0.0241289627021895,4
20260909,continuous_h1,15,recursive,kind_available_values,36.0,4
20260909,continuous_h1,15,recursive,kind_mse,0.018757360754534602,4
20260909,continuous_h1,15,recursive,position_available_values,7.26923076923077,4
20260909,continuous_h1,15,recursive,position_mse,0.034077907930343196,4
20260909,continuous_h1,15,recursive,motion_available_values,7.230769230769232,4
20260909,continuous_h1,15,recursive,motion_mse,0.009592355081202606,4
20260909,continuous_h1,15,recursive,parsed_pig_count_absolute_error,0.0324196437946879,4
20260909,continuous_h1,15,recursive,parsed_block_count_absolute_error,0.3990158811211586,4
20260909,continuous_h1,30,recursive,mean_available_candidates,13.0,4
20260909,continuous_h1,30,recursive,carrier_mse,0.08309697732329369,4
20260909,continuous_h1,30,recursive,history_available_mse,0.06353743929559222,4
20260909,continuous_h1,30,recursive,prior_elapsed_seconds_mse,0.07966529606626585,4
20260909,continuous_h1,30,recursive,availability_bits_mse,0.11179046576412824,4
20260909,continuous_h1,30,recursive,presence_available_values,18.0,4
20260909,continuous_h1,30,recursive,presence_mse,0.08151322760834145,4
20260909,continuous_h1,30,recursive,kind_available_values,36.0,4
20260909,continuous_h1,30,recursive,kind_mse,0.06171905879790966,4
20260909,continuous_h1,30,recursive,position_available_values,7.346153846153847,4
20260909,continuous_h1,30,recursive,position_mse,0.08868098760453554,4
20260909,continuous_h1,30,recursive,motion_available_values,7.346153846153847,4
20260909,continuous_h1,30,recursive,motion_mse,0.03314806320346319,4
20260909,continuous_h1,30,recursive,parsed_pig_count_absolute_error,0.025445490072552972,4
20260909,continuous_h1,30,recursive,parsed_block_count_absolute_error,0.45831101215802705,4
20260909,continuous_h1,60,recursive,mean_available_candidates,13.0,4
20260909,continuous_h1,60,recursive,carrier_mse,0.6814368000397315,4
20260909,continuous_h1,60,recursive,history_available_mse,0.9736673488066747,4
20260909,continuous_h1,60,recursive,prior_elapsed_seconds_mse,0.8203692573767442,4
20260909,continuous_h1,60,recursive,availability_bits_mse,0.930979936168744,4
20260909,continuous_h1,60,recursive,presence_available_values,18.0,4
20260909,continuous_h1,60,recursive,presence_mse,0.493992074750937,4
20260909,continuous_h1,60,recursive,kind_available_values,36.0,4
20260909,continuous_h1,60,recursive,kind_mse,0.5650207119492384,4
20260909,continuous_h1,60,recursive,position_available_values,7.1923076923076925,4
20260909,continuous_h1,60,recursive,position_mse,0.5380587692444141,4
20260909,continuous_h1,60,recursive,motion_available_values,7.1923076923076925,4
20260909,continuous_h1,60,recursive,motion_mse,0.33690183179882854,4
20260909,continuous_h1,60,recursive,parsed_pig_count_absolute_error,0.3231670991159402,4
20260909,continuous_h1,60,recursive,parsed_block_count_absolute_error,0.5015022731744326,4
20260909,continuous_h1,150,recursive,mean_available_candidates,13.0,4
20260909,continuous_h1,150,recursive,carrier_mse,415.9086016141451,4
20260909,continuous_h1,150,recursive,history_available_mse,70.02143884622134,4
20260909,continuous_h1,150,recursive,prior_elapsed_seconds_mse,518.9370915339543,4
20260909,continuous_h1,150,recursive,availability_bits_mse,542.0566511887771,4
20260909,continuous_h1,150,recursive,presence_available_values,18.0,4
20260909,continuous_h1,150,recursive,presence_mse,657.672610943134,4
20260909,continuous_h1,150,recursive,kind_available_values,36.0,4
20260909,continuous_h1,150,recursive,kind_mse,386.5980928861178,4
20260909,continuous_h1,150,recursive,position_available_values,7.153846153846153,4
20260909,continuous_h1,150,recursive,position_mse,265.4306537921612,4
20260909,continuous_h1,150,recursive,motion_available_values,7.115384615384615,4
20260909,continuous_h1,150,recursive,motion_mse,45.98776059884292,4
20260909,continuous_h1,150,recursive,parsed_pig_count_absolute_error,0.05342316806602936,4
20260909,continuous_h1,150,recursive,parsed_block_count_absolute_error,0.3398973454649632,4
20260909,continuous_h1,225,recursive,mean_available_candidates,13.0,4
20260909,continuous_h1,225,recursive,carrier_mse,1873.9734497070312,4
20260909,continuous_h1,225,recursive,history_available_mse,385.49059530404895,4
20260909,continuous_h1,225,recursive,prior_elapsed_seconds_mse,1486.4211443387544,4
20260909,continuous_h1,225,recursive,availability_bits_mse,2459.4742149939902,4
20260909,continuous_h1,225,recursive,presence_available_values,18.0,4
20260909,continuous_h1,225,recursive,presence_mse,2830.3836622971758,4
20260909,continuous_h1,225,recursive,kind_available_values,36.0,4
20260909,continuous_h1,225,recursive,kind_mse,1744.8973013070913,4
20260909,continuous_h1,225,recursive,position_available_values,7.153846153846153,4
20260909,continuous_h1,225,recursive,position_mse,1728.5768737792969,4
20260909,continuous_h1,225,recursive,motion_available_values,7.153846153846153,4
20260909,continuous_h1,225,recursive,motion_mse,137.5756714160626,4
20260909,continuous_h1,225,recursive,parsed_pig_count_absolute_error,0.05472629345380342,4
20260909,continuous_h1,225,recursive,parsed_block_count_absolute_error,1.097964845597744,4
20260909,continuous_h1,600,recursive,mean_available_candidates,13.0,4
20260909,continuous_h1,600,recursive,carrier_mse,23451.86083984375,4
20260909,continuous_h1,600,recursive,history_available_mse,9523.991870880125,4
20260909,continuous_h1,600,recursive,prior_elapsed_seconds_mse,10434.952366755559,4
20260909,continuous_h1,600,recursive,availability_bits_mse,30476.97149188702,4
20260909,continuous_h1,600,recursive,presence_available_values,18.0,4
20260909,continuous_h1,600,recursive,presence_mse,23304.740459735578,4
20260909,continuous_h1,600,recursive,kind_available_values,36.0,4
20260909,continuous_h1,600,recursive,kind_mse,27306.970440204328,4
20260909,continuous_h1,600,recursive,position_available_values,7.038461538461538,4
20260909,continuous_h1,600,recursive,position_mse,25293.230243389422,4
20260909,continuous_h1,600,recursive,motion_available_values,7.038461538461538,4
20260909,continuous_h1,600,recursive,motion_mse,2032.1497826209434,4
20260909,continuous_h1,600,recursive,parsed_pig_count_absolute_error,0.05352701390018829,4
20260909,continuous_h1,600,recursive,parsed_block_count_absolute_error,1.3723671424847383,4
20260909,continuous_h1,15,local,mean_available_candidates,13.0,4
20260909,continuous_h1,15,local,carrier_mse,0.0006425565521707401,4
20260909,continuous_h1,15,local,history_available_mse,0.0020344728724851916,4
20260909,continuous_h1,15,local,prior_elapsed_seconds_mse,0.00012404496929390845,4
20260909,continuous_h1,15,local,availability_bits_mse,0.0008926786199131479,4
20260909,continuous_h1,15,local,presence_available_values,18.0,4
20260909,continuous_h1,15,local,presence_mse,0.00015070844640901598,4
20260909,continuous_h1,15,local,kind_available_values,36.0,4
20260909,continuous_h1,15,local,kind_mse,0.00016844344729459126,4
20260909,continuous_h1,15,local,position_available_values,7.26923076923077,4
20260909,continuous_h1,15,local,position_mse,0.0020046648499443946,4
20260909,continuous_h1,15,local,motion_available_values,7.230769230769232,4
20260909,continuous_h1,15,local,motion_mse,0.0029382904171003387,4
20260909,continuous_h1,15,local,parsed_pig_count_absolute_error,0.00587961314102778,4
20260909,continuous_h1,15,local,parsed_block_count_absolute_error,0.028248551373298347,4
20260909,continuous_h1,30,local,mean_available_candidates,13.0,4
20260909,continuous_h1,30,local,carrier_mse,0.000294164817415339,4
20260909,continuous_h1,30,local,history_available_mse,0.0016509445872193633,4
20260909,continuous_h1,30,local,prior_elapsed_seconds_mse,0.00012712508795140399,4
20260909,continuous_h1,30,local,availability_bits_mse,0.0003963819768754407,4
20260909,continuous_h1,30,local,presence_available_values,18.0,4
20260909,continuous_h1,30,local,presence_mse,0.00014116848027557493,4
20260909,continuous_h1,30,local,kind_available_values,36.0,4
20260909,continuous_h1,30,local,kind_mse,0.00013612061005775243,4
20260909,continuous_h1,30,local,position_available_values,7.346153846153847,4
20260909,continuous_h1,30,local,position_mse,0.00025834507379421173,4
20260909,continuous_h1,30,local,motion_available_values,7.346153846153847,4
20260909,continuous_h1,30,local,motion_mse,0.0011801361123126787,4
20260909,continuous_h1,30,local,parsed_pig_count_absolute_error,0.005630618176208093,4
20260909,continuous_h1,30,local,parsed_block_count_absolute_error,0.027066975831985474,4
20260909,continuous_h1,60,local,mean_available_candidates,13.0,4
20260909,continuous_h1,60,local,carrier_mse,0.00030286866184234474,4
20260909,continuous_h1,60,local,history_available_mse,0.0016866669958779733,4
20260909,continuous_h1,60,local,prior_elapsed_seconds_mse,0.00012355106390224627,4
20260909,continuous_h1,60,local,availability_bits_mse,0.0003953844682725433,4
20260909,continuous_h1,60,local,presence_available_values,18.0,4
20260909,continuous_h1,60,local,presence_mse,0.0001438665963528015,4
20260909,continuous_h1,60,local,kind_available_values,36.0,4
20260909,continuous_h1,60,local,kind_mse,0.00013703756457499156,4
20260909,continuous_h1,60,local,position_available_values,7.1923076923076925,4
20260909,continuous_h1,60,local,position_mse,0.00025559509651010065,4
20260909,continuous_h1,60,local,motion_available_values,7.1923076923076925,4
20260909,continuous_h1,60,local,motion_mse,0.0014174227902773195,4
20260909,continuous_h1,60,local,parsed_pig_count_absolute_error,0.0052893343023382704,4
20260909,continuous_h1,60,local,parsed_block_count_absolute_error,0.02735669280474003,4
20260909,continuous_h1,150,local,mean_available_candidates,13.0,4
20260909,continuous_h1,150,local,carrier_mse,0.0005973022830753157,4
20260909,continuous_h1,150,local,history_available_mse,0.0016898659747452117,4
20260909,continuous_h1,150,local,prior_elapsed_seconds_mse,0.00012635820467739203,4
20260909,continuous_h1,150,local,availability_bits_mse,0.0009655898438023332,4
20260909,continuous_h1,150,local,presence_available_values,18.0,4
20260909,continuous_h1,150,local,presence_mse,0.00014762630249046756,4
20260909,continuous_h1,150,local,kind_available_values,36.0,4
20260909,continuous_h1,150,local,kind_mse,0.00015963874564197167,4
20260909,continuous_h1,150,local,position_available_values,7.153846153846153,4
20260909,continuous_h1,150,local,position_mse,0.0013777663454955192,4
20260909,continuous_h1,150,local,motion_available_values,7.115384615384615,4
20260909,continuous_h1,150,local,motion_mse,0.0014057462361121837,4
20260909,continuous_h1,150,local,parsed_pig_count_absolute_error,0.005325493331138904,4
20260909,continuous_h1,150,local,parsed_block_count_absolute_error,0.027678373914498552,4
20260909,continuous_h1,225,local,mean_available_candidates,13.0,4
20260909,continuous_h1,225,local,carrier_mse,0.0003190646356625411,4
20260909,continuous_h1,225,local,history_available_mse,0.0018011778984845686,4
20260909,continuous_h1,225,local,prior_elapsed_seconds_mse,0.0001257792852741729,4
20260909,continuous_h1,225,local,availability_bits_mse,0.00040566020750422747,4
20260909,continuous_h1,225,local,presence_available_values,18.0,4
20260909,continuous_h1,225,local,presence_mse,0.000163898590052178,4
20260909,continuous_h1,225,local,kind_available_values,36.0,4
20260909,continuous_h1,225,local,kind_mse,0.00015471429133657904,4
20260909,continuous_h1,225,local,position_available_values,7.153846153846153,4
20260909,continuous_h1,225,local,position_mse,0.00025024863358479564,4
20260909,continuous_h1,225,local,motion_available_values,7.153846153846153,4
20260909,continuous_h1,225,local,motion_mse,0.0015808446847726232,4
20260909,continuous_h1,225,local,parsed_pig_count_absolute_error,0.006026387214660644,4
20260909,continuous_h1,225,local,parsed_block_count_absolute_error,0.03197103566848315,4
20260909,continuous_h1,600,local,mean_available_candidates,13.0,4
20260909,continuous_h1,600,local,carrier_mse,0.0009405513458030047,4
20260909,continuous_h1,600,local,history_available_mse,0.0018497238656541761,4
20260909,continuous_h1,600,local,prior_elapsed_seconds_mse,0.000119684791745665,4
20260909,continuous_h1,600,local,availability_bits_mse,0.0004898745123332796,4
20260909,continuous_h1,600,local,presence_available_values,18.0,4
20260909,continuous_h1,600,local,presence_mse,0.00018887981689029123,4
20260909,continuous_h1,600,local,kind_available_values,36.0,4
20260909,continuous_h1,600,local,kind_mse,0.00016954970403905743,4
20260909,continuous_h1,600,local,position_available_values,7.038461538461538,4
20260909,continuous_h1,600,local,position_mse,0.00029115841803454363,4
20260909,continuous_h1,600,local,motion_available_values,7.038461538461538,4
20260909,continuous_h1,600,local,motion_mse,0.016306273894980013,4
20260909,continuous_h1,600,local,parsed_pig_count_absolute_error,0.006458602988949189,4
20260909,continuous_h1,600,local,parsed_block_count_absolute_error,0.030548077936355885,4
20260909,continuous_h5,15,recursive,mean_available_candidates,13.0,4
20260909,continuous_h5,15,recursive,carrier_mse,0.008451788722035976,4
20260909,continuous_h5,15,recursive,history_available_mse,0.016493361962672606,4
20260909,continuous_h5,15,recursive,prior_elapsed_seconds_mse,0.0016835487846177644,4
20260909,continuous_h5,15,recursive,availability_bits_mse,0.017395340425607104,4
20260909,continuous_h5,15,recursive,presence_available_values,18.0,4
20260909,continuous_h5,15,recursive,presence_mse,0.0017796922340774194,4
20260909,continuous_h5,15,recursive,kind_available_values,36.0,4
20260909,continuous_h5,15,recursive,kind_mse,0.001793151575839147,4
20260909,continuous_h5,15,recursive,position_available_values,7.26923076923077,4
20260909,continuous_h5,15,recursive,position_mse,0.024098073692025188,4
20260909,continuous_h5,15,recursive,motion_available_values,7.230769230769232,4
20260909,continuous_h5,15,recursive,motion_mse,0.003148828874915265,4
20260909,continuous_h5,15,recursive,parsed_pig_count_absolute_error,0.03734996449202299,4
20260909,continuous_h5,15,recursive,parsed_block_count_absolute_error,0.11532411265831728,4
20260909,continuous_h5,30,recursive,mean_available_candidates,13.0,4
20260909,continuous_h5,30,recursive,carrier_mse,0.01117691222148446,4
20260909,continuous_h5,30,recursive,history_available_mse,0.0025732246017119344,4
20260909,continuous_h5,30,recursive,prior_elapsed_seconds_mse,0.006744350817126151,4
20260909,continuous_h5,30,recursive,availability_bits_mse,0.020411339212352265,4
20260909,continuous_h5,30,recursive,presence_available_values,18.0,4
20260909,continuous_h5,30,recursive,presence_mse,0.004999069273113631,4
20260909,continuous_h5,30,recursive,kind_available_values,36.0,4
20260909,continuous_h5,30,recursive,kind_mse,0.004697442059226047,4
20260909,continuous_h5,30,recursive,position_available_values,7.346153846153847,4
20260909,continuous_h5,30,recursive,position_mse,0.024252491631509304,4
20260909,continuous_h5,30,recursive,motion_available_values,7.346153846153847,4
20260909,continuous_h5,30,recursive,motion_mse,0.0035780666971382182,4
20260909,continuous_h5,30,recursive,parsed_pig_count_absolute_error,0.027747622906015467,4
20260909,continuous_h5,30,recursive,parsed_block_count_absolute_error,0.21172650502278254,4
20260909,continuous_h5,60,recursive,mean_available_candidates,13.0,4
20260909,continuous_h5,60,recursive,carrier_mse,0.02056444164078969,4
20260909,continuous_h5,60,recursive,history_available_mse,0.003519595842450284,4
20260909,continuous_h5,60,recursive,prior_elapsed_seconds_mse,0.02274156164807769,4
20260909,continuous_h5,60,recursive,availability_bits_mse,0.031512731936975166,4
20260909,continuous_h5,60,recursive,presence_available_values,18.0,4
20260909,continuous_h5,60,recursive,presence_mse,0.016057297927685656,4
20260909,continuous_h5,60,recursive,kind_available_values,36.0,4
20260909,continuous_h5,60,recursive,kind_mse,0.013564410691077894,4
20260909,continuous_h5,60,recursive,position_available_values,7.1923076923076925,4
20260909,continuous_h5,60,recursive,position_mse,0.026489487508884992,4
20260909,continuous_h5,60,recursive,motion_available_values,7.1923076923076925,4
20260909,continuous_h5,60,recursive,motion_mse,0.0069775727505867295,4
20260909,continuous_h5,60,recursive,parsed_pig_count_absolute_error,0.034835022945816696,4
20260909,continuous_h5,60,recursive,parsed_block_count_absolute_error,0.4075969887467531,4
20260909,continuous_h5,150,recursive,mean_available_candidates,13.0,4
20260909,continuous_h5,150,recursive,carrier_mse,0.08435978482549009,4
20260909,continuous_h5,150,recursive,history_available_mse,0.06721074961555691,4
20260909,continuous_h5,150,recursive,prior_elapsed_seconds_mse,0.07800996375198548,4
20260909,continuous_h5,150,recursive,availability_bits_mse,0.11343485288895094,4
20260909,continuous_h5,150,recursive,presence_available_values,18.0,4
20260909,continuous_h5,150,recursive,presence_mse,0.08444297098769592,4
20260909,continuous_h5,150,recursive,kind_available_values,36.0,4
20260909,continuous_h5,150,recursive,kind_mse,0.06423020155097428,4
20260909,continuous_h5,150,recursive,position_available_values,7.153846153846153,4
20260909,continuous_h5,150,recursive,position_mse,0.0871428049957523,4
20260909,continuous_h5,150,recursive,motion_available_values,7.115384615384615,4
20260909,continuous_h5,150,recursive,motion_mse,0.03322362269346531,4
20260909,continuous_h5,150,recursive,parsed_pig_count_absolute_error,0.030499297767304458,4
20260909,continuous_h5,150,recursive,parsed_block_count_absolute_error,0.6362626890723522,4
20260909,continuous_h5,225,recursive,mean_available_candidates,13.0,4
20260909,continuous_h5,225,recursive,carrier_mse,0.23667310321560273,4
20260909,continuous_h5,225,recursive,history_available_mse,0.22798372303637174,4
20260909,continuous_h5,225,recursive,prior_elapsed_seconds_mse,0.18438835327441877,4
20260909,continuous_h5,225,recursive,availability_bits_mse,0.3209947966612302,4
20260909,continuous_h5,225,recursive,presence_available_values,18.0,4
20260909,continuous_h5,225,recursive,presence_mse,0.1981639744570622,4
20260909,continuous_h5,225,recursive,kind_available_values,36.0,4
20260909,continuous_h5,225,recursive,kind_mse,0.19290957714502627,4
20260909,continuous_h5,225,recursive,position_available_values,7.153846153846153,4
20260909,continuous_h5,225,recursive,position_mse,0.2268134094774723,4
20260909,continuous_h5,225,recursive,motion_available_values,7.153846153846153,4
20260909,continuous_h5,225,recursive,motion_mse,0.1110879837606962,4
20260909,continuous_h5,225,recursive,parsed_pig_count_absolute_error,0.13428896837509596,4
20260909,continuous_h5,225,recursive,parsed_block_count_absolute_error,0.29427090459145033,4
20260909,continuous_h5,600,recursive,mean_available_candidates,13.0,4
20260909,continuous_h5,600,recursive,carrier_mse,136.0786671271691,4
20260909,continuous_h5,600,recursive,history_available_mse,55.408358280475326,4
20260909,continuous_h5,600,recursive,prior_elapsed_seconds_mse,223.7800064086914,4
20260909,continuous_h5,600,recursive,availability_bits_mse,180.20596841665414,4
20260909,continuous_h5,600,recursive,presence_available_values,18.0,4
20260909,continuous_h5,600,recursive,presence_mse,203.38091586186337,4
20260909,continuous_h5,600,recursive,kind_available_values,36.0,4
20260909,continuous_h5,600,recursive,kind_mse,129.56731781592737,4
20260909,continuous_h5,600,recursive,position_available_values,7.038461538461538,4
20260909,continuous_h5,600,recursive,position_mse,73.35703593034012,4
20260909,continuous_h5,600,recursive,motion_available_values,7.038461538461538,4
20260909,continuous_h5,600,recursive,motion_mse,22.230468254822952,4
20260909,continuous_h5,600,recursive,parsed_pig_count_absolute_error,0.05352701390018829,4
20260909,continuous_h5,600,recursive,parsed_block_count_absolute_error,0.36239241522092086,4
20260909,continuous_h5,15,local,mean_available_candidates,13.0,4
20260909,continuous_h5,15,local,carrier_mse,0.002087144269563186,4
20260909,continuous_h5,15,local,history_available_mse,0.002201265854707274,4
20260909,continuous_h5,15,local,prior_elapsed_seconds_mse,0.0001255923104438877,4
20260909,continuous_h5,15,local,availability_bits_mse,0.0026876563715632074,4
20260909,continuous_h5,15,local,presence_available_values,18.0,4
20260909,continuous_h5,15,local,presence_mse,0.00036060751867458195,4
20260909,continuous_h5,15,local,kind_available_values,36.0,4
20260909,continuous_h5,15,local,kind_mse,0.0003691654114495927,4
20260909,continuous_h5,15,local,position_available_values,7.26923076923077,4
20260909,continuous_h5,15,local,position_mse,0.0048230000628301725,4
20260909,continuous_h5,15,local,motion_available_values,7.230769230769232,4
20260909,continuous_h5,15,local,motion_mse,0.01681278637708881,4
20260909,continuous_h5,15,local,parsed_pig_count_absolute_error,0.006828329740808561,4
20260909,continuous_h5,15,local,parsed_block_count_absolute_error,0.05056942368929203,4
20260909,continuous_h5,30,local,mean_available_candidates,13.0,4
20260909,continuous_h5,30,local,carrier_mse,0.0002931670007036211,4
20260909,continuous_h5,30,local,history_available_mse,0.0017438391290712529,4
20260909,continuous_h5,30,local,prior_elapsed_seconds_mse,0.00011078964032024556,4
20260909,continuous_h5,30,local,availability_bits_mse,0.00038755100104026496,4
20260909,continuous_h5,30,local,presence_available_values,18.0,4
20260909,continuous_h5,30,local,presence_mse,0.00014076899032471166,4
20260909,continuous_h5,30,local,kind_available_values,36.0,4
20260909,continuous_h5,30,local,kind_mse,0.00015493768226476209,4
20260909,continuous_h5,30,local,position_available_values,7.346153846153847,4
20260909,continuous_h5,30,local,position_mse,0.0002452715676694284,4
20260909,continuous_h5,30,local,motion_available_values,7.346153846153847,4
20260909,continuous_h5,30,local,motion_mse,0.0011673552300915336,4
20260909,continuous_h5,30,local,parsed_pig_count_absolute_error,0.005590711720287799,4
20260909,continuous_h5,30,local,parsed_block_count_absolute_error,0.03338863414067488,4
20260909,continuous_h5,60,local,mean_available_candidates,13.0,4
20260909,continuous_h5,60,local,carrier_mse,0.00047365645598172425,4
20260909,continuous_h5,60,local,history_available_mse,0.0017783778233793923,4
20260909,continuous_h5,60,local,prior_elapsed_seconds_mse,0.00010697712878027232,4
20260909,continuous_h5,60,local,availability_bits_mse,0.0007450437187799251,4
20260909,continuous_h5,60,local,presence_available_values,18.0,4
20260909,continuous_h5,60,local,presence_mse,0.00013883465740386432,4
20260909,continuous_h5,60,local,kind_available_values,36.0,4
20260909,continuous_h5,60,local,kind_mse,0.00015354367692802602,4
20260909,continuous_h5,60,local,position_available_values,7.1923076923076925,4
20260909,continuous_h5,60,local,position_mse,0.0002432972252371166,4
20260909,continuous_h5,60,local,motion_available_values,7.1923076923076925,4
20260909,continuous_h5,60,local,motion_mse,0.0012577944222497395,4
20260909,continuous_h5,60,local,parsed_pig_count_absolute_error,0.005151552363083912,4
20260909,continuous_h5,60,local,parsed_block_count_absolute_error,0.03837792518047186,4
20260909,continuous_h5,150,local,mean_available_candidates,13.0,4
20260909,continuous_h5,150,local,carrier_mse,0.0007727954129782469,4
20260909,continuous_h5,150,local,history_available_mse,0.0017777106169467936,4
20260909,continuous_h5,150,local,prior_elapsed_seconds_mse,0.00010985606485729267,4
20260909,continuous_h5,150,local,availability_bits_mse,0.0013124729868230554,4
20260909,continuous_h5,150,local,presence_available_values,18.0,4
20260909,continuous_h5,150,local,presence_mse,0.00017713010521010103,4
20260909,continuous_h5,150,local,kind_available_values,36.0,4
20260909,continuous_h5,150,local,kind_mse,0.00018104227064423656,4
20260909,continuous_h5,150,local,position_available_values,7.153846153846153,4
20260909,continuous_h5,150,local,position_mse,0.0013623757748484002,4
20260909,continuous_h5,150,local,motion_available_values,7.115384615384615,4
20260909,continuous_h5,150,local,motion_mse,0.0012769199115260004,4
20260909,continuous_h5,150,local,parsed_pig_count_absolute_error,0.005364357780378599,4
20260909,continuous_h5,150,local,parsed_block_count_absolute_error,0.03729586245921942,4
20260909,continuous_h5,225,local,mean_available_candidates,13.0,4
20260909,continuous_h5,225,local,carrier_mse,0.0007048817955924628,4
20260909,continuous_h5,225,local,history_available_mse,0.0018392454232805623,4
20260909,continuous_h5,225,local,prior_elapsed_seconds_mse,0.0001110001987679145,4
20260909,continuous_h5,225,local,availability_bits_mse,0.001165229974923512,4
20260909,continuous_h5,225,local,presence_available_values,18.0,4
20260909,continuous_h5,225,local,presence_mse,0.0002519717588886404,4
20260909,continuous_h5,225,local,kind_available_values,36.0,4
20260909,continuous_h5,225,local,kind_mse,0.0001562168850236608,4
20260909,continuous_h5,225,local,position_available_values,7.153846153846153,4
20260909,continuous_h5,225,local,position_mse,0.0002339148777537048,4
20260909,continuous_h5,225,local,motion_available_values,7.153846153846153,4
20260909,continuous_h5,225,local,motion_mse,0.0016376438775646072,4
20260909,continuous_h5,225,local,parsed_pig_count_absolute_error,0.0068592629037224325,4
20260909,continuous_h5,225,local,parsed_block_count_absolute_error,0.04840240742151554,4
20260909,continuous_h5,600,local,mean_available_candidates,13.0,4
20260909,continuous_h5,600,local,carrier_mse,0.0011448226846718732,4
20260909,continuous_h5,600,local,history_available_mse,0.0019471201275546963,4
20260909,continuous_h5,600,local,prior_elapsed_seconds_mse,0.0001036572597023713,4
20260909,continuous_h5,600,local,availability_bits_mse,0.0008640610618525759,4
20260909,continuous_h5,600,local,presence_available_values,18.0,4
20260909,continuous_h5,600,local,presence_mse,0.00021554358080230976,4
20260909,continuous_h5,600,local,kind_available_values,36.0,4
20260909,continuous_h5,600,local,kind_mse,0.00026895848126374546,4
20260909,continuous_h5,600,local,position_available_values,7.038461538461538,4
20260909,continuous_h5,600,local,position_mse,0.00028415984986797697,4
20260909,continuous_h5,600,local,motion_available_values,7.038461538461538,4
20260909,continuous_h5,600,local,motion_mse,0.01636175423426231,4
20260909,continuous_h5,600,local,parsed_pig_count_absolute_error,0.006426282012118743,4
20260909,continuous_h5,600,local,parsed_block_count_absolute_error,0.03945931964195691,4
20260909,continuous_h15,15,recursive,mean_available_candidates,13.0,4
20260909,continuous_h15,15,recursive,carrier_mse,0.008225574749163711,4
20260909,continuous_h15,15,recursive,history_available_mse,0.0657217544145309,4
20260909,continuous_h15,15,recursive,prior_elapsed_seconds_mse,0.00018204636435279132,4
20260909,continuous_h15,15,recursive,availability_bits_mse,0.01768820838501247,4
20260909,continuous_h15,15,recursive,presence_available_values,18.0,4
20260909,continuous_h15,15,recursive,presence_mse,0.0007288838421048309,4
20260909,continuous_h15,15,recursive,kind_available_values,36.0,4
20260909,continuous_h15,15,recursive,kind_mse,0.0006043940313527576,4
20260909,continuous_h15,15,recursive,position_available_values,7.26923076923077,4
20260909,continuous_h15,15,recursive,position_mse,0.027627781655610306,4
20260909,continuous_h15,15,recursive,motion_available_values,7.230769230769232,4
20260909,continuous_h15,15,recursive,motion_mse,0.0025078527564451527,4
20260909,continuous_h15,15,recursive,parsed_pig_count_absolute_error,0.029460156264786534,4
20260909,continuous_h15,15,recursive,parsed_block_count_absolute_error,0.06235365397655047,4
20260909,continuous_h15,30,recursive,mean_available_candidates,13.0,4
20260909,continuous_h15,30,recursive,carrier_mse,0.008247232073559785,4
20260909,continuous_h15,30,recursive,history_available_mse,0.03624604101507709,4
20260909,continuous_h15,30,recursive,prior_elapsed_seconds_mse,0.0006758449641123521,4
20260909,continuous_h15,30,recursive,availability_bits_mse,0.01760494112610244,4
20260909,continuous_h15,30,recursive,presence_available_values,18.0,4
20260909,continuous_h15,30,recursive,presence_mse,0.0011812421043242256,4
20260909,continuous_h15,30,recursive,kind_available_values,36.0,4
20260909,continuous_h15,30,recursive,kind_mse,0.0008876326627124888,4
20260909,continuous_h15,30,recursive,position_available_values,7.346153846153847,4
20260909,continuous_h15,30,recursive,position_mse,0.027328845985511385,4
20260909,continuous_h15,30,recursive,motion_available_values,7.346153846153847,4
20260909,continuous_h15,30,recursive,motion_mse,0.001419611447580302,4
20260909,continuous_h15,30,recursive,parsed_pig_count_absolute_error,0.029237205162644386,4
20260909,continuous_h15,30,recursive,parsed_block_count_absolute_error,0.08546857879712033,4
20260909,continuous_h15,60,recursive,mean_available_candidates,13.0,4
20260909,continuous_h15,60,recursive,carrier_mse,0.008318709693132685,4
20260909,continuous_h15,60,recursive,history_available_mse,0.015847062853236612,4
20260909,continuous_h15,60,recursive,prior_elapsed_seconds_mse,0.0026176687343440093,4
20260909,continuous_h15,60,recursive,availability_bits_mse,0.016677221104216117,4
20260909,continuous_h15,60,recursive,presence_available_values,18.0,4
20260909,continuous_h15,60,recursive,presence_mse,0.0023820454102511015,4
20260909,continuous_h15,60,recursive,kind_available_values,36.0,4
20260909,continuous_h15,60,recursive,kind_mse,0.00215253066450644,4
20260909,continuous_h15,60,recursive,position_available_values,7.1923076923076925,4
20260909,continuous_h15,60,recursive,position_mse,0.02042503806968363,4
20260909,continuous_h15,60,recursive,motion_available_values,7.1923076923076925,4
20260909,continuous_h15,60,recursive,motion_mse,0.0023315832883012122,4
20260909,continuous_h15,60,recursive,parsed_pig_count_absolute_error,0.020985645027114794,4
20260909,continuous_h15,60,recursive,parsed_block_count_absolute_error,0.13915563718630716,4
20260909,continuous_h15,150,recursive,mean_available_candidates,13.0,4
20260909,continuous_h15,150,recursive,carrier_mse,0.015099345366112316,4
20260909,continuous_h15,150,recursive,history_available_mse,0.0003614986350070327,4
20260909,continuous_h15,150,recursive,prior_elapsed_seconds_mse,0.013607829889784064,4
20260909,continuous_h15,150,recursive,availability_bits_mse,0.024047457111569553,4
20260909,continuous_h15,150,recursive,presence_available_values,18.0,4
20260909,continuous_h15,150,recursive,presence_mse,0.011131475446745753,4
20260909,continuous_h15,150,recursive,kind_available_values,36.0,4
20260909,continuous_h15,150,recursive,kind_mse,0.008759295138028951,4
20260909,continuous_h15,150,recursive,position_available_values,7.153846153846153,4
20260909,continuous_h15,150,recursive,position_mse,0.020697451510036796,4
20260909,continuous_h15,150,recursive,motion_available_values,7.115384615384615,4
20260909,continuous_h15,150,recursive,motion_mse,0.004732891153812838,4
20260909,continuous_h15,150,recursive,parsed_pig_count_absolute_error,0.03293327707797289,4
20260909,continuous_h15,150,recursive,parsed_block_count_absolute_error,0.3155864792374464,4
20260909,continuous_h15,225,recursive,mean_available_candidates,13.0,4
20260909,continuous_h15,225,recursive,carrier_mse,0.024748083383131485,4
20260909,continuous_h15,225,recursive,history_available_mse,0.0024986289152785987,4
20260909,continuous_h15,225,recursive,prior_elapsed_seconds_mse,0.02488723243228518,4
20260909,continuous_h15,225,recursive,availability_bits_mse,0.03580093702587944,4
20260909,continuous_h15,225,recursive,presence_available_values,18.0,4
20260909,continuous_h15,225,recursive,presence_mse,0.022708699142990205,4
20260909,continuous_h15,225,recursive,kind_available_values,36.0,4
20260909,continuous_h15,225,recursive,kind_mse,0.01608840779114801,4
20260909,continuous_h15,225,recursive,position_available_values,7.153846153846153,4
20260909,continuous_h15,225,recursive,position_mse,0.02844853706371326,4
20260909,continuous_h15,225,recursive,motion_available_values,7.153846153846153,4
20260909,continuous_h15,225,recursive,motion_mse,0.007220118711792076,4
20260909,continuous_h15,225,recursive,parsed_pig_count_absolute_error,0.03763216089170712,4
20260909,continuous_h15,225,recursive,parsed_block_count_absolute_error,0.42574022996884126,4
20260909,continuous_h15,600,recursive,mean_available_candidates,13.0,4
20260909,continuous_h15,600,recursive,carrier_mse,0.140836171949139,4
20260909,continuous_h15,600,recursive,history_available_mse,0.08617895488770536,4
20260909,continuous_h15,600,recursive,prior_elapsed_seconds_mse,0.08971862365993169,4
20260909,continuous_h15,600,recursive,availability_bits_mse,0.18505775240751415,4
20260909,continuous_h15,600,recursive,presence_available_values,18.0,4
20260909,continuous_h15,600,recursive,presence_mse,0.11671699769794941,4
20260909,continuous_h15,600,recursive,kind_available_values,36.0,4
20260909,continuous_h15,600,recursive,kind_mse,0.09954649510865027,4
20260909,continuous_h15,600,recursive,position_available_values,7.038461538461538,4
20260909,continuous_h15,600,recursive,position_mse,0.14749664125534204,4
20260909,continuous_h15,600,recursive,motion_available_values,7.038461538461538,4
20260909,continuous_h15,600,recursive,motion_mse,0.1275201915190197,4
20260909,continuous_h15,600,recursive,parsed_pig_count_absolute_error,0.030334438842076518,4
20260909,continuous_h15,600,recursive,parsed_block_count_absolute_error,0.35954995682606333,4
20260909,continuous_h15,15,local,mean_available_candidates,13.0,4
20260909,continuous_h15,15,local,carrier_mse,0.008225574749163711,4
20260909,continuous_h15,15,local,history_available_mse,0.0657217544145309,4
20260909,continuous_h15,15,local,prior_elapsed_seconds_mse,0.00018204636435279132,4
20260909,continuous_h15,15,local,availability_bits_mse,0.01768820838501247,4
20260909,continuous_h15,15,local,presence_available_values,18.0,4
20260909,continuous_h15,15,local,presence_mse,0.0007288838421048309,4
20260909,continuous_h15,15,local,kind_available_values,36.0,4
20260909,continuous_h15,15,local,kind_mse,0.0006043940313527576,4
20260909,continuous_h15,15,local,position_available_values,7.26923076923077,4
20260909,continuous_h15,15,local,position_mse,0.027627781655610306,4
20260909,continuous_h15,15,local,motion_available_values,7.230769230769232,4
20260909,continuous_h15,15,local,motion_mse,0.0025078527564451527,4
20260909,continuous_h15,15,local,parsed_pig_count_absolute_error,0.029460156264786534,4
20260909,continuous_h15,15,local,parsed_block_count_absolute_error,0.06235365397655047,4
20260909,continuous_h15,30,local,mean_available_candidates,13.0,4
20260909,continuous_h15,30,local,carrier_mse,0.001085033483272687,4
20260909,continuous_h15,30,local,history_available_mse,0.0011173733459704984,4
20260909,continuous_h15,30,local,prior_elapsed_seconds_mse,0.00010027746954549981,4
20260909,continuous_h15,30,local,availability_bits_mse,0.0020377663307814286,4
20260909,continuous_h15,30,local,presence_available_values,18.0,4
20260909,continuous_h15,30,local,presence_mse,0.00018391299888137908,4
20260909,continuous_h15,30,local,kind_available_values,36.0,4
20260909,continuous_h15,30,local,kind_mse,0.00014956167727247632,4
20260909,continuous_h15,30,local,position_available_values,7.346153846153847,4
20260909,continuous_h15,30,local,position_mse,0.0034191944719518335,4
20260909,continuous_h15,30,local,motion_available_values,7.346153846153847,4
20260909,continuous_h15,30,local,motion_mse,0.0014273632477852516,4
20260909,continuous_h15,30,local,parsed_pig_count_absolute_error,0.005595474790495176,4
20260909,continuous_h15,30,local,parsed_block_count_absolute_error,0.039075497251290545,4
20260909,continuous_h15,60,local,mean_available_candidates,13.0,4
20260909,continuous_h15,60,local,carrier_mse,0.001026480581528561,4
20260909,continuous_h15,60,local,history_available_mse,0.0008756664384026618,4
20260909,continuous_h15,60,local,prior_elapsed_seconds_mse,9.817188342472387e-05,4
20260909,continuous_h15,60,local,availability_bits_mse,0.0018442312676387911,4
20260909,continuous_h15,60,local,presence_available_values,18.0,4
20260909,continuous_h15,60,local,presence_mse,0.00026537513244525494,4
20260909,continuous_h15,60,local,kind_available_values,36.0,4
20260909,continuous_h15,60,local,kind_mse,0.00017724230551371316,4
20260909,continuous_h15,60,local,position_available_values,7.1923076923076925,4
20260909,continuous_h15,60,local,position_mse,0.00021054895674191916,4
20260909,continuous_h15,60,local,motion_available_values,7.1923076923076925,4
20260909,continuous_h15,60,local,motion_mse,0.001145850123206261,4
20260909,continuous_h15,60,local,parsed_pig_count_absolute_error,0.004917783017915029,4
20260909,continuous_h15,60,local,parsed_block_count_absolute_error,0.055053627834870264,4
20260909,continuous_h15,150,local,mean_available_candidates,13.0,4
20260909,continuous_h15,150,local,carrier_mse,0.0011536852415212286,4
20260909,continuous_h15,150,local,history_available_mse,0.0008756895392882422,4
20260909,continuous_h15,150,local,prior_elapsed_seconds_mse,9.829615783019108e-05,4
20260909,continuous_h15,150,local,availability_bits_mse,0.002059089221382657,4
20260909,continuous_h15,150,local,presence_available_values,18.0,4
20260909,continuous_h15,150,local,presence_mse,0.00025520040617266204,4
20260909,continuous_h15,150,local,kind_available_values,36.0,4
20260909,continuous_h15,150,local,kind_mse,0.0002562332051288999,4
20260909,continuous_h15,150,local,position_available_values,7.153846153846153,4
20260909,continuous_h15,150,local,position_mse,0.0013417348418442998,4
20260909,continuous_h15,150,local,motion_available_values,7.115384615384615,4
20260909,continuous_h15,150,local,motion_mse,0.0012690513624245515,4
20260909,continuous_h15,150,local,parsed_pig_count_absolute_error,0.005548500599196324,4
20260909,continuous_h15,150,local,parsed_block_count_absolute_error,0.04398438506401502,4
20260909,continuous_h15,225,local,mean_available_candidates,13.0,4
20260909,continuous_h15,225,local,carrier_mse,0.0019148697496208255,4
20260909,continuous_h15,225,local,history_available_mse,0.0008405412151590169,4
20260909,continuous_h15,225,local,prior_elapsed_seconds_mse,0.00010558022295999063,4
20260909,continuous_h15,225,local,availability_bits_mse,0.0035232518258943367,4
20260909,continuous_h15,225,local,presence_available_values,18.0,4
20260909,continuous_h15,225,local,presence_mse,0.0003824895057522764,4
20260909,continuous_h15,225,local,kind_available_values,36.0,4
20260909,continuous_h15,225,local,kind_mse,0.00023607990456534585,4
20260909,continuous_h15,225,local,position_available_values,7.153846153846153,4
20260909,continuous_h15,225,local,position_mse,0.0002071207737362084,4
20260909,continuous_h15,225,local,motion_available_values,7.153846153846153,4
20260909,continuous_h15,225,local,motion_mse,0.0017455185563728895,4
20260909,continuous_h15,225,local,parsed_pig_count_absolute_error,0.0067117167994953115,4
20260909,continuous_h15,225,local,parsed_block_count_absolute_error,0.05886358882372195,4
20260909,continuous_h15,600,local,mean_available_candidates,13.0,4
20260909,continuous_h15,600,local,carrier_mse,0.0011227835669929986,4
20260909,continuous_h15,600,local,history_available_mse,0.0010052245989544855,4
20260909,continuous_h15,600,local,prior_elapsed_seconds_mse,9.084379905743845e-05,4
20260909,continuous_h15,600,local,availability_bits_mse,0.0008354595987699352,4
20260909,continuous_h15,600,local,presence_available_values,18.0,4
20260909,continuous_h15,600,local,presence_mse,0.00021574145760566281,4
20260909,continuous_h15,600,local,kind_available_values,36.0,4
20260909,continuous_h15,600,local,kind_mse,0.0002506813517147048,4
20260909,continuous_h15,600,local,position_available_values,7.038461538461538,4
20260909,continuous_h15,600,local,position_mse,0.00025848164086010703,4
20260909,continuous_h15,600,local,motion_available_values,7.038461538461538,4
20260909,continuous_h15,600,local,motion_mse,0.016367222803427676,4
20260909,continuous_h15,600,local,parsed_pig_count_absolute_error,0.005439800890878989,4
20260909,continuous_h15,600,local,parsed_block_count_absolute_error,0.03570999434361091,4
20260909,hybrid_continuous_h1,15,recursive,mean_available_candidates,13.0,4
20260909,hybrid_continuous_h1,15,recursive,carrier_mse,0.02543423933765063,4
20260909,hybrid_continuous_h1,15,recursive,history_available_mse,0.016537523864266965,4
20260909,hybrid_continuous_h1,15,recursive,prior_elapsed_seconds_mse,0.010182064698221019,4
20260909,hybrid_continuous_h1,15,recursive,availability_bits_mse,0.038364262391741455,4
20260909,hybrid_continuous_h1,15,recursive,presence_available_values,18.0,4
20260909,hybrid_continuous_h1,15,recursive,presence_mse,0.015352169589067882,4
20260909,hybrid_continuous_h1,15,recursive,kind_available_values,36.0,4
20260909,hybrid_continuous_h1,15,recursive,kind_mse,0.016454891337511632,4
20260909,hybrid_continuous_h1,15,recursive,position_available_values,7.26923076923077,4
20260909,hybrid_continuous_h1,15,recursive,position_mse,0.03322389343968378,4
20260909,hybrid_continuous_h1,15,recursive,motion_available_values,7.230769230769232,4
20260909,hybrid_continuous_h1,15,recursive,motion_mse,0.01363158036166659,4
20260909,hybrid_continuous_h1,15,recursive,parsed_pig_count_absolute_error,0.0425783502869308,4
20260909,hybrid_continuous_h1,15,recursive,parsed_block_count_absolute_error,0.4374594121025159,4
20260909,hybrid_continuous_h1,30,recursive,mean_available_candidates,13.0,4
20260909,hybrid_continuous_h1,30,recursive,carrier_mse,0.08002867399213406,4
20260909,hybrid_continuous_h1,30,recursive,history_available_mse,0.000679974818712463,4
20260909,hybrid_continuous_h1,30,recursive,prior_elapsed_seconds_mse,0.01455060825145875,4
20260909,hybrid_continuous_h1,30,recursive,availability_bits_mse,0.10206006868527485,4
20260909,hybrid_continuous_h1,30,recursive,presence_available_values,18.0,4
20260909,hybrid_continuous_h1,30,recursive,presence_mse,0.07088701111766008,4
20260909,hybrid_continuous_h1,30,recursive,kind_available_values,36.0,4
20260909,hybrid_continuous_h1,30,recursive,kind_mse,0.07818273118195625,4
20260909,hybrid_continuous_h1,30,recursive,position_available_values,7.346153846153847,4
20260909,hybrid_continuous_h1,30,recursive,position_mse,0.0844239041639062,4
20260909,hybrid_continuous_h1,30,recursive,motion_available_values,7.346153846153847,4
20260909,hybrid_continuous_h1,30,recursive,motion_mse,0.05744952006408802,4
20260909,hybrid_continuous_h1,30,recursive,parsed_pig_count_absolute_error,0.054029826791240625,4
20260909,hybrid_continuous_h1,30,recursive,parsed_block_count_absolute_error,0.4641178731734936,4
20260909,hybrid_continuous_h1,60,recursive,mean_available_candidates,13.0,4
20260909,hybrid_continuous_h1,60,recursive,carrier_mse,0.8098257613869814,4
20260909,hybrid_continuous_h1,60,recursive,history_available_mse,0.08986623328950871,4
20260909,hybrid_continuous_h1,60,recursive,prior_elapsed_seconds_mse,0.2884231877441589,4
20260909,hybrid_continuous_h1,60,recursive,availability_bits_mse,0.8774227442649694,4
20260909,hybrid_continuous_h1,60,recursive,presence_available_values,18.0,4
20260909,hybrid_continuous_h1,60,recursive,presence_mse,1.0660234775680761,4
20260909,hybrid_continuous_h1,60,recursive,kind_available_values,36.0,4
20260909,hybrid_continuous_h1,60,recursive,kind_mse,0.9139071106910707,4
20260909,hybrid_continuous_h1,60,recursive,position_available_values,7.1923076923076925,4
20260909,hybrid_continuous_h1,60,recursive,position_mse,0.7312848103734163,4
20260909,hybrid_continuous_h1,60,recursive,motion_available_values,7.1923076923076925,4
20260909,hybrid_continuous_h1,60,recursive,motion_mse,0.5131485837583358,4
20260909,hybrid_continuous_h1,60,recursive,parsed_pig_count_absolute_error,0.05307455976995139,4
20260909,hybrid_continuous_h1,60,recursive,parsed_block_count_absolute_error,0.40429946608268297,4
20260909,hybrid_continuous_h1,150,recursive,mean_available_candidates,13.0,4
20260909,hybrid_continuous_h1,150,recursive,carrier_mse,572.5974373450647,4
20260909,hybrid_continuous_h1,150,recursive,history_available_mse,701.9404819195088,4
20260909,hybrid_continuous_h1,150,recursive,prior_elapsed_seconds_mse,599.4429605930615,4
20260909,hybrid_continuous_h1,150,recursive,availability_bits_mse,599.2414016723633,4
20260909,hybrid_continuous_h1,150,recursive,presence_available_values,18.0,4
20260909,hybrid_continuous_h1,150,recursive,presence_mse,482.326401930589,4
20260909,hybrid_continuous_h1,150,recursive,kind_available_values,36.0,4
20260909,hybrid_continuous_h1,150,recursive,kind_mse,745.9798132089469,4
20260909,hybrid_continuous_h1,150,recursive,position_available_values,7.153846153846153,4
20260909,hybrid_continuous_h1,150,recursive,position_mse,709.4616106473483,4
20260909,hybrid_continuous_h1,150,recursive,motion_available_values,7.115384615384615,4
20260909,hybrid_continuous_h1,150,recursive,motion_mse,326.7722678551307,4
20260909,hybrid_continuous_h1,150,recursive,parsed_pig_count_absolute_error,0.05342316806602936,4
20260909,hybrid_continuous_h1,150,recursive,parsed_block_count_absolute_error,1.8612830931177506,4
20260909,hybrid_continuous_h1,225,recursive,mean_available_candidates,13.0,4
20260909,hybrid_continuous_h1,225,recursive,carrier_mse,2621.231698843149,4
20260909,hybrid_continuous_h1,225,recursive,history_available_mse,4277.079350398137,4
20260909,hybrid_continuous_h1,225,recursive,prior_elapsed_seconds_mse,4230.531539330115,4
20260909,hybrid_continuous_h1,225,recursive,availability_bits_mse,2713.883591871995,4
20260909,hybrid_continuous_h1,225,recursive,presence_available_values,18.0,4
20260909,hybrid_continuous_h1,225,recursive,presence_mse,2206.0180053710938,4
20260909,hybrid_continuous_h1,225,recursive,kind_available_values,36.0,4
20260909,hybrid_continuous_h1,225,recursive,kind_mse,3268.8781644381006,4
20260909,hybrid_continuous_h1,225,recursive,position_available_values,7.153846153846153,4
20260909,hybrid_continuous_h1,225,recursive,position_mse,3893.706510103666,4
20260909,hybrid_continuous_h1,225,recursive,motion_available_values,7.153846153846153,4
20260909,hybrid_continuous_h1,225,recursive,motion_mse,1417.2400524432842,4
20260909,hybrid_continuous_h1,225,recursive,parsed_pig_count_absolute_error,0.48080308506122,4
20260909,hybrid_continuous_h1,225,recursive,parsed_block_count_absolute_error,2.097964845597744,4
20260909,hybrid_continuous_h1,600,recursive,mean_available_candidates,13.0,4
20260909,hybrid_continuous_h1,600,recursive,carrier_mse,38509.959435096156,4
20260909,hybrid_continuous_h1,600,recursive,history_available_mse,64244.37417367789,4
20260909,hybrid_continuous_h1,600,recursive,prior_elapsed_seconds_mse,61652.49609375001,4
20260909,hybrid_continuous_h1,600,recursive,availability_bits_mse,41990.05506310096,4
20260909,hybrid_continuous_h1,600,recursive,presence_available_values,18.0,4
20260909,hybrid_continuous_h1,600,recursive,presence_mse,34782.747633713945,4
20260909,hybrid_continuous_h1,600,recursive,kind_available_values,36.0,4
20260909,hybrid_continuous_h1,600,recursive,kind_mse,40313.32091346154,4
20260909,hybrid_continuous_h1,600,recursive,position_available_values,7.038461538461538,4
20260909,hybrid_continuous_h1,600,recursive,position_mse,65716.0908203125,4
20260909,hybrid_continuous_h1,600,recursive,motion_available_values,7.038461538461538,4
20260909,hybrid_continuous_h1,600,recursive,motion_mse,21814.796259953422,4
20260909,hybrid_continuous_h1,600,recursive,parsed_pig_count_absolute_error,0.48960917643629587,4
20260909,hybrid_continuous_h1,600,recursive,parsed_block_count_absolute_error,1.6223671424847383,4
20260909,hybrid_continuous_h1,15,local,mean_available_candidates,13.0,4
20260909,hybrid_continuous_h1,15,local,carrier_mse,0.000662428425969735,4
20260909,hybrid_continuous_h1,15,local,history_available_mse,0.0025424449203665764,4
20260909,hybrid_continuous_h1,15,local,prior_elapsed_seconds_mse,0.0005706645088838951,4
20260909,hybrid_continuous_h1,15,local,availability_bits_mse,0.0009736405297119815,4
20260909,hybrid_continuous_h1,15,local,presence_available_values,18.0,4
20260909,hybrid_continuous_h1,15,local,presence_mse,0.0001656629147664017,4
20260909,hybrid_continuous_h1,15,local,kind_available_values,36.0,4
20260909,hybrid_continuous_h1,15,local,kind_mse,0.00016242438680190113,4
20260909,hybrid_continuous_h1,15,local,position_available_values,7.26923076923077,4
20260909,hybrid_continuous_h1,15,local,position_mse,0.001990428421917246,4
20260909,hybrid_continuous_h1,15,local,motion_available_values,7.230769230769232,4
20260909,hybrid_continuous_h1,15,local,motion_mse,0.0025658597520445115,4
20260909,hybrid_continuous_h1,15,local,parsed_pig_count_absolute_error,0.007385158015844913,4
20260909,hybrid_continuous_h1,15,local,parsed_block_count_absolute_error,0.03787392664414185,4
20260909,hybrid_continuous_h1,30,local,mean_available_candidates,13.0,4
20260909,hybrid_continuous_h1,30,local,carrier_mse,0.0002660637577579249,4
20260909,hybrid_continuous_h1,30,local,history_available_mse,0.0018696115820113425,4
20260909,hybrid_continuous_h1,30,local,prior_elapsed_seconds_mse,0.000529151934852752,4
20260909,hybrid_continuous_h1,30,local,availability_bits_mse,0.0003959774504227635,4
20260909,hybrid_continuous_h1,30,local,presence_available_values,18.0,4
20260909,hybrid_continuous_h1,30,local,presence_mse,0.00014846160103423664,4
20260909,hybrid_continuous_h1,30,local,kind_available_values,36.0,4
20260909,hybrid_continuous_h1,30,local,kind_mse,0.0001250432412864309,4
20260909,hybrid_continuous_h1,30,local,position_available_values,7.346153846153847,4
20260909,hybrid_continuous_h1,30,local,position_mse,0.00018521953811264562,4
20260909,hybrid_continuous_h1,30,local,motion_available_values,7.346153846153847,4
20260909,hybrid_continuous_h1,30,local,motion_mse,0.0005184298850228796,4
20260909,hybrid_continuous_h1,30,local,parsed_pig_count_absolute_error,0.007366909000736017,4
20260909,hybrid_continuous_h1,30,local,parsed_block_count_absolute_error,0.03985291031690744,4
20260909,hybrid_continuous_h1,60,local,mean_available_candidates,13.0,4
20260909,hybrid_continuous_h1,60,local,carrier_mse,0.0002745312916746256,4
20260909,hybrid_continuous_h1,60,local,history_available_mse,0.0020159847646517353,4
20260909,hybrid_continuous_h1,60,local,prior_elapsed_seconds_mse,0.0005310612972467565,4
20260909,hybrid_continuous_h1,60,local,availability_bits_mse,0.00040823968223636394,4
20260909,hybrid_continuous_h1,60,local,presence_available_values,18.0,4
20260909,hybrid_continuous_h1,60,local,presence_mse,0.00015097039865325385,4
20260909,hybrid_continuous_h1,60,local,kind_available_values,36.0,4
20260909,hybrid_continuous_h1,60,local,kind_mse,0.0001226187906258229,4
20260909,hybrid_continuous_h1,60,local,position_available_values,7.1923076923076925,4
20260909,hybrid_continuous_h1,60,local,position_mse,0.00018467869813321158,4
20260909,hybrid_continuous_h1,60,local,motion_available_values,7.1923076923076925,4
20260909,hybrid_continuous_h1,60,local,motion_mse,0.0006226622770974735,4
20260909,hybrid_continuous_h1,60,local,parsed_pig_count_absolute_error,0.007650895474048762,4
20260909,hybrid_continuous_h1,60,local,parsed_block_count_absolute_error,0.04008051924980604,4
20260909,hybrid_continuous_h1,150,local,mean_available_candidates,13.0,4
20260909,hybrid_continuous_h1,150,local,carrier_mse,0.0005980647782472749,4
20260909,hybrid_continuous_h1,150,local,history_available_mse,0.0020799995446185884,4
20260909,hybrid_continuous_h1,150,local,prior_elapsed_seconds_mse,0.0005337911626646438,4
20260909,hybrid_continuous_h1,150,local,availability_bits_mse,0.001022425969635011,4
20260909,hybrid_continuous_h1,150,local,presence_available_values,18.0,4
20260909,hybrid_continuous_h1,150,local,presence_mse,0.00015593801701750356,4
20260909,hybrid_continuous_h1,150,local,kind_available_values,36.0,4
20260909,hybrid_continuous_h1,150,local,kind_mse,0.00014085558947184696,4
20260909,hybrid_continuous_h1,150,local,position_available_values,7.153846153846153,4
20260909,hybrid_continuous_h1,150,local,position_mse,0.001309872339334106,4
20260909,hybrid_continuous_h1,150,local,motion_available_values,7.115384615384615,4
20260909,hybrid_continuous_h1,150,local,motion_mse,0.0009620907876524143,4
20260909,hybrid_continuous_h1,150,local,parsed_pig_count_absolute_error,0.007536278106272221,4
20260909,hybrid_continuous_h1,150,local,parsed_block_count_absolute_error,0.038896859265290774,4
20260909,hybrid_continuous_h1,225,local,mean_available_candidates,13.0,4
20260909,hybrid_continuous_h1,225,local,carrier_mse,0.0003065024463397164,4
20260909,hybrid_continuous_h1,225,local,history_available_mse,0.0021721615180117972,4
20260909,hybrid_continuous_h1,225,local,prior_elapsed_seconds_mse,0.0005327272324043756,4
20260909,hybrid_continuous_h1,225,local,availability_bits_mse,0.000417307225199273,4
20260909,hybrid_continuous_h1,225,local,presence_available_values,18.0,4
20260909,hybrid_continuous_h1,225,local,presence_mse,0.00017684303482103412,4
20260909,hybrid_continuous_h1,225,local,kind_available_values,36.0,4
20260909,hybrid_continuous_h1,225,local,kind_mse,0.00014231333394631153,4
20260909,hybrid_continuous_h1,225,local,position_available_values,7.153846153846153,4
20260909,hybrid_continuous_h1,225,local,position_mse,0.0001900819125484514,4
20260909,hybrid_continuous_h1,225,local,motion_available_values,7.153846153846153,4
20260909,hybrid_continuous_h1,225,local,motion_mse,0.0013454313257870334,4
20260909,hybrid_continuous_h1,225,local,parsed_pig_count_absolute_error,0.00756779986505325,4
20260909,hybrid_continuous_h1,225,local,parsed_block_count_absolute_error,0.04308305852688275,4
20260909,hybrid_continuous_h1,600,local,mean_available_candidates,13.0,4
20260909,hybrid_continuous_h1,600,local,carrier_mse,0.0007594424003820259,4
20260909,hybrid_continuous_h1,600,local,history_available_mse,0.002896726269682404,4
20260909,hybrid_continuous_h1,600,local,prior_elapsed_seconds_mse,0.0010443644345146962,4
20260909,hybrid_continuous_h1,600,local,availability_bits_mse,0.0005777271127534243,4
20260909,hybrid_continuous_h1,600,local,presence_available_values,18.0,4
20260909,hybrid_continuous_h1,600,local,presence_mse,0.0002995939020575651,4
20260909,hybrid_continuous_h1,600,local,kind_available_values,36.0,4
20260909,hybrid_continuous_h1,600,local,kind_mse,0.00021738592903812576,4
20260909,hybrid_continuous_h1,600,local,position_available_values,7.038461538461538,4
20260909,hybrid_continuous_h1,600,local,position_mse,0.00023108304230845533,4
20260909,hybrid_continuous_h1,600,local,motion_available_values,7.038461538461538,4
20260909,hybrid_continuous_h1,600,local,motion_mse,0.010028523241859287,4
20260909,hybrid_continuous_h1,600,local,parsed_pig_count_absolute_error,0.008122884310208835,4
20260909,hybrid_continuous_h1,600,local,parsed_block_count_absolute_error,0.040684967659986936,4
20260909,hybrid_micro_h1,15,recursive,mean_available_candidates,13.0,4
20260909,hybrid_micro_h1,15,recursive,carrier_mse,0.026106958205883317,4
20260909,hybrid_micro_h1,15,recursive,history_available_mse,0.01913772136546098,4
20260909,hybrid_micro_h1,15,recursive,prior_elapsed_seconds_mse,0.016595680033788085,4
20260909,hybrid_micro_h1,15,recursive,availability_bits_mse,0.03845395627789773,4
20260909,hybrid_micro_h1,15,recursive,presence_available_values,18.0,4
20260909,hybrid_micro_h1,15,recursive,presence_mse,0.01598774566530035,4
20260909,hybrid_micro_h1,15,recursive,kind_available_values,36.0,4
20260909,hybrid_micro_h1,15,recursive,kind_mse,0.015423484648076387,4
20260909,hybrid_micro_h1,15,recursive,position_available_values,7.26923076923077,4
20260909,hybrid_micro_h1,15,recursive,position_mse,0.03475637714683007,4
20260909,hybrid_micro_h1,15,recursive,motion_available_values,7.230769230769232,4
20260909,hybrid_micro_h1,15,recursive,motion_mse,0.018120034382893488,4
20260909,hybrid_micro_h1,15,recursive,parsed_pig_count_absolute_error,0.036047467532066196,4
20260909,hybrid_micro_h1,15,recursive,parsed_block_count_absolute_error,0.3488582217922578,4
20260909,hybrid_micro_h1,30,recursive,mean_available_candidates,13.0,4
20260909,hybrid_micro_h1,30,recursive,carrier_mse,0.08320228282648783,4
20260909,hybrid_micro_h1,30,recursive,history_available_mse,0.002403963432348414,4
20260909,hybrid_micro_h1,30,recursive,prior_elapsed_seconds_mse,0.02942715767914286,4
20260909,hybrid_micro_h1,30,recursive,availability_bits_mse,0.10389546104348622,4
20260909,hybrid_micro_h1,30,recursive,presence_available_values,18.0,4
20260909,hybrid_micro_h1,30,recursive,presence_mse,0.06960584011931832,4
20260909,hybrid_micro_h1,30,recursive,kind_available_values,36.0,4
20260909,hybrid_micro_h1,30,recursive,kind_mse,0.07768412815550199,4
20260909,hybrid_micro_h1,30,recursive,position_available_values,7.346153846153847,4
20260909,hybrid_micro_h1,30,recursive,position_mse,0.0874726976841115,4
20260909,hybrid_micro_h1,30,recursive,motion_available_values,7.346153846153847,4
20260909,hybrid_micro_h1,30,recursive,motion_mse,0.07011054499218097,4
20260909,hybrid_micro_h1,30,recursive,parsed_pig_count_absolute_error,0.054029826791240625,4
20260909,hybrid_micro_h1,30,recursive,parsed_block_count_absolute_error,0.3256662167035616,4
20260909,hybrid_micro_h1,60,recursive,mean_available_candidates,13.0,4
20260909,hybrid_micro_h1,60,recursive,carrier_mse,0.8177924018639784,4
20260909,hybrid_micro_h1,60,recursive,history_available_mse,0.05594614701560484,4
20260909,hybrid_micro_h1,60,recursive,prior_elapsed_seconds_mse,0.4572180879230683,4
20260909,hybrid_micro_h1,60,recursive,availability_bits_mse,0.8799315450283198,4
20260909,hybrid_micro_h1,60,recursive,presence_available_values,18.0,4
20260909,hybrid_micro_h1,60,recursive,presence_mse,1.110326846058552,4
20260909,hybrid_micro_h1,60,recursive,kind_available_values,36.0,4
20260909,hybrid_micro_h1,60,recursive,kind_mse,0.8724564611911773,4
20260909,hybrid_micro_h1,60,recursive,position_available_values,7.1923076923076925,4
20260909,hybrid_micro_h1,60,recursive,position_mse,0.7546024250869567,4
20260909,hybrid_micro_h1,60,recursive,motion_available_values,7.1923076923076925,4
20260909,hybrid_micro_h1,60,recursive,motion_mse,0.578450325016792,4
20260909,hybrid_micro_h1,60,recursive,parsed_pig_count_absolute_error,0.05307455976995139,4
20260909,hybrid_micro_h1,60,recursive,parsed_block_count_absolute_error,0.12935842630954889,4
20260909,hybrid_micro_h1,150,recursive,mean_available_candidates,13.0,4
20260909,hybrid_micro_h1,150,recursive,carrier_mse,595.4779545710637,4
20260909,hybrid_micro_h1,150,recursive,history_available_mse,587.5444558950571,4
20260909,hybrid_micro_h1,150,recursive,prior_elapsed_seconds_mse,647.9597150235428,4
20260909,hybrid_micro_h1,150,recursive,availability_bits_mse,613.1575704721304,4
20260909,hybrid_micro_h1,150,recursive,presence_available_values,18.0,4
20260909,hybrid_micro_h1,150,recursive,presence_mse,547.2520012488732,4
20260909,hybrid_micro_h1,150,recursive,kind_available_values,36.0,4
20260909,hybrid_micro_h1,150,recursive,kind_mse,807.1837874192458,4
20260909,hybrid_micro_h1,150,recursive,position_available_values,7.153846153846153,4
20260909,hybrid_micro_h1,150,recursive,position_mse,735.3785121624287,4
20260909,hybrid_micro_h1,150,recursive,motion_available_values,7.115384615384615,4
20260909,hybrid_micro_h1,150,recursive,motion_mse,307.78054369412934,4
20260909,hybrid_micro_h1,150,recursive,parsed_pig_count_absolute_error,0.05342316806602936,4
20260909,hybrid_micro_h1,150,recursive,parsed_block_count_absolute_error,1.61069742246316,4
20260909,hybrid_micro_h1,225,recursive,mean_available_candidates,13.0,4
20260909,hybrid_micro_h1,225,recursive,carrier_mse,2659.703953669621,4
20260909,hybrid_micro_h1,225,recursive,history_available_mse,3251.796844482422,4
20260909,hybrid_micro_h1,225,recursive,prior_elapsed_seconds_mse,4301.118547733014,4
20260909,hybrid_micro_h1,225,recursive,availability_bits_mse,2689.9095482459434,4
20260909,hybrid_micro_h1,225,recursive,presence_available_values,18.0,4
20260909,hybrid_micro_h1,225,recursive,presence_mse,2472.2118248572715,4
20260909,hybrid_micro_h1,225,recursive,kind_available_values,36.0,4
20260909,hybrid_micro_h1,225,recursive,kind_mse,3593.631558931791,4
20260909,hybrid_micro_h1,225,recursive,position_available_values,7.153846153846153,4
20260909,hybrid_micro_h1,225,recursive,position_mse,3630.9227482722354,4
20260909,hybrid_micro_h1,225,recursive,motion_available_values,7.153846153846153,4
20260909,hybrid_micro_h1,225,recursive,motion_mse,1417.063475388747,4
20260909,hybrid_micro_h1,225,recursive,parsed_pig_count_absolute_error,0.3977372253743502,4
20260909,hybrid_micro_h1,225,recursive,parsed_block_count_absolute_error,2.097964845597744,4
20260909,hybrid_micro_h1,600,recursive,mean_available_candidates,13.0,4
20260909,hybrid_micro_h1,600,recursive,carrier_mse,38768.807692307695,4
20260909,hybrid_micro_h1,600,recursive,history_available_mse,47222.52674278846,4
20260909,hybrid_micro_h1,600,recursive,prior_elapsed_seconds_mse,69290.88048377405,4
20260909,hybrid_micro_h1,600,recursive,availability_bits_mse,41645.59021935096,4
20260909,hybrid_micro_h1,600,recursive,presence_available_values,18.0,4
20260909,hybrid_micro_h1,600,recursive,presence_mse,37045.55498798077,4
20260909,hybrid_micro_h1,600,recursive,kind_available_values,36.0,4
20260909,hybrid_micro_h1,600,recursive,kind_mse,43477.04086538462,4
20260909,hybrid_micro_h1,600,recursive,position_available_values,7.038461538461538,4
20260909,hybrid_micro_h1,600,recursive,position_mse,60209.74932391827,4
20260909,hybrid_micro_h1,600,recursive,motion_available_values,7.038461538461538,4
20260909,hybrid_micro_h1,600,recursive,motion_mse,22243.294076772836,4
20260909,hybrid_micro_h1,600,recursive,parsed_pig_count_absolute_error,0.6066399345604273,4
20260909,hybrid_micro_h1,600,recursive,parsed_block_count_absolute_error,1.6223671424847383,4
20260909,hybrid_micro_h1,15,local,mean_available_candidates,13.0,4
20260909,hybrid_micro_h1,15,local,carrier_mse,0.0006225084510403506,4
20260909,hybrid_micro_h1,15,local,history_available_mse,0.0016337498435195113,4
20260909,hybrid_micro_h1,15,local,prior_elapsed_seconds_mse,0.000560124776921629,4
20260909,hybrid_micro_h1,15,local,availability_bits_mse,0.0008963403365319559,4
20260909,hybrid_micro_h1,15,local,presence_available_values,18.0,4
20260909,hybrid_micro_h1,15,local,presence_mse,0.00016604364366055682,4
20260909,hybrid_micro_h1,15,local,kind_available_values,36.0,4
20260909,hybrid_micro_h1,15,local,kind_mse,0.00015150065568237693,4
20260909,hybrid_micro_h1,15,local,position_available_values,7.26923076923077,4
20260909,hybrid_micro_h1,15,local,position_mse,0.002027956002656048,4
20260909,hybrid_micro_h1,15,local,motion_available_values,7.230769230769232,4
20260909,hybrid_micro_h1,15,local,motion_mse,0.002437390861114881,4
20260909,hybrid_micro_h1,15,local,parsed_pig_count_absolute_error,0.008868925488339022,4
20260909,hybrid_micro_h1,15,local,parsed_block_count_absolute_error,0.035277043970731586,4
20260909,hybrid_micro_h1,30,local,mean_available_candidates,13.0,4
20260909,hybrid_micro_h1,30,local,carrier_mse,0.00023268855007839965,4
20260909,hybrid_micro_h1,30,local,history_available_mse,0.0010891418292413408,4
20260909,hybrid_micro_h1,30,local,prior_elapsed_seconds_mse,0.000522163367489926,4
20260909,hybrid_micro_h1,30,local,availability_bits_mse,0.0003283528360323264,4
20260909,hybrid_micro_h1,30,local,presence_available_values,18.0,4
20260909,hybrid_micro_h1,30,local,presence_mse,0.0001534524455144912,4
20260909,hybrid_micro_h1,30,local,kind_available_values,36.0,4
20260909,hybrid_micro_h1,30,local,kind_mse,0.00011547545454959618,4
20260909,hybrid_micro_h1,30,local,position_available_values,7.346153846153847,4
20260909,hybrid_micro_h1,30,local,position_mse,0.00020926371311921126,4
20260909,hybrid_micro_h1,30,local,motion_available_values,7.346153846153847,4
20260909,hybrid_micro_h1,30,local,motion_mse,0.00043157882856366295,4
20260909,hybrid_micro_h1,30,local,parsed_pig_count_absolute_error,0.00948607835632104,4
20260909,hybrid_micro_h1,30,local,parsed_block_count_absolute_error,0.03671412284557636,4
20260909,hybrid_micro_h1,60,local,mean_available_candidates,13.0,4
20260909,hybrid_micro_h1,60,local,carrier_mse,0.0002410378762690995,4
20260909,hybrid_micro_h1,60,local,history_available_mse,0.001208679315390362,4
20260909,hybrid_micro_h1,60,local,prior_elapsed_seconds_mse,0.0005248176916771067,4
20260909,hybrid_micro_h1,60,local,availability_bits_mse,0.0003380611546722671,4
20260909,hybrid_micro_h1,60,local,presence_available_values,18.0,4
20260909,hybrid_micro_h1,60,local,presence_mse,0.0001564803793511461,4
20260909,hybrid_micro_h1,60,local,kind_available_values,36.0,4
20260909,hybrid_micro_h1,60,local,kind_mse,0.00011332799057037426,4
20260909,hybrid_micro_h1,60,local,position_available_values,7.1923076923076925,4
20260909,hybrid_micro_h1,60,local,position_mse,0.00020760968870420655,4
20260909,hybrid_micro_h1,60,local,motion_available_values,7.1923076923076925,4
20260909,hybrid_micro_h1,60,local,motion_mse,0.0005570328752443087,4
20260909,hybrid_micro_h1,60,local,parsed_pig_count_absolute_error,0.00967873503955511,4
20260909,hybrid_micro_h1,60,local,parsed_block_count_absolute_error,0.03686449218254823,4
20260909,hybrid_micro_h1,150,local,mean_available_candidates,13.0,4
20260909,hybrid_micro_h1,150,local,carrier_mse,0.0005611469065255593,4
20260909,hybrid_micro_h1,150,local,history_available_mse,0.0012474885347072673,4
20260909,hybrid_micro_h1,150,local,prior_elapsed_seconds_mse,0.0005261404825992382,4
20260909,hybrid_micro_h1,150,local,availability_bits_mse,0.0009478059745071313,4
20260909,hybrid_micro_h1,150,local,presence_available_values,18.0,4
20260909,hybrid_micro_h1,150,local,presence_mse,0.00016139851616641792,4
20260909,hybrid_micro_h1,150,local,kind_available_values,36.0,4
20260909,hybrid_micro_h1,150,local,kind_mse,0.00013125722258477114,4
20260909,hybrid_micro_h1,150,local,position_available_values,7.153846153846153,4
20260909,hybrid_micro_h1,150,local,position_mse,0.001337978411846472,4
20260909,hybrid_micro_h1,150,local,motion_available_values,7.115384615384615,4
20260909,hybrid_micro_h1,150,local,motion_mse,0.0008416237570390177,4
20260909,hybrid_micro_h1,150,local,parsed_pig_count_absolute_error,0.009339431515679909,4
20260909,hybrid_micro_h1,150,local,parsed_block_count_absolute_error,0.03593950374768331,4
20260909,hybrid_micro_h1,225,local,mean_available_candidates,13.0,4
20260909,hybrid_micro_h1,225,local,carrier_mse,0.00026983960952538136,4
20260909,hybrid_micro_h1,225,local,history_available_mse,0.001329839432224243,4
20260909,hybrid_micro_h1,225,local,prior_elapsed_seconds_mse,0.0005253604744771459,4
20260909,hybrid_micro_h1,225,local,availability_bits_mse,0.0003449848087397046,4
20260909,hybrid_micro_h1,225,local,presence_available_values,18.0,4
20260909,hybrid_micro_h1,225,local,presence_mse,0.000181615702576192,4
20260909,hybrid_micro_h1,225,local,kind_available_values,36.0,4
20260909,hybrid_micro_h1,225,local,kind_mse,0.00013252942293407753,4
20260909,hybrid_micro_h1,225,local,position_available_values,7.153846153846153,4
20260909,hybrid_micro_h1,225,local,position_mse,0.00021141684024209657,4
20260909,hybrid_micro_h1,225,local,motion_available_values,7.153846153846153,4
20260909,hybrid_micro_h1,225,local,motion_mse,0.0012171675580947732,4
20260909,hybrid_micro_h1,225,local,parsed_pig_count_absolute_error,0.009523070202423975,4
20260909,hybrid_micro_h1,225,local,parsed_block_count_absolute_error,0.04005380261402864,4
20260909,hybrid_micro_h1,600,local,mean_available_candidates,13.0,4
20260909,hybrid_micro_h1,600,local,carrier_mse,0.0007208098096061103,4
20260909,hybrid_micro_h1,600,local,history_available_mse,0.0018749808866883857,4
20260909,hybrid_micro_h1,600,local,prior_elapsed_seconds_mse,0.0010214127553179143,4
20260909,hybrid_micro_h1,600,local,availability_bits_mse,0.000499426584260968,4
20260909,hybrid_micro_h1,600,local,presence_available_values,18.0,4
20260909,hybrid_micro_h1,600,local,presence_mse,0.00029465401684529544,4
20260909,hybrid_micro_h1,600,local,kind_available_values,36.0,4
20260909,hybrid_micro_h1,600,local,kind_mse,0.00020633900462249026,4
20260909,hybrid_micro_h1,600,local,position_available_values,7.038461538461538,4
20260909,hybrid_micro_h1,600,local,position_mse,0.00024877124507418974,4
20260909,hybrid_micro_h1,600,local,motion_available_values,7.038461538461538,4
20260909,hybrid_micro_h1,600,local,motion_mse,0.009970402256350588,4
20260909,hybrid_micro_h1,600,local,parsed_pig_count_absolute_error,0.009552369610621378,4
20260909,hybrid_micro_h1,600,local,parsed_block_count_absolute_error,0.03751846345571371,4
20260909,hybrid_macro_h1,15,recursive,mean_available_candidates,13.0,4
20260909,hybrid_macro_h1,15,recursive,carrier_mse,0.02822044065508705,4
20260909,hybrid_macro_h1,15,recursive,history_available_mse,0.0335450370509464,4
20260909,hybrid_macro_h1,15,recursive,prior_elapsed_seconds_mse,0.040713270696309894,4
20260909,hybrid_macro_h1,15,recursive,availability_bits_mse,0.04089056295700945,4
20260909,hybrid_macro_h1,15,recursive,presence_available_values,18.0,4
20260909,hybrid_macro_h1,15,recursive,presence_mse,0.01386512740730093,4
20260909,hybrid_macro_h1,15,recursive,kind_available_values,36.0,4
20260909,hybrid_macro_h1,15,recursive,kind_mse,0.016504011027371653,4
20260909,hybrid_macro_h1,15,recursive,position_available_values,7.26923076923077,4
20260909,hybrid_macro_h1,15,recursive,position_mse,0.0349592799320817,4
20260909,hybrid_macro_h1,15,recursive,motion_available_values,7.230769230769232,4
20260909,hybrid_macro_h1,15,recursive,motion_mse,0.026225219722479008,4
20260909,hybrid_macro_h1,15,recursive,parsed_pig_count_absolute_error,0.053974305995954916,4
20260909,hybrid_macro_h1,15,recursive,parsed_block_count_absolute_error,0.39318510947319174,4
20260909,hybrid_macro_h1,30,recursive,mean_available_candidates,13.0,4
20260909,hybrid_macro_h1,30,recursive,carrier_mse,0.09069583607980838,4
20260909,hybrid_macro_h1,30,recursive,history_available_mse,0.0611773024384792,4
20260909,hybrid_macro_h1,30,recursive,prior_elapsed_seconds_mse,0.05675288748282653,4
20260909,hybrid_macro_h1,30,recursive,availability_bits_mse,0.1167136962310626,4
20260909,hybrid_macro_h1,30,recursive,presence_available_values,18.0,4
20260909,hybrid_macro_h1,30,recursive,presence_mse,0.04966860243047659,4
20260909,hybrid_macro_h1,30,recursive,kind_available_values,36.0,4
20260909,hybrid_macro_h1,30,recursive,kind_mse,0.0765951587460362,4
20260909,hybrid_macro_h1,30,recursive,position_available_values,7.346153846153847,4
20260909,hybrid_macro_h1,30,recursive,position_mse,0.11087298149672839,4
20260909,hybrid_macro_h1,30,recursive,motion_available_values,7.346153846153847,4
20260909,hybrid_macro_h1,30,recursive,motion_mse,0.07523623914816059,4
20260909,hybrid_macro_h1,30,recursive,parsed_pig_count_absolute_error,0.054029826791240625,4
20260909,hybrid_macro_h1,30,recursive,parsed_block_count_absolute_error,0.31337849337321066,4
20260909,hybrid_macro_h1,60,recursive,mean_available_candidates,13.0,4
20260909,hybrid_macro_h1,60,recursive,carrier_mse,0.6669649011813678,4
20260909,hybrid_macro_h1,60,recursive,history_available_mse,0.5198100633346118,4
20260909,hybrid_macro_h1,60,recursive,prior_elapsed_seconds_mse,0.0011144492290304999,4
20260909,hybrid_macro_h1,60,recursive,availability_bits_mse,0.7358355636780078,4
20260909,hybrid_macro_h1,60,recursive,presence_available_values,18.0,4
20260909,hybrid_macro_h1,60,recursive,presence_mse,0.7009878639991467,4
20260909,hybrid_macro_h1,60,recursive,kind_available_values,36.0,4
20260909,hybrid_macro_h1,60,recursive,kind_mse,0.5737015014657607,4
20260909,hybrid_macro_h1,60,recursive,position_available_values,7.1923076923076925,4
20260909,hybrid_macro_h1,60,recursive,position_mse,0.7774904129596857,4
20260909,hybrid_macro_h1,60,recursive,motion_available_values,7.1923076923076925,4
20260909,hybrid_macro_h1,60,recursive,motion_mse,0.24434313708199906,4
20260909,hybrid_macro_h1,60,recursive,parsed_pig_count_absolute_error,0.05307455976995139,4
20260909,hybrid_macro_h1,60,recursive,parsed_block_count_absolute_error,0.27360640867398334,4
20260909,hybrid_macro_h1,150,recursive,mean_available_candidates,13.0,4
20260909,hybrid_macro_h1,150,recursive,carrier_mse,437.54233903151294,4
20260909,hybrid_macro_h1,150,recursive,history_available_mse,481.1966148523184,4
20260909,hybrid_macro_h1,150,recursive,prior_elapsed_seconds_mse,522.0266121350802,4
20260909,hybrid_macro_h1,150,recursive,availability_bits_mse,479.85589775672327,4
20260909,hybrid_macro_h1,150,recursive,presence_available_values,18.0,4
20260909,hybrid_macro_h1,150,recursive,presence_mse,450.7990106435923,4
20260909,hybrid_macro_h1,150,recursive,kind_available_values,36.0,4
20260909,hybrid_macro_h1,150,recursive,kind_mse,491.29581040602466,4
20260909,hybrid_macro_h1,150,recursive,position_available_values,7.153846153846153,4
20260909,hybrid_macro_h1,150,recursive,position_mse,243.05065243060773,4
20260909,hybrid_macro_h1,150,recursive,motion_available_values,7.115384615384615,4
20260909,hybrid_macro_h1,150,recursive,motion_mse,367.8037021343525,4
20260909,hybrid_macro_h1,150,recursive,parsed_pig_count_absolute_error,0.48915587888600737,4
20260909,hybrid_macro_h1,150,recursive,parsed_block_count_absolute_error,1.61069742246316,4
20260909,hybrid_macro_h1,225,recursive,mean_available_candidates,13.0,4
20260909,hybrid_macro_h1,225,recursive,carrier_mse,2238.5992713341348,4
20260909,hybrid_macro_h1,225,recursive,history_available_mse,2244.512187517606,4
20260909,hybrid_macro_h1,225,recursive,prior_elapsed_seconds_mse,3446.6386360755337,4
20260909,hybrid_macro_h1,225,recursive,availability_bits_mse,2395.5294283353364,4
20260909,hybrid_macro_h1,225,recursive,presence_available_values,18.0,4
20260909,hybrid_macro_h1,225,recursive,presence_mse,2342.8682814378008,4
20260909,hybrid_macro_h1,225,recursive,kind_available_values,36.0,4
20260909,hybrid_macro_h1,225,recursive,kind_mse,2485.8509122408354,4
20260909,hybrid_macro_h1,225,recursive,position_available_values,7.153846153846153,4
20260909,hybrid_macro_h1,225,recursive,position_mse,2381.3796034592847,4
20260909,hybrid_macro_h1,225,recursive,motion_available_values,7.153846153846153,4
20260909,hybrid_macro_h1,225,recursive,motion_mse,1375.2735724815957,4
20260909,hybrid_macro_h1,225,recursive,parsed_pig_count_absolute_error,0.49084872007369995,4
20260909,hybrid_macro_h1,225,recursive,parsed_block_count_absolute_error,1.097964845597744,4
20260909,hybrid_macro_h1,600,recursive,mean_available_candidates,13.0,4
20260909,hybrid_macro_h1,600,recursive,carrier_mse,34903.14374248798,4
20260909,hybrid_macro_h1,600,recursive,history_available_mse,19611.031541090746,4
20260909,hybrid_macro_h1,600,recursive,prior_elapsed_seconds_mse,61331.92982541598,4
20260909,hybrid_macro_h1,600,recursive,availability_bits_mse,38210.300743689906,4
20260909,hybrid_macro_h1,600,recursive,presence_available_values,18.0,4
20260909,hybrid_macro_h1,600,recursive,presence_mse,26730.265662560098,4
20260909,hybrid_macro_h1,600,recursive,kind_available_values,36.0,4
20260909,hybrid_macro_h1,600,recursive,kind_mse,38417.00300480769,4
20260909,hybrid_macro_h1,600,recursive,position_available_values,7.038461538461538,4
20260909,hybrid_macro_h1,600,recursive,position_mse,65825.24068509616,4
20260909,hybrid_macro_h1,600,recursive,motion_available_values,7.038461538461538,4
20260909,hybrid_macro_h1,600,recursive,motion_mse,10501.541748046875,4
20260909,hybrid_macro_h1,600,recursive,parsed_pig_count_absolute_error,0.48960917643629587,4
20260909,hybrid_macro_h1,600,recursive,parsed_block_count_absolute_error,1.2451110424903722,4
20260909,hybrid_macro_h1,15,local,mean_available_candidates,13.0,4
20260909,hybrid_macro_h1,15,local,carrier_mse,0.0012988261044553767,4
20260909,hybrid_macro_h1,15,local,history_available_mse,0.015892786072352186,4
20260909,hybrid_macro_h1,15,local,prior_elapsed_seconds_mse,0.0020012421031983998,4
20260909,hybrid_macro_h1,15,local,availability_bits_mse,0.0019693123881902113,4
20260909,hybrid_macro_h1,15,local,presence_available_values,18.0,4
20260909,hybrid_macro_h1,15,local,presence_mse,0.0003513520720074526,4
20260909,hybrid_macro_h1,15,local,kind_available_values,36.0,4
20260909,hybrid_macro_h1,15,local,kind_mse,0.0003946651781566638,4
20260909,hybrid_macro_h1,15,local,position_available_values,7.26923076923077,4
20260909,hybrid_macro_h1,15,local,position_mse,0.002049674896765142,4
20260909,hybrid_macro_h1,15,local,motion_available_values,7.230769230769232,4
20260909,hybrid_macro_h1,15,local,motion_mse,0.003227134916344837,4
20260909,hybrid_macro_h1,15,local,parsed_pig_count_absolute_error,0.010991562587710526,4
20260909,hybrid_macro_h1,15,local,parsed_block_count_absolute_error,0.02943292317482141,4
20260909,hybrid_macro_h1,30,local,mean_available_candidates,13.0,4
20260909,hybrid_macro_h1,30,local,carrier_mse,0.0007292587873122941,4
20260909,hybrid_macro_h1,30,local,history_available_mse,0.013278769378442891,4
20260909,hybrid_macro_h1,30,local,prior_elapsed_seconds_mse,0.0016713509013733037,4
20260909,hybrid_macro_h1,30,local,availability_bits_mse,0.001265820503669182,4
20260909,hybrid_macro_h1,30,local,presence_available_values,18.0,4
20260909,hybrid_macro_h1,30,local,presence_mse,0.00019551437239547688,4
20260909,hybrid_macro_h1,30,local,kind_available_values,36.0,4
20260909,hybrid_macro_h1,30,local,kind_mse,0.00021551358090968838,4
20260909,hybrid_macro_h1,30,local,position_available_values,7.346153846153847,4
20260909,hybrid_macro_h1,30,local,position_mse,0.0002573729946631759,4
20260909,hybrid_macro_h1,30,local,motion_available_values,7.346153846153847,4
20260909,hybrid_macro_h1,30,local,motion_mse,0.0008820643398883896,4
20260909,hybrid_macro_h1,30,local,parsed_pig_count_absolute_error,0.006016492951088226,4
20260909,hybrid_macro_h1,30,local,parsed_block_count_absolute_error,0.030612673897009633,4
20260909,hybrid_macro_h1,60,local,mean_available_candidates,13.0,4
20260909,hybrid_macro_h1,60,local,carrier_mse,0.0007555982950949468,4
20260909,hybrid_macro_h1,60,local,history_available_mse,0.01389104426981738,4
20260909,hybrid_macro_h1,60,local,prior_elapsed_seconds_mse,0.0016849701865934408,4
20260909,hybrid_macro_h1,60,local,availability_bits_mse,0.001320347555939896,4
20260909,hybrid_macro_h1,60,local,presence_available_values,18.0,4
20260909,hybrid_macro_h1,60,local,presence_mse,0.0001968071406176582,4
20260909,hybrid_macro_h1,60,local,kind_available_values,36.0,4
20260909,hybrid_macro_h1,60,local,kind_mse,0.00021421292163162993,4
20260909,hybrid_macro_h1,60,local,position_available_values,7.1923076923076925,4
20260909,hybrid_macro_h1,60,local,position_mse,0.0002598569917608984,4
20260909,hybrid_macro_h1,60,local,motion_available_values,7.1923076923076925,4
20260909,hybrid_macro_h1,60,local,motion_mse,0.0009453790693302066,4
20260909,hybrid_macro_h1,60,local,parsed_pig_count_absolute_error,0.006118583134733714,4
20260909,hybrid_macro_h1,60,local,parsed_block_count_absolute_error,0.03071387054828497,4
20260909,hybrid_macro_h1,150,local,mean_available_candidates,13.0,4
20260909,hybrid_macro_h1,150,local,carrier_mse,0.0010929966525649293,4
20260909,hybrid_macro_h1,150,local,history_available_mse,0.014346645750965063,4
20260909,hybrid_macro_h1,150,local,prior_elapsed_seconds_mse,0.0017203501730154338,4
20260909,hybrid_macro_h1,150,local,availability_bits_mse,0.0019604760197510654,4
20260909,hybrid_macro_h1,150,local,presence_available_values,18.0,4
20260909,hybrid_macro_h1,150,local,presence_mse,0.00020200008895279517,4
20260909,hybrid_macro_h1,150,local,kind_available_values,36.0,4
20260909,hybrid_macro_h1,150,local,kind_mse,0.00023639271421416197,4
20260909,hybrid_macro_h1,150,local,position_available_values,7.153846153846153,4
20260909,hybrid_macro_h1,150,local,position_mse,0.0014053436067255319,4
20260909,hybrid_macro_h1,150,local,motion_available_values,7.115384615384615,4
20260909,hybrid_macro_h1,150,local,motion_mse,0.00131870682022194,4
20260909,hybrid_macro_h1,150,local,parsed_pig_count_absolute_error,0.0061082169771767576,4
20260909,hybrid_macro_h1,150,local,parsed_block_count_absolute_error,0.029314953547257647,4
20260909,hybrid_macro_h1,225,local,mean_available_candidates,13.0,4
20260909,hybrid_macro_h1,225,local,carrier_mse,0.0008044047225177145,4
20260909,hybrid_macro_h1,225,local,history_available_mse,0.014568238966883374,4
20260909,hybrid_macro_h1,225,local,prior_elapsed_seconds_mse,0.0017439536996579801,4
20260909,hybrid_macro_h1,225,local,availability_bits_mse,0.0013569535803981125,4
20260909,hybrid_macro_h1,225,local,presence_available_values,18.0,4
20260909,hybrid_macro_h1,225,local,presence_mse,0.00022647286123873739,4
20260909,hybrid_macro_h1,225,local,kind_available_values,36.0,4
20260909,hybrid_macro_h1,225,local,kind_mse,0.00024046217130000095,4
20260909,hybrid_macro_h1,225,local,position_available_values,7.153846153846153,4
20260909,hybrid_macro_h1,225,local,position_mse,0.0002746924899558787,4
20260909,hybrid_macro_h1,225,local,motion_available_values,7.153846153846153,4
20260909,hybrid_macro_h1,225,local,motion_mse,0.0016848068368674903,4
20260909,hybrid_macro_h1,225,local,parsed_pig_count_absolute_error,0.006296559236943722,4
20260909,hybrid_macro_h1,225,local,parsed_block_count_absolute_error,0.03276693534392577,4
20260909,hybrid_macro_h1,600,local,mean_available_candidates,13.0,4
20260909,hybrid_macro_h1,600,local,carrier_mse,0.0013983252306038942,4
20260909,hybrid_macro_h1,600,local,history_available_mse,0.01756674218296002,4
20260909,hybrid_macro_h1,600,local,prior_elapsed_seconds_mse,0.0029015313395155734,4
20260909,hybrid_macro_h1,600,local,availability_bits_mse,0.0017038207051183025,4
20260909,hybrid_macro_h1,600,local,presence_available_values,18.0,4
20260909,hybrid_macro_h1,600,local,presence_mse,0.0004893551733682845,4
20260909,hybrid_macro_h1,600,local,kind_available_values,36.0,4
20260909,hybrid_macro_h1,600,local,kind_mse,0.00045055516392704495,4
20260909,hybrid_macro_h1,600,local,position_available_values,7.038461538461538,4
20260909,hybrid_macro_h1,600,local,position_mse,0.0003336042562016071,4
20260909,hybrid_macro_h1,600,local,motion_available_values,7.038461538461538,4
20260909,hybrid_macro_h1,600,local,motion_mse,0.00874022174404952,4
20260909,hybrid_macro_h1,600,local,parsed_pig_count_absolute_error,0.009010055997910407,4
20260909,hybrid_macro_h1,600,local,parsed_block_count_absolute_error,0.029329557831470784,4
20260909,hybrid_continuous_h5,15,recursive,mean_available_candidates,13.0,4
20260909,hybrid_continuous_h5,15,recursive,carrier_mse,0.0090790583859556,4
20260909,hybrid_continuous_h5,15,recursive,history_available_mse,0.03774574080195565,4
20260909,hybrid_continuous_h5,15,recursive,prior_elapsed_seconds_mse,0.0017058281989123386,4
20260909,hybrid_continuous_h5,15,recursive,availability_bits_mse,0.018817242593146287,4
20260909,hybrid_continuous_h5,15,recursive,presence_available_values,18.0,4
20260909,hybrid_continuous_h5,15,recursive,presence_mse,0.0014777853547667083,4
20260909,hybrid_continuous_h5,15,recursive,kind_available_values,36.0,4
20260909,hybrid_continuous_h5,15,recursive,kind_mse,0.0012283769599609792,4
20260909,hybrid_continuous_h5,15,recursive,position_available_values,7.26923076923077,4
20260909,hybrid_continuous_h5,15,recursive,position_mse,0.02667580255701278,4
20260909,hybrid_continuous_h5,15,recursive,motion_available_values,7.230769230769232,4
20260909,hybrid_continuous_h5,15,recursive,motion_mse,0.002467677404078691,4
20260909,hybrid_continuous_h5,15,recursive,parsed_pig_count_absolute_error,0.008761479949148802,4
20260909,hybrid_continuous_h5,15,recursive,parsed_block_count_absolute_error,0.11094654580721489,4
20260909,hybrid_continuous_h5,30,recursive,mean_available_candidates,13.0,4
20260909,hybrid_continuous_h5,30,recursive,carrier_mse,0.011368587881756518,4
20260909,hybrid_continuous_h5,30,recursive,history_available_mse,0.032351390458643436,4
20260909,hybrid_continuous_h5,30,recursive,prior_elapsed_seconds_mse,0.004241491811206708,4
20260909,hybrid_continuous_h5,30,recursive,availability_bits_mse,0.021236340192934643,4
20260909,hybrid_continuous_h5,30,recursive,presence_available_values,18.0,4
20260909,hybrid_continuous_h5,30,recursive,presence_mse,0.00353577392301164,4
20260909,hybrid_continuous_h5,30,recursive,kind_available_values,36.0,4
20260909,hybrid_continuous_h5,30,recursive,kind_mse,0.00307580423899568,4
20260909,hybrid_continuous_h5,30,recursive,position_available_values,7.346153846153847,4
20260909,hybrid_continuous_h5,30,recursive,position_mse,0.027157810261437237,4
20260909,hybrid_continuous_h5,30,recursive,motion_available_values,7.346153846153847,4
20260909,hybrid_continuous_h5,30,recursive,motion_mse,0.0028403388457193686,4
20260909,hybrid_continuous_h5,30,recursive,parsed_pig_count_absolute_error,0.021182134890785582,4
20260909,hybrid_continuous_h5,30,recursive,parsed_block_count_absolute_error,0.22819950718146104,4
20260909,hybrid_continuous_h5,60,recursive,mean_available_candidates,13.0,4
20260909,hybrid_continuous_h5,60,recursive,carrier_mse,0.019205256096588876,4
20260909,hybrid_continuous_h5,60,recursive,history_available_mse,0.02282224430774267,4
20260909,hybrid_continuous_h5,60,recursive,prior_elapsed_seconds_mse,0.008615768066822337,4
20260909,hybrid_continuous_h5,60,recursive,availability_bits_mse,0.030557344488513015,4
20260909,hybrid_continuous_h5,60,recursive,presence_available_values,18.0,4
20260909,hybrid_continuous_h5,60,recursive,presence_mse,0.010314785409718752,4
20260909,hybrid_continuous_h5,60,recursive,kind_available_values,36.0,4
20260909,hybrid_continuous_h5,60,recursive,kind_mse,0.010716851935005533,4
20260909,hybrid_continuous_h5,60,recursive,position_available_values,7.1923076923076925,4
20260909,hybrid_continuous_h5,60,recursive,position_mse,0.026082100857120864,4
20260909,hybrid_continuous_h5,60,recursive,motion_available_values,7.1923076923076925,4
20260909,hybrid_continuous_h5,60,recursive,motion_mse,0.008045450023088891,4
20260909,hybrid_continuous_h5,60,recursive,parsed_pig_count_absolute_error,0.0352081170019049,4
20260909,hybrid_continuous_h5,60,recursive,parsed_block_count_absolute_error,0.42148009802286446,4
20260909,hybrid_continuous_h5,150,recursive,mean_available_candidates,13.0,4
20260909,hybrid_continuous_h5,150,recursive,carrier_mse,0.08032572720772944,4
20260909,hybrid_continuous_h5,150,recursive,history_available_mse,0.0009041029639215245,4
20260909,hybrid_continuous_h5,150,recursive,prior_elapsed_seconds_mse,0.013520518040212875,4
20260909,hybrid_continuous_h5,150,recursive,availability_bits_mse,0.1032772185997321,4
20260909,hybrid_continuous_h5,150,recursive,presence_available_values,18.0,4
20260909,hybrid_continuous_h5,150,recursive,presence_mse,0.06948987029206295,4
20260909,hybrid_continuous_h5,150,recursive,kind_available_values,36.0,4
20260909,hybrid_continuous_h5,150,recursive,kind_mse,0.07865285937889265,4
20260909,hybrid_continuous_h5,150,recursive,position_available_values,7.153846153846153,4
20260909,hybrid_continuous_h5,150,recursive,position_mse,0.08336185699758622,4
20260909,hybrid_continuous_h5,150,recursive,motion_available_values,7.115384615384615,4
20260909,hybrid_continuous_h5,150,recursive,motion_mse,0.056951805017888546,4
20260909,hybrid_continuous_h5,150,recursive,parsed_pig_count_absolute_error,0.05342316806602936,4
20260909,hybrid_continuous_h5,150,recursive,parsed_block_count_absolute_error,0.48895975202322006,4
20260909,hybrid_continuous_h5,225,recursive,mean_available_candidates,13.0,4
20260909,hybrid_continuous_h5,225,recursive,carrier_mse,0.23992213033712828,4
20260909,hybrid_continuous_h5,225,recursive,history_available_mse,0.005958962255065741,4
20260909,hybrid_continuous_h5,225,recursive,prior_elapsed_seconds_mse,0.043716855508346975,4
20260909,hybrid_continuous_h5,225,recursive,availability_bits_mse,0.27351456164167476,4
20260909,hybrid_continuous_h5,225,recursive,presence_available_values,18.0,4
20260909,hybrid_continuous_h5,225,recursive,presence_mse,0.29047276165622926,4
20260909,hybrid_continuous_h5,225,recursive,kind_available_values,36.0,4
20260909,hybrid_continuous_h5,225,recursive,kind_mse,0.2577668780890795,4
20260909,hybrid_continuous_h5,225,recursive,position_available_values,7.153846153846153,4
20260909,hybrid_continuous_h5,225,recursive,position_mse,0.22553223772690845,4
20260909,hybrid_continuous_h5,225,recursive,motion_available_values,7.153846153846153,4
20260909,hybrid_continuous_h5,225,recursive,motion_mse,0.16083153824393565,4
20260909,hybrid_continuous_h5,225,recursive,parsed_pig_count_absolute_error,0.05472629345380342,4
20260909,hybrid_continuous_h5,225,recursive,parsed_block_count_absolute_error,0.41250732254523503,4
20260909,hybrid_continuous_h5,600,recursive,mean_available_candidates,13.0,4
20260909,hybrid_continuous_h5,600,recursive,carrier_mse,185.3088406782884,4
20260909,hybrid_continuous_h5,600,recursive,history_available_mse,143.55986265035776,4
20260909,hybrid_continuous_h5,600,recursive,prior_elapsed_seconds_mse,109.86668051206149,4
20260909,hybrid_continuous_h5,600,recursive,availability_bits_mse,199.71232355557953,4
20260909,hybrid_continuous_h5,600,recursive,presence_available_values,18.0,4
20260909,hybrid_continuous_h5,600,recursive,presence_mse,150.70882767897388,4
20260909,hybrid_continuous_h5,600,recursive,kind_available_values,36.0,4
20260909,hybrid_continuous_h5,600,recursive,kind_mse,241.5048270592323,4
20260909,hybrid_continuous_h5,600,recursive,position_available_values,7.038461538461538,4
20260909,hybrid_continuous_h5,600,recursive,position_mse,187.8583359351525,4
20260909,hybrid_continuous_h5,600,recursive,motion_available_values,7.038461538461538,4
20260909,hybrid_continuous_h5,600,recursive,motion_mse,111.5007198040302,4
20260909,hybrid_continuous_h5,600,recursive,parsed_pig_count_absolute_error,0.05352701390018829,4
20260909,hybrid_continuous_h5,600,recursive,parsed_block_count_absolute_error,1.6223671424847383,4
20260909,hybrid_continuous_h5,15,local,mean_available_candidates,13.0,4
20260909,hybrid_continuous_h5,15,local,carrier_mse,0.002284115768886225,4
20260909,hybrid_continuous_h5,15,local,history_available_mse,0.002749060694651024,4
20260909,hybrid_continuous_h5,15,local,prior_elapsed_seconds_mse,0.000693870194831666,4
20260909,hybrid_continuous_h5,15,local,availability_bits_mse,0.0028592450325959358,4
20260909,hybrid_continuous_h5,15,local,presence_available_values,18.0,4
20260909,hybrid_continuous_h5,15,local,presence_mse,0.0004435395043961202,4
20260909,hybrid_continuous_h5,15,local,kind_available_values,36.0,4
20260909,hybrid_continuous_h5,15,local,kind_mse,0.0004250369339877999,4
20260909,hybrid_continuous_h5,15,local,position_available_values,7.26923076923077,4
20260909,hybrid_continuous_h5,15,local,position_mse,0.004839419354539133,4
20260909,hybrid_continuous_h5,15,local,motion_available_values,7.230769230769232,4
20260909,hybrid_continuous_h5,15,local,motion_mse,0.01950513209270027,4
20260909,hybrid_continuous_h5,15,local,parsed_pig_count_absolute_error,0.010034762967664462,4
20260909,hybrid_continuous_h5,15,local,parsed_block_count_absolute_error,0.0540677085518837,4
20260909,hybrid_continuous_h5,30,local,mean_available_candidates,13.0,4
20260909,hybrid_continuous_h5,30,local,carrier_mse,0.0002783136660582386,4
20260909,hybrid_continuous_h5,30,local,history_available_mse,0.001815599704199345,4
20260909,hybrid_continuous_h5,30,local,prior_elapsed_seconds_mse,0.0005254702476892048,4
20260909,hybrid_continuous_h5,30,local,availability_bits_mse,0.00039759292401588307,4
20260909,hybrid_continuous_h5,30,local,presence_available_values,18.0,4
20260909,hybrid_continuous_h5,30,local,presence_mse,0.0001505681649667587,4
20260909,hybrid_continuous_h5,30,local,kind_available_values,36.0,4
20260909,hybrid_continuous_h5,30,local,kind_mse,0.00015061533031257568,4
20260909,hybrid_continuous_h5,30,local,position_available_values,7.346153846153847,4
20260909,hybrid_continuous_h5,30,local,position_mse,0.00018143755509159886,4
20260909,hybrid_continuous_h5,30,local,motion_available_values,7.346153846153847,4
20260909,hybrid_continuous_h5,30,local,motion_mse,0.0007186389683248797,4
20260909,hybrid_continuous_h5,30,local,parsed_pig_count_absolute_error,0.007536608725786209,4
20260909,hybrid_continuous_h5,30,local,parsed_block_count_absolute_error,0.0403841332747386,4
20260909,hybrid_continuous_h5,60,local,mean_available_candidates,13.0,4
20260909,hybrid_continuous_h5,60,local,carrier_mse,0.00047105135980438296,4
20260909,hybrid_continuous_h5,60,local,history_available_mse,0.0019198960511018343,4
20260909,hybrid_continuous_h5,60,local,prior_elapsed_seconds_mse,0.0005309263338299039,4
20260909,hybrid_continuous_h5,60,local,availability_bits_mse,0.0008023392706840801,4
20260909,hybrid_continuous_h5,60,local,presence_available_values,18.0,4
20260909,hybrid_continuous_h5,60,local,presence_mse,0.00015265346365385293,4
20260909,hybrid_continuous_h5,60,local,kind_available_values,36.0,4
20260909,hybrid_continuous_h5,60,local,kind_mse,0.00014266585933980352,4
20260909,hybrid_continuous_h5,60,local,position_available_values,7.1923076923076925,4
20260909,hybrid_continuous_h5,60,local,position_mse,0.00018239636007750122,4
20260909,hybrid_continuous_h5,60,local,motion_available_values,7.1923076923076925,4
20260909,hybrid_continuous_h5,60,local,motion_mse,0.0006327415850626915,4
20260909,hybrid_continuous_h5,60,local,parsed_pig_count_absolute_error,0.007689732628372999,4
20260909,hybrid_continuous_h5,60,local,parsed_block_count_absolute_error,0.045108078190913566,4
20260909,hybrid_continuous_h5,150,local,mean_available_candidates,13.0,4
20260909,hybrid_continuous_h5,150,local,carrier_mse,0.0007974146227262771,4
20260909,hybrid_continuous_h5,150,local,history_available_mse,0.002023482324987596,4
20260909,hybrid_continuous_h5,150,local,prior_elapsed_seconds_mse,0.0005356130523768325,4
20260909,hybrid_continuous_h5,150,local,availability_bits_mse,0.0014153577506546683,4
20260909,hybrid_continuous_h5,150,local,presence_available_values,18.0,4
20260909,hybrid_continuous_h5,150,local,presence_mse,0.0001870744735452508,4
20260909,hybrid_continuous_h5,150,local,kind_available_values,36.0,4
20260909,hybrid_continuous_h5,150,local,kind_mse,0.00016891972609300865,4
20260909,hybrid_continuous_h5,150,local,position_available_values,7.153846153846153,4
20260909,hybrid_continuous_h5,150,local,position_mse,0.0012916566110316825,4
20260909,hybrid_continuous_h5,150,local,motion_available_values,7.115384615384615,4
20260909,hybrid_continuous_h5,150,local,motion_mse,0.0009653847754144898,4
20260909,hybrid_continuous_h5,150,local,parsed_pig_count_absolute_error,0.007427402915289769,4
20260909,hybrid_continuous_h5,150,local,parsed_block_count_absolute_error,0.0418559662424601,4
20260909,hybrid_continuous_h5,225,local,mean_available_candidates,13.0,4
20260909,hybrid_continuous_h5,225,local,carrier_mse,0.0007214797901374719,4
20260909,hybrid_continuous_h5,225,local,history_available_mse,0.0020274217145365234,4
20260909,hybrid_continuous_h5,225,local,prior_elapsed_seconds_mse,0.0005298468548482141,4
20260909,hybrid_continuous_h5,225,local,availability_bits_mse,0.0012292224480636204,4
20260909,hybrid_continuous_h5,225,local,presence_available_values,18.0,4
20260909,hybrid_continuous_h5,225,local,presence_mse,0.00027060596389324364,4
20260909,hybrid_continuous_h5,225,local,kind_available_values,36.0,4
20260909,hybrid_continuous_h5,225,local,kind_mse,0.0001454022997047734,4
20260909,hybrid_continuous_h5,225,local,position_available_values,7.153846153846153,4
20260909,hybrid_continuous_h5,225,local,position_mse,0.00018304791648496085,4
20260909,hybrid_continuous_h5,225,local,motion_available_values,7.153846153846153,4
20260909,hybrid_continuous_h5,225,local,motion_mse,0.0015399491505657071,4
20260909,hybrid_continuous_h5,225,local,parsed_pig_count_absolute_error,0.007318667064492519,4
20260909,hybrid_continuous_h5,225,local,parsed_block_count_absolute_error,0.05399719052589856,4
20260909,hybrid_continuous_h5,600,local,mean_available_candidates,13.0,4
20260909,hybrid_continuous_h5,600,local,carrier_mse,0.0009855959047294725,4
20260909,hybrid_continuous_h5,600,local,history_available_mse,0.002779828759090518,4
20260909,hybrid_continuous_h5,600,local,prior_elapsed_seconds_mse,0.0010438596011506608,4
20260909,hybrid_continuous_h5,600,local,availability_bits_mse,0.0009845945919201209,4
20260909,hybrid_continuous_h5,600,local,presence_available_values,18.0,4
20260909,hybrid_continuous_h5,600,local,presence_mse,0.00033508589904858335,4
20260909,hybrid_continuous_h5,600,local,kind_available_values,36.0,4
20260909,hybrid_continuous_h5,600,local,kind_mse,0.00032507739321702573,4
20260909,hybrid_continuous_h5,600,local,position_available_values,7.038461538461538,4
20260909,hybrid_continuous_h5,600,local,position_mse,0.00022912049742164806,4
20260909,hybrid_continuous_h5,600,local,motion_available_values,7.038461538461538,4
20260909,hybrid_continuous_h5,600,local,motion_mse,0.010191296913175253,4
20260909,hybrid_continuous_h5,600,local,parsed_pig_count_absolute_error,0.008219690133745853,4
20260909,hybrid_continuous_h5,600,local,parsed_block_count_absolute_error,0.04492026280898315,4
20260909,hybrid_micro_h5,15,recursive,mean_available_candidates,13.0,4
20260909,hybrid_micro_h5,15,recursive,carrier_mse,0.008975689218809398,4
20260909,hybrid_micro_h5,15,recursive,history_available_mse,0.04509102653425473,4
20260909,hybrid_micro_h5,15,recursive,prior_elapsed_seconds_mse,0.002002476433587547,4
20260909,hybrid_micro_h5,15,recursive,availability_bits_mse,0.018429143587127328,4
20260909,hybrid_micro_h5,15,recursive,presence_available_values,18.0,4
20260909,hybrid_micro_h5,15,recursive,presence_mse,0.0014672559549440988,4
20260909,hybrid_micro_h5,15,recursive,kind_available_values,36.0,4
20260909,hybrid_micro_h5,15,recursive,kind_mse,0.0012035519041371746,4
20260909,hybrid_micro_h5,15,recursive,position_available_values,7.26923076923077,4
20260909,hybrid_micro_h5,15,recursive,position_mse,0.027198096705923,4
20260909,hybrid_micro_h5,15,recursive,motion_available_values,7.230769230769232,4
20260909,hybrid_micro_h5,15,recursive,motion_mse,0.0027739156895012665,4
20260909,hybrid_micro_h5,15,recursive,parsed_pig_count_absolute_error,0.01297981686030443,4
20260909,hybrid_micro_h5,15,recursive,parsed_block_count_absolute_error,0.09641237041124931,4
20260909,hybrid_micro_h5,30,recursive,mean_available_candidates,13.0,4
20260909,hybrid_micro_h5,30,recursive,carrier_mse,0.011292388752246134,4
20260909,hybrid_micro_h5,30,recursive,history_available_mse,0.037652193855207704,4
20260909,hybrid_micro_h5,30,recursive,prior_elapsed_seconds_mse,0.0056684899743861305,4
20260909,hybrid_micro_h5,30,recursive,availability_bits_mse,0.02082680731725234,4
20260909,hybrid_micro_h5,30,recursive,presence_available_values,18.0,4
20260909,hybrid_micro_h5,30,recursive,presence_mse,0.0036104968928087214,4
20260909,hybrid_micro_h5,30,recursive,kind_available_values,36.0,4
20260909,hybrid_micro_h5,30,recursive,kind_mse,0.002859610276153454,4
20260909,hybrid_micro_h5,30,recursive,position_available_values,7.346153846153847,4
20260909,hybrid_micro_h5,30,recursive,position_mse,0.028137312803524904,4
20260909,hybrid_micro_h5,30,recursive,motion_available_values,7.346153846153847,4
20260909,hybrid_micro_h5,30,recursive,motion_mse,0.003804819349450274,4
20260909,hybrid_micro_h5,30,recursive,parsed_pig_count_absolute_error,0.022023554891347885,4
20260909,hybrid_micro_h5,30,recursive,parsed_block_count_absolute_error,0.19804682181431696,4
20260909,hybrid_micro_h5,60,recursive,mean_available_candidates,13.0,4
20260909,hybrid_micro_h5,60,recursive,carrier_mse,0.01935234062301998,4
20260909,hybrid_micro_h5,60,recursive,history_available_mse,0.026908473541530278,4
20260909,hybrid_micro_h5,60,recursive,prior_elapsed_seconds_mse,0.013150701532140374,4
20260909,hybrid_micro_h5,60,recursive,availability_bits_mse,0.030080786261420984,4
20260909,hybrid_micro_h5,60,recursive,presence_available_values,18.0,4
20260909,hybrid_micro_h5,60,recursive,presence_mse,0.010803898509878378,4
20260909,hybrid_micro_h5,60,recursive,kind_available_values,36.0,4
20260909,hybrid_micro_h5,60,recursive,kind_mse,0.009923578231022336,4
20260909,hybrid_micro_h5,60,recursive,position_available_values,7.1923076923076925,4
20260909,hybrid_micro_h5,60,recursive,position_mse,0.0273381651719459,4
20260909,hybrid_micro_h5,60,recursive,motion_available_values,7.1923076923076925,4
20260909,hybrid_micro_h5,60,recursive,motion_mse,0.011180724500893401,4
20260909,hybrid_micro_h5,60,recursive,parsed_pig_count_absolute_error,0.04107273355699503,4
20260909,hybrid_micro_h5,60,recursive,parsed_block_count_absolute_error,0.3486393489516698,4
20260909,hybrid_micro_h5,150,recursive,mean_available_candidates,13.0,4
20260909,hybrid_micro_h5,150,recursive,carrier_mse,0.0821008117009814,4
20260909,hybrid_micro_h5,150,recursive,history_available_mse,0.0025403690003888467,4
20260909,hybrid_micro_h5,150,recursive,prior_elapsed_seconds_mse,0.027009896969852537,4
20260909,hybrid_micro_h5,150,recursive,availability_bits_mse,0.10291429666372445,4
20260909,hybrid_micro_h5,150,recursive,presence_available_values,18.0,4
20260909,hybrid_micro_h5,150,recursive,presence_mse,0.06908591958479239,4
20260909,hybrid_micro_h5,150,recursive,kind_available_values,36.0,4
20260909,hybrid_micro_h5,150,recursive,kind_mse,0.07781549636274576,4
20260909,hybrid_micro_h5,150,recursive,position_available_values,7.153846153846153,4
20260909,hybrid_micro_h5,150,recursive,position_mse,0.08571236981795385,4
20260909,hybrid_micro_h5,150,recursive,motion_available_values,7.115384615384615,4
20260909,hybrid_micro_h5,150,recursive,motion_mse,0.06782384589314461,4
20260909,hybrid_micro_h5,150,recursive,parsed_pig_count_absolute_error,0.05342316806602936,4
20260909,hybrid_micro_h5,150,recursive,parsed_block_count_absolute_error,0.33503948897123337,4
20260909,hybrid_micro_h5,225,recursive,mean_available_candidates,13.0,4
20260909,hybrid_micro_h5,225,recursive,carrier_mse,0.23978449518863973,4
20260909,hybrid_micro_h5,225,recursive,history_available_mse,0.002179633715338871,4
20260909,hybrid_micro_h5,225,recursive,prior_elapsed_seconds_mse,0.08238054779716408,4
20260909,hybrid_micro_h5,225,recursive,availability_bits_mse,0.26914427458093715,4
20260909,hybrid_micro_h5,225,recursive,presence_available_values,18.0,4
20260909,hybrid_micro_h5,225,recursive,presence_mse,0.2887517037586524,4
20260909,hybrid_micro_h5,225,recursive,kind_available_values,36.0,4
20260909,hybrid_micro_h5,225,recursive,kind_mse,0.25082160274569804,4
20260909,hybrid_micro_h5,225,recursive,position_available_values,7.153846153846153,4
20260909,hybrid_micro_h5,225,recursive,position_mse,0.2361417060288099,4
20260909,hybrid_micro_h5,225,recursive,motion_available_values,7.153846153846153,4
20260909,hybrid_micro_h5,225,recursive,motion_mse,0.1729990735363502,4
20260909,hybrid_micro_h5,225,recursive,parsed_pig_count_absolute_error,0.05472629345380342,4
20260909,hybrid_micro_h5,225,recursive,parsed_block_count_absolute_error,0.28130635905724305,4
20260909,hybrid_micro_h5,600,recursive,mean_available_candidates,13.0,4
20260909,hybrid_micro_h5,600,recursive,carrier_mse,196.89992185739368,4
20260909,hybrid_micro_h5,600,recursive,history_available_mse,130.63835173386795,4
20260909,hybrid_micro_h5,600,recursive,prior_elapsed_seconds_mse,128.66523889394907,4
20260909,hybrid_micro_h5,600,recursive,availability_bits_mse,212.65544891357422,4
20260909,hybrid_micro_h5,600,recursive,presence_available_values,18.0,4
20260909,hybrid_micro_h5,600,recursive,presence_mse,168.36961790231558,4
20260909,hybrid_micro_h5,600,recursive,kind_available_values,36.0,4
20260909,hybrid_micro_h5,600,recursive,kind_mse,258.4951469714825,4
20260909,hybrid_micro_h5,600,recursive,position_available_values,7.038461538461538,4
20260909,hybrid_micro_h5,600,recursive,position_mse,209.49259024399979,4
20260909,hybrid_micro_h5,600,recursive,motion_available_values,7.038461538461538,4
20260909,hybrid_micro_h5,600,recursive,motion_mse,101.2118917611929,4
20260909,hybrid_micro_h5,600,recursive,parsed_pig_count_absolute_error,0.05352701390018829,4
20260909,hybrid_micro_h5,600,recursive,parsed_block_count_absolute_error,1.6223671424847383,4
20260909,hybrid_micro_h5,15,local,mean_available_candidates,13.0,4
20260909,hybrid_micro_h5,15,local,carrier_mse,0.002240308895684743,4
20260909,hybrid_micro_h5,15,local,history_available_mse,0.0017778131058652053,4
20260909,hybrid_micro_h5,15,local,prior_elapsed_seconds_mse,0.0006729367313919984,4
20260909,hybrid_micro_h5,15,local,availability_bits_mse,0.0027793108848317596,4
20260909,hybrid_micro_h5,15,local,presence_available_values,18.0,4
20260909,hybrid_micro_h5,15,local,presence_mse,0.00043117273805994325,4
20260909,hybrid_micro_h5,15,local,kind_available_values,36.0,4
20260909,hybrid_micro_h5,15,local,kind_mse,0.0004145828324208896,4
20260909,hybrid_micro_h5,15,local,position_available_values,7.26923076923077,4
20260909,hybrid_micro_h5,15,local,position_mse,0.004887983983140797,4
20260909,hybrid_micro_h5,15,local,motion_available_values,7.230769230769232,4
20260909,hybrid_micro_h5,15,local,motion_mse,0.019345394969255164,4
20260909,hybrid_micro_h5,15,local,parsed_pig_count_absolute_error,0.011462602836008256,4
20260909,hybrid_micro_h5,15,local,parsed_block_count_absolute_error,0.05166464642836498,4
20260909,hybrid_micro_h5,30,local,mean_available_candidates,13.0,4
20260909,hybrid_micro_h5,30,local,carrier_mse,0.0002431801750879878,4
20260909,hybrid_micro_h5,30,local,history_available_mse,0.001042015120284499,4
20260909,hybrid_micro_h5,30,local,prior_elapsed_seconds_mse,0.0005210801805682982,4
20260909,hybrid_micro_h5,30,local,availability_bits_mse,0.00032866874048172927,4
20260909,hybrid_micro_h5,30,local,presence_available_values,18.0,4
20260909,hybrid_micro_h5,30,local,presence_mse,0.00015273894985931783,4
20260909,hybrid_micro_h5,30,local,kind_available_values,36.0,4
20260909,hybrid_micro_h5,30,local,kind_mse,0.0001397625486648534,4
20260909,hybrid_micro_h5,30,local,position_available_values,7.346153846153847,4
20260909,hybrid_micro_h5,30,local,position_mse,0.00019758686889522674,4
20260909,hybrid_micro_h5,30,local,motion_available_values,7.346153846153847,4
20260909,hybrid_micro_h5,30,local,motion_mse,0.0006249961233362018,4
20260909,hybrid_micro_h5,30,local,parsed_pig_count_absolute_error,0.00957981668985807,4
20260909,hybrid_micro_h5,30,local,parsed_block_count_absolute_error,0.03671214442986709,4
20260909,hybrid_micro_h5,60,local,mean_available_candidates,13.0,4
20260909,hybrid_micro_h5,60,local,carrier_mse,0.00043437901023515645,4
20260909,hybrid_micro_h5,60,local,history_available_mse,0.0011308242646340416,4
20260909,hybrid_micro_h5,60,local,prior_elapsed_seconds_mse,0.0005267179608031606,4
20260909,hybrid_micro_h5,60,local,availability_bits_mse,0.0007286458891870166,4
20260909,hybrid_micro_h5,60,local,presence_available_values,18.0,4
20260909,hybrid_micro_h5,60,local,presence_mse,0.00015455342635015346,4
20260909,hybrid_micro_h5,60,local,kind_available_values,36.0,4
20260909,hybrid_micro_h5,60,local,kind_mse,0.00013039088137772452,4
20260909,hybrid_micro_h5,60,local,position_available_values,7.1923076923076925,4
20260909,hybrid_micro_h5,60,local,position_mse,0.0001970356217778037,4
20260909,hybrid_micro_h5,60,local,motion_available_values,7.1923076923076925,4
20260909,hybrid_micro_h5,60,local,motion_mse,0.0005456163945872014,4
20260909,hybrid_micro_h5,60,local,parsed_pig_count_absolute_error,0.009584935382008553,4
20260909,hybrid_micro_h5,60,local,parsed_block_count_absolute_error,0.041163637661016904,4
20260909,hybrid_micro_h5,150,local,mean_available_candidates,13.0,4
20260909,hybrid_micro_h5,150,local,carrier_mse,0.0007578050158022401,4
20260909,hybrid_micro_h5,150,local,history_available_mse,0.0011983799376513215,4
20260909,hybrid_micro_h5,150,local,prior_elapsed_seconds_mse,0.0005307103436699925,4
20260909,hybrid_micro_h5,150,local,availability_bits_mse,0.0013372978576696296,4
20260909,hybrid_micro_h5,150,local,presence_available_values,18.0,4
20260909,hybrid_micro_h5,150,local,presence_mse,0.00019051724204753275,4
20260909,hybrid_micro_h5,150,local,kind_available_values,36.0,4
20260909,hybrid_micro_h5,150,local,kind_mse,0.0001579006636977563,4
20260909,hybrid_micro_h5,150,local,position_available_values,7.153846153846153,4
20260909,hybrid_micro_h5,150,local,position_mse,0.0013115264591760936,4
20260909,hybrid_micro_h5,150,local,motion_available_values,7.115384615384615,4
20260909,hybrid_micro_h5,150,local,motion_mse,0.0008377113271518073,4
20260909,hybrid_micro_h5,150,local,parsed_pig_count_absolute_error,0.009210512256966187,4
20260909,hybrid_micro_h5,150,local,parsed_block_count_absolute_error,0.039009871964271255,4
20260909,hybrid_micro_h5,225,local,mean_available_candidates,13.0,4
20260909,hybrid_micro_h5,225,local,carrier_mse,0.0006824634689949632,4
20260909,hybrid_micro_h5,225,local,history_available_mse,0.001200848272794439,4
20260909,hybrid_micro_h5,225,local,prior_elapsed_seconds_mse,0.0005239341214921577,4
20260909,hybrid_micro_h5,225,local,availability_bits_mse,0.001154632459264786,4
20260909,hybrid_micro_h5,225,local,presence_available_values,18.0,4
20260909,hybrid_micro_h5,225,local,presence_mse,0.0002726654325110408,4
20260909,hybrid_micro_h5,225,local,kind_available_values,36.0,4
20260909,hybrid_micro_h5,225,local,kind_mse,0.0001345000087335043,4
20260909,hybrid_micro_h5,225,local,position_available_values,7.153846153846153,4
20260909,hybrid_micro_h5,225,local,position_mse,0.0001964527487311548,4
20260909,hybrid_micro_h5,225,local,motion_available_values,7.153846153846153,4
20260909,hybrid_micro_h5,225,local,motion_mse,0.0014226084685315774,4
20260909,hybrid_micro_h5,225,local,parsed_pig_count_absolute_error,0.00944353324862627,4
20260909,hybrid_micro_h5,225,local,parsed_block_count_absolute_error,0.0504096752175918,4
20260909,hybrid_micro_h5,600,local,mean_available_candidates,13.0,4
20260909,hybrid_micro_h5,600,local,carrier_mse,0.0009447180001678553,4
20260909,hybrid_micro_h5,600,local,history_available_mse,0.0017757496543293445,4
20260909,hybrid_micro_h5,600,local,prior_elapsed_seconds_mse,0.0010185945715280608,4
20260909,hybrid_micro_h5,600,local,availability_bits_mse,0.0009038193277844515,4
20260909,hybrid_micro_h5,600,local,presence_available_values,18.0,4
20260909,hybrid_micro_h5,600,local,presence_mse,0.0003285544169977164,4
20260909,hybrid_micro_h5,600,local,kind_available_values,36.0,4
20260909,hybrid_micro_h5,600,local,kind_mse,0.00031184101212252595,4
20260909,hybrid_micro_h5,600,local,position_available_values,7.038461538461538,4
20260909,hybrid_micro_h5,600,local,position_mse,0.00023748971104326373,4
20260909,hybrid_micro_h5,600,local,motion_available_values,7.038461538461538,4
20260909,hybrid_micro_h5,600,local,motion_mse,0.010141787456702262,4
20260909,hybrid_micro_h5,600,local,parsed_pig_count_absolute_error,0.009842116242417922,4
20260909,hybrid_micro_h5,600,local,parsed_block_count_absolute_error,0.04098092248806587,4
20260909,hybrid_macro_h5,15,recursive,mean_available_candidates,13.0,4
20260909,hybrid_macro_h5,15,recursive,carrier_mse,0.009913844504178716,4
20260909,hybrid_macro_h5,15,recursive,history_available_mse,0.015897238349470384,4
20260909,hybrid_macro_h5,15,recursive,prior_elapsed_seconds_mse,0.004206845299519885,4
20260909,hybrid_macro_h5,15,recursive,availability_bits_mse,0.02037812074503073,4
20260909,hybrid_macro_h5,15,recursive,presence_available_values,18.0,4
20260909,hybrid_macro_h5,15,recursive,presence_mse,0.0017592097328116116,4
20260909,hybrid_macro_h5,15,recursive,kind_available_values,36.0,4
20260909,hybrid_macro_h5,15,recursive,kind_mse,0.0016217650218795126,4
20260909,hybrid_macro_h5,15,recursive,position_available_values,7.26923076923077,4
20260909,hybrid_macro_h5,15,recursive,position_mse,0.02849140330083453,4
20260909,hybrid_macro_h5,15,recursive,motion_available_values,7.230769230769232,4
20260909,hybrid_macro_h5,15,recursive,motion_mse,0.0038976846609819825,4
20260909,hybrid_macro_h5,15,recursive,parsed_pig_count_absolute_error,0.010368964097534236,4
20260909,hybrid_macro_h5,15,recursive,parsed_block_count_absolute_error,0.1234741686628415,4
20260909,hybrid_macro_h5,30,recursive,mean_available_candidates,13.0,4
20260909,hybrid_macro_h5,30,recursive,carrier_mse,0.011881679368133728,4
20260909,hybrid_macro_h5,30,recursive,history_available_mse,0.02899962874989097,4
20260909,hybrid_macro_h5,30,recursive,prior_elapsed_seconds_mse,0.011074602075565893,4
20260909,hybrid_macro_h5,30,recursive,availability_bits_mse,0.021462134210965954,4
20260909,hybrid_macro_h5,30,recursive,presence_available_values,18.0,4
20260909,hybrid_macro_h5,30,recursive,presence_mse,0.0035591026983008934,4
20260909,hybrid_macro_h5,30,recursive,kind_available_values,36.0,4
20260909,hybrid_macro_h5,30,recursive,kind_mse,0.003250732888073589,4
20260909,hybrid_macro_h5,30,recursive,position_available_values,7.346153846153847,4
20260909,hybrid_macro_h5,30,recursive,position_mse,0.029449616187216282,4
20260909,hybrid_macro_h5,30,recursive,motion_available_values,7.346153846153847,4
20260909,hybrid_macro_h5,30,recursive,motion_mse,0.00684516249412599,4
20260909,hybrid_macro_h5,30,recursive,parsed_pig_count_absolute_error,0.05368595076008485,4
20260909,hybrid_macro_h5,30,recursive,parsed_block_count_absolute_error,0.2240167844753999,4
20260909,hybrid_macro_h5,60,recursive,mean_available_candidates,13.0,4
20260909,hybrid_macro_h5,60,recursive,carrier_mse,0.02049119663066589,4
20260909,hybrid_macro_h5,60,recursive,history_available_mse,0.03710695169866085,4
20260909,hybrid_macro_h5,60,recursive,prior_elapsed_seconds_mse,0.031383697086801894,4
20260909,hybrid_macro_h5,60,recursive,availability_bits_mse,0.030888250993134882,4
20260909,hybrid_macro_h5,60,recursive,presence_available_values,18.0,4
20260909,hybrid_macro_h5,60,recursive,presence_mse,0.009928817627951505,4
20260909,hybrid_macro_h5,60,recursive,kind_available_values,36.0,4
20260909,hybrid_macro_h5,60,recursive,kind_mse,0.01063079190834497,4
20260909,hybrid_macro_h5,60,recursive,position_available_values,7.1923076923076925,4
20260909,hybrid_macro_h5,60,recursive,position_mse,0.02766309257668371,4
20260909,hybrid_macro_h5,60,recursive,motion_available_values,7.1923076923076925,4
20260909,hybrid_macro_h5,60,recursive,motion_mse,0.01865190777103775,4
20260909,hybrid_macro_h5,60,recursive,parsed_pig_count_absolute_error,0.05307455976995139,4
20260909,hybrid_macro_h5,60,recursive,parsed_block_count_absolute_error,0.3946476297882887,4
20260909,hybrid_macro_h5,150,recursive,mean_available_candidates,13.0,4
20260909,hybrid_macro_h5,150,recursive,carrier_mse,0.08895934115235624,4
20260909,hybrid_macro_h5,150,recursive,history_available_mse,0.06589794438332319,4
20260909,hybrid_macro_h5,150,recursive,prior_elapsed_seconds_mse,0.0605148897291376,4
20260909,hybrid_macro_h5,150,recursive,availability_bits_mse,0.11332267035658544,4
20260909,hybrid_macro_h5,150,recursive,presence_available_values,18.0,4
20260909,hybrid_macro_h5,150,recursive,presence_mse,0.05372056021140172,4
20260909,hybrid_macro_h5,150,recursive,kind_available_values,36.0,4
20260909,hybrid_macro_h5,150,recursive,kind_mse,0.07680069676672037,4
20260909,hybrid_macro_h5,150,recursive,position_available_values,7.153846153846153,4
20260909,hybrid_macro_h5,150,recursive,position_mse,0.10821721158348596,4
20260909,hybrid_macro_h5,150,recursive,motion_available_values,7.115384615384615,4
20260909,hybrid_macro_h5,150,recursive,motion_mse,0.07840438330402741,4
20260909,hybrid_macro_h5,150,recursive,parsed_pig_count_absolute_error,0.05342316806602936,4
20260909,hybrid_macro_h5,150,recursive,parsed_block_count_absolute_error,0.3199678149360877,4
20260909,hybrid_macro_h5,225,recursive,mean_available_candidates,13.0,4
20260909,hybrid_macro_h5,225,recursive,carrier_mse,0.24201323206608114,4
20260909,hybrid_macro_h5,225,recursive,history_available_mse,0.18095222359093338,4
20260909,hybrid_macro_h5,225,recursive,prior_elapsed_seconds_mse,0.027061138302087784,4
20260909,hybrid_macro_h5,225,recursive,availability_bits_mse,0.28321729227900505,4
20260909,hybrid_macro_h5,225,recursive,presence_available_values,18.0,4
20260909,hybrid_macro_h5,225,recursive,presence_mse,0.20364562178460455,4
20260909,hybrid_macro_h5,225,recursive,kind_available_values,36.0,4
20260909,hybrid_macro_h5,225,recursive,kind_mse,0.21577580015246683,4
20260909,hybrid_macro_h5,225,recursive,position_available_values,7.153846153846153,4
20260909,hybrid_macro_h5,225,recursive,position_mse,0.34863828867673874,4
20260909,hybrid_macro_h5,225,recursive,motion_available_values,7.153846153846153,4
20260909,hybrid_macro_h5,225,recursive,motion_mse,0.13641779984419164,4
20260909,hybrid_macro_h5,225,recursive,parsed_pig_count_absolute_error,0.05472629345380342,4
20260909,hybrid_macro_h5,225,recursive,parsed_block_count_absolute_error,0.3393211794587282,4
20260909,hybrid_macro_h5,600,recursive,mean_available_candidates,13.0,4
20260909,hybrid_macro_h5,600,recursive,carrier_mse,117.74895257216235,4
20260909,hybrid_macro_h5,600,recursive,history_available_mse,97.29554694088606,4
20260909,hybrid_macro_h5,600,recursive,prior_elapsed_seconds_mse,134.24462912632868,4
20260909,hybrid_macro_h5,600,recursive,availability_bits_mse,135.06514065082257,4
20260909,hybrid_macro_h5,600,recursive,presence_available_values,18.0,4
20260909,hybrid_macro_h5,600,recursive,presence_mse,84.6028362420889,4
20260909,hybrid_macro_h5,600,recursive,kind_available_values,36.0,4
20260909,hybrid_macro_h5,600,recursive,kind_mse,142.59984603294959,4
20260909,hybrid_macro_h5,600,recursive,position_available_values,7.038461538461538,4
20260909,hybrid_macro_h5,600,recursive,position_mse,35.100178700227005,4
20260909,hybrid_macro_h5,600,recursive,motion_available_values,7.038461538461538,4
20260909,hybrid_macro_h5,600,recursive,motion_mse,98.85070206568791,4
20260909,hybrid_macro_h5,600,recursive,parsed_pig_count_absolute_error,0.48960917643629587,4
20260909,hybrid_macro_h5,600,recursive,parsed_block_count_absolute_error,1.537184748512048,4
20260909,hybrid_macro_h5,15,local,mean_available_candidates,13.0,4
20260909,hybrid_macro_h5,15,local,carrier_mse,0.003404499638865953,4
20260909,hybrid_macro_h5,15,local,history_available_mse,0.01717601207201369,4
20260909,hybrid_macro_h5,15,local,prior_elapsed_seconds_mse,0.002666563543383605,4
20260909,hybrid_macro_h5,15,local,availability_bits_mse,0.00411727773070407,4
20260909,hybrid_macro_h5,15,local,presence_available_values,18.0,4
20260909,hybrid_macro_h5,15,local,presence_mse,0.001051590358726501,4
20260909,hybrid_macro_h5,15,local,kind_available_values,36.0,4
20260909,hybrid_macro_h5,15,local,kind_mse,0.001100001555292133,4
20260909,hybrid_macro_h5,15,local,position_available_values,7.26923076923077,4
20260909,hybrid_macro_h5,15,local,position_mse,0.004888217575101477,4
20260909,hybrid_macro_h5,15,local,motion_available_values,7.230769230769232,4
20260909,hybrid_macro_h5,15,local,motion_mse,0.02138801634338541,4
20260909,hybrid_macro_h5,15,local,parsed_pig_count_absolute_error,0.016488154884427786,4
20260909,hybrid_macro_h5,15,local,parsed_block_count_absolute_error,0.044848085022889644,4
20260909,hybrid_macro_h5,30,local,mean_available_candidates,13.0,4
20260909,hybrid_macro_h5,30,local,carrier_mse,0.0007321642887500975,4
20260909,hybrid_macro_h5,30,local,history_available_mse,0.012736013853170264,4
20260909,hybrid_macro_h5,30,local,prior_elapsed_seconds_mse,0.0016675178843657845,4
20260909,hybrid_macro_h5,30,local,availability_bits_mse,0.001242655017099773,4
20260909,hybrid_macro_h5,30,local,presence_available_values,18.0,4
20260909,hybrid_macro_h5,30,local,presence_mse,0.00019963432994420428,4
20260909,hybrid_macro_h5,30,local,kind_available_values,36.0,4
20260909,hybrid_macro_h5,30,local,kind_mse,0.00024665117500542413,4
20260909,hybrid_macro_h5,30,local,position_available_values,7.346153846153847,4
20260909,hybrid_macro_h5,30,local,position_mse,0.00023324656061819184,4
20260909,hybrid_macro_h5,30,local,motion_available_values,7.346153846153847,4
20260909,hybrid_macro_h5,30,local,motion_mse,0.0011041671476470162,4
20260909,hybrid_macro_h5,30,local,parsed_pig_count_absolute_error,0.007568041722361859,4
20260909,hybrid_macro_h5,30,local,parsed_block_count_absolute_error,0.02972640097141266,4
20260909,hybrid_macro_h5,60,local,mean_available_candidates,13.0,4
20260909,hybrid_macro_h5,60,local,carrier_mse,0.0009406250017211558,4
20260909,hybrid_macro_h5,60,local,history_available_mse,0.013190335500089882,4
20260909,hybrid_macro_h5,60,local,prior_elapsed_seconds_mse,0.0016929690251485086,4
20260909,hybrid_macro_h5,60,local,availability_bits_mse,0.0016839394251851796,4
20260909,hybrid_macro_h5,60,local,presence_available_values,18.0,4
20260909,hybrid_macro_h5,60,local,presence_mse,0.0002011717719702014,4
20260909,hybrid_macro_h5,60,local,kind_available_values,36.0,4
20260909,hybrid_macro_h5,60,local,kind_mse,0.0002473378723292486,4
20260909,hybrid_macro_h5,60,local,position_available_values,7.1923076923076925,4
20260909,hybrid_macro_h5,60,local,position_mse,0.0002366566586715635,4
20260909,hybrid_macro_h5,60,local,motion_available_values,7.1923076923076925,4
20260909,hybrid_macro_h5,60,local,motion_mse,0.0009737416157104935,4
20260909,hybrid_macro_h5,60,local,parsed_pig_count_absolute_error,0.008257146100871839,4
20260909,hybrid_macro_h5,60,local,parsed_block_count_absolute_error,0.032562785423718967,4
20260909,hybrid_macro_h5,150,local,mean_available_candidates,13.0,4
20260909,hybrid_macro_h5,150,local,carrier_mse,0.0012743284258669098,4
20260909,hybrid_macro_h5,150,local,history_available_mse,0.013677356442293294,4
20260909,hybrid_macro_h5,150,local,prior_elapsed_seconds_mse,0.0016808930634467218,4
20260909,hybrid_macro_h5,150,local,availability_bits_mse,0.002319519881544133,4
20260909,hybrid_macro_h5,150,local,presence_available_values,18.0,4
20260909,hybrid_macro_h5,150,local,presence_mse,0.00023267775689489028,4
20260909,hybrid_macro_h5,150,local,kind_available_values,36.0,4
20260909,hybrid_macro_h5,150,local,kind_mse,0.00026768130513888673,4
20260909,hybrid_macro_h5,150,local,position_available_values,7.153846153846153,4
20260909,hybrid_macro_h5,150,local,position_mse,0.0013621680831979923,4
20260909,hybrid_macro_h5,150,local,motion_available_values,7.115384615384615,4
20260909,hybrid_macro_h5,150,local,motion_mse,0.0013029176267222143,4
20260909,hybrid_macro_h5,150,local,parsed_pig_count_absolute_error,0.007327406559712611,4
20260909,hybrid_macro_h5,150,local,parsed_block_count_absolute_error,0.033258432952257305,4
20260909,hybrid_macro_h5,225,local,mean_available_candidates,13.0,4
20260909,hybrid_macro_h5,225,local,carrier_mse,0.0012113512124275216,4
20260909,hybrid_macro_h5,225,local,history_available_mse,0.013618113316344813,4
20260909,hybrid_macro_h5,225,local,prior_elapsed_seconds_mse,0.001689483249300303,4
20260909,hybrid_macro_h5,225,local,availability_bits_mse,0.0021608745323297065,4
20260909,hybrid_macro_h5,225,local,presence_available_values,18.0,4
20260909,hybrid_macro_h5,225,local,presence_mse,0.0003158203564033521,4
20260909,hybrid_macro_h5,225,local,kind_available_values,36.0,4
20260909,hybrid_macro_h5,225,local,kind_mse,0.0002455257921470687,4
20260909,hybrid_macro_h5,225,local,position_available_values,7.153846153846153,4
20260909,hybrid_macro_h5,225,local,position_mse,0.00024342081731167407,4
20260909,hybrid_macro_h5,225,local,motion_available_values,7.153846153846153,4
20260909,hybrid_macro_h5,225,local,motion_mse,0.0019179478342546364,4
20260909,hybrid_macro_h5,225,local,parsed_pig_count_absolute_error,0.008210587852562849,4
20260909,hybrid_macro_h5,225,local,parsed_block_count_absolute_error,0.04249496184862577,4
20260909,hybrid_macro_h5,600,local,mean_available_candidates,13.0,4
20260909,hybrid_macro_h5,600,local,carrier_mse,0.0015971322869658112,4
20260909,hybrid_macro_h5,600,local,history_available_mse,0.016608176063388012,4
20260909,hybrid_macro_h5,600,local,prior_elapsed_seconds_mse,0.0028278458988867127,4
20260909,hybrid_macro_h5,600,local,availability_bits_mse,0.0020621317190279323,4
20260909,hybrid_macro_h5,600,local,presence_available_values,18.0,4
20260909,hybrid_macro_h5,600,local,presence_mse,0.0005173531436202421,4
20260909,hybrid_macro_h5,600,local,kind_available_values,36.0,4
20260909,hybrid_macro_h5,600,local,kind_mse,0.0005552814327529632,4
20260909,hybrid_macro_h5,600,local,position_available_values,7.038461538461538,4
20260909,hybrid_macro_h5,600,local,position_mse,0.0003081691784945388,4
20260909,hybrid_macro_h5,600,local,motion_available_values,7.038461538461538,4
20260909,hybrid_macro_h5,600,local,motion_mse,0.008955579748614512,4
20260909,hybrid_macro_h5,600,local,parsed_pig_count_absolute_error,0.009897129825101448,4
20260909,hybrid_macro_h5,600,local,parsed_block_count_absolute_error,0.03216333973866242,4
20260909,hybrid_continuous_h15,15,recursive,mean_available_candidates,13.0,4
20260909,hybrid_continuous_h15,15,recursive,carrier_mse,0.008743820586599983,4
20260909,hybrid_continuous_h15,15,recursive,history_available_mse,0.04950988844323617,4
20260909,hybrid_continuous_h15,15,recursive,prior_elapsed_seconds_mse,0.0003959926521369757,4
20260909,hybrid_continuous_h15,15,recursive,availability_bits_mse,0.019095462155886568,4
20260909,hybrid_continuous_h15,15,recursive,presence_available_values,18.0,4
20260909,hybrid_continuous_h15,15,recursive,presence_mse,0.0007978965105184426,4
20260909,hybrid_continuous_h15,15,recursive,kind_available_values,36.0,4
20260909,hybrid_continuous_h15,15,recursive,kind_mse,0.0006187174479306963,4
20260909,hybrid_continuous_h15,15,recursive,position_available_values,7.26923076923077,4
20260909,hybrid_continuous_h15,15,recursive,position_mse,0.02866935635225113,4
20260909,hybrid_continuous_h15,15,recursive,motion_available_values,7.230769230769232,4
20260909,hybrid_continuous_h15,15,recursive,motion_mse,0.002126448687844319,4
20260909,hybrid_continuous_h15,15,recursive,parsed_pig_count_absolute_error,0.009214810812129425,4
20260909,hybrid_continuous_h15,15,recursive,parsed_block_count_absolute_error,0.0502508758352353,4
20260909,hybrid_continuous_h15,30,recursive,mean_available_candidates,13.0,4
20260909,hybrid_continuous_h15,30,recursive,carrier_mse,0.008952470666442353,4
20260909,hybrid_continuous_h15,30,recursive,history_available_mse,0.04264630441768811,4
20260909,hybrid_continuous_h15,30,recursive,prior_elapsed_seconds_mse,0.0009500671619137463,4
20260909,hybrid_continuous_h15,30,recursive,availability_bits_mse,0.019177357970665283,4
20260909,hybrid_continuous_h15,30,recursive,presence_available_values,18.0,4
20260909,hybrid_continuous_h15,30,recursive,presence_mse,0.0011516505104597085,4
20260909,hybrid_continuous_h15,30,recursive,kind_available_values,36.0,4
20260909,hybrid_continuous_h15,30,recursive,kind_mse,0.0007638332882869201,4
20260909,hybrid_continuous_h15,30,recursive,position_available_values,7.346153846153847,4
20260909,hybrid_continuous_h15,30,recursive,position_mse,0.02950026478524356,4
20260909,hybrid_continuous_h15,30,recursive,motion_available_values,7.346153846153847,4
20260909,hybrid_continuous_h15,30,recursive,motion_mse,0.0010160001973137977,4
20260909,hybrid_continuous_h15,30,recursive,parsed_pig_count_absolute_error,0.006536083295941352,4
20260909,hybrid_continuous_h15,30,recursive,parsed_block_count_absolute_error,0.06656579558665936,4
20260909,hybrid_continuous_h15,60,recursive,mean_available_candidates,13.0,4
20260909,hybrid_continuous_h15,60,recursive,carrier_mse,0.009043089302185064,4
20260909,hybrid_continuous_h15,60,recursive,history_available_mse,0.03776935219334868,4
20260909,hybrid_continuous_h15,60,recursive,prior_elapsed_seconds_mse,0.0024518387463803477,4
20260909,hybrid_continuous_h15,60,recursive,availability_bits_mse,0.018228303139599472,4
20260909,hybrid_continuous_h15,60,recursive,presence_available_values,18.0,4
20260909,hybrid_continuous_h15,60,recursive,presence_mse,0.0020105668115250478,4
20260909,hybrid_continuous_h15,60,recursive,kind_available_values,36.0,4
20260909,hybrid_continuous_h15,60,recursive,kind_mse,0.0016088859097530633,4
20260909,hybrid_continuous_h15,60,recursive,position_available_values,7.1923076923076925,4
20260909,hybrid_continuous_h15,60,recursive,position_mse,0.023181774163206752,4
20260909,hybrid_continuous_h15,60,recursive,motion_available_values,7.1923076923076925,4
20260909,hybrid_continuous_h15,60,recursive,motion_mse,0.0019458417529956656,4
20260909,hybrid_continuous_h15,60,recursive,parsed_pig_count_absolute_error,0.013002808993825546,4
20260909,hybrid_continuous_h15,60,recursive,parsed_block_count_absolute_error,0.14830553245085937,4
20260909,hybrid_continuous_h15,150,recursive,mean_available_candidates,13.0,4
20260909,hybrid_continuous_h15,150,recursive,carrier_mse,0.015542660230913987,4
20260909,hybrid_continuous_h15,150,recursive,history_available_mse,0.028701768829845466,4
20260909,hybrid_continuous_h15,150,recursive,prior_elapsed_seconds_mse,0.007494790443720726,4
20260909,hybrid_continuous_h15,150,recursive,availability_bits_mse,0.025571238070439834,4
20260909,hybrid_continuous_h15,150,recursive,presence_available_values,18.0,4
20260909,hybrid_continuous_h15,150,recursive,presence_mse,0.008313669205213394,4
20260909,hybrid_continuous_h15,150,recursive,kind_available_values,36.0,4
20260909,hybrid_continuous_h15,150,recursive,kind_mse,0.007463736638713342,4
20260909,hybrid_continuous_h15,150,recursive,position_available_values,7.153846153846153,4
20260909,hybrid_continuous_h15,150,recursive,position_mse,0.02321180764836474,4
20260909,hybrid_continuous_h15,150,recursive,motion_available_values,7.115384615384615,4
20260909,hybrid_continuous_h15,150,recursive,motion_mse,0.006570024760619092,4
20260909,hybrid_continuous_h15,150,recursive,parsed_pig_count_absolute_error,0.03779657826257439,4
20260909,hybrid_continuous_h15,150,recursive,parsed_block_count_absolute_error,0.33995124525748766,4
20260909,hybrid_continuous_h15,225,recursive,mean_available_candidates,13.0,4
20260909,hybrid_continuous_h15,225,recursive,carrier_mse,0.025118167583759014,4
20260909,hybrid_continuous_h15,225,recursive,history_available_mse,0.019585251826076552,4
20260909,hybrid_continuous_h15,225,recursive,prior_elapsed_seconds_mse,0.010335006813805264,4
20260909,hybrid_continuous_h15,225,recursive,availability_bits_mse,0.03763968927355913,4
20260909,hybrid_continuous_h15,225,recursive,presence_available_values,18.0,4
20260909,hybrid_continuous_h15,225,recursive,presence_mse,0.01729650551883074,4
20260909,hybrid_continuous_h15,225,recursive,kind_available_values,36.0,4
20260909,hybrid_continuous_h15,225,recursive,kind_mse,0.016264594124200255,4
20260909,hybrid_continuous_h15,225,recursive,position_available_values,7.153846153846153,4
20260909,hybrid_continuous_h15,225,recursive,position_mse,0.02977393272941789,4
20260909,hybrid_continuous_h15,225,recursive,motion_available_values,7.153846153846153,4
20260909,hybrid_continuous_h15,225,recursive,motion_mse,0.013688252235834416,4
20260909,hybrid_continuous_h15,225,recursive,parsed_pig_count_absolute_error,0.051182491740641683,4
20260909,hybrid_continuous_h15,225,recursive,parsed_block_count_absolute_error,0.42650834585611636,4
20260909,hybrid_continuous_h15,600,recursive,mean_available_candidates,13.0,4
20260909,hybrid_continuous_h15,600,recursive,carrier_mse,0.16604290573069683,4
20260909,hybrid_continuous_h15,600,recursive,history_available_mse,0.0030638721056780362,4
20260909,hybrid_continuous_h15,600,recursive,prior_elapsed_seconds_mse,0.0410172538473629,4
20260909,hybrid_continuous_h15,600,recursive,availability_bits_mse,0.18707312356967193,4
20260909,hybrid_continuous_h15,600,recursive,presence_available_values,18.0,4
20260909,hybrid_continuous_h15,600,recursive,presence_mse,0.20741185202048373,4
20260909,hybrid_continuous_h15,600,recursive,kind_available_values,36.0,4
20260909,hybrid_continuous_h15,600,recursive,kind_mse,0.17848996832393682,4
20260909,hybrid_continuous_h15,600,recursive,position_available_values,7.038461538461538,4
20260909,hybrid_continuous_h15,600,recursive,position_mse,0.13989749894692347,4
20260909,hybrid_continuous_h15,600,recursive,motion_available_values,7.038461538461538,4
20260909,hybrid_continuous_h15,600,recursive,motion_mse,0.19023803994059563,4
20260909,hybrid_continuous_h15,600,recursive,parsed_pig_count_absolute_error,0.05352701390018829,4
20260909,hybrid_continuous_h15,600,recursive,parsed_block_count_absolute_error,0.4917482836888386,4
20260909,hybrid_continuous_h15,15,local,mean_available_candidates,13.0,4
20260909,hybrid_continuous_h15,15,local,carrier_mse,0.008743820586599983,4
20260909,hybrid_continuous_h15,15,local,history_available_mse,0.04950988844323617,4
20260909,hybrid_continuous_h15,15,local,prior_elapsed_seconds_mse,0.0003959926521369757,4
20260909,hybrid_continuous_h15,15,local,availability_bits_mse,0.019095462155886568,4
20260909,hybrid_continuous_h15,15,local,presence_available_values,18.0,4
20260909,hybrid_continuous_h15,15,local,presence_mse,0.0007978965105184426,4
20260909,hybrid_continuous_h15,15,local,kind_available_values,36.0,4
20260909,hybrid_continuous_h15,15,local,kind_mse,0.0006187174479306963,4
20260909,hybrid_continuous_h15,15,local,position_available_values,7.26923076923077,4
20260909,hybrid_continuous_h15,15,local,position_mse,0.02866935635225113,4
20260909,hybrid_continuous_h15,15,local,motion_available_values,7.230769230769232,4
20260909,hybrid_continuous_h15,15,local,motion_mse,0.002126448687844319,4
20260909,hybrid_continuous_h15,15,local,parsed_pig_count_absolute_error,0.009214810812129425,4
20260909,hybrid_continuous_h15,15,local,parsed_block_count_absolute_error,0.0502508758352353,4
20260909,hybrid_continuous_h15,30,local,mean_available_candidates,13.0,4
20260909,hybrid_continuous_h15,30,local,carrier_mse,0.0011019949191764821,4
20260909,hybrid_continuous_h15,30,local,history_available_mse,0.0021495063876780197,4
20260909,hybrid_continuous_h15,30,local,prior_elapsed_seconds_mse,0.0005338422779459506,4
20260909,hybrid_continuous_h15,30,local,availability_bits_mse,0.0020814041163248476,4
20260909,hybrid_continuous_h15,30,local,presence_available_values,18.0,4
20260909,hybrid_continuous_h15,30,local,presence_mse,0.0002037850864815902,4
20260909,hybrid_continuous_h15,30,local,kind_available_values,36.0,4
20260909,hybrid_continuous_h15,30,local,kind_mse,0.00015822309636020625,4
20260909,hybrid_continuous_h15,30,local,position_available_values,7.346153846153847,4
20260909,hybrid_continuous_h15,30,local,position_mse,0.003370618449340467,4
20260909,hybrid_continuous_h15,30,local,motion_available_values,7.346153846153847,4
20260909,hybrid_continuous_h15,30,local,motion_mse,0.0011796686281181443,4
20260909,hybrid_continuous_h15,30,local,parsed_pig_count_absolute_error,0.007112621114804195,4
20260909,hybrid_continuous_h15,30,local,parsed_block_count_absolute_error,0.04273987504152151,4
20260909,hybrid_continuous_h15,60,local,mean_available_candidates,13.0,4
20260909,hybrid_continuous_h15,60,local,carrier_mse,0.0010800757383829197,4
20260909,hybrid_continuous_h15,60,local,history_available_mse,0.00166198908916088,4
20260909,hybrid_continuous_h15,60,local,prior_elapsed_seconds_mse,0.0005233580500666554,4
20260909,hybrid_continuous_h15,60,local,availability_bits_mse,0.0020041868903298075,4
20260909,hybrid_continuous_h15,60,local,presence_available_values,18.0,4
20260909,hybrid_continuous_h15,60,local,presence_mse,0.0002981063772984691,4
20260909,hybrid_continuous_h15,60,local,kind_available_values,36.0,4
20260909,hybrid_continuous_h15,60,local,kind_mse,0.0001845016704464797,4
20260909,hybrid_continuous_h15,60,local,position_available_values,7.1923076923076925,4
20260909,hybrid_continuous_h15,60,local,position_mse,0.0001647550551961803,4
20260909,hybrid_continuous_h15,60,local,motion_available_values,7.1923076923076925,4
20260909,hybrid_continuous_h15,60,local,motion_mse,0.0005911304170485192,4
20260909,hybrid_continuous_h15,60,local,parsed_pig_count_absolute_error,0.007451823984201137,4
20260909,hybrid_continuous_h15,60,local,parsed_block_count_absolute_error,0.06144395413307044,4
20260909,hybrid_continuous_h15,150,local,mean_available_candidates,13.0,4
20260909,hybrid_continuous_h15,150,local,carrier_mse,0.0012182769029235574,4
20260909,hybrid_continuous_h15,150,local,history_available_mse,0.001694123380450317,4
20260909,hybrid_continuous_h15,150,local,prior_elapsed_seconds_mse,0.0005145406234637798,4
20260909,hybrid_continuous_h15,150,local,availability_bits_mse,0.002214948854089016,4
20260909,hybrid_continuous_h15,150,local,presence_available_values,18.0,4
20260909,hybrid_continuous_h15,150,local,presence_mse,0.00028508911838378897,4
20260909,hybrid_continuous_h15,150,local,kind_available_values,36.0,4
20260909,hybrid_continuous_h15,150,local,kind_mse,0.0002802226801857334,4
20260909,hybrid_continuous_h15,150,local,position_available_values,7.153846153846153,4
20260909,hybrid_continuous_h15,150,local,position_mse,0.0012788222274349,4
20260909,hybrid_continuous_h15,150,local,motion_available_values,7.115384615384615,4
20260909,hybrid_continuous_h15,150,local,motion_mse,0.0009792649330987702,4
20260909,hybrid_continuous_h15,150,local,parsed_pig_count_absolute_error,0.007130735123959871,4
20260909,hybrid_continuous_h15,150,local,parsed_block_count_absolute_error,0.047850675880908966,4
20260909,hybrid_continuous_h15,225,local,mean_available_candidates,13.0,4
20260909,hybrid_continuous_h15,225,local,carrier_mse,0.0019815742648811117,4
20260909,hybrid_continuous_h15,225,local,history_available_mse,0.0015609491598087724,4
20260909,hybrid_continuous_h15,225,local,prior_elapsed_seconds_mse,0.000518482022576231,4
20260909,hybrid_continuous_h15,225,local,availability_bits_mse,0.0036590407544281334,4
20260909,hybrid_continuous_h15,225,local,presence_available_values,18.0,4
20260909,hybrid_continuous_h15,225,local,presence_mse,0.00040009663979827356,4
20260909,hybrid_continuous_h15,225,local,kind_available_values,36.0,4
20260909,hybrid_continuous_h15,225,local,kind_mse,0.0002488597947376547,4
20260909,hybrid_continuous_h15,225,local,position_available_values,7.153846153846153,4
20260909,hybrid_continuous_h15,225,local,position_mse,0.000160759993517646,4
20260909,hybrid_continuous_h15,225,local,motion_available_values,7.153846153846153,4
20260909,hybrid_continuous_h15,225,local,motion_mse,0.0017330679522554139,4
20260909,hybrid_continuous_h15,225,local,parsed_pig_count_absolute_error,0.00763222138182475,4
20260909,hybrid_continuous_h15,225,local,parsed_block_count_absolute_error,0.06378013869890799,4
20260909,hybrid_continuous_h15,600,local,mean_available_candidates,13.0,4
20260909,hybrid_continuous_h15,600,local,carrier_mse,0.0009817692317973035,4
20260909,hybrid_continuous_h15,600,local,history_available_mse,0.0025753535272507668,4
20260909,hybrid_continuous_h15,600,local,prior_elapsed_seconds_mse,0.0010661927567875516,4
20260909,hybrid_continuous_h15,600,local,availability_bits_mse,0.0009676650112781386,4
20260909,hybrid_continuous_h15,600,local,presence_available_values,18.0,4
20260909,hybrid_continuous_h15,600,local,presence_mse,0.00034381489548160555,4
20260909,hybrid_continuous_h15,600,local,kind_available_values,36.0,4
20260909,hybrid_continuous_h15,600,local,kind_mse,0.0003204375291786094,4
20260909,hybrid_continuous_h15,600,local,position_available_values,7.038461538461538,4
20260909,hybrid_continuous_h15,600,local,position_mse,0.00021468232416037397,4
20260909,hybrid_continuous_h15,600,local,motion_available_values,7.038461538461538,4
20260909,hybrid_continuous_h15,600,local,motion_mse,0.01033098782304128,4
20260909,hybrid_continuous_h15,600,local,parsed_pig_count_absolute_error,0.007926641641041409,4
20260909,hybrid_continuous_h15,600,local,parsed_block_count_absolute_error,0.03941184224990698,4
20260909,hybrid_micro_h15,15,recursive,mean_available_candidates,13.0,4
20260909,hybrid_micro_h15,15,recursive,carrier_mse,0.00867609788950246,4
20260909,hybrid_micro_h15,15,recursive,history_available_mse,0.06162316552721537,4
20260909,hybrid_micro_h15,15,recursive,prior_elapsed_seconds_mse,0.0002924025865678022,4
20260909,hybrid_micro_h15,15,recursive,availability_bits_mse,0.018758665985212877,4
20260909,hybrid_micro_h15,15,recursive,presence_available_values,18.0,4
20260909,hybrid_micro_h15,15,recursive,presence_mse,0.000815906028527444,4
20260909,hybrid_micro_h15,15,recursive,kind_available_values,36.0,4
20260909,hybrid_micro_h15,15,recursive,kind_mse,0.0006312599848920049,4
20260909,hybrid_micro_h15,15,recursive,position_available_values,7.26923076923077,4
20260909,hybrid_micro_h15,15,recursive,position_mse,0.028687964298744473,4
20260909,hybrid_micro_h15,15,recursive,motion_available_values,7.230769230769232,4
20260909,hybrid_micro_h15,15,recursive,motion_mse,0.0023719009875024385,4
20260909,hybrid_micro_h15,15,recursive,parsed_pig_count_absolute_error,0.010226703105637659,4
20260909,hybrid_micro_h15,15,recursive,parsed_block_count_absolute_error,0.056600889907433435,4
20260909,hybrid_micro_h15,30,recursive,mean_available_candidates,13.0,4
20260909,hybrid_micro_h15,30,recursive,carrier_mse,0.00884426395014788,4
20260909,hybrid_micro_h15,30,recursive,history_available_mse,0.05110193423640269,4
20260909,hybrid_micro_h15,30,recursive,prior_elapsed_seconds_mse,0.000907448681223636,4
20260909,hybrid_micro_h15,30,recursive,availability_bits_mse,0.018787543719204575,4
20260909,hybrid_micro_h15,30,recursive,presence_available_values,18.0,4
20260909,hybrid_micro_h15,30,recursive,presence_mse,0.0011855088087031618,4
20260909,hybrid_micro_h15,30,recursive,kind_available_values,36.0,4
20260909,hybrid_micro_h15,30,recursive,kind_mse,0.0007552163028426898,4
20260909,hybrid_micro_h15,30,recursive,position_available_values,7.346153846153847,4
20260909,hybrid_micro_h15,30,recursive,position_mse,0.029726215052785564,4
20260909,hybrid_micro_h15,30,recursive,motion_available_values,7.346153846153847,4
20260909,hybrid_micro_h15,30,recursive,motion_mse,0.0013466626198630994,4
20260909,hybrid_micro_h15,30,recursive,parsed_pig_count_absolute_error,0.008333210475169694,4
20260909,hybrid_micro_h15,30,recursive,parsed_block_count_absolute_error,0.06243144204983345,4
20260909,hybrid_micro_h15,60,recursive,mean_available_candidates,13.0,4
20260909,hybrid_micro_h15,60,recursive,carrier_mse,0.008911787702415425,4
20260909,hybrid_micro_h15,60,recursive,history_available_mse,0.042690948941386656,4
20260909,hybrid_micro_h15,60,recursive,prior_elapsed_seconds_mse,0.002748242017472736,4
20260909,hybrid_micro_h15,60,recursive,availability_bits_mse,0.017815358435305264,4
20260909,hybrid_micro_h15,60,recursive,presence_available_values,18.0,4
20260909,hybrid_micro_h15,60,recursive,presence_mse,0.0020918073401284907,4
20260909,hybrid_micro_h15,60,recursive,kind_available_values,36.0,4
20260909,hybrid_micro_h15,60,recursive,kind_mse,0.0014953855738545265,4
20260909,hybrid_micro_h15,60,recursive,position_available_values,7.1923076923076925,4
20260909,hybrid_micro_h15,60,recursive,position_mse,0.02371325972937764,4
20260909,hybrid_micro_h15,60,recursive,motion_available_values,7.1923076923076925,4
20260909,hybrid_micro_h15,60,recursive,motion_mse,0.002560082429017012,4
20260909,hybrid_micro_h15,60,recursive,parsed_pig_count_absolute_error,0.013444012174239526,4
20260909,hybrid_micro_h15,60,recursive,parsed_block_count_absolute_error,0.11912536907654542,4
20260909,hybrid_micro_h15,150,recursive,mean_available_candidates,13.0,4
20260909,hybrid_micro_h15,150,recursive,carrier_mse,0.015530870349791188,4
20260909,hybrid_micro_h15,150,recursive,history_available_mse,0.02880115989738932,4
20260909,hybrid_micro_h15,150,recursive,prior_elapsed_seconds_mse,0.009952312460742317,4
20260909,hybrid_micro_h15,150,recursive,availability_bits_mse,0.024990545048450045,4
20260909,hybrid_micro_h15,150,recursive,presence_available_values,18.0,4
20260909,hybrid_micro_h15,150,recursive,presence_mse,0.009179830900393426,4
20260909,hybrid_micro_h15,150,recursive,kind_available_values,36.0,4
20260909,hybrid_micro_h15,150,recursive,kind_mse,0.006852337803978186,4
20260909,hybrid_micro_h15,150,recursive,position_available_values,7.153846153846153,4
20260909,hybrid_micro_h15,150,recursive,position_mse,0.023882299643726304,4
20260909,hybrid_micro_h15,150,recursive,motion_available_values,7.115384615384615,4
20260909,hybrid_micro_h15,150,recursive,motion_mse,0.009223189746710258,4
20260909,hybrid_micro_h15,150,recursive,parsed_pig_count_absolute_error,0.03478107733938556,4
20260909,hybrid_micro_h15,150,recursive,parsed_block_count_absolute_error,0.26385315736899007,4
20260909,hybrid_micro_h15,225,recursive,mean_available_candidates,13.0,4
20260909,hybrid_micro_h15,225,recursive,carrier_mse,0.02547319774301006,4
20260909,hybrid_micro_h15,225,recursive,history_available_mse,0.017896971844423275,4
20260909,hybrid_micro_h15,225,recursive,prior_elapsed_seconds_mse,0.014880354695308667,4
20260909,hybrid_micro_h15,225,recursive,availability_bits_mse,0.03698006637680989,4
20260909,hybrid_micro_h15,225,recursive,presence_available_values,18.0,4
20260909,hybrid_micro_h15,225,recursive,presence_mse,0.01953825675165997,4
20260909,hybrid_micro_h15,225,recursive,kind_available_values,36.0,4
20260909,hybrid_micro_h15,225,recursive,kind_mse,0.015375710182035197,4
20260909,hybrid_micro_h15,225,recursive,position_available_values,7.153846153846153,4
20260909,hybrid_micro_h15,225,recursive,position_mse,0.029890109928181537,4
20260909,hybrid_micro_h15,225,recursive,motion_available_values,7.153846153846153,4
20260909,hybrid_micro_h15,225,recursive,motion_mse,0.019098149720006265,4
20260909,hybrid_micro_h15,225,recursive,parsed_pig_count_absolute_error,0.04968207286527523,4
20260909,hybrid_micro_h15,225,recursive,parsed_block_count_absolute_error,0.3192560323155843,4
20260909,hybrid_micro_h15,600,recursive,mean_available_candidates,13.0,4
20260909,hybrid_micro_h15,600,recursive,carrier_mse,0.16865453295982802,4
20260909,hybrid_micro_h15,600,recursive,history_available_mse,0.007314118413397898,4
20260909,hybrid_micro_h15,600,recursive,prior_elapsed_seconds_mse,0.07528372603253676,4
20260909,hybrid_micro_h15,600,recursive,availability_bits_mse,0.18437417252705646,4
20260909,hybrid_micro_h15,600,recursive,presence_available_values,18.0,4
20260909,hybrid_micro_h15,600,recursive,presence_mse,0.22076058387756348,4
20260909,hybrid_micro_h15,600,recursive,kind_available_values,36.0,4
20260909,hybrid_micro_h15,600,recursive,kind_mse,0.18121447715048608,4
20260909,hybrid_micro_h15,600,recursive,position_available_values,7.038461538461538,4
20260909,hybrid_micro_h15,600,recursive,position_mse,0.1363549582087077,4
20260909,hybrid_micro_h15,600,recursive,motion_available_values,7.038461538461538,4
20260909,hybrid_micro_h15,600,recursive,motion_mse,0.21529348065646794,4
20260909,hybrid_micro_h15,600,recursive,parsed_pig_count_absolute_error,0.05352701390018829,4
20260909,hybrid_micro_h15,600,recursive,parsed_block_count_absolute_error,0.2956028064856162,4
20260909,hybrid_micro_h15,15,local,mean_available_candidates,13.0,4
20260909,hybrid_micro_h15,15,local,carrier_mse,0.00867609788950246,4
20260909,hybrid_micro_h15,15,local,history_available_mse,0.06162316552721537,4
20260909,hybrid_micro_h15,15,local,prior_elapsed_seconds_mse,0.0002924025865678022,4
20260909,hybrid_micro_h15,15,local,availability_bits_mse,0.018758665985212877,4
20260909,hybrid_micro_h15,15,local,presence_available_values,18.0,4
20260909,hybrid_micro_h15,15,local,presence_mse,0.000815906028527444,4
20260909,hybrid_micro_h15,15,local,kind_available_values,36.0,4
20260909,hybrid_micro_h15,15,local,kind_mse,0.0006312599848920049,4
20260909,hybrid_micro_h15,15,local,position_available_values,7.26923076923077,4
20260909,hybrid_micro_h15,15,local,position_mse,0.028687964298744473,4
20260909,hybrid_micro_h15,15,local,motion_available_values,7.230769230769232,4
20260909,hybrid_micro_h15,15,local,motion_mse,0.0023719009875024385,4
20260909,hybrid_micro_h15,15,local,parsed_pig_count_absolute_error,0.010226703105637659,4
20260909,hybrid_micro_h15,15,local,parsed_block_count_absolute_error,0.056600889907433435,4
20260909,hybrid_micro_h15,30,local,mean_available_candidates,13.0,4
20260909,hybrid_micro_h15,30,local,carrier_mse,0.0010683188864697094,4
20260909,hybrid_micro_h15,30,local,history_available_mse,0.0013789994213189842,4
20260909,hybrid_micro_h15,30,local,prior_elapsed_seconds_mse,0.0004960728354210285,4
20260909,hybrid_micro_h15,30,local,availability_bits_mse,0.0020193808279425586,4
20260909,hybrid_micro_h15,30,local,presence_available_values,18.0,4
20260909,hybrid_micro_h15,30,local,presence_mse,0.00020261896749546463,4
20260909,hybrid_micro_h15,30,local,kind_available_values,36.0,4
20260909,hybrid_micro_h15,30,local,kind_mse,0.00014235531818065702,4
20260909,hybrid_micro_h15,30,local,position_available_values,7.346153846153847,4
20260909,hybrid_micro_h15,30,local,position_mse,0.0033878202586772833,4
20260909,hybrid_micro_h15,30,local,motion_available_values,7.346153846153847,4
20260909,hybrid_micro_h15,30,local,motion_mse,0.001111379540256726,4
20260909,hybrid_micro_h15,30,local,parsed_pig_count_absolute_error,0.00829700380563736,4
20260909,hybrid_micro_h15,30,local,parsed_block_count_absolute_error,0.03913546181642092,4
20260909,hybrid_micro_h15,60,local,mean_available_candidates,13.0,4
20260909,hybrid_micro_h15,60,local,carrier_mse,0.001042935600708006,4
20260909,hybrid_micro_h15,60,local,history_available_mse,0.000978648549552037,4
20260909,hybrid_micro_h15,60,local,prior_elapsed_seconds_mse,0.000487285814205489,4
20260909,hybrid_micro_h15,60,local,availability_bits_mse,0.0019338920705754738,4
20260909,hybrid_micro_h15,60,local,presence_available_values,18.0,4
20260909,hybrid_micro_h15,60,local,presence_mse,0.0002915614788015283,4
20260909,hybrid_micro_h15,60,local,kind_available_values,36.0,4
20260909,hybrid_micro_h15,60,local,kind_mse,0.00016690269918539206,4
20260909,hybrid_micro_h15,60,local,position_available_values,7.1923076923076925,4
20260909,hybrid_micro_h15,60,local,position_mse,0.00017139909015475915,4
20260909,hybrid_micro_h15,60,local,motion_available_values,7.1923076923076925,4
20260909,hybrid_micro_h15,60,local,motion_mse,0.0005295922760874069,4
20260909,hybrid_micro_h15,60,local,parsed_pig_count_absolute_error,0.008729461437234512,4
20260909,hybrid_micro_h15,60,local,parsed_block_count_absolute_error,0.05568209003943664,4
20260909,hybrid_micro_h15,150,local,mean_available_candidates,13.0,4
20260909,hybrid_micro_h15,150,local,carrier_mse,0.0011783556104861558,4
20260909,hybrid_micro_h15,150,local,history_available_mse,0.0010001301970651555,4
20260909,hybrid_micro_h15,150,local,prior_elapsed_seconds_mse,0.0004765325074213951,4
20260909,hybrid_micro_h15,150,local,availability_bits_mse,0.00214210431714981,4
20260909,hybrid_micro_h15,150,local,presence_available_values,18.0,4
20260909,hybrid_micro_h15,150,local,presence_mse,0.00028589515344580065,4
20260909,hybrid_micro_h15,150,local,kind_available_values,36.0,4
20260909,hybrid_micro_h15,150,local,kind_mse,0.0002616913724033601,4
20260909,hybrid_micro_h15,150,local,position_available_values,7.153846153846153,4
20260909,hybrid_micro_h15,150,local,position_mse,0.0012905551260561107,4
20260909,hybrid_micro_h15,150,local,motion_available_values,7.115384615384615,4
20260909,hybrid_micro_h15,150,local,motion_mse,0.0008592531112998796,4
20260909,hybrid_micro_h15,150,local,parsed_pig_count_absolute_error,0.008617317805496547,4
20260909,hybrid_micro_h15,150,local,parsed_block_count_absolute_error,0.044244866531628825,4
20260909,hybrid_micro_h15,225,local,mean_available_candidates,13.0,4
20260909,hybrid_micro_h15,225,local,carrier_mse,0.001937040564930962,4
20260909,hybrid_micro_h15,225,local,history_available_mse,0.000884619057302416,4
20260909,hybrid_micro_h15,225,local,prior_elapsed_seconds_mse,0.00048303269264019595,4
20260909,hybrid_micro_h15,225,local,availability_bits_mse,0.0035790143525586105,4
20260909,hybrid_micro_h15,225,local,presence_available_values,18.0,4
20260909,hybrid_micro_h15,225,local,presence_mse,0.0003959717715378456,4
20260909,hybrid_micro_h15,225,local,kind_available_values,36.0,4
20260909,hybrid_micro_h15,225,local,kind_mse,0.00023470908581657565,4
20260909,hybrid_micro_h15,225,local,position_available_values,7.153846153846153,4
20260909,hybrid_micro_h15,225,local,position_mse,0.00016793207900124026,4
20260909,hybrid_micro_h15,225,local,motion_available_values,7.153846153846153,4
20260909,hybrid_micro_h15,225,local,motion_mse,0.00159398438630048,4
20260909,hybrid_micro_h15,225,local,parsed_pig_count_absolute_error,0.008941023897093076,4
20260909,hybrid_micro_h15,225,local,parsed_block_count_absolute_error,0.0586317187318435,4
20260909,hybrid_micro_h15,600,local,mean_available_candidates,13.0,4
20260909,hybrid_micro_h15,600,local,carrier_mse,0.000941603873238469,4
20260909,hybrid_micro_h15,600,local,history_available_mse,0.0016757816684127228,4
20260909,hybrid_micro_h15,600,local,prior_elapsed_seconds_mse,0.0009819935839914251,4
20260909,hybrid_micro_h15,600,local,availability_bits_mse,0.000888187709698776,4
20260909,hybrid_micro_h15,600,local,presence_available_values,18.0,4
20260909,hybrid_micro_h15,600,local,presence_mse,0.00033173313246292167,4
20260909,hybrid_micro_h15,600,local,kind_available_values,36.0,4
20260909,hybrid_micro_h15,600,local,kind_mse,0.000299861064027377,4
20260909,hybrid_micro_h15,600,local,position_available_values,7.038461538461538,4
20260909,hybrid_micro_h15,600,local,position_mse,0.00021640831675120775,4
20260909,hybrid_micro_h15,600,local,motion_available_values,7.038461538461538,4
20260909,hybrid_micro_h15,600,local,motion_mse,0.010377705445884762,4
20260909,hybrid_micro_h15,600,local,parsed_pig_count_absolute_error,0.008841222152113914,4
20260909,hybrid_micro_h15,600,local,parsed_block_count_absolute_error,0.033645860850811005,4
20260909,hybrid_macro_h15,15,recursive,mean_available_candidates,13.0,4
20260909,hybrid_macro_h15,15,recursive,carrier_mse,0.010544007527641952,4
20260909,hybrid_macro_h15,15,recursive,history_available_mse,0.014728511504542371,4
20260909,hybrid_macro_h15,15,recursive,prior_elapsed_seconds_mse,0.0010461028275760608,4
20260909,hybrid_macro_h15,15,recursive,availability_bits_mse,0.021335252112923905,4
20260909,hybrid_macro_h15,15,recursive,presence_available_values,18.0,4
20260909,hybrid_macro_h15,15,recursive,presence_mse,0.001468579747149936,4
20260909,hybrid_macro_h15,15,recursive,kind_available_values,36.0,4
20260909,hybrid_macro_h15,15,recursive,kind_mse,0.002178700376624385,4
20260909,hybrid_macro_h15,15,recursive,position_available_values,7.26923076923077,4
20260909,hybrid_macro_h15,15,recursive,position_mse,0.029086070234300748,4
20260909,hybrid_macro_h15,15,recursive,motion_available_values,7.230769230769232,4
20260909,hybrid_macro_h15,15,recursive,motion_mse,0.0038067674031481147,4
20260909,hybrid_macro_h15,15,recursive,parsed_pig_count_absolute_error,0.04963869780588609,4
20260909,hybrid_macro_h15,15,recursive,parsed_block_count_absolute_error,0.05611979216337204,4
20260909,hybrid_macro_h15,30,recursive,mean_available_candidates,13.0,4
20260909,hybrid_macro_h15,30,recursive,carrier_mse,0.009530188605332604,4
20260909,hybrid_macro_h15,30,recursive,history_available_mse,0.013296318562844625,4
20260909,hybrid_macro_h15,30,recursive,prior_elapsed_seconds_mse,0.0017878111763051352,4
20260909,hybrid_macro_h15,30,recursive,availability_bits_mse,0.0202365112490952,4
20260909,hybrid_macro_h15,30,recursive,presence_available_values,18.0,4
20260909,hybrid_macro_h15,30,recursive,presence_mse,0.0019449446587644229,4
20260909,hybrid_macro_h15,30,recursive,kind_available_values,36.0,4
20260909,hybrid_macro_h15,30,recursive,kind_mse,0.0008809763609091393,4
20260909,hybrid_macro_h15,30,recursive,position_available_values,7.346153846153847,4
20260909,hybrid_macro_h15,30,recursive,position_mse,0.03062155859907552,4
20260909,hybrid_macro_h15,30,recursive,motion_available_values,7.346153846153847,4
20260909,hybrid_macro_h15,30,recursive,motion_mse,0.0022453178378502624,4
20260909,hybrid_macro_h15,30,recursive,parsed_pig_count_absolute_error,0.03140379932637398,4
20260909,hybrid_macro_h15,30,recursive,parsed_block_count_absolute_error,0.06376962936841525,4
20260909,hybrid_macro_h15,60,recursive,mean_available_candidates,13.0,4
20260909,hybrid_macro_h15,60,recursive,carrier_mse,0.009321769189017897,4
20260909,hybrid_macro_h15,60,recursive,history_available_mse,0.020804819024096314,4
20260909,hybrid_macro_h15,60,recursive,prior_elapsed_seconds_mse,0.005245699847224526,4
20260909,hybrid_macro_h15,60,recursive,availability_bits_mse,0.01848374242679431,4
20260909,hybrid_macro_h15,60,recursive,presence_available_values,18.0,4
20260909,hybrid_macro_h15,60,recursive,presence_mse,0.0024206556285767313,4
20260909,hybrid_macro_h15,60,recursive,kind_available_values,36.0,4
20260909,hybrid_macro_h15,60,recursive,kind_mse,0.0016658093775801647,4
20260909,hybrid_macro_h15,60,recursive,position_available_values,7.1923076923076925,4
20260909,hybrid_macro_h15,60,recursive,position_mse,0.02456032881925169,4
20260909,hybrid_macro_h15,60,recursive,motion_available_values,7.1923076923076925,4
20260909,hybrid_macro_h15,60,recursive,motion_mse,0.004265460870766009,4
20260909,hybrid_macro_h15,60,recursive,parsed_pig_count_absolute_error,0.049943015767404675,4
20260909,hybrid_macro_h15,60,recursive,parsed_block_count_absolute_error,0.13002339292031068,4
20260909,hybrid_macro_h15,150,recursive,mean_available_candidates,13.0,4
20260909,hybrid_macro_h15,150,recursive,carrier_mse,0.015831303137999315,4
20260909,hybrid_macro_h15,150,recursive,history_available_mse,0.03142444227034083,4
20260909,hybrid_macro_h15,150,recursive,prior_elapsed_seconds_mse,0.020871693268418312,4
20260909,hybrid_macro_h15,150,recursive,availability_bits_mse,0.024114426906005695,4
20260909,hybrid_macro_h15,150,recursive,presence_available_values,18.0,4
20260909,hybrid_macro_h15,150,recursive,presence_mse,0.010101701876220223,4
20260909,hybrid_macro_h15,150,recursive,kind_available_values,36.0,4
20260909,hybrid_macro_h15,150,recursive,kind_mse,0.007184384507127106,4
20260909,hybrid_macro_h15,150,recursive,position_available_values,7.153846153846153,4
20260909,hybrid_macro_h15,150,recursive,position_mse,0.023646347636643507,4
20260909,hybrid_macro_h15,150,recursive,motion_available_values,7.115384615384615,4
20260909,hybrid_macro_h15,150,recursive,motion_mse,0.01609374530828343,4
20260909,hybrid_macro_h15,150,recursive,parsed_pig_count_absolute_error,0.05342316806602936,4
20260909,hybrid_macro_h15,150,recursive,parsed_block_count_absolute_error,0.2800347157395803,4
20260909,hybrid_macro_h15,225,recursive,mean_available_candidates,13.0,4
20260909,hybrid_macro_h15,225,recursive,carrier_mse,0.026948934313482963,4
20260909,hybrid_macro_h15,225,recursive,history_available_mse,0.031727639062759966,4
20260909,hybrid_macro_h15,225,recursive,prior_elapsed_seconds_mse,0.035161898184854254,4
20260909,hybrid_macro_h15,225,recursive,availability_bits_mse,0.03688715301597348,4
20260909,hybrid_macro_h15,225,recursive,presence_available_values,18.0,4
20260909,hybrid_macro_h15,225,recursive,presence_mse,0.02234705242041785,4
20260909,hybrid_macro_h15,225,recursive,kind_available_values,36.0,4
20260909,hybrid_macro_h15,225,recursive,kind_mse,0.015791584074927065,4
20260909,hybrid_macro_h15,225,recursive,position_available_values,7.153846153846153,4
20260909,hybrid_macro_h15,225,recursive,position_mse,0.029714166455400683,4
20260909,hybrid_macro_h15,225,recursive,motion_available_values,7.153846153846153,4
20260909,hybrid_macro_h15,225,recursive,motion_mse,0.03319115372589575,4
20260909,hybrid_macro_h15,225,recursive,parsed_pig_count_absolute_error,0.05472629345380342,4
20260909,hybrid_macro_h15,225,recursive,parsed_block_count_absolute_error,0.34155863810044074,4
20260909,hybrid_macro_h15,600,recursive,mean_available_candidates,13.0,4
20260909,hybrid_macro_h15,600,recursive,carrier_mse,0.18732246871177965,4
20260909,hybrid_macro_h15,600,recursive,history_available_mse,0.06266178376972675,4
20260909,hybrid_macro_h15,600,recursive,prior_elapsed_seconds_mse,0.032731799802814536,4
20260909,hybrid_macro_h15,600,recursive,availability_bits_mse,0.21997148686876666,4
20260909,hybrid_macro_h15,600,recursive,presence_available_values,18.0,4
20260909,hybrid_macro_h15,600,recursive,presence_mse,0.19430043992514795,4
20260909,hybrid_macro_h15,600,recursive,kind_available_values,36.0,4
20260909,hybrid_macro_h15,600,recursive,kind_mse,0.16336508138248557,4
20260909,hybrid_macro_h15,600,recursive,position_available_values,7.038461538461538,4
20260909,hybrid_macro_h15,600,recursive,position_mse,0.20521039229172927,4
20260909,hybrid_macro_h15,600,recursive,motion_available_values,7.038461538461538,4
20260909,hybrid_macro_h15,600,recursive,motion_mse,0.2547544248115558,4
20260909,hybrid_macro_h15,600,recursive,parsed_pig_count_absolute_error,0.05352701390018829,4
20260909,hybrid_macro_h15,600,recursive,parsed_block_count_absolute_error,0.35827523240676296,4
20260909,hybrid_macro_h15,15,local,mean_available_candidates,13.0,4
20260909,hybrid_macro_h15,15,local,carrier_mse,0.010544007527641952,4
20260909,hybrid_macro_h15,15,local,history_available_mse,0.014728511504542371,4
20260909,hybrid_macro_h15,15,local,prior_elapsed_seconds_mse,0.0010461028275760608,4
20260909,hybrid_macro_h15,15,local,availability_bits_mse,0.021335252112923905,4
20260909,hybrid_macro_h15,15,local,presence_available_values,18.0,4
20260909,hybrid_macro_h15,15,local,presence_mse,0.001468579747149936,4
20260909,hybrid_macro_h15,15,local,kind_available_values,36.0,4
20260909,hybrid_macro_h15,15,local,kind_mse,0.002178700376624385,4
20260909,hybrid_macro_h15,15,local,position_available_values,7.26923076923077,4
20260909,hybrid_macro_h15,15,local,position_mse,0.029086070234300748,4
20260909,hybrid_macro_h15,15,local,motion_available_values,7.230769230769232,4
20260909,hybrid_macro_h15,15,local,motion_mse,0.0038067674031481147,4
20260909,hybrid_macro_h15,15,local,parsed_pig_count_absolute_error,0.04963869780588609,4
20260909,hybrid_macro_h15,15,local,parsed_block_count_absolute_error,0.05611979216337204,4
20260909,hybrid_macro_h15,30,local,mean_available_candidates,13.0,4
20260909,hybrid_macro_h15,30,local,carrier_mse,0.0014852152363835976,4
20260909,hybrid_macro_h15,30,local,history_available_mse,0.01229577325284481,4
20260909,hybrid_macro_h15,30,local,prior_elapsed_seconds_mse,0.0015284727873782127,4
20260909,hybrid_macro_h15,30,local,availability_bits_mse,0.002707754966440216,4
20260909,hybrid_macro_h15,30,local,presence_available_values,18.0,4
20260909,hybrid_macro_h15,30,local,presence_mse,0.00029376976286025287,4
20260909,hybrid_macro_h15,30,local,kind_available_values,36.0,4
20260909,hybrid_macro_h15,30,local,kind_mse,0.0002894069759629649,4
20260909,hybrid_macro_h15,30,local,position_available_values,7.346153846153847,4
20260909,hybrid_macro_h15,30,local,position_mse,0.003439175210587564,4
20260909,hybrid_macro_h15,30,local,motion_available_values,7.346153846153847,4
20260909,hybrid_macro_h15,30,local,motion_mse,0.0014541493734353795,4
20260909,hybrid_macro_h15,30,local,parsed_pig_count_absolute_error,0.017113329269565068,4
20260909,hybrid_macro_h15,30,local,parsed_block_count_absolute_error,0.03082027916724865,4
20260909,hybrid_macro_h15,60,local,mean_available_candidates,13.0,4
20260909,hybrid_macro_h15,60,local,carrier_mse,0.001467885885526462,4
20260909,hybrid_macro_h15,60,local,history_available_mse,0.011069286457943516,4
20260909,hybrid_macro_h15,60,local,prior_elapsed_seconds_mse,0.001452688010221419,4
20260909,hybrid_macro_h15,60,local,availability_bits_mse,0.0026894093887396874,4
20260909,hybrid_macro_h15,60,local,presence_available_values,18.0,4
20260909,hybrid_macro_h15,60,local,presence_mse,0.0003482911277107912,4
20260909,hybrid_macro_h15,60,local,kind_available_values,36.0,4
20260909,hybrid_macro_h15,60,local,kind_mse,0.0003065806416158851,4
20260909,hybrid_macro_h15,60,local,position_available_values,7.1923076923076925,4
20260909,hybrid_macro_h15,60,local,position_mse,0.00018390911925682583,4
20260909,hybrid_macro_h15,60,local,motion_available_values,7.1923076923076925,4
20260909,hybrid_macro_h15,60,local,motion_mse,0.0009037899581016973,4
20260909,hybrid_macro_h15,60,local,parsed_pig_count_absolute_error,0.015703878150536463,4
20260909,hybrid_macro_h15,60,local,parsed_block_count_absolute_error,0.04526432030476057,4
20260909,hybrid_macro_h15,150,local,mean_available_candidates,13.0,4
20260909,hybrid_macro_h15,150,local,carrier_mse,0.001611890271865727,4
20260909,hybrid_macro_h15,150,local,history_available_mse,0.011293502900606165,4
20260909,hybrid_macro_h15,150,local,prior_elapsed_seconds_mse,0.0014448032933824624,4
20260909,hybrid_macro_h15,150,local,availability_bits_mse,0.0029156785637426837,4
20260909,hybrid_macro_h15,150,local,presence_available_values,18.0,4
20260909,hybrid_macro_h15,150,local,presence_mse,0.00036014542190689384,4
20260909,hybrid_macro_h15,150,local,kind_available_values,36.0,4
20260909,hybrid_macro_h15,150,local,kind_mse,0.0003942108789767819,4
20260909,hybrid_macro_h15,150,local,position_available_values,7.153846153846153,4
20260909,hybrid_macro_h15,150,local,position_mse,0.0013103775544060718,4
20260909,hybrid_macro_h15,150,local,motion_available_values,7.115384615384615,4
20260909,hybrid_macro_h15,150,local,motion_mse,0.0011837745338338069,4
20260909,hybrid_macro_h15,150,local,parsed_pig_count_absolute_error,0.015966748568014454,4
20260909,hybrid_macro_h15,150,local,parsed_block_count_absolute_error,0.038919296975319206,4
20260909,hybrid_macro_h15,225,local,mean_available_candidates,13.0,4
20260909,hybrid_macro_h15,225,local,carrier_mse,0.0023988424190275297,4
20260909,hybrid_macro_h15,225,local,history_available_mse,0.010491166850372862,4
20260909,hybrid_macro_h15,225,local,prior_elapsed_seconds_mse,0.0014552114007528871,4
20260909,hybrid_macro_h15,225,local,availability_bits_mse,0.004420929268235342,4
20260909,hybrid_macro_h15,225,local,presence_available_values,18.0,4
20260909,hybrid_macro_h15,225,local,presence_mse,0.00046799163395077747,4
20260909,hybrid_macro_h15,225,local,kind_available_values,36.0,4
20260909,hybrid_macro_h15,225,local,kind_mse,0.00036725572527547437,4
20260909,hybrid_macro_h15,225,local,position_available_values,7.153846153846153,4
20260909,hybrid_macro_h15,225,local,position_mse,0.00017882187491452967,4
20260909,hybrid_macro_h15,225,local,motion_available_values,7.153846153846153,4
20260909,hybrid_macro_h15,225,local,motion_mse,0.001964740370077869,4
20260909,hybrid_macro_h15,225,local,parsed_pig_count_absolute_error,0.016023724913023986,4
20260909,hybrid_macro_h15,225,local,parsed_block_count_absolute_error,0.05093207783423938,4
20260909,hybrid_macro_h15,600,local,mean_available_candidates,13.0,4
20260909,hybrid_macro_h15,600,local,carrier_mse,0.0014683730584623004,4
20260909,hybrid_macro_h15,600,local,history_available_mse,0.014411875140817406,4
20260909,hybrid_macro_h15,600,local,prior_elapsed_seconds_mse,0.0025172355895987358,4
20260909,hybrid_macro_h15,600,local,availability_bits_mse,0.0017909787857206538,4
20260909,hybrid_macro_h15,600,local,presence_available_values,18.0,4
20260909,hybrid_macro_h15,600,local,presence_mse,0.0005402031979778817,4
20260909,hybrid_macro_h15,600,local,kind_available_values,36.0,4
20260909,hybrid_macro_h15,600,local,kind_mse,0.0005486024224060553,4
20260909,hybrid_macro_h15,600,local,position_available_values,7.038461538461538,4
20260909,hybrid_macro_h15,600,local,position_mse,0.0002540358831398547,4
20260909,hybrid_macro_h15,600,local,motion_available_values,7.038461538461538,4
20260909,hybrid_macro_h15,600,local,motion_mse,0.008846839692873452,4
20260909,hybrid_macro_h15,600,local,parsed_pig_count_absolute_error,0.018970103432925847,4
20260909,hybrid_macro_h15,600,local,parsed_block_count_absolute_error,0.02436189238841717,4
20260910,continuous_h1,15,recursive,mean_available_candidates,13.0,4
20260910,continuous_h1,15,recursive,carrier_mse,0.027882814801369726,4
20260910,continuous_h1,15,recursive,history_available_mse,0.009743094650240473,4
20260910,continuous_h1,15,recursive,prior_elapsed_seconds_mse,0.00043129738408144756,4
20260910,continuous_h1,15,recursive,availability_bits_mse,0.03767587301822809,4
20260910,continuous_h1,15,recursive,presence_available_values,18.0,4
20260910,continuous_h1,15,recursive,presence_mse,0.03627244755625725,4
20260910,continuous_h1,15,recursive,kind_available_values,36.0,4
20260910,continuous_h1,15,recursive,kind_mse,0.01984708852922687,4
20260910,continuous_h1,15,recursive,position_available_values,7.26923076923077,4
20260910,continuous_h1,15,recursive,position_mse,0.04160228239085812,4
20260910,continuous_h1,15,recursive,motion_available_values,7.230769230769232,4
20260910,continuous_h1,15,recursive,motion_mse,0.0040522382657330195,4
20260910,continuous_h1,15,recursive,parsed_pig_count_absolute_error,0.053974305995954916,4
20260910,continuous_h1,15,recursive,parsed_block_count_absolute_error,0.20345109987717408,4
20260910,continuous_h1,30,recursive,mean_available_candidates,13.0,4
20260910,continuous_h1,30,recursive,carrier_mse,0.09021512189736733,4
20260910,continuous_h1,30,recursive,history_available_mse,0.0031051190622187834,4
20260910,continuous_h1,30,recursive,prior_elapsed_seconds_mse,0.012458393027862676,4
20260910,continuous_h1,30,recursive,availability_bits_mse,0.10606968101973717,4
20260910,continuous_h1,30,recursive,presence_available_values,18.0,4
20260910,continuous_h1,30,recursive,presence_mse,0.1522661941842391,4
20260910,continuous_h1,30,recursive,kind_available_values,36.0,4
20260910,continuous_h1,30,recursive,kind_mse,0.07894162453997593,4
20260910,continuous_h1,30,recursive,position_available_values,7.346153846153847,4
20260910,continuous_h1,30,recursive,position_mse,0.11977113382174419,4
20260910,continuous_h1,30,recursive,motion_available_values,7.346153846153847,4
20260910,continuous_h1,30,recursive,motion_mse,0.013554382406604979,4
20260910,continuous_h1,30,recursive,parsed_pig_count_absolute_error,0.054029826791240625,4
20260910,continuous_h1,30,recursive,parsed_block_count_absolute_error,0.38195321880854094,4
20260910,continuous_h1,60,recursive,mean_available_candidates,13.0,4
20260910,continuous_h1,60,recursive,carrier_mse,0.667494209913107,4
20260910,continuous_h1,60,recursive,history_available_mse,0.0634744970772702,4
20260910,continuous_h1,60,recursive,prior_elapsed_seconds_mse,0.30101295188069344,4
20260910,continuous_h1,60,recursive,availability_bits_mse,0.7287703786904995,4
20260910,continuous_h1,60,recursive,presence_available_values,18.0,4
20260910,continuous_h1,60,recursive,presence_mse,0.9189846641742266,4
20260910,continuous_h1,60,recursive,kind_available_values,36.0,4
20260910,continuous_h1,60,recursive,kind_mse,0.6774990409612656,4
20260910,continuous_h1,60,recursive,position_available_values,7.1923076923076925,4
20260910,continuous_h1,60,recursive,position_mse,0.8050142113979046,4
20260910,continuous_h1,60,recursive,motion_available_values,7.1923076923076925,4
20260910,continuous_h1,60,recursive,motion_mse,0.2065479358514914,4
20260910,continuous_h1,60,recursive,parsed_pig_count_absolute_error,0.09848799871710631,4
20260910,continuous_h1,60,recursive,parsed_block_count_absolute_error,0.26215788836662585,4
20260910,continuous_h1,150,recursive,mean_available_candidates,13.0,4
20260910,continuous_h1,150,recursive,carrier_mse,419.5457552396334,4
20260910,continuous_h1,150,recursive,history_available_mse,30.82448249791051,4
20260910,continuous_h1,150,recursive,prior_elapsed_seconds_mse,21.969270958350254,4
20260910,continuous_h1,150,recursive,availability_bits_mse,486.27021613487824,4
20260910,continuous_h1,150,recursive,presence_available_values,18.0,4
20260910,continuous_h1,150,recursive,presence_mse,325.06461921105017,4
20260910,continuous_h1,150,recursive,kind_available_values,36.0,4
20260910,continuous_h1,150,recursive,kind_mse,573.6868931696965,4
20260910,continuous_h1,150,recursive,position_available_values,7.153846153846153,4
20260910,continuous_h1,150,recursive,position_mse,491.3992239145132,4
20260910,continuous_h1,150,recursive,motion_available_values,7.115384615384615,4
20260910,continuous_h1,150,recursive,motion_mse,97.24476696894719,4
20260910,continuous_h1,150,recursive,parsed_pig_count_absolute_error,0.5108441211139927,4
20260910,continuous_h1,150,recursive,parsed_block_count_absolute_error,0.8398973454649632,4
20260910,continuous_h1,225,recursive,mean_available_candidates,13.0,4
20260910,continuous_h1,225,recursive,carrier_mse,1854.8263362004204,4
20260910,continuous_h1,225,recursive,history_available_mse,108.46809283586649,4
20260910,continuous_h1,225,recursive,prior_elapsed_seconds_mse,188.92412951717586,4
20260910,continuous_h1,225,recursive,availability_bits_mse,2110.117445725661,4
20260910,continuous_h1,225,recursive,presence_available_values,18.0,4
20260910,continuous_h1,225,recursive,presence_mse,1434.548119178185,4
20260910,continuous_h1,225,recursive,kind_available_values,36.0,4
20260910,continuous_h1,225,recursive,kind_mse,2546.339158278245,4
20260910,continuous_h1,225,recursive,position_available_values,7.153846153846153,4
20260910,continuous_h1,225,recursive,position_mse,2748.6894014798677,4
20260910,continuous_h1,225,recursive,motion_available_values,7.153846153846153,4
20260910,continuous_h1,225,recursive,motion_mse,611.986584003155,4
20260910,continuous_h1,225,recursive,parsed_pig_count_absolute_error,0.05472629345380342,4
20260910,continuous_h1,225,recursive,parsed_block_count_absolute_error,1.9078504208188791,4
20260910,continuous_h1,600,recursive,mean_available_candidates,13.0,4
20260910,continuous_h1,600,recursive,carrier_mse,25534.793569711535,4
20260910,continuous_h1,600,recursive,history_available_mse,225.98931921445407,4
20260910,continuous_h1,600,recursive,prior_elapsed_seconds_mse,1551.7056051400991,4
20260910,continuous_h1,600,recursive,availability_bits_mse,27013.88134765625,4
20260910,continuous_h1,600,recursive,presence_available_values,18.0,4
20260910,continuous_h1,600,recursive,presence_mse,24960.858961838938,4
20260910,continuous_h1,600,recursive,kind_available_values,36.0,4
20260910,continuous_h1,600,recursive,kind_mse,32469.15827824519,4
20260910,continuous_h1,600,recursive,position_available_values,7.038461538461538,4
20260910,continuous_h1,600,recursive,position_mse,37612.443547175484,4
20260910,continuous_h1,600,recursive,motion_available_values,7.038461538461538,4
20260910,continuous_h1,600,recursive,motion_mse,11941.209998497598,4
20260910,continuous_h1,600,recursive,parsed_pig_count_absolute_error,0.2695515701690545,4
20260910,continuous_h1,600,recursive,parsed_block_count_absolute_error,2.7954440655616613,4
20260910,continuous_h1,15,local,mean_available_candidates,13.0,4
20260910,continuous_h1,15,local,carrier_mse,0.000676681637672188,4
20260910,continuous_h1,15,local,history_available_mse,0.0002170975860713917,4
20260910,continuous_h1,15,local,prior_elapsed_seconds_mse,0.0001013725509962499,4
20260910,continuous_h1,15,local,availability_bits_mse,0.0010015301741077565,4
20260910,continuous_h1,15,local,presence_available_values,18.0,4
20260910,continuous_h1,15,local,presence_mse,0.0002476466503979352,4
20260910,continuous_h1,15,local,kind_available_values,36.0,4
20260910,continuous_h1,15,local,kind_mse,0.00022289214407814702,4
20260910,continuous_h1,15,local,position_available_values,7.26923076923077,4
20260910,continuous_h1,15,local,position_mse,0.002069291532769477,4
20260910,continuous_h1,15,local,motion_available_values,7.230769230769232,4
20260910,continuous_h1,15,local,motion_mse,0.0020375279530596272,4
20260910,continuous_h1,15,local,parsed_pig_count_absolute_error,0.010088804500320783,4
20260910,continuous_h1,15,local,parsed_block_count_absolute_error,0.017371349036693573,4
20260910,continuous_h1,30,local,mean_available_candidates,13.0,4
20260910,continuous_h1,30,local,carrier_mse,0.0003200716575800191,4
20260910,continuous_h1,30,local,history_available_mse,0.0001485858100309656,4
20260910,continuous_h1,30,local,prior_elapsed_seconds_mse,0.00010327941871624856,4
20260910,continuous_h1,30,local,availability_bits_mse,0.0004783001982454712,4
20260910,continuous_h1,30,local,presence_available_values,18.0,4
20260910,continuous_h1,30,local,presence_mse,0.00022940753562859475,4
20260910,continuous_h1,30,local,kind_available_values,36.0,4
20260910,continuous_h1,30,local,kind_mse,0.00018950379727847085,4
20260910,continuous_h1,30,local,position_available_values,7.346153846153847,4
20260910,continuous_h1,30,local,position_mse,0.0003702621352903616,4
20260910,continuous_h1,30,local,motion_available_values,7.346153846153847,4
20260910,continuous_h1,30,local,motion_mse,0.00022923110268143666,4
20260910,continuous_h1,30,local,parsed_pig_count_absolute_error,0.009897068429451721,4
20260910,continuous_h1,30,local,parsed_block_count_absolute_error,0.016102504271727342,4
20260910,continuous_h1,60,local,mean_available_candidates,13.0,4
20260910,continuous_h1,60,local,carrier_mse,0.00032233751671111136,4
20260910,continuous_h1,60,local,history_available_mse,0.00015239997673159694,4
20260910,continuous_h1,60,local,prior_elapsed_seconds_mse,0.00010228583697915803,4
20260910,continuous_h1,60,local,availability_bits_mse,0.00047505218837893783,4
20260910,continuous_h1,60,local,presence_available_values,18.0,4
20260910,continuous_h1,60,local,presence_mse,0.0002334616978119951,4
20260910,continuous_h1,60,local,kind_available_values,36.0,4
20260910,continuous_h1,60,local,kind_mse,0.00019022223372863105,4
20260910,continuous_h1,60,local,position_available_values,7.1923076923076925,4
20260910,continuous_h1,60,local,position_mse,0.0003638449975719246,4
20260910,continuous_h1,60,local,motion_available_values,7.1923076923076925,4
20260910,continuous_h1,60,local,motion_mse,0.0003171783426716082,4
20260910,continuous_h1,60,local,parsed_pig_count_absolute_error,0.010524538059074145,4
20260910,continuous_h1,60,local,parsed_block_count_absolute_error,0.01666377943295699,4
20260910,continuous_h1,150,local,mean_available_candidates,13.0,4
20260910,continuous_h1,150,local,carrier_mse,0.0006210626343090553,4
20260910,continuous_h1,150,local,history_available_mse,0.00014187844015538348,4
20260910,continuous_h1,150,local,prior_elapsed_seconds_mse,0.00010269426768270652,4
20260910,continuous_h1,150,local,availability_bits_mse,0.0010317105837972262,4
20260910,continuous_h1,150,local,presence_available_values,18.0,4
20260910,continuous_h1,150,local,presence_mse,0.00024003277044707479,4
20260910,continuous_h1,150,local,kind_available_values,36.0,4
20260910,continuous_h1,150,local,kind_mse,0.0002120179345253676,4
20260910,continuous_h1,150,local,position_available_values,7.153846153846153,4
20260910,continuous_h1,150,local,position_mse,0.001501177819311404,4
20260910,continuous_h1,150,local,motion_available_values,7.115384615384615,4
20260910,continuous_h1,150,local,motion_mse,0.0006415877543566659,4
20260910,continuous_h1,150,local,parsed_pig_count_absolute_error,0.010631209633384759,4
20260910,continuous_h1,150,local,parsed_block_count_absolute_error,0.017742195954689614,4
20260910,continuous_h1,225,local,mean_available_candidates,13.0,4
20260910,continuous_h1,225,local,carrier_mse,0.00034722316726961604,4
20260910,continuous_h1,225,local,history_available_mse,0.00012092577642000343,4
20260910,continuous_h1,225,local,prior_elapsed_seconds_mse,9.755815538553109e-05,4
20260910,continuous_h1,225,local,availability_bits_mse,0.00046865781209467404,4
20260910,continuous_h1,225,local,presence_available_values,18.0,4
20260910,continuous_h1,225,local,presence_mse,0.000256554049533756,4
20260910,continuous_h1,225,local,kind_available_values,36.0,4
20260910,continuous_h1,225,local,kind_mse,0.00020554824914142955,4
20260910,continuous_h1,225,local,position_available_values,7.153846153846153,4
20260910,continuous_h1,225,local,position_mse,0.00035940500618800376,4
20260910,continuous_h1,225,local,motion_available_values,7.153846153846153,4
20260910,continuous_h1,225,local,motion_mse,0.0010375224362808065,4
20260910,continuous_h1,225,local,parsed_pig_count_absolute_error,0.010612641174632769,4
20260910,continuous_h1,225,local,parsed_block_count_absolute_error,0.021318255708767817,4
20260910,continuous_h1,600,local,mean_available_candidates,13.0,4
20260910,continuous_h1,600,local,carrier_mse,0.0010700968128870814,4
20260910,continuous_h1,600,local,history_available_mse,8.874268468988661e-05,4
20260910,continuous_h1,600,local,prior_elapsed_seconds_mse,8.71383717122416e-05,4
20260910,continuous_h1,600,local,availability_bits_mse,0.0005485817287430669,4
20260910,continuous_h1,600,local,presence_available_values,18.0,4
20260910,continuous_h1,600,local,presence_mse,0.0002897203879771181,4
20260910,continuous_h1,600,local,kind_available_values,36.0,4
20260910,continuous_h1,600,local,kind_mse,0.00021763125313065335,4
20260910,continuous_h1,600,local,position_available_values,7.038461538461538,4
20260910,continuous_h1,600,local,position_mse,0.0004109719878984974,4
20260910,continuous_h1,600,local,motion_available_values,7.038461538461538,4
20260910,continuous_h1,600,local,motion_mse,0.01924014630598182,4
20260910,continuous_h1,600,local,parsed_pig_count_absolute_error,0.01058189280760976,4
20260910,continuous_h1,600,local,parsed_block_count_absolute_error,0.02002760825248865,4
20260910,continuous_h5,15,recursive,mean_available_candidates,13.0,4
20260910,continuous_h5,15,recursive,carrier_mse,0.008520630555442318,4
20260910,continuous_h5,15,recursive,history_available_mse,0.05435500458742564,4
20260910,continuous_h5,15,recursive,prior_elapsed_seconds_mse,0.00012166503298570975,4
20260910,continuous_h5,15,recursive,availability_bits_mse,0.017252223691544853,4
20260910,continuous_h5,15,recursive,presence_available_values,18.0,4
20260910,continuous_h5,15,recursive,presence_mse,0.0018382078941123418,4
20260910,continuous_h5,15,recursive,kind_available_values,36.0,4
20260910,continuous_h5,15,recursive,kind_mse,0.001280235948238092,4
20260910,continuous_h5,15,recursive,position_available_values,7.26923076923077,4
20260910,continuous_h5,15,recursive,position_mse,0.02682827141073246,4
20260910,continuous_h5,15,recursive,motion_available_values,7.230769230769232,4
20260910,continuous_h5,15,recursive,motion_mse,0.002440656957332976,4
20260910,continuous_h5,15,recursive,parsed_pig_count_absolute_error,0.02413145947055175,4
20260910,continuous_h5,15,recursive,parsed_block_count_absolute_error,0.08996143306677158,4
20260910,continuous_h5,30,recursive,mean_available_candidates,13.0,4
20260910,continuous_h5,30,recursive,carrier_mse,0.010716903480128026,4
20260910,continuous_h5,30,recursive,history_available_mse,0.03567862295760558,4
20260910,continuous_h5,30,recursive,prior_elapsed_seconds_mse,0.0003403675755879914,4
20260910,continuous_h5,30,recursive,availability_bits_mse,0.019346962611262616,4
20260910,continuous_h5,30,recursive,presence_available_values,18.0,4
20260910,continuous_h5,30,recursive,presence_mse,0.00517119511585826,4
20260910,continuous_h5,30,recursive,kind_available_values,36.0,4
20260910,continuous_h5,30,recursive,kind_mse,0.0032689565224035717,4
20260910,continuous_h5,30,recursive,position_available_values,7.346153846153847,4
20260910,continuous_h5,30,recursive,position_mse,0.02844796642714825,4
20260910,continuous_h5,30,recursive,motion_available_values,7.346153846153847,4
20260910,continuous_h5,30,recursive,motion_mse,0.001945359087235724,4
20260910,continuous_h5,30,recursive,parsed_pig_count_absolute_error,0.028650955583613653,4
20260910,continuous_h5,30,recursive,parsed_block_count_absolute_error,0.0896435953103579,4
20260910,continuous_h5,60,recursive,mean_available_candidates,13.0,4
20260910,continuous_h5,60,recursive,carrier_mse,0.017973005646266617,4
20260910,continuous_h5,60,recursive,history_available_mse,0.012235927825363783,4
20260910,continuous_h5,60,recursive,prior_elapsed_seconds_mse,0.0005642170799546875,4
20260910,continuous_h5,60,recursive,availability_bits_mse,0.026310105987179738,4
20260910,continuous_h5,60,recursive,presence_available_values,18.0,4
20260910,continuous_h5,60,recursive,presence_mse,0.018625144793007236,4
20260910,continuous_h5,60,recursive,kind_available_values,36.0,4
20260910,continuous_h5,60,recursive,kind_mse,0.010120151976410013,4
20260910,continuous_h5,60,recursive,position_available_values,7.1923076923076925,4
20260910,continuous_h5,60,recursive,position_mse,0.03153356044696501,4
20260910,continuous_h5,60,recursive,motion_available_values,7.1923076923076925,4
20260910,continuous_h5,60,recursive,motion_mse,0.003312349561243676,4
20260910,continuous_h5,60,recursive,parsed_pig_count_absolute_error,0.04890487722765941,4
20260910,continuous_h5,60,recursive,parsed_block_count_absolute_error,0.18251925764175564,4
20260910,continuous_h5,150,recursive,mean_available_candidates,13.0,4
20260910,continuous_h5,150,recursive,carrier_mse,0.07134716377521937,4
20260910,continuous_h5,150,recursive,history_available_mse,0.010180293601409245,4
20260910,continuous_h5,150,recursive,prior_elapsed_seconds_mse,0.005972460431691545,4
20260910,continuous_h5,150,recursive,availability_bits_mse,0.08389978870176351,4
20260910,continuous_h5,150,recursive,presence_available_values,18.0,4
20260910,continuous_h5,150,recursive,presence_mse,0.12440831472094244,4
20260910,continuous_h5,150,recursive,kind_available_values,36.0,4
20260910,continuous_h5,150,recursive,kind_mse,0.053149265702813864,4
20260910,continuous_h5,150,recursive,position_available_values,7.153846153846153,4
20260910,continuous_h5,150,recursive,position_mse,0.10081566726932159,4
20260910,continuous_h5,150,recursive,motion_available_values,7.115384615384615,4
20260910,continuous_h5,150,recursive,motion_mse,0.013447690593938414,4
20260910,continuous_h5,150,recursive,parsed_pig_count_absolute_error,0.05342316806602936,4
20260910,continuous_h5,150,recursive,parsed_block_count_absolute_error,0.5270310703378457,4
20260910,continuous_h5,225,recursive,mean_available_candidates,13.0,4
20260910,continuous_h5,225,recursive,carrier_mse,0.18337235399163687,4
20260910,continuous_h5,225,recursive,history_available_mse,0.051650628268432155,4
20260910,continuous_h5,225,recursive,prior_elapsed_seconds_mse,0.050938014299250566,4
20260910,continuous_h5,225,recursive,availability_bits_mse,0.20594935634961495,4
20260910,continuous_h5,225,recursive,presence_available_values,18.0,4
20260910,continuous_h5,225,recursive,presence_mse,0.30987708643078804,4
20260910,continuous_h5,225,recursive,kind_available_values,36.0,4
20260910,continuous_h5,225,recursive,kind_mse,0.145486496675473,4
20260910,continuous_h5,225,recursive,position_available_values,7.153846153846153,4
20260910,continuous_h5,225,recursive,position_mse,0.27646733906406623,4
20260910,continuous_h5,225,recursive,motion_available_values,7.153846153846153,4
20260910,continuous_h5,225,recursive,motion_mse,0.049809829224474154,4
20260910,continuous_h5,225,recursive,parsed_pig_count_absolute_error,0.041230652982798904,4
20260910,continuous_h5,225,recursive,parsed_block_count_absolute_error,0.5628632209621943,4
20260910,continuous_h5,600,recursive,mean_available_candidates,13.0,4
20260910,continuous_h5,600,recursive,carrier_mse,89.90439943166879,4
20260910,continuous_h5,600,recursive,history_available_mse,1.2451700881983225,4
20260910,continuous_h5,600,recursive,prior_elapsed_seconds_mse,1.1703745691249003,4
20260910,continuous_h5,600,recursive,availability_bits_mse,108.44518125974213,4
20260910,continuous_h5,600,recursive,presence_available_values,18.0,4
20260910,continuous_h5,600,recursive,presence_mse,63.31642664395846,4
20260910,continuous_h5,600,recursive,kind_available_values,36.0,4
20260910,continuous_h5,600,recursive,kind_mse,109.6698020054744,4
20260910,continuous_h5,600,recursive,position_available_values,7.038461538461538,4
20260910,continuous_h5,600,recursive,position_mse,131.04437806056097,4
20260910,continuous_h5,600,recursive,motion_available_values,7.038461538461538,4
20260910,continuous_h5,600,recursive,motion_mse,13.437644866796639,4
20260910,continuous_h5,600,recursive,parsed_pig_count_absolute_error,0.5137667267654951,4
20260910,continuous_h5,600,recursive,parsed_block_count_absolute_error,1.1223671424847383,4
20260910,continuous_h5,15,local,mean_available_candidates,13.0,4
20260910,continuous_h5,15,local,carrier_mse,0.002046584123420941,4
20260910,continuous_h5,15,local,history_available_mse,0.00027745564760113425,4
20260910,continuous_h5,15,local,prior_elapsed_seconds_mse,0.0001160100451723058,4
20260910,continuous_h5,15,local,availability_bits_mse,0.0027204114784791064,4
20260910,continuous_h5,15,local,presence_available_values,18.0,4
20260910,continuous_h5,15,local,presence_mse,0.00041550918873466656,4
20260910,continuous_h5,15,local,kind_available_values,36.0,4
20260910,continuous_h5,15,local,kind_mse,0.00039446798697239364,4
20260910,continuous_h5,15,local,position_available_values,7.26923076923077,4
20260910,continuous_h5,15,local,position_mse,0.004879461977487573,4
20260910,continuous_h5,15,local,motion_available_values,7.230769230769232,4
20260910,continuous_h5,15,local,motion_mse,0.015185031882328285,4
20260910,continuous_h5,15,local,parsed_pig_count_absolute_error,0.008618872326153975,4
20260910,continuous_h5,15,local,parsed_block_count_absolute_error,0.0415978437432876,4
20260910,continuous_h5,30,local,mean_available_candidates,13.0,4
20260910,continuous_h5,30,local,carrier_mse,0.0002585207968457745,4
20260910,continuous_h5,30,local,history_available_mse,0.00014287743446980054,4
20260910,continuous_h5,30,local,prior_elapsed_seconds_mse,9.03237325054271e-05,4
20260910,continuous_h5,30,local,availability_bits_mse,0.00035678736290160136,4
20260910,continuous_h5,30,local,presence_available_values,18.0,4
20260910,continuous_h5,30,local,presence_mse,0.00019417285707626995,4
20260910,continuous_h5,30,local,kind_available_values,36.0,4
20260910,continuous_h5,30,local,kind_mse,0.00016627032402119276,4
20260910,continuous_h5,30,local,position_available_values,7.346153846153847,4
20260910,continuous_h5,30,local,position_mse,0.0003371556886122562,4
20260910,continuous_h5,30,local,motion_available_values,7.346153846153847,4
20260910,continuous_h5,30,local,motion_mse,0.00039474730804683455,4
20260910,continuous_h5,30,local,parsed_pig_count_absolute_error,0.007863885543953914,4
20260910,continuous_h5,30,local,parsed_block_count_absolute_error,0.02011873057255378,4
20260910,continuous_h5,60,local,mean_available_candidates,13.0,4
20260910,continuous_h5,60,local,carrier_mse,0.00043239197867268766,4
20260910,continuous_h5,60,local,history_available_mse,0.00014891445463412095,4
20260910,continuous_h5,60,local,prior_elapsed_seconds_mse,9.24386192939262e-05,4
20260910,continuous_h5,60,local,availability_bits_mse,0.0007192575039180855,4
20260910,continuous_h5,60,local,presence_available_values,18.0,4
20260910,continuous_h5,60,local,presence_mse,0.00018857725892583124,4
20260910,continuous_h5,60,local,kind_available_values,36.0,4
20260910,continuous_h5,60,local,kind_mse,0.00016600287269214349,4
20260910,continuous_h5,60,local,position_available_values,7.1923076923076925,4
20260910,continuous_h5,60,local,position_mse,0.00033563671268683934,4
20260910,continuous_h5,60,local,motion_available_values,7.1923076923076925,4
20260910,continuous_h5,60,local,motion_mse,0.00026798858331088786,4
20260910,continuous_h5,60,local,parsed_pig_count_absolute_error,0.008485354053286405,4
20260910,continuous_h5,60,local,parsed_block_count_absolute_error,0.024080000817775726,4
20260910,continuous_h5,150,local,mean_available_candidates,13.0,4
20260910,continuous_h5,150,local,carrier_mse,0.0007389057528388759,4
20260910,continuous_h5,150,local,history_available_mse,0.0001438031083004477,4
20260910,continuous_h5,150,local,prior_elapsed_seconds_mse,9.050396449940588e-05,4
20260910,continuous_h5,150,local,availability_bits_mse,0.0012803318403222456,4
20260910,continuous_h5,150,local,presence_available_values,18.0,4
20260910,continuous_h5,150,local,presence_mse,0.00023625206281744444,4
20260910,continuous_h5,150,local,kind_available_values,36.0,4
20260910,continuous_h5,150,local,kind_mse,0.00019059607257077002,4
20260910,continuous_h5,150,local,position_available_values,7.153846153846153,4
20260910,continuous_h5,150,local,position_mse,0.0014627411429291195,4
20260910,continuous_h5,150,local,motion_available_values,7.115384615384615,4
20260910,continuous_h5,150,local,motion_mse,0.0006716175834159143,4
20260910,continuous_h5,150,local,parsed_pig_count_absolute_error,0.00839931987082729,4
20260910,continuous_h5,150,local,parsed_block_count_absolute_error,0.02511335966678766,4
20260910,continuous_h5,225,local,mean_available_candidates,13.0,4
20260910,continuous_h5,225,local,carrier_mse,0.0006623246557025525,4
20260910,continuous_h5,225,local,history_available_mse,0.00014053824257259222,4
20260910,continuous_h5,225,local,prior_elapsed_seconds_mse,8.472413841130989e-05,4
20260910,continuous_h5,225,local,availability_bits_mse,0.001095879921474709,4
20260910,continuous_h5,225,local,presence_available_values,18.0,4
20260910,continuous_h5,225,local,presence_mse,0.00030753291726936225,4
20260910,continuous_h5,225,local,kind_available_values,36.0,4
20260910,continuous_h5,225,local,kind_mse,0.00016151662678636899,4
20260910,continuous_h5,225,local,position_available_values,7.153846153846153,4
20260910,continuous_h5,225,local,position_mse,0.00032669502560076164,4
20260910,continuous_h5,225,local,motion_available_values,7.153846153846153,4
20260910,continuous_h5,225,local,motion_mse,0.0012372793038454032,4
20260910,continuous_h5,225,local,parsed_pig_count_absolute_error,0.007934035375141181,4
20260910,continuous_h5,225,local,parsed_block_count_absolute_error,0.03418525365682749,4
20260910,continuous_h5,600,local,mean_available_candidates,13.0,4
20260910,continuous_h5,600,local,carrier_mse,0.0011484084229428286,4
20260910,continuous_h5,600,local,history_available_mse,0.00011635854235131785,4
20260910,continuous_h5,600,local,prior_elapsed_seconds_mse,7.636516396849822e-05,4
20260910,continuous_h5,600,local,availability_bits_mse,0.0007913124634517142,4
20260910,continuous_h5,600,local,presence_available_values,18.0,4
20260910,continuous_h5,600,local,presence_mse,0.00027812470524133043,4
20260910,continuous_h5,600,local,kind_available_values,36.0,4
20260910,continuous_h5,600,local,kind_mse,0.00027364567526651977,4
20260910,continuous_h5,600,local,position_available_values,7.038461538461538,4
20260910,continuous_h5,600,local,position_mse,0.00037892785034133477,4
20260910,continuous_h5,600,local,motion_available_values,7.038461538461538,4
20260910,continuous_h5,600,local,motion_mse,0.017952885021329096,4
20260910,continuous_h5,600,local,parsed_pig_count_absolute_error,0.008483384126940599,4
20260910,continuous_h5,600,local,parsed_block_count_absolute_error,0.026722781360149384,4
20260910,continuous_h15,15,recursive,mean_available_candidates,13.0,4
20260910,continuous_h15,15,recursive,carrier_mse,0.008543350733816624,4
20260910,continuous_h15,15,recursive,history_available_mse,0.08963536900969651,4
20260910,continuous_h15,15,recursive,prior_elapsed_seconds_mse,4.716724183358914e-05,4
20260910,continuous_h15,15,recursive,availability_bits_mse,0.018113314389036253,4
20260910,continuous_h15,15,recursive,presence_available_values,18.0,4
20260910,continuous_h15,15,recursive,presence_mse,0.0008319727874969919,4
20260910,continuous_h15,15,recursive,kind_available_values,36.0,4
20260910,continuous_h15,15,recursive,kind_mse,0.0005804001784081965,4
20260910,continuous_h15,15,recursive,position_available_values,7.26923076923077,4
20260910,continuous_h15,15,recursive,position_mse,0.029693878587680116,4
20260910,continuous_h15,15,recursive,motion_available_values,7.230769230769232,4
20260910,continuous_h15,15,recursive,motion_mse,0.002352865842672495,4
20260910,continuous_h15,15,recursive,parsed_pig_count_absolute_error,0.02768399372983437,4
20260910,continuous_h15,15,recursive,parsed_block_count_absolute_error,0.08094965322659566,4
20260910,continuous_h15,30,recursive,mean_available_candidates,13.0,4
20260910,continuous_h15,30,recursive,carrier_mse,0.008622631851512078,4
20260910,continuous_h15,30,recursive,history_available_mse,0.06585709234842886,4
20260910,continuous_h15,30,recursive,prior_elapsed_seconds_mse,7.816775433429239e-05,4
20260910,continuous_h15,30,recursive,availability_bits_mse,0.018121773394970942,4
20260910,continuous_h15,30,recursive,presence_available_values,18.0,4
20260910,continuous_h15,30,recursive,presence_mse,0.0012744488513607602,4
20260910,continuous_h15,30,recursive,kind_available_values,36.0,4
20260910,continuous_h15,30,recursive,kind_mse,0.0007701317058840336,4
20260910,continuous_h15,30,recursive,position_available_values,7.346153846153847,4
20260910,continuous_h15,30,recursive,position_mse,0.030029049111852564,4
20260910,continuous_h15,30,recursive,motion_available_values,7.346153846153847,4
20260910,continuous_h15,30,recursive,motion_mse,0.0010525415575382514,4
20260910,continuous_h15,30,recursive,parsed_pig_count_absolute_error,0.02571121474298147,4
20260910,continuous_h15,30,recursive,parsed_block_count_absolute_error,0.08112404438165519,4
20260910,continuous_h15,60,recursive,mean_available_candidates,13.0,4
20260910,continuous_h15,60,recursive,carrier_mse,0.008470412406425636,4
20260910,continuous_h15,60,recursive,history_available_mse,0.04530153581156181,4
20260910,continuous_h15,60,recursive,prior_elapsed_seconds_mse,0.00019674003082260385,4
20260910,continuous_h15,60,recursive,availability_bits_mse,0.016760970734489653,4
20260910,continuous_h15,60,recursive,presence_available_values,18.0,4
20260910,continuous_h15,60,recursive,presence_mse,0.0024092308079931312,4
20260910,continuous_h15,60,recursive,kind_available_values,36.0,4
20260910,continuous_h15,60,recursive,kind_mse,0.00170293204092349,4
20260910,continuous_h15,60,recursive,position_available_values,7.1923076923076925,4
20260910,continuous_h15,60,recursive,position_mse,0.023652816254000827,4
20260910,continuous_h15,60,recursive,motion_available_values,7.1923076923076925,4
20260910,continuous_h15,60,recursive,motion_mse,0.0015025684271957008,4
20260910,continuous_h15,60,recursive,parsed_pig_count_absolute_error,0.025600086037929244,4
20260910,continuous_h15,60,recursive,parsed_block_count_absolute_error,0.06817756650539544,4
20260910,continuous_h15,150,recursive,mean_available_candidates,13.0,4
20260910,continuous_h15,150,recursive,carrier_mse,0.014537568204104902,4
20260910,continuous_h15,150,recursive,history_available_mse,0.01630621082865848,4
20260910,continuous_h15,150,recursive,prior_elapsed_seconds_mse,0.0007815430409680109,4
20260910,continuous_h15,150,recursive,availability_bits_mse,0.0225343221368698,4
20260910,continuous_h15,150,recursive,presence_available_values,18.0,4
20260910,continuous_h15,150,recursive,presence_mse,0.012975314560417946,4
20260910,continuous_h15,150,recursive,kind_available_values,36.0,4
20260910,continuous_h15,150,recursive,kind_mse,0.007129468717791426,4
20260910,continuous_h15,150,recursive,position_available_values,7.153846153846153,4
20260910,continuous_h15,150,recursive,position_mse,0.02645927984625674,4
20260910,continuous_h15,150,recursive,motion_available_values,7.115384615384615,4
20260910,continuous_h15,150,recursive,motion_mse,0.0033949825424665152,4
20260910,continuous_h15,150,recursive,parsed_pig_count_absolute_error,0.037569567346229,4
20260910,continuous_h15,150,recursive,parsed_block_count_absolute_error,0.14048086049465033,4
20260910,continuous_h15,225,recursive,mean_available_candidates,13.0,4
20260910,continuous_h15,225,recursive,carrier_mse,0.023770309447382506,4
20260910,continuous_h15,225,recursive,history_available_mse,0.0040790924932270385,4
20260910,continuous_h15,225,recursive,prior_elapsed_seconds_mse,0.0006519435509083211,4
20260910,continuous_h15,225,recursive,availability_bits_mse,0.03256749318769345,4
20260910,continuous_h15,225,recursive,presence_available_values,18.0,4
20260910,continuous_h15,225,recursive,presence_mse,0.030378590875233598,4
20260910,continuous_h15,225,recursive,kind_available_values,36.0,4
20260910,continuous_h15,225,recursive,kind_mse,0.013849818219359105,4
20260910,continuous_h15,225,recursive,position_available_values,7.153846153846153,4
20260910,continuous_h15,225,recursive,position_mse,0.03659586046034327,4
20260910,continuous_h15,225,recursive,motion_available_values,7.153846153846153,4
20260910,continuous_h15,225,recursive,motion_mse,0.005093944413462081,4
20260910,continuous_h15,225,recursive,parsed_pig_count_absolute_error,0.05300826912459272,4
20260910,continuous_h15,225,recursive,parsed_block_count_absolute_error,0.2354866249056963,4
20260910,continuous_h15,600,recursive,mean_available_candidates,13.0,4
20260910,continuous_h15,600,recursive,carrier_mse,0.13164006761060312,4
20260910,continuous_h15,600,recursive,history_available_mse,0.04015792422712995,4
20260910,continuous_h15,600,recursive,prior_elapsed_seconds_mse,0.019549847499897275,4
20260910,continuous_h15,600,recursive,availability_bits_mse,0.1457902813473573,4
20260910,continuous_h15,600,recursive,presence_available_values,18.0,4
20260910,continuous_h15,600,recursive,presence_mse,0.2293992469517084,4
20260910,continuous_h15,600,recursive,kind_available_values,36.0,4
20260910,continuous_h15,600,recursive,kind_mse,0.09493770851538733,4
20260910,continuous_h15,600,recursive,position_available_values,7.038461538461538,4
20260910,continuous_h15,600,recursive,position_mse,0.1888803275158772,4
20260910,continuous_h15,600,recursive,motion_available_values,7.038461538461538,4
20260910,continuous_h15,600,recursive,motion_mse,0.10125687743465488,4
20260910,continuous_h15,600,recursive,parsed_pig_count_absolute_error,0.03218148781273227,4
20260910,continuous_h15,600,recursive,parsed_block_count_absolute_error,0.5789698511362076,4
20260910,continuous_h15,15,local,mean_available_candidates,13.0,4
20260910,continuous_h15,15,local,carrier_mse,0.008543350733816624,4
20260910,continuous_h15,15,local,history_available_mse,0.08963536900969651,4
20260910,continuous_h15,15,local,prior_elapsed_seconds_mse,4.716724183358914e-05,4
20260910,continuous_h15,15,local,availability_bits_mse,0.018113314389036253,4
20260910,continuous_h15,15,local,presence_available_values,18.0,4
20260910,continuous_h15,15,local,presence_mse,0.0008319727874969919,4
20260910,continuous_h15,15,local,kind_available_values,36.0,4
20260910,continuous_h15,15,local,kind_mse,0.0005804001784081965,4
20260910,continuous_h15,15,local,position_available_values,7.26923076923077,4
20260910,continuous_h15,15,local,position_mse,0.029693878587680116,4
20260910,continuous_h15,15,local,motion_available_values,7.230769230769232,4
20260910,continuous_h15,15,local,motion_mse,0.002352865842672495,4
20260910,continuous_h15,15,local,parsed_pig_count_absolute_error,0.02768399372983437,4
20260910,continuous_h15,15,local,parsed_block_count_absolute_error,0.08094965322659566,4
20260910,continuous_h15,30,local,mean_available_candidates,13.0,4
20260910,continuous_h15,30,local,carrier_mse,0.0010552658101145285,4
20260910,continuous_h15,30,local,history_available_mse,0.0002908520643445036,4
20260910,continuous_h15,30,local,prior_elapsed_seconds_mse,9.211751585798293e-05,4
20260910,continuous_h15,30,local,availability_bits_mse,0.0019999915286741904,4
20260910,continuous_h15,30,local,presence_available_values,18.0,4
20260910,continuous_h15,30,local,presence_mse,0.00024916219067213556,4
20260910,continuous_h15,30,local,kind_available_values,36.0,4
20260910,continuous_h15,30,local,kind_mse,0.0001644585464908652,4
20260910,continuous_h15,30,local,position_available_values,7.346153846153847,4
20260910,continuous_h15,30,local,position_mse,0.0035564392875620313,4
20260910,continuous_h15,30,local,motion_available_values,7.346153846153847,4
20260910,continuous_h15,30,local,motion_mse,0.0008208766778877291,4
20260910,continuous_h15,30,local,parsed_pig_count_absolute_error,0.007108657155185938,4
20260910,continuous_h15,30,local,parsed_block_count_absolute_error,0.028245728749495286,4
20260910,continuous_h15,60,local,mean_available_candidates,13.0,4
20260910,continuous_h15,60,local,carrier_mse,0.000986806477437942,4
20260910,continuous_h15,60,local,history_available_mse,0.0001761963586418985,4
20260910,continuous_h15,60,local,prior_elapsed_seconds_mse,9.829085766236509e-05,4
20260910,continuous_h15,60,local,availability_bits_mse,0.0018112366255641412,4
20260910,continuous_h15,60,local,presence_available_values,18.0,4
20260910,continuous_h15,60,local,presence_mse,0.00031894332054295,4
20260910,continuous_h15,60,local,kind_available_values,36.0,4
20260910,continuous_h15,60,local,kind_mse,0.00018916274250211872,4
20260910,continuous_h15,60,local,position_available_values,7.1923076923076925,4
20260910,continuous_h15,60,local,position_mse,0.0003022107714339374,4
20260910,continuous_h15,60,local,motion_available_values,7.1923076923076925,4
20260910,continuous_h15,60,local,motion_mse,0.0003167557785603164,4
20260910,continuous_h15,60,local,parsed_pig_count_absolute_error,0.006361379503057553,4
20260910,continuous_h15,60,local,parsed_block_count_absolute_error,0.04584435373544693,4
20260910,continuous_h15,150,local,mean_available_candidates,13.0,4
20260910,continuous_h15,150,local,carrier_mse,0.0011144325264747469,4
20260910,continuous_h15,150,local,history_available_mse,0.00017879375908172245,4
20260910,continuous_h15,150,local,prior_elapsed_seconds_mse,9.914136397198422e-05,4
20260910,continuous_h15,150,local,availability_bits_mse,0.002001309214392677,4
20260910,continuous_h15,150,local,presence_available_values,18.0,4
20260910,continuous_h15,150,local,presence_mse,0.0003018688305299013,4
20260910,continuous_h15,150,local,kind_available_values,36.0,4
20260910,continuous_h15,150,local,kind_mse,0.00026859840405590006,4
20260910,continuous_h15,150,local,position_available_values,7.153846153846153,4
20260910,continuous_h15,150,local,position_mse,0.0014314639094943863,4
20260910,continuous_h15,150,local,motion_available_values,7.115384615384615,4
20260910,continuous_h15,150,local,motion_mse,0.0007741761255601886,4
20260910,continuous_h15,150,local,parsed_pig_count_absolute_error,0.006462774275300594,4
20260910,continuous_h15,150,local,parsed_block_count_absolute_error,0.03453807360850848,4
20260910,continuous_h15,225,local,mean_available_candidates,13.0,4
20260910,continuous_h15,225,local,carrier_mse,0.0018456813172983508,4
20260910,continuous_h15,225,local,history_available_mse,0.00020799389316240337,4
20260910,continuous_h15,225,local,prior_elapsed_seconds_mse,9.660811535748228e-05,4
20260910,continuous_h15,225,local,availability_bits_mse,0.003369548266793852,4
20260910,continuous_h15,225,local,presence_available_values,18.0,4
20260910,continuous_h15,225,local,presence_mse,0.0004408988883929291,4
20260910,continuous_h15,225,local,kind_available_values,36.0,4
20260910,continuous_h15,225,local,kind_mse,0.0002487581962038978,4
20260910,continuous_h15,225,local,position_available_values,7.153846153846153,4
20260910,continuous_h15,225,local,position_mse,0.00030716429822720017,4
20260910,continuous_h15,225,local,motion_available_values,7.153846153846153,4
20260910,continuous_h15,225,local,motion_mse,0.0014337286117482176,4
20260910,continuous_h15,225,local,parsed_pig_count_absolute_error,0.0068352439870628025,4
20260910,continuous_h15,225,local,parsed_block_count_absolute_error,0.0497079027386812,4
20260910,continuous_h15,600,local,mean_available_candidates,13.0,4
20260910,continuous_h15,600,local,carrier_mse,0.001102409807152491,4
20260910,continuous_h15,600,local,history_available_mse,0.00016429649696629684,4
20260910,continuous_h15,600,local,prior_elapsed_seconds_mse,7.93969515615782e-05,4
20260910,continuous_h15,600,local,availability_bits_mse,0.0007551478349621623,4
20260910,continuous_h15,600,local,presence_available_values,18.0,4
20260910,continuous_h15,600,local,presence_mse,0.00028094723053912347,4
20260910,continuous_h15,600,local,kind_available_values,36.0,4
20260910,continuous_h15,600,local,kind_mse,0.000257977732801989,4
20260910,continuous_h15,600,local,position_available_values,7.038461538461538,4
20260910,continuous_h15,600,local,position_mse,0.0003565293532469346,4
20260910,continuous_h15,600,local,motion_available_values,7.038461538461538,4
20260910,continuous_h15,600,local,motion_mse,0.01730941114720526,4
20260910,continuous_h15,600,local,parsed_pig_count_absolute_error,0.007845378015190363,4
20260910,continuous_h15,600,local,parsed_block_count_absolute_error,0.02666923117179137,4
20260910,hybrid_continuous_h1,15,recursive,mean_available_candidates,13.0,4
20260910,hybrid_continuous_h1,15,recursive,carrier_mse,0.02442448177876381,4
20260910,hybrid_continuous_h1,15,recursive,history_available_mse,0.08776254027795333,4
20260910,hybrid_continuous_h1,15,recursive,prior_elapsed_seconds_mse,0.016152827373634167,4
20260910,hybrid_continuous_h1,15,recursive,availability_bits_mse,0.03168234042823315,4
20260910,hybrid_continuous_h1,15,recursive,presence_available_values,18.0,4
20260910,hybrid_continuous_h1,15,recursive,presence_mse,0.032709448204304166,4
20260910,hybrid_continuous_h1,15,recursive,kind_available_values,36.0,4
20260910,hybrid_continuous_h1,15,recursive,kind_mse,0.01984954786558564,4
20260910,hybrid_continuous_h1,15,recursive,position_available_values,7.26923076923077,4
20260910,hybrid_continuous_h1,15,recursive,position_mse,0.024225354257326286,4
20260910,hybrid_continuous_h1,15,recursive,motion_available_values,7.230769230769232,4
20260910,hybrid_continuous_h1,15,recursive,motion_mse,0.01893551183792834,4
20260910,hybrid_continuous_h1,15,recursive,parsed_pig_count_absolute_error,0.053974305995954916,4
20260910,hybrid_continuous_h1,15,recursive,parsed_block_count_absolute_error,0.5481530685837452,4
20260910,hybrid_continuous_h1,30,recursive,mean_available_candidates,13.0,4
20260910,hybrid_continuous_h1,30,recursive,carrier_mse,0.08281893691477868,4
20260910,hybrid_continuous_h1,30,recursive,history_available_mse,0.09377574619765465,4
20260910,hybrid_continuous_h1,30,recursive,prior_elapsed_seconds_mse,0.0852956362785055,4
20260910,hybrid_continuous_h1,30,recursive,availability_bits_mse,0.09052994130895689,4
20260910,hybrid_continuous_h1,30,recursive,presence_available_values,18.0,4
20260910,hybrid_continuous_h1,30,recursive,presence_mse,0.1529870073382671,4
20260910,hybrid_continuous_h1,30,recursive,kind_available_values,36.0,4
20260910,hybrid_continuous_h1,30,recursive,kind_mse,0.08061796699005824,4
20260910,hybrid_continuous_h1,30,recursive,position_available_values,7.346153846153847,4
20260910,hybrid_continuous_h1,30,recursive,position_mse,0.03692221731090775,4
20260910,hybrid_continuous_h1,30,recursive,motion_available_values,7.346153846153847,4
20260910,hybrid_continuous_h1,30,recursive,motion_mse,0.05212157893066223,4
20260910,hybrid_continuous_h1,30,recursive,parsed_pig_count_absolute_error,0.054029826791240625,4
20260910,hybrid_continuous_h1,30,recursive,parsed_block_count_absolute_error,1.1703945788053367,4
20260910,hybrid_continuous_h1,60,recursive,mean_available_candidates,13.0,4
20260910,hybrid_continuous_h1,60,recursive,carrier_mse,0.6089709653304174,4
20260910,hybrid_continuous_h1,60,recursive,history_available_mse,0.11701188895564812,4
20260910,hybrid_continuous_h1,60,recursive,prior_elapsed_seconds_mse,0.6005180225922511,4
20260910,hybrid_continuous_h1,60,recursive,availability_bits_mse,0.6678146112423677,4
20260910,hybrid_continuous_h1,60,recursive,presence_available_values,18.0,4
20260910,hybrid_continuous_h1,60,recursive,presence_mse,1.2658943969469805,4
20260910,hybrid_continuous_h1,60,recursive,kind_available_values,36.0,4
20260910,hybrid_continuous_h1,60,recursive,kind_mse,0.6058150547055098,4
20260910,hybrid_continuous_h1,60,recursive,position_available_values,7.1923076923076925,4
20260910,hybrid_continuous_h1,60,recursive,position_mse,0.3315762218374472,4
20260910,hybrid_continuous_h1,60,recursive,motion_available_values,7.1923076923076925,4
20260910,hybrid_continuous_h1,60,recursive,motion_mse,0.15965084946499422,4
20260910,hybrid_continuous_h1,60,recursive,parsed_pig_count_absolute_error,0.05307455976995139,4
20260910,hybrid_continuous_h1,60,recursive,parsed_block_count_absolute_error,1.4756989473333724,4
20260910,hybrid_continuous_h1,150,recursive,mean_available_candidates,13.0,4
20260910,hybrid_continuous_h1,150,recursive,carrier_mse,584.3429072453425,4
20260910,hybrid_continuous_h1,150,recursive,history_available_mse,21.67690528124009,4
20260910,hybrid_continuous_h1,150,recursive,prior_elapsed_seconds_mse,1046.284189077524,4
20260910,hybrid_continuous_h1,150,recursive,availability_bits_mse,589.1082141582783,4
20260910,hybrid_continuous_h1,150,recursive,presence_available_values,18.0,4
20260910,hybrid_continuous_h1,150,recursive,presence_mse,777.7916283240686,4
20260910,hybrid_continuous_h1,150,recursive,kind_available_values,36.0,4
20260910,hybrid_continuous_h1,150,recursive,kind_mse,737.9265324519231,4
20260910,hybrid_continuous_h1,150,recursive,position_available_values,7.153846153846153,4
20260910,hybrid_continuous_h1,150,recursive,position_mse,934.251696073092,4
20260910,hybrid_continuous_h1,150,recursive,motion_available_values,7.115384615384615,4
20260910,hybrid_continuous_h1,150,recursive,motion_mse,439.45659754826477,4
20260910,hybrid_continuous_h1,150,recursive,parsed_pig_count_absolute_error,0.05342316806602936,4
20260910,hybrid_continuous_h1,150,recursive,parsed_block_count_absolute_error,2.2928368603953944,4
20260910,hybrid_continuous_h1,225,recursive,mean_available_candidates,13.0,4
20260910,hybrid_continuous_h1,225,recursive,carrier_mse,2843.981459397536,4
20260910,hybrid_continuous_h1,225,recursive,history_available_mse,138.82904828798314,4
20260910,hybrid_continuous_h1,225,recursive,prior_elapsed_seconds_mse,4053.0010364239033,4
20260910,hybrid_continuous_h1,225,recursive,availability_bits_mse,3010.0590209960938,4
20260910,hybrid_continuous_h1,225,recursive,presence_available_values,18.0,4
20260910,hybrid_continuous_h1,225,recursive,presence_mse,3189.2823462853066,4
20260910,hybrid_continuous_h1,225,recursive,kind_available_values,36.0,4
20260910,hybrid_continuous_h1,225,recursive,kind_mse,3197.169691819411,4
20260910,hybrid_continuous_h1,225,recursive,position_available_values,7.153846153846153,4
20260910,hybrid_continuous_h1,225,recursive,position_mse,4755.788769061749,4
20260910,hybrid_continuous_h1,225,recursive,motion_available_values,7.153846153846153,4
20260910,hybrid_continuous_h1,225,recursive,motion_mse,1862.9647604135366,4
20260910,hybrid_continuous_h1,225,recursive,parsed_pig_count_absolute_error,0.05472629345380342,4
20260910,hybrid_continuous_h1,225,recursive,parsed_block_count_absolute_error,2.1446458691587815,4
20260910,hybrid_continuous_h1,600,recursive,mean_available_candidates,13.0,4
20260910,hybrid_continuous_h1,600,recursive,carrier_mse,39237.967848557695,4
20260910,hybrid_continuous_h1,600,recursive,history_available_mse,15653.708634303164,4
20260910,hybrid_continuous_h1,600,recursive,prior_elapsed_seconds_mse,39881.91670109675,4
20260910,hybrid_continuous_h1,600,recursive,availability_bits_mse,43339.733924278844,4
20260910,hybrid_continuous_h1,600,recursive,presence_available_values,18.0,4
20260910,hybrid_continuous_h1,600,recursive,presence_mse,42528.06426532452,4
20260910,hybrid_continuous_h1,600,recursive,kind_available_values,36.0,4
20260910,hybrid_continuous_h1,600,recursive,kind_mse,42294.58924278846,4
20260910,hybrid_continuous_h1,600,recursive,position_available_values,7.038461538461538,4
20260910,hybrid_continuous_h1,600,recursive,position_mse,55373.243952824516,4
20260910,hybrid_continuous_h1,600,recursive,motion_available_values,7.038461538461538,4
20260910,hybrid_continuous_h1,600,recursive,motion_mse,16273.539776141826,4
20260910,hybrid_continuous_h1,600,recursive,parsed_pig_count_absolute_error,0.05352701390018829,4
20260910,hybrid_continuous_h1,600,recursive,parsed_block_count_absolute_error,2.7022423641039777,4
20260910,hybrid_continuous_h1,15,local,mean_available_candidates,13.0,4
20260910,hybrid_continuous_h1,15,local,carrier_mse,0.000654357256280491,4
20260910,hybrid_continuous_h1,15,local,history_available_mse,0.00165310145404454,4
20260910,hybrid_continuous_h1,15,local,prior_elapsed_seconds_mse,5.69529119726844e-05,4
20260910,hybrid_continuous_h1,15,local,availability_bits_mse,0.0008032747523080056,4
20260910,hybrid_continuous_h1,15,local,presence_available_values,18.0,4
20260910,hybrid_continuous_h1,15,local,presence_mse,0.00021265443235908885,4
20260910,hybrid_continuous_h1,15,local,kind_available_values,36.0,4
20260910,hybrid_continuous_h1,15,local,kind_mse,0.00018326427198189776,4
20260910,hybrid_continuous_h1,15,local,position_available_values,7.26923076923077,4
20260910,hybrid_continuous_h1,15,local,position_mse,0.0019766658648362728,4
20260910,hybrid_continuous_h1,15,local,motion_available_values,7.230769230769232,4
20260910,hybrid_continuous_h1,15,local,motion_mse,0.0034545599247884145,4
20260910,hybrid_continuous_h1,15,local,parsed_pig_count_absolute_error,0.01441289079733766,4
20260910,hybrid_continuous_h1,15,local,parsed_block_count_absolute_error,0.020239785886727847,4
20260910,hybrid_continuous_h1,30,local,mean_available_candidates,13.0,4
20260910,hybrid_continuous_h1,30,local,carrier_mse,0.0002552024066412392,4
20260910,hybrid_continuous_h1,30,local,history_available_mse,0.0016608517545626876,4
20260910,hybrid_continuous_h1,30,local,prior_elapsed_seconds_mse,4.940472926799824e-05,4
20260910,hybrid_continuous_h1,30,local,availability_bits_mse,0.00022618742458199942,4
20260910,hybrid_continuous_h1,30,local,presence_available_values,18.0,4
20260910,hybrid_continuous_h1,30,local,presence_mse,0.00018437345282179126,4
20260910,hybrid_continuous_h1,30,local,kind_available_values,36.0,4
20260910,hybrid_continuous_h1,30,local,kind_mse,0.00013751778897130862,4
20260910,hybrid_continuous_h1,30,local,position_available_values,7.346153846153847,4
20260910,hybrid_continuous_h1,30,local,position_mse,0.00011004142449494862,4
20260910,hybrid_continuous_h1,30,local,motion_available_values,7.346153846153847,4
20260910,hybrid_continuous_h1,30,local,motion_mse,0.0012419952813965771,4
20260910,hybrid_continuous_h1,30,local,parsed_pig_count_absolute_error,0.015633403251950558,4
20260910,hybrid_continuous_h1,30,local,parsed_block_count_absolute_error,0.019633553349054776,4
20260910,hybrid_continuous_h1,60,local,mean_available_candidates,13.0,4
20260910,hybrid_continuous_h1,60,local,carrier_mse,0.0002584061375483333,4
20260910,hybrid_continuous_h1,60,local,history_available_mse,0.0016235761836119655,4
20260910,hybrid_continuous_h1,60,local,prior_elapsed_seconds_mse,4.834070127056014e-05,4
20260910,hybrid_continuous_h1,60,local,availability_bits_mse,0.0002263957402856949,4
20260910,hybrid_continuous_h1,60,local,presence_available_values,18.0,4
20260910,hybrid_continuous_h1,60,local,presence_mse,0.00018568316283143268,4
20260910,hybrid_continuous_h1,60,local,kind_available_values,36.0,4
20260910,hybrid_continuous_h1,60,local,kind_mse,0.00013634906687142435,4
20260910,hybrid_continuous_h1,60,local,position_available_values,7.1923076923076925,4
20260910,hybrid_continuous_h1,60,local,position_mse,0.00010771046981972175,4
20260910,hybrid_continuous_h1,60,local,motion_available_values,7.1923076923076925,4
20260910,hybrid_continuous_h1,60,local,motion_mse,0.0013370609656424047,4
20260910,hybrid_continuous_h1,60,local,parsed_pig_count_absolute_error,0.015468835114286494,4
20260910,hybrid_continuous_h1,60,local,parsed_block_count_absolute_error,0.020389818801329687,4
20260910,hybrid_continuous_h1,150,local,mean_available_candidates,13.0,4
20260910,hybrid_continuous_h1,150,local,carrier_mse,0.0005748649679075102,4
20260910,hybrid_continuous_h1,150,local,history_available_mse,0.0015633255401413546,4
20260910,hybrid_continuous_h1,150,local,prior_elapsed_seconds_mse,5.0257776356998054e-05,4
20260910,hybrid_continuous_h1,150,local,availability_bits_mse,0.0008144672459680946,4
20260910,hybrid_continuous_h1,150,local,presence_available_values,18.0,4
20260910,hybrid_continuous_h1,150,local,presence_mse,0.00019165445057576738,4
20260910,hybrid_continuous_h1,150,local,kind_available_values,36.0,4
20260910,hybrid_continuous_h1,150,local,kind_mse,0.00015825043626066943,4
20260910,hybrid_continuous_h1,150,local,position_available_values,7.153846153846153,4
20260910,hybrid_continuous_h1,150,local,position_mse,0.0011980117391990812,4
20260910,hybrid_continuous_h1,150,local,motion_available_values,7.115384615384615,4
20260910,hybrid_continuous_h1,150,local,motion_mse,0.0017444553959649056,4
20260910,hybrid_continuous_h1,150,local,parsed_pig_count_absolute_error,0.015231720171868801,4
20260910,hybrid_continuous_h1,150,local,parsed_block_count_absolute_error,0.022048766223283913,4
20260910,hybrid_continuous_h1,225,local,mean_available_candidates,13.0,4
20260910,hybrid_continuous_h1,225,local,carrier_mse,0.0002844451521993436,4
20260910,hybrid_continuous_h1,225,local,history_available_mse,0.0015156554249572834,4
20260910,hybrid_continuous_h1,225,local,prior_elapsed_seconds_mse,4.6724764552244284e-05,4
20260910,hybrid_continuous_h1,225,local,availability_bits_mse,0.00022464622368436091,4
20260910,hybrid_continuous_h1,225,local,presence_available_values,18.0,4
20260910,hybrid_continuous_h1,225,local,presence_mse,0.0002021500320272305,4
20260910,hybrid_continuous_h1,225,local,kind_available_values,36.0,4
20260910,hybrid_continuous_h1,225,local,kind_mse,0.00015618599438592076,4
20260910,hybrid_continuous_h1,225,local,position_available_values,7.153846153846153,4
20260910,hybrid_continuous_h1,225,local,position_mse,0.00011052612920208889,4
20260910,hybrid_continuous_h1,225,local,motion_available_values,7.153846153846153,4
20260910,hybrid_continuous_h1,225,local,motion_mse,0.0019812166395310597,4
20260910,hybrid_continuous_h1,225,local,parsed_pig_count_absolute_error,0.015524665180307167,4
20260910,hybrid_continuous_h1,225,local,parsed_block_count_absolute_error,0.025954462587833405,4
20260910,hybrid_continuous_h1,600,local,mean_available_candidates,13.0,4
20260910,hybrid_continuous_h1,600,local,carrier_mse,0.0006656388462803219,4
20260910,hybrid_continuous_h1,600,local,history_available_mse,0.0015031469630894907,4
20260910,hybrid_continuous_h1,600,local,prior_elapsed_seconds_mse,0.00023577813966571334,4
20260910,hybrid_continuous_h1,600,local,availability_bits_mse,0.00031817365575429553,4
20260910,hybrid_continuous_h1,600,local,presence_available_values,18.0,4
20260910,hybrid_continuous_h1,600,local,presence_mse,0.00032992045509252837,4
20260910,hybrid_continuous_h1,600,local,kind_available_values,36.0,4
20260910,hybrid_continuous_h1,600,local,kind_mse,0.00025876839600431803,4
20260910,hybrid_continuous_h1,600,local,position_available_values,7.038461538461538,4
20260910,hybrid_continuous_h1,600,local,position_mse,0.0001547738284688631,4
20260910,hybrid_continuous_h1,600,local,motion_available_values,7.038461538461538,4
20260910,hybrid_continuous_h1,600,local,motion_mse,0.00964399315573526,4
20260910,hybrid_continuous_h1,600,local,parsed_pig_count_absolute_error,0.015702948690606996,4
20260910,hybrid_continuous_h1,600,local,parsed_block_count_absolute_error,0.022485153606304754,4
20260910,hybrid_micro_h1,15,recursive,mean_available_candidates,13.0,4
20260910,hybrid_micro_h1,15,recursive,carrier_mse,0.025205121375620365,4
20260910,hybrid_micro_h1,15,recursive,history_available_mse,0.09451223021516433,4
20260910,hybrid_micro_h1,15,recursive,prior_elapsed_seconds_mse,0.024637758427371197,4
20260910,hybrid_micro_h1,15,recursive,availability_bits_mse,0.032506128844733424,4
20260910,hybrid_micro_h1,15,recursive,presence_available_values,18.0,4
20260910,hybrid_micro_h1,15,recursive,presence_mse,0.031537408725573465,4
20260910,hybrid_micro_h1,15,recursive,kind_available_values,36.0,4
20260910,hybrid_micro_h1,15,recursive,kind_mse,0.020989488129718945,4
20260910,hybrid_micro_h1,15,recursive,position_available_values,7.26923076923077,4
20260910,hybrid_micro_h1,15,recursive,position_mse,0.025475852012347717,4
20260910,hybrid_micro_h1,15,recursive,motion_available_values,7.230769230769232,4
20260910,hybrid_micro_h1,15,recursive,motion_mse,0.015538119478151202,4
20260910,hybrid_micro_h1,15,recursive,parsed_pig_count_absolute_error,0.053974305995954916,4
20260910,hybrid_micro_h1,15,recursive,parsed_block_count_absolute_error,0.5678904039355426,4
20260910,hybrid_micro_h1,30,recursive,mean_available_candidates,13.0,4
20260910,hybrid_micro_h1,30,recursive,carrier_mse,0.08575949574319217,4
20260910,hybrid_micro_h1,30,recursive,history_available_mse,0.10415633366658138,4
20260910,hybrid_micro_h1,30,recursive,prior_elapsed_seconds_mse,0.12939405154723385,4
20260910,hybrid_micro_h1,30,recursive,availability_bits_mse,0.09265322968936883,4
20260910,hybrid_micro_h1,30,recursive,presence_available_values,18.0,4
20260910,hybrid_micro_h1,30,recursive,presence_mse,0.14876411196130973,4
20260910,hybrid_micro_h1,30,recursive,kind_available_values,36.0,4
20260910,hybrid_micro_h1,30,recursive,kind_mse,0.08533290988550736,4
20260910,hybrid_micro_h1,30,recursive,position_available_values,7.346153846153847,4
20260910,hybrid_micro_h1,30,recursive,position_mse,0.03832499177839893,4
20260910,hybrid_micro_h1,30,recursive,motion_available_values,7.346153846153847,4
20260910,hybrid_micro_h1,30,recursive,motion_mse,0.04900526692374395,4
20260910,hybrid_micro_h1,30,recursive,parsed_pig_count_absolute_error,0.054029826791240625,4
20260910,hybrid_micro_h1,30,recursive,parsed_block_count_absolute_error,1.1610684807483966,4
20260910,hybrid_micro_h1,60,recursive,mean_available_candidates,13.0,4
20260910,hybrid_micro_h1,60,recursive,carrier_mse,0.6421988491828625,4
20260910,hybrid_micro_h1,60,recursive,history_available_mse,0.108088932501582,4
20260910,hybrid_micro_h1,60,recursive,prior_elapsed_seconds_mse,1.1322879642248154,4
20260910,hybrid_micro_h1,60,recursive,availability_bits_mse,0.6931603768697152,4
20260910,hybrid_micro_h1,60,recursive,presence_available_values,18.0,4
20260910,hybrid_micro_h1,60,recursive,presence_mse,1.3448282319765825,4
20260910,hybrid_micro_h1,60,recursive,kind_available_values,36.0,4
20260910,hybrid_micro_h1,60,recursive,kind_mse,0.6163747677436242,4
20260910,hybrid_micro_h1,60,recursive,position_available_values,7.1923076923076925,4
20260910,hybrid_micro_h1,60,recursive,position_mse,0.30096454030046094,4
20260910,hybrid_micro_h1,60,recursive,motion_available_values,7.1923076923076925,4
20260910,hybrid_micro_h1,60,recursive,motion_mse,0.14628745443545854,4
20260910,hybrid_micro_h1,60,recursive,parsed_pig_count_absolute_error,0.05307455976995139,4
20260910,hybrid_micro_h1,60,recursive,parsed_block_count_absolute_error,1.5761964452954438,4
20260910,hybrid_micro_h1,150,recursive,mean_available_candidates,13.0,4
20260910,hybrid_micro_h1,150,recursive,carrier_mse,658.7601142296425,4
20260910,hybrid_micro_h1,150,recursive,history_available_mse,59.760641931378174,4
20260910,hybrid_micro_h1,150,recursive,prior_elapsed_seconds_mse,1144.4577818650466,4
20260910,hybrid_micro_h1,150,recursive,availability_bits_mse,684.1829082782452,4
20260910,hybrid_micro_h1,150,recursive,presence_available_values,18.0,4
20260910,hybrid_micro_h1,150,recursive,presence_mse,925.8434377817007,4
20260910,hybrid_micro_h1,150,recursive,kind_available_values,36.0,4
20260910,hybrid_micro_h1,150,recursive,kind_mse,764.0540219820464,4
20260910,hybrid_micro_h1,150,recursive,position_available_values,7.153846153846153,4
20260910,hybrid_micro_h1,150,recursive,position_mse,968.7948344304011,4
20260910,hybrid_micro_h1,150,recursive,motion_available_values,7.115384615384615,4
20260910,hybrid_micro_h1,150,recursive,motion_mse,527.2427638127253,4
20260910,hybrid_micro_h1,150,recursive,parsed_pig_count_absolute_error,0.05342316806602936,4
20260910,hybrid_micro_h1,150,recursive,parsed_block_count_absolute_error,2.539722989958066,4
20260910,hybrid_micro_h1,225,recursive,mean_available_candidates,13.0,4
20260910,hybrid_micro_h1,225,recursive,carrier_mse,2982.1324322040264,4
20260910,hybrid_micro_h1,225,recursive,history_available_mse,139.90361408086923,4
20260910,hybrid_micro_h1,225,recursive,prior_elapsed_seconds_mse,4244.914483877328,4
20260910,hybrid_micro_h1,225,recursive,availability_bits_mse,3174.39546086238,4
20260910,hybrid_micro_h1,225,recursive,presence_available_values,18.0,4
20260910,hybrid_micro_h1,225,recursive,presence_mse,3343.114729661208,4
20260910,hybrid_micro_h1,225,recursive,kind_available_values,36.0,4
20260910,hybrid_micro_h1,225,recursive,kind_mse,3252.542513333834,4
20260910,hybrid_micro_h1,225,recursive,position_available_values,7.153846153846153,4
20260910,hybrid_micro_h1,225,recursive,position_mse,5055.4058509239785,4
20260910,hybrid_micro_h1,225,recursive,motion_available_values,7.153846153846153,4
20260910,hybrid_micro_h1,225,recursive,motion_mse,2009.6314075176533,4
20260910,hybrid_micro_h1,225,recursive,parsed_pig_count_absolute_error,0.05472629345380342,4
20260910,hybrid_micro_h1,225,recursive,parsed_block_count_absolute_error,2.4323316623385134,4
20260910,hybrid_micro_h1,600,recursive,mean_available_candidates,13.0,4
20260910,hybrid_micro_h1,600,recursive,carrier_mse,38975.50135216346,4
20260910,hybrid_micro_h1,600,recursive,history_available_mse,14973.466175959662,4
20260910,hybrid_micro_h1,600,recursive,prior_elapsed_seconds_mse,39275.08140798715,4
20260910,hybrid_micro_h1,600,recursive,availability_bits_mse,41877.43246694711,4
20260910,hybrid_micro_h1,600,recursive,presence_available_values,18.0,4
20260910,hybrid_micro_h1,600,recursive,presence_mse,37389.62849308894,4
20260910,hybrid_micro_h1,600,recursive,kind_available_values,36.0,4
20260910,hybrid_micro_h1,600,recursive,kind_mse,42740.39438100962,4
20260910,hybrid_micro_h1,600,recursive,position_available_values,7.038461538461538,4
20260910,hybrid_micro_h1,600,recursive,position_mse,58065.200157752406,4
20260910,hybrid_micro_h1,600,recursive,motion_available_values,7.038461538461538,4
20260910,hybrid_micro_h1,600,recursive,motion_mse,18562.5656644381,4
20260910,hybrid_micro_h1,600,recursive,parsed_pig_count_absolute_error,0.2695515701690545,4
20260910,hybrid_micro_h1,600,recursive,parsed_block_count_absolute_error,3.1223671424847383,4
20260910,hybrid_micro_h1,15,local,mean_available_candidates,13.0,4
20260910,hybrid_micro_h1,15,local,carrier_mse,0.0006341232986484941,4
20260910,hybrid_micro_h1,15,local,history_available_mse,0.0016500340167252805,4
20260910,hybrid_micro_h1,15,local,prior_elapsed_seconds_mse,2.3309780539911754e-05,4
20260910,hybrid_micro_h1,15,local,availability_bits_mse,0.0008173245914804284,4
20260910,hybrid_micro_h1,15,local,presence_available_values,18.0,4
20260910,hybrid_micro_h1,15,local,presence_mse,0.0001953137177154601,4
20260910,hybrid_micro_h1,15,local,kind_available_values,36.0,4
20260910,hybrid_micro_h1,15,local,kind_mse,0.00017579861308219662,4
20260910,hybrid_micro_h1,15,local,position_available_values,7.26923076923077,4
20260910,hybrid_micro_h1,15,local,position_mse,0.001972302767451485,4
20260910,hybrid_micro_h1,15,local,motion_available_values,7.230769230769232,4
20260910,hybrid_micro_h1,15,local,motion_mse,0.00298391399533452,4
20260910,hybrid_micro_h1,15,local,parsed_pig_count_absolute_error,0.01258891989262058,4
20260910,hybrid_micro_h1,15,local,parsed_block_count_absolute_error,0.020740947471215177,4
20260910,hybrid_micro_h1,30,local,mean_available_candidates,13.0,4
20260910,hybrid_micro_h1,30,local,carrier_mse,0.00023609736392525237,4
20260910,hybrid_micro_h1,30,local,history_available_mse,0.0016400382375230456,4
20260910,hybrid_micro_h1,30,local,prior_elapsed_seconds_mse,1.3960194111740396e-05,4
20260910,hybrid_micro_h1,30,local,availability_bits_mse,0.0002431947474318664,4
20260910,hybrid_micro_h1,30,local,presence_available_values,18.0,4
20260910,hybrid_micro_h1,30,local,presence_mse,0.0001641628456966898,4
20260910,hybrid_micro_h1,30,local,kind_available_values,36.0,4
20260910,hybrid_micro_h1,30,local,kind_mse,0.00012796081332803273,4
20260910,hybrid_micro_h1,30,local,position_available_values,7.346153846153847,4
20260910,hybrid_micro_h1,30,local,position_mse,0.00011222943472743142,4
20260910,hybrid_micro_h1,30,local,motion_available_values,7.346153846153847,4
20260910,hybrid_micro_h1,30,local,motion_mse,0.0008040469105113656,4
20260910,hybrid_micro_h1,30,local,parsed_pig_count_absolute_error,0.013610952891982518,4
20260910,hybrid_micro_h1,30,local,parsed_block_count_absolute_error,0.01964967525922335,4
20260910,hybrid_micro_h1,60,local,mean_available_candidates,13.0,4
20260910,hybrid_micro_h1,60,local,carrier_mse,0.00023888700105509578,4
20260910,hybrid_micro_h1,60,local,history_available_mse,0.001600262625148529,4
20260910,hybrid_micro_h1,60,local,prior_elapsed_seconds_mse,1.2054699748529008e-05,4
20260910,hybrid_micro_h1,60,local,availability_bits_mse,0.00024382054582999373,4
20260910,hybrid_micro_h1,60,local,presence_available_values,18.0,4
20260910,hybrid_micro_h1,60,local,presence_mse,0.00016532869043518216,4
20260910,hybrid_micro_h1,60,local,kind_available_values,36.0,4
20260910,hybrid_micro_h1,60,local,kind_mse,0.0001269833726557688,4
20260910,hybrid_micro_h1,60,local,position_available_values,7.1923076923076925,4
20260910,hybrid_micro_h1,60,local,position_mse,0.00011044957934175796,4
20260910,hybrid_micro_h1,60,local,motion_available_values,7.1923076923076925,4
20260910,hybrid_micro_h1,60,local,motion_mse,0.0008738808733491729,4
20260910,hybrid_micro_h1,60,local,parsed_pig_count_absolute_error,0.013463678841407482,4
20260910,hybrid_micro_h1,60,local,parsed_block_count_absolute_error,0.020620348361822277,4
20260910,hybrid_micro_h1,150,local,mean_available_candidates,13.0,4
20260910,hybrid_micro_h1,150,local,carrier_mse,0.0005577621847735896,4
20260910,hybrid_micro_h1,150,local,history_available_mse,0.0015409676549237561,4
20260910,hybrid_micro_h1,150,local,prior_elapsed_seconds_mse,1.3751136261094436e-05,4
20260910,hybrid_micro_h1,150,local,availability_bits_mse,0.0008346499271283391,4
20260910,hybrid_micro_h1,150,local,presence_available_values,18.0,4
20260910,hybrid_micro_h1,150,local,presence_mse,0.00017262051495401046,4
20260910,hybrid_micro_h1,150,local,kind_available_values,36.0,4
20260910,hybrid_micro_h1,150,local,kind_mse,0.0001494312098377402,4
20260910,hybrid_micro_h1,150,local,position_available_values,7.153846153846153,4
20260910,hybrid_micro_h1,150,local,position_mse,0.001222174364766733,4
20260910,hybrid_micro_h1,150,local,motion_available_values,7.115384615384615,4
20260910,hybrid_micro_h1,150,local,motion_mse,0.0013025557250679973,4
20260910,hybrid_micro_h1,150,local,parsed_pig_count_absolute_error,0.013259567105426239,4
20260910,hybrid_micro_h1,150,local,parsed_block_count_absolute_error,0.022121710846057307,4
20260910,hybrid_micro_h1,225,local,mean_available_candidates,13.0,4
20260910,hybrid_micro_h1,225,local,carrier_mse,0.0002676237516145473,4
20260910,hybrid_micro_h1,225,local,history_available_mse,0.0014965579662552604,4
20260910,hybrid_micro_h1,225,local,prior_elapsed_seconds_mse,1.2188190243528778e-05,4
20260910,hybrid_micro_h1,225,local,availability_bits_mse,0.00024234337419889367,4
20260910,hybrid_micro_h1,225,local,presence_available_values,18.0,4
20260910,hybrid_micro_h1,225,local,presence_mse,0.00018389754488732878,4
20260910,hybrid_micro_h1,225,local,kind_available_values,36.0,4
20260910,hybrid_micro_h1,225,local,kind_mse,0.00014645442444396814,4
20260910,hybrid_micro_h1,225,local,position_available_values,7.153846153846153,4
20260910,hybrid_micro_h1,225,local,position_mse,0.00011192751117050649,4
20260910,hybrid_micro_h1,225,local,motion_available_values,7.153846153846153,4
20260910,hybrid_micro_h1,225,local,motion_mse,0.0015989396555456691,4
20260910,hybrid_micro_h1,225,local,parsed_pig_count_absolute_error,0.013586557971743437,4
20260910,hybrid_micro_h1,225,local,parsed_block_count_absolute_error,0.0260274364398076,4
20260910,hybrid_micro_h1,600,local,mean_available_candidates,13.0,4
20260910,hybrid_micro_h1,600,local,carrier_mse,0.0006659676358909705,4
20260910,hybrid_micro_h1,600,local,history_available_mse,0.00153165605238078,4
20260910,hybrid_micro_h1,600,local,prior_elapsed_seconds_mse,0.00022841013729120346,4
20260910,hybrid_micro_h1,600,local,availability_bits_mse,0.00033871193507086276,4
20260910,hybrid_micro_h1,600,local,presence_available_values,18.0,4
20260910,hybrid_micro_h1,600,local,presence_mse,0.00031461414269310457,4
20260910,hybrid_micro_h1,600,local,kind_available_values,36.0,4
20260910,hybrid_micro_h1,600,local,kind_mse,0.00025158171550943877,4
20260910,hybrid_micro_h1,600,local,position_available_values,7.038461538461538,4
20260910,hybrid_micro_h1,600,local,position_mse,0.00015706579870311543,4
20260910,hybrid_micro_h1,600,local,motion_available_values,7.038461538461538,4
20260910,hybrid_micro_h1,600,local,motion_mse,0.009629343511523284,4
20260910,hybrid_micro_h1,600,local,parsed_pig_count_absolute_error,0.013858681401381126,4
20260910,hybrid_micro_h1,600,local,parsed_block_count_absolute_error,0.022852668968530804,4
20260910,hybrid_macro_h1,15,recursive,mean_available_candidates,13.0,4
20260910,hybrid_macro_h1,15,recursive,carrier_mse,0.027275693961060964,4
20260910,hybrid_macro_h1,15,recursive,history_available_mse,0.0796443705375378,4
20260910,hybrid_macro_h1,15,recursive,prior_elapsed_seconds_mse,0.0034993390413896684,4
20260910,hybrid_macro_h1,15,recursive,availability_bits_mse,0.035458661042726956,4
20260910,hybrid_macro_h1,15,recursive,presence_available_values,18.0,4
20260910,hybrid_macro_h1,15,recursive,presence_mse,0.021218013412390765,4
20260910,hybrid_macro_h1,15,recursive,kind_available_values,36.0,4
20260910,hybrid_macro_h1,15,recursive,kind_mse,0.024948825020916186,4
20260910,hybrid_macro_h1,15,recursive,position_available_values,7.26923076923077,4
20260910,hybrid_macro_h1,15,recursive,position_mse,0.05537527985870838,4
20260910,hybrid_macro_h1,15,recursive,motion_available_values,7.230769230769232,4
20260910,hybrid_macro_h1,15,recursive,motion_mse,0.022737084010329384,4
20260910,hybrid_macro_h1,15,recursive,parsed_pig_count_absolute_error,0.028250809042499617,4
20260910,hybrid_macro_h1,15,recursive,parsed_block_count_absolute_error,0.23560766245310122,4
20260910,hybrid_macro_h1,30,recursive,mean_available_candidates,13.0,4
20260910,hybrid_macro_h1,30,recursive,carrier_mse,0.10367032885551453,4
20260910,hybrid_macro_h1,30,recursive,history_available_mse,0.12360022045098819,4
20260910,hybrid_macro_h1,30,recursive,prior_elapsed_seconds_mse,0.0006259060115551252,4
20260910,hybrid_macro_h1,30,recursive,availability_bits_mse,0.11284751817584038,4
20260910,hybrid_macro_h1,30,recursive,presence_available_values,18.0,4
20260910,hybrid_macro_h1,30,recursive,presence_mse,0.11223519765413725,4
20260910,hybrid_macro_h1,30,recursive,kind_available_values,36.0,4
20260910,hybrid_macro_h1,30,recursive,kind_mse,0.11424295045435429,4
20260910,hybrid_macro_h1,30,recursive,position_available_values,7.346153846153847,4
20260910,hybrid_macro_h1,30,recursive,position_mse,0.14753487118734765,4
20260910,hybrid_macro_h1,30,recursive,motion_available_values,7.346153846153847,4
20260910,hybrid_macro_h1,30,recursive,motion_mse,0.08040311622719926,4
20260910,hybrid_macro_h1,30,recursive,parsed_pig_count_absolute_error,0.054029826791240625,4
20260910,hybrid_macro_h1,30,recursive,parsed_block_count_absolute_error,0.5333248239297134,4
20260910,hybrid_macro_h1,60,recursive,mean_available_candidates,13.0,4
20260910,hybrid_macro_h1,60,recursive,carrier_mse,0.8809226075044045,4
20260910,hybrid_macro_h1,60,recursive,history_available_mse,0.49992817869553197,4
20260910,hybrid_macro_h1,60,recursive,prior_elapsed_seconds_mse,0.029997887170443747,4
20260910,hybrid_macro_h1,60,recursive,availability_bits_mse,0.8975770072295116,4
20260910,hybrid_macro_h1,60,recursive,presence_available_values,18.0,4
20260910,hybrid_macro_h1,60,recursive,presence_mse,1.1580793605400965,4
20260910,hybrid_macro_h1,60,recursive,kind_available_values,36.0,4
20260910,hybrid_macro_h1,60,recursive,kind_mse,1.0181635916233063,4
20260910,hybrid_macro_h1,60,recursive,position_available_values,7.1923076923076925,4
20260910,hybrid_macro_h1,60,recursive,position_mse,1.008242902847437,4
20260910,hybrid_macro_h1,60,recursive,motion_available_values,7.1923076923076925,4
20260910,hybrid_macro_h1,60,recursive,motion_mse,0.5948840543054617,4
20260910,hybrid_macro_h1,60,recursive,parsed_pig_count_absolute_error,0.05307455976995139,4
20260910,hybrid_macro_h1,60,recursive,parsed_block_count_absolute_error,1.0934855175706057,4
20260910,hybrid_macro_h1,150,recursive,mean_available_candidates,13.0,4
20260910,hybrid_macro_h1,150,recursive,carrier_mse,243.26715704110953,4
20260910,hybrid_macro_h1,150,recursive,history_available_mse,12.41553203876202,4
20260910,hybrid_macro_h1,150,recursive,prior_elapsed_seconds_mse,562.5393794133113,4
20260910,hybrid_macro_h1,150,recursive,availability_bits_mse,239.16329897367035,4
20260910,hybrid_macro_h1,150,recursive,presence_available_values,18.0,4
20260910,hybrid_macro_h1,150,recursive,presence_mse,342.23912635216345,4
20260910,hybrid_macro_h1,150,recursive,kind_available_values,36.0,4
20260910,hybrid_macro_h1,150,recursive,kind_mse,286.76313635019153,4
20260910,hybrid_macro_h1,150,recursive,position_available_values,7.153846153846153,4
20260910,hybrid_macro_h1,150,recursive,position_mse,492.5573278573843,4
20260910,hybrid_macro_h1,150,recursive,motion_available_values,7.115384615384615,4
20260910,hybrid_macro_h1,150,recursive,motion_mse,163.20385023263785,4
20260910,hybrid_macro_h1,150,recursive,parsed_pig_count_absolute_error,0.05342316806602936,4
20260910,hybrid_macro_h1,150,recursive,parsed_block_count_absolute_error,0.8398973454649632,4
20260910,hybrid_macro_h1,225,recursive,mean_available_candidates,13.0,4
20260910,hybrid_macro_h1,225,recursive,carrier_mse,1969.513615534856,4
20260910,hybrid_macro_h1,225,recursive,history_available_mse,445.51587266188403,4
20260910,hybrid_macro_h1,225,recursive,prior_elapsed_seconds_mse,2530.1544447678784,4
20260910,hybrid_macro_h1,225,recursive,availability_bits_mse,1872.0594998873198,4
20260910,hybrid_macro_h1,225,recursive,presence_available_values,18.0,4
20260910,hybrid_macro_h1,225,recursive,presence_mse,2562.391094501202,4
20260910,hybrid_macro_h1,225,recursive,kind_available_values,36.0,4
20260910,hybrid_macro_h1,225,recursive,kind_mse,2250.6631305401143,4
20260910,hybrid_macro_h1,225,recursive,position_available_values,7.153846153846153,4
20260910,hybrid_macro_h1,225,recursive,position_mse,4328.535990788387,4
20260910,hybrid_macro_h1,225,recursive,motion_available_values,7.153846153846153,4
20260910,hybrid_macro_h1,225,recursive,motion_mse,1057.7297222430889,4
20260910,hybrid_macro_h1,225,recursive,parsed_pig_count_absolute_error,0.05472629345380342,4
20260910,hybrid_macro_h1,225,recursive,parsed_block_count_absolute_error,1.097964845597744,4
20260910,hybrid_macro_h1,600,recursive,mean_available_candidates,13.0,4
20260910,hybrid_macro_h1,600,recursive,carrier_mse,38079.74087289664,4
20260910,hybrid_macro_h1,600,recursive,history_available_mse,7536.274010291466,4
20260910,hybrid_macro_h1,600,recursive,prior_elapsed_seconds_mse,30218.600548377402,4
20260910,hybrid_macro_h1,600,recursive,availability_bits_mse,37405.622596153844,4
20260910,hybrid_macro_h1,600,recursive,presence_available_values,18.0,4
20260910,hybrid_macro_h1,600,recursive,presence_mse,48022.402869591344,4
20260910,hybrid_macro_h1,600,recursive,kind_available_values,36.0,4
20260910,hybrid_macro_h1,600,recursive,kind_mse,43378.381159855766,4
20260910,hybrid_macro_h1,600,recursive,position_available_values,7.038461538461538,4
20260910,hybrid_macro_h1,600,recursive,position_mse,74208.41432542067,4
20260910,hybrid_macro_h1,600,recursive,motion_available_values,7.038461538461538,4
20260910,hybrid_macro_h1,600,recursive,motion_mse,14320.281475360578,4
20260910,hybrid_macro_h1,600,recursive,parsed_pig_count_absolute_error,0.05352701390018829,4
20260910,hybrid_macro_h1,600,recursive,parsed_block_count_absolute_error,2.2136110285153756,4
20260910,hybrid_macro_h1,15,local,mean_available_candidates,13.0,4
20260910,hybrid_macro_h1,15,local,carrier_mse,0.0016413568328761568,4
20260910,hybrid_macro_h1,15,local,history_available_mse,0.01157857047376008,4
20260910,hybrid_macro_h1,15,local,prior_elapsed_seconds_mse,0.004846843872935726,4
20260910,hybrid_macro_h1,15,local,availability_bits_mse,0.0022914284468592647,4
20260910,hybrid_macro_h1,15,local,presence_available_values,18.0,4
20260910,hybrid_macro_h1,15,local,presence_mse,0.000973085697366444,4
20260910,hybrid_macro_h1,15,local,kind_available_values,36.0,4
20260910,hybrid_macro_h1,15,local,kind_mse,0.0005831397138535976,4
20260910,hybrid_macro_h1,15,local,position_available_values,7.26923076923077,4
20260910,hybrid_macro_h1,15,local,position_mse,0.002405028019263857,4
20260910,hybrid_macro_h1,15,local,motion_available_values,7.230769230769232,4
20260910,hybrid_macro_h1,15,local,motion_mse,0.004322025959621757,4
20260910,hybrid_macro_h1,15,local,parsed_pig_count_absolute_error,0.02517975985000913,4
20260910,hybrid_macro_h1,15,local,parsed_block_count_absolute_error,0.027684954496530384,4
20260910,hybrid_macro_h1,30,local,mean_available_candidates,13.0,4
20260910,hybrid_macro_h1,30,local,carrier_mse,0.0009514664125163108,4
20260910,hybrid_macro_h1,30,local,history_available_mse,0.009974035980681388,4
20260910,hybrid_macro_h1,30,local,prior_elapsed_seconds_mse,0.004686404879276569,4
20260910,hybrid_macro_h1,30,local,availability_bits_mse,0.0015719212622990687,4
20260910,hybrid_macro_h1,30,local,presence_available_values,18.0,4
20260910,hybrid_macro_h1,30,local,presence_mse,0.0004715483300969936,4
20260910,hybrid_macro_h1,30,local,kind_available_values,36.0,4
20260910,hybrid_macro_h1,30,local,kind_mse,0.000305002335853015,4
20260910,hybrid_macro_h1,30,local,position_available_values,7.346153846153847,4
20260910,hybrid_macro_h1,30,local,position_mse,0.0003196117353442018,4
20260910,hybrid_macro_h1,30,local,motion_available_values,7.346153846153847,4
20260910,hybrid_macro_h1,30,local,motion_mse,0.0012689688603411643,4
20260910,hybrid_macro_h1,30,local,parsed_pig_count_absolute_error,0.0211235242895782,4
20260910,hybrid_macro_h1,30,local,parsed_block_count_absolute_error,0.026024967432022095,4
20260910,hybrid_macro_h1,60,local,mean_available_candidates,13.0,4
20260910,hybrid_macro_h1,60,local,carrier_mse,0.0009666792690180815,4
20260910,hybrid_macro_h1,60,local,history_available_mse,0.010472395255839309,4
20260910,hybrid_macro_h1,60,local,prior_elapsed_seconds_mse,0.0047275243694177614,4
20260910,hybrid_macro_h1,60,local,availability_bits_mse,0.00160235912950996,4
20260910,hybrid_macro_h1,60,local,presence_available_values,18.0,4
20260910,hybrid_macro_h1,60,local,presence_mse,0.00047860317919492867,4
20260910,hybrid_macro_h1,60,local,kind_available_values,36.0,4
20260910,hybrid_macro_h1,60,local,kind_mse,0.0003054267094389965,4
20260910,hybrid_macro_h1,60,local,position_available_values,7.1923076923076925,4
20260910,hybrid_macro_h1,60,local,position_mse,0.00031073964894928323,4
20260910,hybrid_macro_h1,60,local,motion_available_values,7.1923076923076925,4
20260910,hybrid_macro_h1,60,local,motion_mse,0.0012548911416580756,4
20260910,hybrid_macro_h1,60,local,parsed_pig_count_absolute_error,0.020938097785871766,4
20260910,hybrid_macro_h1,60,local,parsed_block_count_absolute_error,0.026659186642903544,4
20260910,hybrid_macro_h1,150,local,mean_available_candidates,13.0,4
20260910,hybrid_macro_h1,150,local,carrier_mse,0.0013184594639684432,4
20260910,hybrid_macro_h1,150,local,history_available_mse,0.010483197818617694,4
20260910,hybrid_macro_h1,150,local,prior_elapsed_seconds_mse,0.004801627620159147,4
20260910,hybrid_macro_h1,150,local,availability_bits_mse,0.002230372958225556,4
20260910,hybrid_macro_h1,150,local,presence_available_values,18.0,4
20260910,hybrid_macro_h1,150,local,presence_mse,0.000525606758646273,4
20260910,hybrid_macro_h1,150,local,kind_available_values,36.0,4
20260910,hybrid_macro_h1,150,local,kind_mse,0.0003456356092871059,4
20260910,hybrid_macro_h1,150,local,position_available_values,7.153846153846153,4
20260910,hybrid_macro_h1,150,local,position_mse,0.0014161470205111143,4
20260910,hybrid_macro_h1,150,local,motion_available_values,7.115384615384615,4
20260910,hybrid_macro_h1,150,local,motion_mse,0.0017388062921012393,4
20260910,hybrid_macro_h1,150,local,parsed_pig_count_absolute_error,0.02097543296762384,4
20260910,hybrid_macro_h1,150,local,parsed_block_count_absolute_error,0.027580785063596874,4
20260910,hybrid_macro_h1,225,local,mean_available_candidates,13.0,4
20260910,hybrid_macro_h1,225,local,carrier_mse,0.0010251225489460363,4
20260910,hybrid_macro_h1,225,local,history_available_mse,0.011015901937543485,4
20260910,hybrid_macro_h1,225,local,prior_elapsed_seconds_mse,0.004788319522049278,4
20260910,hybrid_macro_h1,225,local,availability_bits_mse,0.0016207757513397015,4
20260910,hybrid_macro_h1,225,local,presence_available_values,18.0,4
20260910,hybrid_macro_h1,225,local,presence_mse,0.0005231618118929104,4
20260910,hybrid_macro_h1,225,local,kind_available_values,36.0,4
20260910,hybrid_macro_h1,225,local,kind_mse,0.0003373346346331975,4
20260910,hybrid_macro_h1,225,local,position_available_values,7.153846153846153,4
20260910,hybrid_macro_h1,225,local,position_mse,0.0003340806025125158,4
20260910,hybrid_macro_h1,225,local,motion_available_values,7.153846153846153,4
20260910,hybrid_macro_h1,225,local,motion_mse,0.002219858025805129,4
20260910,hybrid_macro_h1,225,local,parsed_pig_count_absolute_error,0.02104915384776317,4
20260910,hybrid_macro_h1,225,local,parsed_block_count_absolute_error,0.0314764529466629,4
20260910,hybrid_macro_h1,600,local,mean_available_candidates,13.0,4
20260910,hybrid_macro_h1,600,local,carrier_mse,0.0014270343605088643,4
20260910,hybrid_macro_h1,600,local,history_available_mse,0.011861178001429204,4
20260910,hybrid_macro_h1,600,local,prior_elapsed_seconds_mse,0.004740294843661385,4
20260910,hybrid_macro_h1,600,local,availability_bits_mse,0.0017373807920823589,4
20260910,hybrid_macro_h1,600,local,presence_available_values,18.0,4
20260910,hybrid_macro_h1,600,local,presence_mse,0.0006684309298109908,4
20260910,hybrid_macro_h1,600,local,kind_available_values,36.0,4
20260910,hybrid_macro_h1,600,local,kind_mse,0.0004385963811028677,4
20260910,hybrid_macro_h1,600,local,position_available_values,7.038461538461538,4
20260910,hybrid_macro_h1,600,local,position_mse,0.00037716036716189526,4
20260910,hybrid_macro_h1,600,local,motion_available_values,7.038461538461538,4
20260910,hybrid_macro_h1,600,local,motion_mse,0.009523597816251613,4
20260910,hybrid_macro_h1,600,local,parsed_pig_count_absolute_error,0.017759097883334525,4
20260910,hybrid_macro_h1,600,local,parsed_block_count_absolute_error,0.02976497606589244,4
20260910,hybrid_continuous_h5,15,recursive,mean_available_candidates,13.0,4
20260910,hybrid_continuous_h5,15,recursive,carrier_mse,0.009371098247356713,4
20260910,hybrid_continuous_h5,15,recursive,history_available_mse,0.07627518998029141,4
20260910,hybrid_continuous_h5,15,recursive,prior_elapsed_seconds_mse,0.00048108470806395274,4
20260910,hybrid_continuous_h5,15,recursive,availability_bits_mse,0.019048691422750168,4
20260910,hybrid_continuous_h5,15,recursive,presence_available_values,18.0,4
20260910,hybrid_continuous_h5,15,recursive,presence_mse,0.0020269419697937197,4
20260910,hybrid_continuous_h5,15,recursive,kind_available_values,36.0,4
20260910,hybrid_continuous_h5,15,recursive,kind_mse,0.001561465908218032,4
20260910,hybrid_continuous_h5,15,recursive,position_available_values,7.26923076923077,4
20260910,hybrid_continuous_h5,15,recursive,position_mse,0.027191316276282754,4
20260910,hybrid_continuous_h5,15,recursive,motion_available_values,7.230769230769232,4
20260910,hybrid_continuous_h5,15,recursive,motion_mse,0.00454806562853404,4
20260910,hybrid_continuous_h5,15,recursive,parsed_pig_count_absolute_error,0.013405427014311919,4
20260910,hybrid_continuous_h5,15,recursive,parsed_block_count_absolute_error,0.07468838703173857,4
20260910,hybrid_continuous_h5,30,recursive,mean_available_candidates,13.0,4
20260910,hybrid_continuous_h5,30,recursive,carrier_mse,0.011334879798456453,4
20260910,hybrid_continuous_h5,30,recursive,history_available_mse,0.08121730566311341,4
20260910,hybrid_continuous_h5,30,recursive,prior_elapsed_seconds_mse,0.0020387162176820524,4
20260910,hybrid_continuous_h5,30,recursive,availability_bits_mse,0.020583470763925176,4
20260910,hybrid_continuous_h5,30,recursive,presence_available_values,18.0,4
20260910,hybrid_continuous_h5,30,recursive,presence_mse,0.005647691445819174,4
20260910,hybrid_continuous_h5,30,recursive,kind_available_values,36.0,4
20260910,hybrid_continuous_h5,30,recursive,kind_mse,0.003937921970366285,4
20260910,hybrid_continuous_h5,30,recursive,position_available_values,7.346153846153847,4
20260910,hybrid_continuous_h5,30,recursive,position_mse,0.026661663325145267,4
20260910,hybrid_continuous_h5,30,recursive,motion_available_values,7.346153846153847,4
20260910,hybrid_continuous_h5,30,recursive,motion_mse,0.005856612679333641,4
20260910,hybrid_continuous_h5,30,recursive,parsed_pig_count_absolute_error,0.02298495922094354,4
20260910,hybrid_continuous_h5,30,recursive,parsed_block_count_absolute_error,0.15673151383033165,4
20260910,hybrid_continuous_h5,60,recursive,mean_available_candidates,13.0,4
20260910,hybrid_continuous_h5,60,recursive,carrier_mse,0.018315514746623542,4
20260910,hybrid_continuous_h5,60,recursive,history_available_mse,0.08713418603516541,4
20260910,hybrid_continuous_h5,60,recursive,prior_elapsed_seconds_mse,0.009977767691732599,4
20260910,hybrid_continuous_h5,60,recursive,availability_bits_mse,0.025949443726298902,4
20260910,hybrid_continuous_h5,60,recursive,presence_available_values,18.0,4
20260910,hybrid_continuous_h5,60,recursive,presence_mse,0.020478180538003262,4
20260910,hybrid_continuous_h5,60,recursive,kind_available_values,36.0,4
20260910,hybrid_continuous_h5,60,recursive,kind_mse,0.013089204547353663,4
20260910,hybrid_continuous_h5,60,recursive,position_available_values,7.1923076923076925,4
20260910,hybrid_continuous_h5,60,recursive,position_mse,0.021498718849705677,4
20260910,hybrid_continuous_h5,60,recursive,motion_available_values,7.1923076923076925,4
20260910,hybrid_continuous_h5,60,recursive,motion_mse,0.014034662216615219,4
20260910,hybrid_continuous_h5,60,recursive,parsed_pig_count_absolute_error,0.05246603657276584,4
20260910,hybrid_continuous_h5,60,recursive,parsed_block_count_absolute_error,0.4558995795937685,4
20260910,hybrid_continuous_h5,150,recursive,mean_available_candidates,13.0,4
20260910,hybrid_continuous_h5,150,recursive,carrier_mse,0.08238784388567393,4
20260910,hybrid_continuous_h5,150,recursive,history_available_mse,0.0982192003239806,4
20260910,hybrid_continuous_h5,150,recursive,prior_elapsed_seconds_mse,0.08971656916233209,4
20260910,hybrid_continuous_h5,150,recursive,availability_bits_mse,0.0902275676624133,4
20260910,hybrid_continuous_h5,150,recursive,presence_available_values,18.0,4
20260910,hybrid_continuous_h5,150,recursive,presence_mse,0.14964438774264777,4
20260910,hybrid_continuous_h5,150,recursive,kind_available_values,36.0,4
20260910,hybrid_continuous_h5,150,recursive,kind_mse,0.08143548409526165,4
20260910,hybrid_continuous_h5,150,recursive,position_available_values,7.153846153846153,4
20260910,hybrid_continuous_h5,150,recursive,position_mse,0.03732021002528759,4
20260910,hybrid_continuous_h5,150,recursive,motion_available_values,7.115384615384615,4
20260910,hybrid_continuous_h5,150,recursive,motion_mse,0.052929590886028915,4
20260910,hybrid_continuous_h5,150,recursive,parsed_pig_count_absolute_error,0.05342316806602936,4
20260910,hybrid_continuous_h5,150,recursive,parsed_block_count_absolute_error,1.2358247700792093,4
20260910,hybrid_continuous_h5,225,recursive,mean_available_candidates,13.0,4
20260910,hybrid_continuous_h5,225,recursive,carrier_mse,0.22623976606589097,4
20260910,hybrid_continuous_h5,225,recursive,history_available_mse,0.11609586672141001,4
20260910,hybrid_continuous_h5,225,recursive,prior_elapsed_seconds_mse,0.24676141257469475,4
20260910,hybrid_continuous_h5,225,recursive,availability_bits_mse,0.24655202948130092,4
20260910,hybrid_continuous_h5,225,recursive,presence_available_values,18.0,4
20260910,hybrid_continuous_h5,225,recursive,presence_mse,0.4432338653848721,4
20260910,hybrid_continuous_h5,225,recursive,kind_available_values,36.0,4
20260910,hybrid_continuous_h5,225,recursive,kind_mse,0.22733594448520592,4
20260910,hybrid_continuous_h5,225,recursive,position_available_values,7.153846153846153,4
20260910,hybrid_continuous_h5,225,recursive,position_mse,0.10306793931298532,4
20260910,hybrid_continuous_h5,225,recursive,motion_available_values,7.153846153846153,4
20260910,hybrid_continuous_h5,225,recursive,motion_mse,0.09458883142528626,4
20260910,hybrid_continuous_h5,225,recursive,parsed_pig_count_absolute_error,0.05472629345380342,4
20260910,hybrid_continuous_h5,225,recursive,parsed_block_count_absolute_error,1.7143998644672909,4
20260910,hybrid_continuous_h5,600,recursive,mean_available_candidates,13.0,4
20260910,hybrid_continuous_h5,600,recursive,carrier_mse,155.01835368229794,4
20260910,hybrid_continuous_h5,600,recursive,history_available_mse,30.885909798053593,4
20260910,hybrid_continuous_h5,600,recursive,prior_elapsed_seconds_mse,346.48765299870416,4
20260910,hybrid_continuous_h5,600,recursive,availability_bits_mse,151.68201798659106,4
20260910,hybrid_continuous_h5,600,recursive,presence_available_values,18.0,4
20260910,hybrid_continuous_h5,600,recursive,presence_mse,232.08950776320233,4
20260910,hybrid_continuous_h5,600,recursive,kind_available_values,36.0,4
20260910,hybrid_continuous_h5,600,recursive,kind_mse,212.58314279409558,4
20260910,hybrid_continuous_h5,600,recursive,position_available_values,7.038461538461538,4
20260910,hybrid_continuous_h5,600,recursive,position_mse,222.09765625,4
20260910,hybrid_continuous_h5,600,recursive,motion_available_values,7.038461538461538,4
20260910,hybrid_continuous_h5,600,recursive,motion_mse,111.61265255854681,4
20260910,hybrid_continuous_h5,600,recursive,parsed_pig_count_absolute_error,0.05352701390018829,4
20260910,hybrid_continuous_h5,600,recursive,parsed_block_count_absolute_error,2.6223671424847383,4
20260910,hybrid_continuous_h5,15,local,mean_available_candidates,13.0,4
20260910,hybrid_continuous_h5,15,local,carrier_mse,0.0023751395291093597,4
20260910,hybrid_continuous_h5,15,local,history_available_mse,0.0016162223543027755,4
20260910,hybrid_continuous_h5,15,local,prior_elapsed_seconds_mse,0.00012388218761385858,4
20260910,hybrid_continuous_h5,15,local,availability_bits_mse,0.002759017068176315,4
20260910,hybrid_continuous_h5,15,local,presence_available_values,18.0,4
20260910,hybrid_continuous_h5,15,local,presence_mse,0.0006081726618364112,4
20260910,hybrid_continuous_h5,15,local,kind_available_values,36.0,4
20260910,hybrid_continuous_h5,15,local,kind_mse,0.0005314095177219805,4
20260910,hybrid_continuous_h5,15,local,position_available_values,7.26923076923077,4
20260910,hybrid_continuous_h5,15,local,position_mse,0.004997990117142483,4
20260910,hybrid_continuous_h5,15,local,motion_available_values,7.230769230769232,4
20260910,hybrid_continuous_h5,15,local,motion_mse,0.021294003759976476,4
20260910,hybrid_continuous_h5,15,local,parsed_pig_count_absolute_error,0.016126365042649783,4
20260910,hybrid_continuous_h5,15,local,parsed_block_count_absolute_error,0.04483783875520413,4
20260910,hybrid_continuous_h5,30,local,mean_available_candidates,13.0,4
20260910,hybrid_continuous_h5,30,local,carrier_mse,0.00026478788137095625,4
20260910,hybrid_continuous_h5,30,local,history_available_mse,0.0016531482685352855,4
20260910,hybrid_continuous_h5,30,local,prior_elapsed_seconds_mse,5.283273366294929e-05,4
20260910,hybrid_continuous_h5,30,local,availability_bits_mse,0.00022735078136275447,4
20260910,hybrid_continuous_h5,30,local,presence_available_values,18.0,4
20260910,hybrid_continuous_h5,30,local,presence_mse,0.00018527025447558396,4
20260910,hybrid_continuous_h5,30,local,kind_available_values,36.0,4
20260910,hybrid_continuous_h5,30,local,kind_mse,0.00015428396237929029,4
20260910,hybrid_continuous_h5,30,local,position_available_values,7.346153846153847,4
20260910,hybrid_continuous_h5,30,local,position_mse,0.00010759408451122,4
20260910,hybrid_continuous_h5,30,local,motion_available_values,7.346153846153847,4
20260910,hybrid_continuous_h5,30,local,motion_mse,0.0014172725372750743,4
20260910,hybrid_continuous_h5,30,local,parsed_pig_count_absolute_error,0.014317875728011131,4
20260910,hybrid_continuous_h5,30,local,parsed_block_count_absolute_error,0.02093849388452677,4
20260910,hybrid_continuous_h5,60,local,mean_available_candidates,13.0,4
20260910,hybrid_continuous_h5,60,local,carrier_mse,0.0004529608388391073,4
20260910,hybrid_continuous_h5,60,local,history_available_mse,0.0016365838896140654,4
20260910,hybrid_continuous_h5,60,local,prior_elapsed_seconds_mse,4.638384697622874e-05,4
20260910,hybrid_continuous_h5,60,local,availability_bits_mse,0.0006203882674946307,4
20260910,hybrid_continuous_h5,60,local,presence_available_values,18.0,4
20260910,hybrid_continuous_h5,60,local,presence_mse,0.00017692824048236408,4
20260910,hybrid_continuous_h5,60,local,kind_available_values,36.0,4
20260910,hybrid_continuous_h5,60,local,kind_mse,0.00014326091275926534,4
20260910,hybrid_continuous_h5,60,local,position_available_values,7.1923076923076925,4
20260910,hybrid_continuous_h5,60,local,position_mse,0.0001055917393666907,4
20260910,hybrid_continuous_h5,60,local,motion_available_values,7.1923076923076925,4
20260910,hybrid_continuous_h5,60,local,motion_mse,0.0013912502327002585,4
20260910,hybrid_continuous_h5,60,local,parsed_pig_count_absolute_error,0.013653327639286335,4
20260910,hybrid_continuous_h5,60,local,parsed_block_count_absolute_error,0.0200119769343963,4
20260910,hybrid_continuous_h5,150,local,mean_available_candidates,13.0,4
20260910,hybrid_continuous_h5,150,local,carrier_mse,0.0007728754507507592,4
20260910,hybrid_continuous_h5,150,local,history_available_mse,0.001578019205715883,4
20260910,hybrid_continuous_h5,150,local,prior_elapsed_seconds_mse,5.2199233083937404e-05,4
20260910,hybrid_continuous_h5,150,local,availability_bits_mse,0.0012056833251195853,4
20260910,hybrid_continuous_h5,150,local,presence_available_values,18.0,4
20260910,hybrid_continuous_h5,150,local,presence_mse,0.00022219193893901177,4
20260910,hybrid_continuous_h5,150,local,kind_available_values,36.0,4
20260910,hybrid_continuous_h5,150,local,kind_mse,0.00017804484475793567,4
20260910,hybrid_continuous_h5,150,local,position_available_values,7.153846153846153,4
20260910,hybrid_continuous_h5,150,local,position_mse,0.0012006971958796314,4
20260910,hybrid_continuous_h5,150,local,motion_available_values,7.115384615384615,4
20260910,hybrid_continuous_h5,150,local,motion_mse,0.0016982237586769492,4
20260910,hybrid_continuous_h5,150,local,parsed_pig_count_absolute_error,0.0141293524692838,4
20260910,hybrid_continuous_h5,150,local,parsed_block_count_absolute_error,0.028534115507052496,4
20260910,hybrid_continuous_h5,225,local,mean_available_candidates,13.0,4
20260910,hybrid_continuous_h5,225,local,carrier_mse,0.000692172974175684,4
20260910,hybrid_continuous_h5,225,local,history_available_mse,0.0015378884097047446,4
20260910,hybrid_continuous_h5,225,local,prior_elapsed_seconds_mse,5.170722545927858e-05,4
20260910,hybrid_continuous_h5,225,local,availability_bits_mse,0.0010257428341272036,4
20260910,hybrid_continuous_h5,225,local,presence_available_values,18.0,4
20260910,hybrid_continuous_h5,225,local,presence_mse,0.00029084303507541056,4
20260910,hybrid_continuous_h5,225,local,kind_available_values,36.0,4
20260910,hybrid_continuous_h5,225,local,kind_mse,0.00015293698771319425,4
20260910,hybrid_continuous_h5,225,local,position_available_values,7.153846153846153,4
20260910,hybrid_continuous_h5,225,local,position_mse,0.0001068372622075213,4
20260910,hybrid_continuous_h5,225,local,motion_available_values,7.153846153846153,4
20260910,hybrid_continuous_h5,225,local,motion_mse,0.0021342830967534194,4
20260910,hybrid_continuous_h5,225,local,parsed_pig_count_absolute_error,0.014610755472229078,4
20260910,hybrid_continuous_h5,225,local,parsed_block_count_absolute_error,0.0341349089374909,4
20260910,hybrid_continuous_h5,600,local,mean_available_candidates,13.0,4
20260910,hybrid_continuous_h5,600,local,carrier_mse,0.0008876649626472499,4
20260910,hybrid_continuous_h5,600,local,history_available_mse,0.0015251559599829096,4
20260910,hybrid_continuous_h5,600,local,prior_elapsed_seconds_mse,0.0002474166300732332,4
20260910,hybrid_continuous_h5,600,local,availability_bits_mse,0.0007133131506494605,4
20260910,hybrid_continuous_h5,600,local,presence_available_values,18.0,4
20260910,hybrid_continuous_h5,600,local,presence_mse,0.00035962388868098904,4
20260910,hybrid_continuous_h5,600,local,kind_available_values,36.0,4
20260910,hybrid_continuous_h5,600,local,kind_mse,0.0003503232451643831,4
20260910,hybrid_continuous_h5,600,local,position_available_values,7.038461538461538,4
20260910,hybrid_continuous_h5,600,local,position_mse,0.00015240415247647505,4
20260910,hybrid_continuous_h5,600,local,motion_available_values,7.038461538461538,4
20260910,hybrid_continuous_h5,600,local,motion_mse,0.009788071086334709,4
20260910,hybrid_continuous_h5,600,local,parsed_pig_count_absolute_error,0.014965778360000024,4
20260910,hybrid_continuous_h5,600,local,parsed_block_count_absolute_error,0.02608620661955613,4
20260910,hybrid_micro_h5,15,recursive,mean_available_candidates,13.0,4
20260910,hybrid_micro_h5,15,recursive,carrier_mse,0.009410741882255444,4
20260910,hybrid_micro_h5,15,recursive,history_available_mse,0.07902151045317833,4
20260910,hybrid_micro_h5,15,recursive,prior_elapsed_seconds_mse,0.0009526502925347393,4
20260910,hybrid_micro_h5,15,recursive,availability_bits_mse,0.01918961711299534,4
20260910,hybrid_micro_h5,15,recursive,presence_available_values,18.0,4
20260910,hybrid_micro_h5,15,recursive,presence_mse,0.0019645955158361737,4
20260910,hybrid_micro_h5,15,recursive,kind_available_values,36.0,4
20260910,hybrid_micro_h5,15,recursive,kind_mse,0.001507636127196467,4
20260910,hybrid_micro_h5,15,recursive,position_available_values,7.26923076923077,4
20260910,hybrid_micro_h5,15,recursive,position_mse,0.027317404074542886,4
20260910,hybrid_micro_h5,15,recursive,motion_available_values,7.230769230769232,4
20260910,hybrid_micro_h5,15,recursive,motion_mse,0.003969706883743549,4
20260910,hybrid_micro_h5,15,recursive,parsed_pig_count_absolute_error,0.013799043014072454,4
20260910,hybrid_micro_h5,15,recursive,parsed_block_count_absolute_error,0.07676812375967319,4
20260910,hybrid_micro_h5,30,recursive,mean_available_candidates,13.0,4
20260910,hybrid_micro_h5,30,recursive,carrier_mse,0.011477032103217565,4
20260910,hybrid_micro_h5,30,recursive,history_available_mse,0.0843626162610375,4
20260910,hybrid_micro_h5,30,recursive,prior_elapsed_seconds_mse,0.0036115186835209336,4
20260910,hybrid_micro_h5,30,recursive,availability_bits_mse,0.020904906326904893,4
20260910,hybrid_micro_h5,30,recursive,presence_available_values,18.0,4
20260910,hybrid_micro_h5,30,recursive,presence_mse,0.005511810743393233,4
20260910,hybrid_micro_h5,30,recursive,kind_available_values,36.0,4
20260910,hybrid_micro_h5,30,recursive,kind_mse,0.003973397802418241,4
20260910,hybrid_micro_h5,30,recursive,position_available_values,7.346153846153847,4
20260910,hybrid_micro_h5,30,recursive,position_mse,0.02701123645126175,4
20260910,hybrid_micro_h5,30,recursive,motion_available_values,7.346153846153847,4
20260910,hybrid_micro_h5,30,recursive,motion_mse,0.004435547134982279,4
20260910,hybrid_micro_h5,30,recursive,parsed_pig_count_absolute_error,0.019031982152507856,4
20260910,hybrid_micro_h5,30,recursive,parsed_block_count_absolute_error,0.17193492903159213,4
20260910,hybrid_micro_h5,60,recursive,mean_available_candidates,13.0,4
20260910,hybrid_micro_h5,60,recursive,carrier_mse,0.018857583224486846,4
20260910,hybrid_micro_h5,60,recursive,history_available_mse,0.09239758952305867,4
20260910,hybrid_micro_h5,60,recursive,prior_elapsed_seconds_mse,0.015195856873805707,4
20260910,hybrid_micro_h5,60,recursive,availability_bits_mse,0.026578944033155073,4
20260910,hybrid_micro_h5,60,recursive,presence_available_values,18.0,4
20260910,hybrid_micro_h5,60,recursive,presence_mse,0.02004687409274853,4
20260910,hybrid_micro_h5,60,recursive,kind_available_values,36.0,4
20260910,hybrid_micro_h5,60,recursive,kind_mse,0.013888124788466554,4
20260910,hybrid_micro_h5,60,recursive,position_available_values,7.1923076923076925,4
20260910,hybrid_micro_h5,60,recursive,position_mse,0.022607910840843733,4
20260910,hybrid_micro_h5,60,recursive,motion_available_values,7.1923076923076925,4
20260910,hybrid_micro_h5,60,recursive,motion_mse,0.01067898095621226,4
20260910,hybrid_micro_h5,60,recursive,parsed_pig_count_absolute_error,0.04960592828977567,4
20260910,hybrid_micro_h5,60,recursive,parsed_block_count_absolute_error,0.4817531103124985,4
20260910,hybrid_micro_h5,150,recursive,mean_available_candidates,13.0,4
20260910,hybrid_micro_h5,150,recursive,carrier_mse,0.08576513189249313,4
20260910,hybrid_micro_h5,150,recursive,history_available_mse,0.10888188948424962,4
20260910,hybrid_micro_h5,150,recursive,prior_elapsed_seconds_mse,0.13122376742271277,4
20260910,hybrid_micro_h5,150,recursive,availability_bits_mse,0.09300881552581604,4
20260910,hybrid_micro_h5,150,recursive,presence_available_values,18.0,4
20260910,hybrid_micro_h5,150,recursive,presence_mse,0.1459304284877502,4
20260910,hybrid_micro_h5,150,recursive,kind_available_values,36.0,4
20260910,hybrid_micro_h5,150,recursive,kind_mse,0.08733585820748255,4
20260910,hybrid_micro_h5,150,recursive,position_available_values,7.153846153846153,4
20260910,hybrid_micro_h5,150,recursive,position_mse,0.03959708281147939,4
20260910,hybrid_micro_h5,150,recursive,motion_available_values,7.115384615384615,4
20260910,hybrid_micro_h5,150,recursive,motion_mse,0.04902826285419555,4
20260910,hybrid_micro_h5,150,recursive,parsed_pig_count_absolute_error,0.05342316806602936,4
20260910,hybrid_micro_h5,150,recursive,parsed_block_count_absolute_error,1.2383624997276526,4
20260910,hybrid_micro_h5,225,recursive,mean_available_candidates,13.0,4
20260910,hybrid_micro_h5,225,recursive,carrier_mse,0.23362927081493234,4
20260910,hybrid_micro_h5,225,recursive,history_available_mse,0.12030510375132929,4
20260910,hybrid_micro_h5,225,recursive,prior_elapsed_seconds_mse,0.4105039800588901,4
20260910,hybrid_micro_h5,225,recursive,availability_bits_mse,0.2524014785885811,4
20260910,hybrid_micro_h5,225,recursive,presence_available_values,18.0,4
20260910,hybrid_micro_h5,225,recursive,presence_mse,0.444186806678772,4
20260910,hybrid_micro_h5,225,recursive,kind_available_values,36.0,4
20260910,hybrid_micro_h5,225,recursive,kind_mse,0.23348312366467255,4
20260910,hybrid_micro_h5,225,recursive,position_available_values,7.153846153846153,4
20260910,hybrid_micro_h5,225,recursive,position_mse,0.09935428803929916,4
20260910,hybrid_micro_h5,225,recursive,motion_available_values,7.153846153846153,4
20260910,hybrid_micro_h5,225,recursive,motion_mse,0.09512122047062105,4
20260910,hybrid_micro_h5,225,recursive,parsed_pig_count_absolute_error,0.05472629345380342,4
20260910,hybrid_micro_h5,225,recursive,parsed_block_count_absolute_error,1.720725352374407,4
20260910,hybrid_micro_h5,600,recursive,mean_available_candidates,13.0,4
20260910,hybrid_micro_h5,600,recursive,carrier_mse,192.3923207796537,4
20260910,hybrid_micro_h5,600,recursive,history_available_mse,55.75216510204169,4
20260910,hybrid_micro_h5,600,recursive,prior_elapsed_seconds_mse,411.87712009136493,4
20260910,hybrid_micro_h5,600,recursive,availability_bits_mse,196.45020000751202,4
20260910,hybrid_micro_h5,600,recursive,presence_available_values,18.0,4
20260910,hybrid_micro_h5,600,recursive,presence_mse,310.9655767587515,4
20260910,hybrid_micro_h5,600,recursive,kind_available_values,36.0,4
20260910,hybrid_micro_h5,600,recursive,kind_mse,234.7981414794922,4
20260910,hybrid_micro_h5,600,recursive,position_available_values,7.038461538461538,4
20260910,hybrid_micro_h5,600,recursive,position_mse,224.66370846674994,4
20260910,hybrid_micro_h5,600,recursive,motion_available_values,7.038461538461538,4
20260910,hybrid_micro_h5,600,recursive,motion_mse,158.94989116375262,4
20260910,hybrid_micro_h5,600,recursive,parsed_pig_count_absolute_error,0.05352701390018829,4
20260910,hybrid_micro_h5,600,recursive,parsed_block_count_absolute_error,2.3076890649703836,4
20260910,hybrid_micro_h5,15,local,mean_available_candidates,13.0,4
20260910,hybrid_micro_h5,15,local,carrier_mse,0.0023463375459519178,4
20260910,hybrid_micro_h5,15,local,history_available_mse,0.00165905452272542,4
20260910,hybrid_micro_h5,15,local,prior_elapsed_seconds_mse,9.276777422571562e-05,4
20260910,hybrid_micro_h5,15,local,availability_bits_mse,0.0027654182469212594,4
20260910,hybrid_micro_h5,15,local,presence_available_values,18.0,4
20260910,hybrid_micro_h5,15,local,presence_mse,0.0005961901102776979,4
20260910,hybrid_micro_h5,15,local,kind_available_values,36.0,4
20260910,hybrid_micro_h5,15,local,kind_mse,0.0005263816838123603,4
20260910,hybrid_micro_h5,15,local,position_available_values,7.26923076923077,4
20260910,hybrid_micro_h5,15,local,position_mse,0.005002708796662494,4
20260910,hybrid_micro_h5,15,local,motion_available_values,7.230769230769232,4
20260910,hybrid_micro_h5,15,local,motion_mse,0.020593755862836797,4
20260910,hybrid_micro_h5,15,local,parsed_pig_count_absolute_error,0.013782736773674304,4
20260910,hybrid_micro_h5,15,local,parsed_block_count_absolute_error,0.04545116940369973,4
20260910,hybrid_micro_h5,30,local,mean_available_candidates,13.0,4
20260910,hybrid_micro_h5,30,local,carrier_mse,0.00024457306398499687,4
20260910,hybrid_micro_h5,30,local,history_available_mse,0.0016346842410432426,4
20260910,hybrid_micro_h5,30,local,prior_elapsed_seconds_mse,1.5942774569502116e-05,4
20260910,hybrid_micro_h5,30,local,availability_bits_mse,0.0002420625840806259,4
20260910,hybrid_micro_h5,30,local,presence_available_values,18.0,4
20260910,hybrid_micro_h5,30,local,presence_mse,0.00016433026114380202,4
20260910,hybrid_micro_h5,30,local,kind_available_values,36.0,4
20260910,hybrid_micro_h5,30,local,kind_mse,0.00014546049029517098,4
20260910,hybrid_micro_h5,30,local,position_available_values,7.346153846153847,4
20260910,hybrid_micro_h5,30,local,position_mse,0.00010994086061635664,4
20260910,hybrid_micro_h5,30,local,motion_available_values,7.346153846153847,4
20260910,hybrid_micro_h5,30,local,motion_mse,0.0009791947209473269,4
20260910,hybrid_micro_h5,30,local,parsed_pig_count_absolute_error,0.011530320231731122,4
20260910,hybrid_micro_h5,30,local,parsed_block_count_absolute_error,0.021180034830020022,4
20260910,hybrid_micro_h5,60,local,mean_available_candidates,13.0,4
20260910,hybrid_micro_h5,60,local,carrier_mse,0.0004316081291248198,4
20260910,hybrid_micro_h5,60,local,history_available_mse,0.0016152345488080753,4
20260910,hybrid_micro_h5,60,local,prior_elapsed_seconds_mse,1.2088981084516889e-05,4
20260910,hybrid_micro_h5,60,local,availability_bits_mse,0.0006346583857241338,4
20260910,hybrid_micro_h5,60,local,presence_available_values,18.0,4
20260910,hybrid_micro_h5,60,local,presence_mse,0.00015805041151067527,4
20260910,hybrid_micro_h5,60,local,kind_available_values,36.0,4
20260910,hybrid_micro_h5,60,local,kind_mse,0.00013491664112035115,4
20260910,hybrid_micro_h5,60,local,position_available_values,7.1923076923076925,4
20260910,hybrid_micro_h5,60,local,position_mse,0.00010872411929505269,4
20260910,hybrid_micro_h5,60,local,motion_available_values,7.1923076923076925,4
20260910,hybrid_micro_h5,60,local,motion_mse,0.0008947485744451673,4
20260910,hybrid_micro_h5,60,local,parsed_pig_count_absolute_error,0.010875958232925488,4
20260910,hybrid_micro_h5,60,local,parsed_block_count_absolute_error,0.021122117455189045,4
20260910,hybrid_micro_h5,150,local,mean_available_candidates,13.0,4
20260910,hybrid_micro_h5,150,local,carrier_mse,0.0007541486906680241,4
20260910,hybrid_micro_h5,150,local,history_available_mse,0.0015592022322939905,4
20260910,hybrid_micro_h5,150,local,prior_elapsed_seconds_mse,1.3973514202830346e-05,4
20260910,hybrid_micro_h5,150,local,availability_bits_mse,0.0012221610100263763,4
20260910,hybrid_micro_h5,150,local,presence_available_values,18.0,4
20260910,hybrid_micro_h5,150,local,presence_mse,0.00020172823818799,4
20260910,hybrid_micro_h5,150,local,kind_available_values,36.0,4
20260910,hybrid_micro_h5,150,local,kind_mse,0.0001696839712027353,4
20260910,hybrid_micro_h5,150,local,position_available_values,7.153846153846153,4
20260910,hybrid_micro_h5,150,local,position_mse,0.0012261128872174034,4
20260910,hybrid_micro_h5,150,local,motion_available_values,7.115384615384615,4
20260910,hybrid_micro_h5,150,local,motion_mse,0.0012691350706378357,4
20260910,hybrid_micro_h5,150,local,parsed_pig_count_absolute_error,0.01135008574391787,4
20260910,hybrid_micro_h5,150,local,parsed_block_count_absolute_error,0.02865835279226303,4
20260910,hybrid_micro_h5,225,local,mean_available_candidates,13.0,4
20260910,hybrid_micro_h5,225,local,carrier_mse,0.0006748532197469523,4
20260910,hybrid_micro_h5,225,local,history_available_mse,0.0015221109655473043,4
20260910,hybrid_micro_h5,225,local,prior_elapsed_seconds_mse,1.5224448358834682e-05,4
20260910,hybrid_micro_h5,225,local,availability_bits_mse,0.0010426617051192666,4
20260910,hybrid_micro_h5,225,local,presence_available_values,18.0,4
20260910,hybrid_micro_h5,225,local,presence_mse,0.0002710645175494182,4
20260910,hybrid_micro_h5,225,local,kind_available_values,36.0,4
20260910,hybrid_micro_h5,225,local,kind_mse,0.00014450605815979472,4
20260910,hybrid_micro_h5,225,local,position_available_values,7.153846153846153,4
20260910,hybrid_micro_h5,225,local,position_mse,0.00010829742334933073,4
20260910,hybrid_micro_h5,225,local,motion_available_values,7.153846153846153,4
20260910,hybrid_micro_h5,225,local,motion_mse,0.001759918265284236,4
20260910,hybrid_micro_h5,225,local,parsed_pig_count_absolute_error,0.011878411930340987,4
20260910,hybrid_micro_h5,225,local,parsed_block_count_absolute_error,0.03476824324864607,4
20260910,hybrid_micro_h5,600,local,mean_available_candidates,13.0,4
20260910,hybrid_micro_h5,600,local,carrier_mse,0.0008859907670389825,4
20260910,hybrid_micro_h5,600,local,history_available_mse,0.0015573718930087263,4
20260910,hybrid_micro_h5,600,local,prior_elapsed_seconds_mse,0.00023331496722506654,4
20260910,hybrid_micro_h5,600,local,availability_bits_mse,0.0007320101881654968,4
20260910,hybrid_micro_h5,600,local,presence_available_values,18.0,4
20260910,hybrid_micro_h5,600,local,presence_mse,0.0003434076094820809,4
20260910,hybrid_micro_h5,600,local,kind_available_values,36.0,4
20260910,hybrid_micro_h5,600,local,kind_mse,0.0003425512515185311,4
20260910,hybrid_micro_h5,600,local,position_available_values,7.038461538461538,4
20260910,hybrid_micro_h5,600,local,position_mse,0.00015456944185224041,4
20260910,hybrid_micro_h5,600,local,motion_available_values,7.038461538461538,4
20260910,hybrid_micro_h5,600,local,motion_mse,0.009777834371421846,4
20260910,hybrid_micro_h5,600,local,parsed_pig_count_absolute_error,0.012438975883504521,4
20260910,hybrid_micro_h5,600,local,parsed_block_count_absolute_error,0.02660008519887924,4
20260910,hybrid_macro_h5,15,recursive,mean_available_candidates,13.0,4
20260910,hybrid_macro_h5,15,recursive,carrier_mse,0.010353476176253304,4
20260910,hybrid_macro_h5,15,recursive,history_available_mse,0.02172688341054779,4
20260910,hybrid_macro_h5,15,recursive,prior_elapsed_seconds_mse,0.002159377665241034,4
20260910,hybrid_macro_h5,15,recursive,availability_bits_mse,0.021304105408489704,4
20260910,hybrid_macro_h5,15,recursive,presence_available_values,18.0,4
20260910,hybrid_macro_h5,15,recursive,presence_mse,0.002095191849198622,4
20260910,hybrid_macro_h5,15,recursive,kind_available_values,36.0,4
20260910,hybrid_macro_h5,15,recursive,kind_mse,0.002290254402816152,4
20260910,hybrid_macro_h5,15,recursive,position_available_values,7.26923076923077,4
20260910,hybrid_macro_h5,15,recursive,position_mse,0.03029595880966204,4
20260910,hybrid_macro_h5,15,recursive,motion_available_values,7.230769230769232,4
20260910,hybrid_macro_h5,15,recursive,motion_mse,0.006609251337627379,4
20260910,hybrid_macro_h5,15,recursive,parsed_pig_count_absolute_error,0.01376888961889423,4
20260910,hybrid_macro_h5,15,recursive,parsed_block_count_absolute_error,0.06950557174590918,4
20260910,hybrid_macro_h5,30,recursive,mean_available_candidates,13.0,4
20260910,hybrid_macro_h5,30,recursive,carrier_mse,0.012372759385750845,4
20260910,hybrid_macro_h5,30,recursive,history_available_mse,0.044643537571223885,4
20260910,hybrid_macro_h5,30,recursive,prior_elapsed_seconds_mse,0.0029971594519268433,4
20260910,hybrid_macro_h5,30,recursive,availability_bits_mse,0.022539661301729772,4
20260910,hybrid_macro_h5,30,recursive,presence_available_values,18.0,4
20260910,hybrid_macro_h5,30,recursive,presence_mse,0.004275170602620794,4
20260910,hybrid_macro_h5,30,recursive,kind_available_values,36.0,4
20260910,hybrid_macro_h5,30,recursive,kind_mse,0.005001702225014854,4
20260910,hybrid_macro_h5,30,recursive,position_available_values,7.346153846153847,4
20260910,hybrid_macro_h5,30,recursive,position_mse,0.03348372286508003,4
20260910,hybrid_macro_h5,30,recursive,motion_available_values,7.346153846153847,4
20260910,hybrid_macro_h5,30,recursive,motion_mse,0.008124092495283827,4
20260910,hybrid_macro_h5,30,recursive,parsed_pig_count_absolute_error,0.010746765201194929,4
20260910,hybrid_macro_h5,30,recursive,parsed_block_count_absolute_error,0.08629505565533271,4
20260910,hybrid_macro_h5,60,recursive,mean_available_candidates,13.0,4
20260910,hybrid_macro_h5,60,recursive,carrier_mse,0.019814157195819113,4
20260910,hybrid_macro_h5,60,recursive,history_available_mse,0.06660332322980349,4
20260910,hybrid_macro_h5,60,recursive,prior_elapsed_seconds_mse,0.0032373283980772468,4
20260910,hybrid_macro_h5,60,recursive,availability_bits_mse,0.027996174668749943,4
20260910,hybrid_macro_h5,60,recursive,presence_available_values,18.0,4
20260910,hybrid_macro_h5,60,recursive,presence_mse,0.013042366732126819,4
20260910,hybrid_macro_h5,60,recursive,kind_available_values,36.0,4
20260910,hybrid_macro_h5,60,recursive,kind_mse,0.01586539919774693,4
20260910,hybrid_macro_h5,60,recursive,position_available_values,7.1923076923076925,4
20260910,hybrid_macro_h5,60,recursive,position_mse,0.04010835465473624,4
20260910,hybrid_macro_h5,60,recursive,motion_available_values,7.1923076923076925,4
20260910,hybrid_macro_h5,60,recursive,motion_mse,0.01659927013007781,4
20260910,hybrid_macro_h5,60,recursive,parsed_pig_count_absolute_error,0.031151914252684668,4
20260910,hybrid_macro_h5,60,recursive,parsed_block_count_absolute_error,0.1918242258521227,4
20260910,hybrid_macro_h5,150,recursive,mean_available_candidates,13.0,4
20260910,hybrid_macro_h5,150,recursive,carrier_mse,0.10152823306046999,4
20260910,hybrid_macro_h5,150,recursive,history_available_mse,0.1146652615414216,4
20260910,hybrid_macro_h5,150,recursive,prior_elapsed_seconds_mse,0.0005098935043286225,4
20260910,hybrid_macro_h5,150,recursive,availability_bits_mse,0.10916153155267239,4
20260910,hybrid_macro_h5,150,recursive,presence_available_values,18.0,4
20260910,hybrid_macro_h5,150,recursive,presence_mse,0.10575699347716111,4
20260910,hybrid_macro_h5,150,recursive,kind_available_values,36.0,4
20260910,hybrid_macro_h5,150,recursive,kind_mse,0.11339136184408115,4
20260910,hybrid_macro_h5,150,recursive,position_available_values,7.153846153846153,4
20260910,hybrid_macro_h5,150,recursive,position_mse,0.14153375791815612,4
20260910,hybrid_macro_h5,150,recursive,motion_available_values,7.115384615384615,4
20260910,hybrid_macro_h5,150,recursive,motion_mse,0.07851017382031737,4
20260910,hybrid_macro_h5,150,recursive,parsed_pig_count_absolute_error,0.05342316806602936,4
20260910,hybrid_macro_h5,150,recursive,parsed_block_count_absolute_error,0.5469100767603288,4
20260910,hybrid_macro_h5,225,recursive,mean_available_candidates,13.0,4
20260910,hybrid_macro_h5,225,recursive,carrier_mse,0.3115997062279628,4
20260910,hybrid_macro_h5,225,recursive,history_available_mse,0.21098609913427097,4
20260910,hybrid_macro_h5,225,recursive,prior_elapsed_seconds_mse,0.0035846817544412405,4
20260910,hybrid_macro_h5,225,recursive,availability_bits_mse,0.3149788803779162,4
20260910,hybrid_macro_h5,225,recursive,presence_available_values,18.0,4
20260910,hybrid_macro_h5,225,recursive,presence_mse,0.3784234689978453,4
20260910,hybrid_macro_h5,225,recursive,kind_available_values,36.0,4
20260910,hybrid_macro_h5,225,recursive,kind_mse,0.3567661316348956,4
20260910,hybrid_macro_h5,225,recursive,position_available_values,7.153846153846153,4
20260910,hybrid_macro_h5,225,recursive,position_mse,0.3350117341257059,4
20260910,hybrid_macro_h5,225,recursive,motion_available_values,7.153846153846153,4
20260910,hybrid_macro_h5,225,recursive,motion_mse,0.21616969189534968,4
20260910,hybrid_macro_h5,225,recursive,parsed_pig_count_absolute_error,0.05472629345380342,4
20260910,hybrid_macro_h5,225,recursive,parsed_block_count_absolute_error,0.8761569714316956,4
20260910,hybrid_macro_h5,600,recursive,mean_available_candidates,13.0,4
20260910,hybrid_macro_h5,600,recursive,carrier_mse,39.77129972898043,4
20260910,hybrid_macro_h5,600,recursive,history_available_mse,15.383395992792572,4
20260910,hybrid_macro_h5,600,recursive,prior_elapsed_seconds_mse,86.69903417734,4
20260910,hybrid_macro_h5,600,recursive,availability_bits_mse,41.93474047000592,4
20260910,hybrid_macro_h5,600,recursive,presence_available_values,18.0,4
20260910,hybrid_macro_h5,600,recursive,presence_mse,45.83145453379704,4
20260910,hybrid_macro_h5,600,recursive,kind_available_values,36.0,4
20260910,hybrid_macro_h5,600,recursive,kind_mse,48.13339310425978,4
20260910,hybrid_macro_h5,600,recursive,position_available_values,7.038461538461538,4
20260910,hybrid_macro_h5,600,recursive,position_mse,70.42862341954157,4
20260910,hybrid_macro_h5,600,recursive,motion_available_values,7.038461538461538,4
20260910,hybrid_macro_h5,600,recursive,motion_mse,17.266454458236694,4
20260910,hybrid_macro_h5,600,recursive,parsed_pig_count_absolute_error,0.05352701390018829,4
20260910,hybrid_macro_h5,600,recursive,parsed_block_count_absolute_error,0.4863854933243531,4
20260910,hybrid_macro_h5,15,local,mean_available_candidates,13.0,4
20260910,hybrid_macro_h5,15,local,carrier_mse,0.003818644525241465,4
20260910,hybrid_macro_h5,15,local,history_available_mse,0.01185802297886067,4
20260910,hybrid_macro_h5,15,local,prior_elapsed_seconds_mse,0.005004435702665852,4
20260910,hybrid_macro_h5,15,local,availability_bits_mse,0.004498896753200545,4
20260910,hybrid_macro_h5,15,local,presence_available_values,18.0,4
20260910,hybrid_macro_h5,15,local,presence_mse,0.0020823391129782135,4
20260910,hybrid_macro_h5,15,local,kind_available_values,36.0,4
20260910,hybrid_macro_h5,15,local,kind_mse,0.001363022275025007,4
20260910,hybrid_macro_h5,15,local,position_available_values,7.26923076923077,4
20260910,hybrid_macro_h5,15,local,position_mse,0.005720748158917278,4
20260910,hybrid_macro_h5,15,local,motion_available_values,7.230769230769232,4
20260910,hybrid_macro_h5,15,local,motion_mse,0.022996334594119195,4
20260910,hybrid_macro_h5,15,local,parsed_pig_count_absolute_error,0.02802793703113611,4
20260910,hybrid_macro_h5,15,local,parsed_block_count_absolute_error,0.04731252732185218,4
20260910,hybrid_macro_h5,30,local,mean_available_candidates,13.0,4
20260910,hybrid_macro_h5,30,local,carrier_mse,0.0009548397300442538,4
20260910,hybrid_macro_h5,30,local,history_available_mse,0.01022276160074398,4
20260910,hybrid_macro_h5,30,local,prior_elapsed_seconds_mse,0.0046661406656942125,4
20260910,hybrid_macro_h5,30,local,availability_bits_mse,0.0015599854993454826,4
20260910,hybrid_macro_h5,30,local,presence_available_values,18.0,4
20260910,hybrid_macro_h5,30,local,presence_mse,0.00046130083669245674,4
20260910,hybrid_macro_h5,30,local,kind_available_values,36.0,4
20260910,hybrid_macro_h5,30,local,kind_mse,0.0003134703026891937,4
20260910,hybrid_macro_h5,30,local,position_available_values,7.346153846153847,4
20260910,hybrid_macro_h5,30,local,position_mse,0.0003125272957661834,4
20260910,hybrid_macro_h5,30,local,motion_available_values,7.346153846153847,4
20260910,hybrid_macro_h5,30,local,motion_mse,0.0015349876451252317,4
20260910,hybrid_macro_h5,30,local,parsed_pig_count_absolute_error,0.018418793244144093,4
20260910,hybrid_macro_h5,30,local,parsed_block_count_absolute_error,0.024300746619701385,4
20260910,hybrid_macro_h5,60,local,mean_available_candidates,13.0,4
20260910,hybrid_macro_h5,60,local,carrier_mse,0.0011466402726140446,4
20260910,hybrid_macro_h5,60,local,history_available_mse,0.010574492576639526,4
20260910,hybrid_macro_h5,60,local,prior_elapsed_seconds_mse,0.004634933326787387,4
20260910,hybrid_macro_h5,60,local,availability_bits_mse,0.00199478023345224,4
20260910,hybrid_macro_h5,60,local,presence_available_values,18.0,4
20260910,hybrid_macro_h5,60,local,presence_mse,0.00044368704514524253,4
20260910,hybrid_macro_h5,60,local,kind_available_values,36.0,4
20260910,hybrid_macro_h5,60,local,kind_mse,0.0002953793627966661,4
20260910,hybrid_macro_h5,60,local,position_available_values,7.1923076923076925,4
20260910,hybrid_macro_h5,60,local,position_mse,0.00030893260722782894,4
20260910,hybrid_macro_h5,60,local,motion_available_values,7.1923076923076925,4
20260910,hybrid_macro_h5,60,local,motion_mse,0.001264556407897124,4
20260910,hybrid_macro_h5,60,local,parsed_pig_count_absolute_error,0.017276179940941244,4
20260910,hybrid_macro_h5,60,local,parsed_block_count_absolute_error,0.021719088921180137,4
20260910,hybrid_macro_h5,150,local,mean_available_candidates,13.0,4
20260910,hybrid_macro_h5,150,local,carrier_mse,0.0014826362894382326,4
20260910,hybrid_macro_h5,150,local,history_available_mse,0.010812475122153187,4
20260910,hybrid_macro_h5,150,local,prior_elapsed_seconds_mse,0.004703175003389614,4
20260910,hybrid_macro_h5,150,local,availability_bits_mse,0.002606629926818781,4
20260910,hybrid_macro_h5,150,local,presence_available_values,18.0,4
20260910,hybrid_macro_h5,150,local,presence_mse,0.00048588836720087926,4
20260910,hybrid_macro_h5,150,local,kind_available_values,36.0,4
20260910,hybrid_macro_h5,150,local,kind_mse,0.00033072064560166415,4
20260910,hybrid_macro_h5,150,local,position_available_values,7.153846153846153,4
20260910,hybrid_macro_h5,150,local,position_mse,0.0014052123283013664,4
20260910,hybrid_macro_h5,150,local,motion_available_values,7.115384615384615,4
20260910,hybrid_macro_h5,150,local,motion_mse,0.0017445584335991254,4
20260910,hybrid_macro_h5,150,local,parsed_pig_count_absolute_error,0.017939805303915188,4
20260910,hybrid_macro_h5,150,local,parsed_block_count_absolute_error,0.03524786291214135,4
20260910,hybrid_macro_h5,225,local,mean_available_candidates,13.0,4
20260910,hybrid_macro_h5,225,local,carrier_mse,0.0014199439991408815,4
20260910,hybrid_macro_h5,225,local,history_available_mse,0.01083864115823347,4
20260910,hybrid_macro_h5,225,local,prior_elapsed_seconds_mse,0.004711238788261723,4
20260910,hybrid_macro_h5,225,local,availability_bits_mse,0.002448606667502855,4
20260910,hybrid_macro_h5,225,local,presence_available_values,18.0,4
20260910,hybrid_macro_h5,225,local,presence_mse,0.0005630814641615591,4
20260910,hybrid_macro_h5,225,local,kind_available_values,36.0,4
20260910,hybrid_macro_h5,225,local,kind_mse,0.0003139451411978091,4
20260910,hybrid_macro_h5,225,local,position_available_values,7.153846153846153,4
20260910,hybrid_macro_h5,225,local,position_mse,0.0003066993897216609,4
20260910,hybrid_macro_h5,225,local,motion_available_values,7.153846153846153,4
20260910,hybrid_macro_h5,225,local,motion_mse,0.0024258011981146414,4
20260910,hybrid_macro_h5,225,local,parsed_pig_count_absolute_error,0.01899178186431527,4
20260910,hybrid_macro_h5,225,local,parsed_block_count_absolute_error,0.033815335195798144,4
20260910,hybrid_macro_h5,600,local,mean_available_candidates,13.0,4
20260910,hybrid_macro_h5,600,local,carrier_mse,0.0016394790313475262,4
20260910,hybrid_macro_h5,600,local,history_available_mse,0.012212570208738236,4
20260910,hybrid_macro_h5,600,local,prior_elapsed_seconds_mse,0.004747405267642954,4
20260910,hybrid_macro_h5,600,local,availability_bits_mse,0.002138129778009338,4
20260910,hybrid_macro_h5,600,local,presence_available_values,18.0,4
20260910,hybrid_macro_h5,600,local,presence_mse,0.0006619212749333552,4
20260910,hybrid_macro_h5,600,local,kind_available_values,36.0,4
20260910,hybrid_macro_h5,600,local,kind_mse,0.0005134482097883637,4
20260910,hybrid_macro_h5,600,local,position_available_values,7.038461538461538,4
20260910,hybrid_macro_h5,600,local,position_mse,0.00035796477739215613,4
20260910,hybrid_macro_h5,600,local,motion_available_values,7.038461538461538,4
20260910,hybrid_macro_h5,600,local,motion_mse,0.009738068498196438,4
20260910,hybrid_macro_h5,600,local,parsed_pig_count_absolute_error,0.016497502819849894,4
20260910,hybrid_macro_h5,600,local,parsed_block_count_absolute_error,0.03119417394583042,4
20260910,hybrid_continuous_h15,15,recursive,mean_available_candidates,13.0,4
20260910,hybrid_continuous_h15,15,recursive,carrier_mse,0.009097390602199504,4
20260910,hybrid_continuous_h15,15,recursive,history_available_mse,0.06143324489060503,4
20260910,hybrid_continuous_h15,15,recursive,prior_elapsed_seconds_mse,7.173181647911732e-05,4
20260910,hybrid_continuous_h15,15,recursive,availability_bits_mse,0.019543801577618487,4
20260910,hybrid_continuous_h15,15,recursive,presence_available_values,18.0,4
20260910,hybrid_continuous_h15,15,recursive,presence_mse,0.0009949321868659284,4
20260910,hybrid_continuous_h15,15,recursive,kind_available_values,36.0,4
20260910,hybrid_continuous_h15,15,recursive,kind_mse,0.0007738057647657115,4
20260910,hybrid_continuous_h15,15,recursive,position_available_values,7.26923076923077,4
20260910,hybrid_continuous_h15,15,recursive,position_mse,0.029816849995418473,4
20260910,hybrid_continuous_h15,15,recursive,motion_available_values,7.230769230769232,4
20260910,hybrid_continuous_h15,15,recursive,motion_mse,0.00349670164555741,4
20260910,hybrid_continuous_h15,15,recursive,parsed_pig_count_absolute_error,0.009636496766828572,4
20260910,hybrid_continuous_h15,15,recursive,parsed_block_count_absolute_error,0.08254096886286369,4
20260910,hybrid_continuous_h15,30,recursive,mean_available_candidates,13.0,4
20260910,hybrid_continuous_h15,30,recursive,carrier_mse,0.009418360297926342,4
20260910,hybrid_continuous_h15,30,recursive,history_available_mse,0.07111681091527526,4
20260910,hybrid_continuous_h15,30,recursive,prior_elapsed_seconds_mse,0.00016307807630579956,4
20260910,hybrid_continuous_h15,30,recursive,availability_bits_mse,0.019837889444226257,4
20260910,hybrid_continuous_h15,30,recursive,presence_available_values,18.0,4
20260910,hybrid_continuous_h15,30,recursive,presence_mse,0.0014500311976567344,4
20260910,hybrid_continuous_h15,30,recursive,kind_available_values,36.0,4
20260910,hybrid_continuous_h15,30,recursive,kind_mse,0.0009966174542429284,4
20260910,hybrid_continuous_h15,30,recursive,position_available_values,7.346153846153847,4
20260910,hybrid_continuous_h15,30,recursive,position_mse,0.030336575154111554,4
20260910,hybrid_continuous_h15,30,recursive,motion_available_values,7.346153846153847,4
20260910,hybrid_continuous_h15,30,recursive,motion_mse,0.0023000783425791618,4
20260910,hybrid_continuous_h15,30,recursive,parsed_pig_count_absolute_error,0.012605749500485567,4
20260910,hybrid_continuous_h15,30,recursive,parsed_block_count_absolute_error,0.06866936729504512,4
20260910,hybrid_continuous_h15,60,recursive,mean_available_candidates,13.0,4
20260910,hybrid_continuous_h15,60,recursive,carrier_mse,0.009302826616196677,4
20260910,hybrid_continuous_h15,60,recursive,history_available_mse,0.07720443828461263,4
20260910,hybrid_continuous_h15,60,recursive,prior_elapsed_seconds_mse,0.0007277599769832494,4
20260910,hybrid_continuous_h15,60,recursive,availability_bits_mse,0.01851688871661631,4
20260910,hybrid_continuous_h15,60,recursive,presence_available_values,18.0,4
20260910,hybrid_continuous_h15,60,recursive,presence_mse,0.002674045359106878,4
20260910,hybrid_continuous_h15,60,recursive,kind_available_values,36.0,4
20260910,hybrid_continuous_h15,60,recursive,kind_mse,0.00200239967671223,4
20260910,hybrid_continuous_h15,60,recursive,position_available_values,7.1923076923076925,4
20260910,hybrid_continuous_h15,60,recursive,position_mse,0.023020498815010518,4
20260910,hybrid_continuous_h15,60,recursive,motion_available_values,7.1923076923076925,4
20260910,hybrid_continuous_h15,60,recursive,motion_mse,0.004159697828492006,4
20260910,hybrid_continuous_h15,60,recursive,parsed_pig_count_absolute_error,0.01471180196564931,4
20260910,hybrid_continuous_h15,60,recursive,parsed_block_count_absolute_error,0.08217146362249668,4
20260910,hybrid_continuous_h15,150,recursive,mean_available_candidates,13.0,4
20260910,hybrid_continuous_h15,150,recursive,carrier_mse,0.014798156469343949,4
20260910,hybrid_continuous_h15,150,recursive,history_available_mse,0.08409123265972505,4
20260910,hybrid_continuous_h15,150,recursive,prior_elapsed_seconds_mse,0.005502034193621231,4
20260910,hybrid_continuous_h15,150,recursive,availability_bits_mse,0.022590486762615353,4
20260910,hybrid_continuous_h15,150,recursive,presence_available_values,18.0,4
20260910,hybrid_continuous_h15,150,recursive,presence_mse,0.014171182679442259,4
20260910,hybrid_continuous_h15,150,recursive,kind_available_values,36.0,4
20260910,hybrid_continuous_h15,150,recursive,kind_mse,0.00905262127232093,4
20260910,hybrid_continuous_h15,150,recursive,position_available_values,7.153846153846153,4
20260910,hybrid_continuous_h15,150,recursive,position_mse,0.019569928059354424,4
20260910,hybrid_continuous_h15,150,recursive,motion_available_values,7.115384615384615,4
20260910,hybrid_continuous_h15,150,recursive,motion_mse,0.010915161477616774,4
20260910,hybrid_continuous_h15,150,recursive,parsed_pig_count_absolute_error,0.0515209543160521,4
20260910,hybrid_continuous_h15,150,recursive,parsed_block_count_absolute_error,0.334087104178392,4
20260910,hybrid_continuous_h15,225,recursive,mean_available_candidates,13.0,4
20260910,hybrid_continuous_h15,225,recursive,carrier_mse,0.024108217850040928,4
20260910,hybrid_continuous_h15,225,recursive,history_available_mse,0.08593256305903196,4
20260910,hybrid_continuous_h15,225,recursive,prior_elapsed_seconds_mse,0.014916497990130806,4
20260910,hybrid_continuous_h15,225,recursive,availability_bits_mse,0.03135071347395962,4
20260910,hybrid_continuous_h15,225,recursive,presence_available_values,18.0,4
20260910,hybrid_continuous_h15,225,recursive,presence_mse,0.03310686751053883,4
20260910,hybrid_continuous_h15,225,recursive,kind_available_values,36.0,4
20260910,hybrid_continuous_h15,225,recursive,kind_mse,0.019578987159408055,4
20260910,hybrid_continuous_h15,225,recursive,position_available_values,7.153846153846153,4
20260910,hybrid_continuous_h15,225,recursive,position_mse,0.02088029522341318,4
20260910,hybrid_continuous_h15,225,recursive,motion_available_values,7.153846153846153,4
20260910,hybrid_continuous_h15,225,recursive,motion_mse,0.018382206809921905,4
20260910,hybrid_continuous_h15,225,recursive,parsed_pig_count_absolute_error,0.05472629345380342,4
20260910,hybrid_continuous_h15,225,recursive,parsed_block_count_absolute_error,0.572951020529637,4
20260910,hybrid_continuous_h15,600,recursive,mean_available_candidates,13.0,4
20260910,hybrid_continuous_h15,600,recursive,carrier_mse,0.163172493617122,4
20260910,hybrid_continuous_h15,600,recursive,history_available_mse,0.09982845831948978,4
20260910,hybrid_continuous_h15,600,recursive,prior_elapsed_seconds_mse,0.16936079441354826,4
20260910,hybrid_continuous_h15,600,recursive,availability_bits_mse,0.17574820868097818,4
20260910,hybrid_continuous_h15,600,recursive,presence_available_values,18.0,4
20260910,hybrid_continuous_h15,600,recursive,presence_mse,0.3263139294890257,4
20260910,hybrid_continuous_h15,600,recursive,kind_available_values,36.0,4
20260910,hybrid_continuous_h15,600,recursive,kind_mse,0.1559888029900881,4
20260910,hybrid_continuous_h15,600,recursive,position_available_values,7.038461538461538,4
20260910,hybrid_continuous_h15,600,recursive,position_mse,0.0665776259624041,4
20260910,hybrid_continuous_h15,600,recursive,motion_available_values,7.038461538461538,4
20260910,hybrid_continuous_h15,600,recursive,motion_mse,0.1423909796688419,4
20260910,hybrid_continuous_h15,600,recursive,parsed_pig_count_absolute_error,0.05352701390018829,4
20260910,hybrid_continuous_h15,600,recursive,parsed_block_count_absolute_error,1.6025248295985737,4
20260910,hybrid_continuous_h15,15,local,mean_available_candidates,13.0,4
20260910,hybrid_continuous_h15,15,local,carrier_mse,0.009097390602199504,4
20260910,hybrid_continuous_h15,15,local,history_available_mse,0.06143324489060503,4
20260910,hybrid_continuous_h15,15,local,prior_elapsed_seconds_mse,7.173181647911732e-05,4
20260910,hybrid_continuous_h15,15,local,availability_bits_mse,0.019543801577618487,4
20260910,hybrid_continuous_h15,15,local,presence_available_values,18.0,4
20260910,hybrid_continuous_h15,15,local,presence_mse,0.0009949321868659284,4
20260910,hybrid_continuous_h15,15,local,kind_available_values,36.0,4
20260910,hybrid_continuous_h15,15,local,kind_mse,0.0007738057647657115,4
20260910,hybrid_continuous_h15,15,local,position_available_values,7.26923076923077,4
20260910,hybrid_continuous_h15,15,local,position_mse,0.029816849995418473,4
20260910,hybrid_continuous_h15,15,local,motion_available_values,7.230769230769232,4
20260910,hybrid_continuous_h15,15,local,motion_mse,0.00349670164555741,4
20260910,hybrid_continuous_h15,15,local,parsed_pig_count_absolute_error,0.009636496766828572,4
20260910,hybrid_continuous_h15,15,local,parsed_block_count_absolute_error,0.08254096886286369,4
20260910,hybrid_continuous_h15,30,local,mean_available_candidates,13.0,4
20260910,hybrid_continuous_h15,30,local,carrier_mse,0.001117389492719667,4
20260910,hybrid_continuous_h15,30,local,history_available_mse,0.001623064544359155,4
20260910,hybrid_continuous_h15,30,local,prior_elapsed_seconds_mse,7.480101098488434e-05,4
20260910,hybrid_continuous_h15,30,local,availability_bits_mse,0.0019840912321412293,4
20260910,hybrid_continuous_h15,30,local,presence_available_values,18.0,4
20260910,hybrid_continuous_h15,30,local,presence_mse,0.0002352265847338668,4
20260910,hybrid_continuous_h15,30,local,kind_available_values,36.0,4
20260910,hybrid_continuous_h15,30,local,kind_mse,0.00016809524570887265,4
20260910,hybrid_continuous_h15,30,local,position_available_values,7.346153846153847,4
20260910,hybrid_continuous_h15,30,local,position_mse,0.0032713556549704382,4
20260910,hybrid_continuous_h15,30,local,motion_available_values,7.346153846153847,4
20260910,hybrid_continuous_h15,30,local,motion_mse,0.0018403778622786584,4
20260910,hybrid_continuous_h15,30,local,parsed_pig_count_absolute_error,0.011463236350279588,4
20260910,hybrid_continuous_h15,30,local,parsed_block_count_absolute_error,0.02860014599103194,4
20260910,hybrid_continuous_h15,60,local,mean_available_candidates,13.0,4
20260910,hybrid_continuous_h15,60,local,carrier_mse,0.0010581829444093343,4
20260910,hybrid_continuous_h15,60,local,history_available_mse,0.0016516329300289866,4
20260910,hybrid_continuous_h15,60,local,prior_elapsed_seconds_mse,6.474774794185123e-05,4
20260910,hybrid_continuous_h15,60,local,availability_bits_mse,0.0018121124935882669,4
20260910,hybrid_continuous_h15,60,local,presence_available_values,18.0,4
20260910,hybrid_continuous_h15,60,local,presence_mse,0.00030796759137256927,4
20260910,hybrid_continuous_h15,60,local,kind_available_values,36.0,4
20260910,hybrid_continuous_h15,60,local,kind_mse,0.00018542805040711898,4
20260910,hybrid_continuous_h15,60,local,position_available_values,7.1923076923076925,4
20260910,hybrid_continuous_h15,60,local,position_mse,9.72904473690925e-05,4
20260910,hybrid_continuous_h15,60,local,motion_available_values,7.1923076923076925,4
20260910,hybrid_continuous_h15,60,local,motion_mse,0.0012796321635295707,4
20260910,hybrid_continuous_h15,60,local,parsed_pig_count_absolute_error,0.013040052583584419,4
20260910,hybrid_continuous_h15,60,local,parsed_block_count_absolute_error,0.040076969334712394,4
20260910,hybrid_continuous_h15,150,local,mean_available_candidates,13.0,4
20260910,hybrid_continuous_h15,150,local,carrier_mse,0.0011885064290814067,4
20260910,hybrid_continuous_h15,150,local,history_available_mse,0.0016743337095809134,4
20260910,hybrid_continuous_h15,150,local,prior_elapsed_seconds_mse,6.603991856151809e-05,4
20260910,hybrid_continuous_h15,150,local,availability_bits_mse,0.001995959224306996,4
20260910,hybrid_continuous_h15,150,local,presence_available_values,18.0,4
20260910,hybrid_continuous_h15,150,local,presence_mse,0.0002987387107658343,4
20260910,hybrid_continuous_h15,150,local,kind_available_values,36.0,4
20260910,hybrid_continuous_h15,150,local,kind_mse,0.00026163911234806833,4
20260910,hybrid_continuous_h15,150,local,position_available_values,7.153846153846153,4
20260910,hybrid_continuous_h15,150,local,position_mse,0.0011991076451942297,4
20260910,hybrid_continuous_h15,150,local,motion_available_values,7.115384615384615,4
20260910,hybrid_continuous_h15,150,local,motion_mse,0.0017186638064091452,4
20260910,hybrid_continuous_h15,150,local,parsed_pig_count_absolute_error,0.012295540923682544,4
20260910,hybrid_continuous_h15,150,local,parsed_block_count_absolute_error,0.03917123090762359,4
20260910,hybrid_continuous_h15,225,local,mean_available_candidates,13.0,4
20260910,hybrid_continuous_h15,225,local,carrier_mse,0.0019423399168702485,4
20260910,hybrid_continuous_h15,225,local,history_available_mse,0.0017278906002152674,4
20260910,hybrid_continuous_h15,225,local,prior_elapsed_seconds_mse,7.910465822045756e-05,4
20260910,hybrid_continuous_h15,225,local,availability_bits_mse,0.003425242473055662,4
20260910,hybrid_continuous_h15,225,local,presence_available_values,18.0,4
20260910,hybrid_continuous_h15,225,local,presence_mse,0.00042313921963236335,4
20260910,hybrid_continuous_h15,225,local,kind_available_values,36.0,4
20260910,hybrid_continuous_h15,225,local,kind_mse,0.000252483197562889,4
20260910,hybrid_continuous_h15,225,local,position_available_values,7.153846153846153,4
20260910,hybrid_continuous_h15,225,local,position_mse,0.00010330045531121029,4
20260910,hybrid_continuous_h15,225,local,motion_available_values,7.153846153846153,4
20260910,hybrid_continuous_h15,225,local,motion_mse,0.002329228650733757,4
20260910,hybrid_continuous_h15,225,local,parsed_pig_count_absolute_error,0.013281867552835207,4
20260910,hybrid_continuous_h15,225,local,parsed_block_count_absolute_error,0.04892670707060741,4
20260910,hybrid_continuous_h15,600,local,mean_available_candidates,13.0,4
20260910,hybrid_continuous_h15,600,local,carrier_mse,0.0008834812218153204,4
20260910,hybrid_continuous_h15,600,local,history_available_mse,0.0015358887850862421,4
20260910,hybrid_continuous_h15,600,local,prior_elapsed_seconds_mse,0.0002673642038324431,4
20260910,hybrid_continuous_h15,600,local,availability_bits_mse,0.0007069724225192869,4
20260910,hybrid_continuous_h15,600,local,presence_available_values,18.0,4
20260910,hybrid_continuous_h15,600,local,presence_mse,0.0003564189653563797,4
20260910,hybrid_continuous_h15,600,local,kind_available_values,36.0,4
20260910,hybrid_continuous_h15,600,local,kind_mse,0.0003480303782383159,4
20260910,hybrid_continuous_h15,600,local,position_available_values,7.038461538461538,4
20260910,hybrid_continuous_h15,600,local,position_mse,0.0001480728038026987,4
20260910,hybrid_continuous_h15,600,local,motion_available_values,7.038461538461538,4
20260910,hybrid_continuous_h15,600,local,motion_mse,0.009793932958228441,4
20260910,hybrid_continuous_h15,600,local,parsed_pig_count_absolute_error,0.012505584790443,4
20260910,hybrid_continuous_h15,600,local,parsed_block_count_absolute_error,0.02511542920882885,4
20260910,hybrid_micro_h15,15,recursive,mean_available_candidates,13.0,4
20260910,hybrid_micro_h15,15,recursive,carrier_mse,0.009109770458263274,4
20260910,hybrid_micro_h15,15,recursive,history_available_mse,0.06015806286953963,4
20260910,hybrid_micro_h15,15,recursive,prior_elapsed_seconds_mse,0.00010819203408100993,4
20260910,hybrid_micro_h15,15,recursive,availability_bits_mse,0.019566747592762113,4
20260910,hybrid_micro_h15,15,recursive,presence_available_values,18.0,4
20260910,hybrid_micro_h15,15,recursive,presence_mse,0.000964044045339016,4
20260910,hybrid_micro_h15,15,recursive,kind_available_values,36.0,4
20260910,hybrid_micro_h15,15,recursive,kind_mse,0.0007376153869420075,4
20260910,hybrid_micro_h15,15,recursive,position_available_values,7.26923076923077,4
20260910,hybrid_micro_h15,15,recursive,position_mse,0.029695061606686907,4
20260910,hybrid_micro_h15,15,recursive,motion_available_values,7.230769230769232,4
20260910,hybrid_micro_h15,15,recursive,motion_mse,0.0041990694231711905,4
20260910,hybrid_micro_h15,15,recursive,parsed_pig_count_absolute_error,0.01565619106762684,4
20260910,hybrid_micro_h15,15,recursive,parsed_block_count_absolute_error,0.0795531588105055,4
20260910,hybrid_micro_h15,30,recursive,mean_available_candidates,13.0,4
20260910,hybrid_micro_h15,30,recursive,carrier_mse,0.00941150315786497,4
20260910,hybrid_micro_h15,30,recursive,history_available_mse,0.07109593915251584,4
20260910,hybrid_micro_h15,30,recursive,prior_elapsed_seconds_mse,0.00032313405706820334,4
20260910,hybrid_micro_h15,30,recursive,availability_bits_mse,0.01991288145430959,4
20260910,hybrid_micro_h15,30,recursive,presence_available_values,18.0,4
20260910,hybrid_micro_h15,30,recursive,presence_mse,0.00139875113493942,4
20260910,hybrid_micro_h15,30,recursive,kind_available_values,36.0,4
20260910,hybrid_micro_h15,30,recursive,kind_mse,0.0009252251654218596,4
20260910,hybrid_micro_h15,30,recursive,position_available_values,7.346153846153847,4
20260910,hybrid_micro_h15,30,recursive,position_mse,0.030273183405177824,4
20260910,hybrid_micro_h15,30,recursive,motion_available_values,7.346153846153847,4
20260910,hybrid_micro_h15,30,recursive,motion_mse,0.0020466412981757177,4
20260910,hybrid_micro_h15,30,recursive,parsed_pig_count_absolute_error,0.01522020436823368,4
20260910,hybrid_micro_h15,30,recursive,parsed_block_count_absolute_error,0.06804425555926102,4
20260910,hybrid_micro_h15,60,recursive,mean_available_candidates,13.0,4
20260910,hybrid_micro_h15,60,recursive,carrier_mse,0.009295315016061068,4
20260910,hybrid_micro_h15,60,recursive,history_available_mse,0.07764278309276472,4
20260910,hybrid_micro_h15,60,recursive,prior_elapsed_seconds_mse,0.0013561468188597176,4
20260910,hybrid_micro_h15,60,recursive,availability_bits_mse,0.01863478849498698,4
20260910,hybrid_micro_h15,60,recursive,presence_available_values,18.0,4
20260910,hybrid_micro_h15,60,recursive,presence_mse,0.0026228524937043684,4
20260910,hybrid_micro_h15,60,recursive,kind_available_values,36.0,4
20260910,hybrid_micro_h15,60,recursive,kind_mse,0.001887332506997224,4
20260910,hybrid_micro_h15,60,recursive,position_available_values,7.1923076923076925,4
20260910,hybrid_micro_h15,60,recursive,position_mse,0.02298919081938668,4
20260910,hybrid_micro_h15,60,recursive,motion_available_values,7.1923076923076925,4
20260910,hybrid_micro_h15,60,recursive,motion_mse,0.003002845426985564,4
20260910,hybrid_micro_h15,60,recursive,parsed_pig_count_absolute_error,0.01282868512834494,4
20260910,hybrid_micro_h15,60,recursive,parsed_block_count_absolute_error,0.09034807578875467,4
20260910,hybrid_micro_h15,150,recursive,mean_available_candidates,13.0,4
20260910,hybrid_micro_h15,150,recursive,carrier_mse,0.014982533497879136,4
20260910,hybrid_micro_h15,150,recursive,history_available_mse,0.08738723433075044,4
20260910,hybrid_micro_h15,150,recursive,prior_elapsed_seconds_mse,0.008099223522899242,4
20260910,hybrid_micro_h15,150,recursive,availability_bits_mse,0.022967572395618144,4
20260910,hybrid_micro_h15,150,recursive,presence_available_values,18.0,4
20260910,hybrid_micro_h15,150,recursive,presence_mse,0.014009199257438572,4
20260910,hybrid_micro_h15,150,recursive,kind_available_values,36.0,4
20260910,hybrid_micro_h15,150,recursive,kind_mse,0.009083949351826538,4
20260910,hybrid_micro_h15,150,recursive,position_available_values,7.153846153846153,4
20260910,hybrid_micro_h15,150,recursive,position_mse,0.019427185063250366,4
20260910,hybrid_micro_h15,150,recursive,motion_available_values,7.115384615384615,4
20260910,hybrid_micro_h15,150,recursive,motion_mse,0.007977249897801532,4
20260910,hybrid_micro_h15,150,recursive,parsed_pig_count_absolute_error,0.052275874616148375,4
20260910,hybrid_micro_h15,150,recursive,parsed_block_count_absolute_error,0.3511158084640136,4
20260910,hybrid_micro_h15,225,recursive,mean_available_candidates,13.0,4
20260910,hybrid_micro_h15,225,recursive,carrier_mse,0.024554182990239218,4
20260910,hybrid_micro_h15,225,recursive,history_available_mse,0.09143643926542538,4
20260910,hybrid_micro_h15,225,recursive,prior_elapsed_seconds_mse,0.020288097152773004,4
20260910,hybrid_micro_h15,225,recursive,availability_bits_mse,0.031807606430867545,4
20260910,hybrid_micro_h15,225,recursive,presence_available_values,18.0,4
20260910,hybrid_micro_h15,225,recursive,presence_mse,0.032764476688148886,4
20260910,hybrid_micro_h15,225,recursive,kind_available_values,36.0,4
20260910,hybrid_micro_h15,225,recursive,kind_mse,0.020138311952065967,4
20260910,hybrid_micro_h15,225,recursive,position_available_values,7.153846153846153,4
20260910,hybrid_micro_h15,225,recursive,position_mse,0.02058726061995213,4
20260910,hybrid_micro_h15,225,recursive,motion_available_values,7.153846153846153,4
20260910,hybrid_micro_h15,225,recursive,motion_mse,0.01408297706467028,4
20260910,hybrid_micro_h15,225,recursive,parsed_pig_count_absolute_error,0.05472629345380342,4
20260910,hybrid_micro_h15,225,recursive,parsed_block_count_absolute_error,0.5934677049517632,4
20260910,hybrid_micro_h15,600,recursive,mean_available_candidates,13.0,4
20260910,hybrid_micro_h15,600,recursive,carrier_mse,0.16576417750464037,4
20260910,hybrid_micro_h15,600,recursive,history_available_mse,0.10969044776776662,4
20260910,hybrid_micro_h15,600,recursive,prior_elapsed_seconds_mse,0.2544580107698074,4
20260910,hybrid_micro_h15,600,recursive,availability_bits_mse,0.17437032610177994,4
20260910,hybrid_micro_h15,600,recursive,presence_available_values,18.0,4
20260910,hybrid_micro_h15,600,recursive,presence_mse,0.34266955147569,4
20260910,hybrid_micro_h15,600,recursive,kind_available_values,36.0,4
20260910,hybrid_micro_h15,600,recursive,kind_mse,0.15849990254411328,4
20260910,hybrid_micro_h15,600,recursive,position_available_values,7.038461538461538,4
20260910,hybrid_micro_h15,600,recursive,position_mse,0.061584778918096654,4
20260910,hybrid_micro_h15,600,recursive,motion_available_values,7.038461538461538,4
20260910,hybrid_micro_h15,600,recursive,motion_mse,0.1429393055060735,4
20260910,hybrid_micro_h15,600,recursive,parsed_pig_count_absolute_error,0.05352701390018829,4
20260910,hybrid_micro_h15,600,recursive,parsed_block_count_absolute_error,1.5978698077110143,4
20260910,hybrid_micro_h15,15,local,mean_available_candidates,13.0,4
20260910,hybrid_micro_h15,15,local,carrier_mse,0.009109770458263274,4
20260910,hybrid_micro_h15,15,local,history_available_mse,0.06015806286953963,4
20260910,hybrid_micro_h15,15,local,prior_elapsed_seconds_mse,0.00010819203408100993,4
20260910,hybrid_micro_h15,15,local,availability_bits_mse,0.019566747592762113,4
20260910,hybrid_micro_h15,15,local,presence_available_values,18.0,4
20260910,hybrid_micro_h15,15,local,presence_mse,0.000964044045339016,4
20260910,hybrid_micro_h15,15,local,kind_available_values,36.0,4
20260910,hybrid_micro_h15,15,local,kind_mse,0.0007376153869420075,4
20260910,hybrid_micro_h15,15,local,position_available_values,7.26923076923077,4
20260910,hybrid_micro_h15,15,local,position_mse,0.029695061606686907,4
20260910,hybrid_micro_h15,15,local,motion_available_values,7.230769230769232,4
20260910,hybrid_micro_h15,15,local,motion_mse,0.0041990694231711905,4
20260910,hybrid_micro_h15,15,local,parsed_pig_count_absolute_error,0.01565619106762684,4
20260910,hybrid_micro_h15,15,local,parsed_block_count_absolute_error,0.0795531588105055,4
20260910,hybrid_micro_h15,30,local,mean_available_candidates,13.0,4
20260910,hybrid_micro_h15,30,local,carrier_mse,0.001089749241845521,4
20260910,hybrid_micro_h15,30,local,history_available_mse,0.001517868359559753,4
20260910,hybrid_micro_h15,30,local,prior_elapsed_seconds_mse,2.69152280871765e-05,4
20260910,hybrid_micro_h15,30,local,availability_bits_mse,0.0019861065733353966,4
20260910,hybrid_micro_h15,30,local,presence_available_values,18.0,4
20260910,hybrid_micro_h15,30,local,presence_mse,0.0002163487237199801,4
20260910,hybrid_micro_h15,30,local,kind_available_values,36.0,4
20260910,hybrid_micro_h15,30,local,kind_mse,0.00015267872381977772,4
20260910,hybrid_micro_h15,30,local,position_available_values,7.346153846153847,4
20260910,hybrid_micro_h15,30,local,position_mse,0.003306408513918331,4
20260910,hybrid_micro_h15,30,local,motion_available_values,7.346153846153847,4
20260910,hybrid_micro_h15,30,local,motion_mse,0.001401065538140336,4
20260910,hybrid_micro_h15,30,local,parsed_pig_count_absolute_error,0.006920623521392161,4
20260910,hybrid_micro_h15,30,local,parsed_block_count_absolute_error,0.029396296693728518,4
20260910,hybrid_micro_h15,60,local,mean_available_candidates,13.0,4
20260910,hybrid_micro_h15,60,local,carrier_mse,0.0010333550484434594,4
20260910,hybrid_micro_h15,60,local,history_available_mse,0.0015305955793547372,4
20260910,hybrid_micro_h15,60,local,prior_elapsed_seconds_mse,1.873724275676285e-05,4
20260910,hybrid_micro_h15,60,local,availability_bits_mse,0.001821662917231711,4
20260910,hybrid_micro_h15,60,local,presence_available_values,18.0,4
20260910,hybrid_micro_h15,60,local,presence_mse,0.000290073365949166,4
20260910,hybrid_micro_h15,60,local,kind_available_values,36.0,4
20260910,hybrid_micro_h15,60,local,kind_mse,0.0001705462755825675,4
20260910,hybrid_micro_h15,60,local,position_available_values,7.1923076923076925,4
20260910,hybrid_micro_h15,60,local,position_mse,9.670723703983151e-05,4
20260910,hybrid_micro_h15,60,local,motion_available_values,7.1923076923076925,4
20260910,hybrid_micro_h15,60,local,motion_mse,0.0008139567530284135,4
20260910,hybrid_micro_h15,60,local,parsed_pig_count_absolute_error,0.008105213109117288,4
20260910,hybrid_micro_h15,60,local,parsed_block_count_absolute_error,0.04125947046738404,4
20260910,hybrid_micro_h15,150,local,mean_available_candidates,13.0,4
20260910,hybrid_micro_h15,150,local,carrier_mse,0.0011673190509519863,4
20260910,hybrid_micro_h15,150,local,history_available_mse,0.001557394208738025,4
20260910,hybrid_micro_h15,150,local,prior_elapsed_seconds_mse,1.9137256395059565e-05,4
20260910,hybrid_micro_h15,150,local,availability_bits_mse,0.0020153141206090087,4
20260910,hybrid_micro_h15,150,local,presence_available_values,18.0,4
20260910,hybrid_micro_h15,150,local,presence_mse,0.000282738491967813,4
20260910,hybrid_micro_h15,150,local,kind_available_values,36.0,4
20260910,hybrid_micro_h15,150,local,kind_mse,0.00024576128928926593,4
20260910,hybrid_micro_h15,150,local,position_available_values,7.153846153846153,4
20260910,hybrid_micro_h15,150,local,position_mse,0.0012197538019860915,4
20260910,hybrid_micro_h15,150,local,motion_available_values,7.115384615384615,4
20260910,hybrid_micro_h15,150,local,motion_mse,0.0012788054585913555,4
20260910,hybrid_micro_h15,150,local,parsed_pig_count_absolute_error,0.00742792932746502,4
20260910,hybrid_micro_h15,150,local,parsed_block_count_absolute_error,0.03962546988175465,4
20260910,hybrid_micro_h15,225,local,mean_available_candidates,13.0,4
20260910,hybrid_micro_h15,225,local,carrier_mse,0.0019214667865106515,4
20260910,hybrid_micro_h15,225,local,history_available_mse,0.0015979804966963667,4
20260910,hybrid_micro_h15,225,local,prior_elapsed_seconds_mse,2.8302399394997124e-05,4
20260910,hybrid_micro_h15,225,local,availability_bits_mse,0.003444172939522944,4
20260910,hybrid_micro_h15,225,local,presence_available_values,18.0,4
20260910,hybrid_micro_h15,225,local,presence_mse,0.00040406114973078587,4
20260910,hybrid_micro_h15,225,local,kind_available_values,36.0,4
20260910,hybrid_micro_h15,225,local,kind_mse,0.0002365738808013982,4
20260910,hybrid_micro_h15,225,local,position_available_values,7.153846153846153,4
20260910,hybrid_micro_h15,225,local,position_mse,0.00010313174740216568,4
20260910,hybrid_micro_h15,225,local,motion_available_values,7.153846153846153,4
20260910,hybrid_micro_h15,225,local,motion_mse,0.0019441231068832656,4
20260910,hybrid_micro_h15,225,local,parsed_pig_count_absolute_error,0.008705516775640156,4
20260910,hybrid_micro_h15,225,local,parsed_block_count_absolute_error,0.049495213879988745,4
20260910,hybrid_micro_h15,600,local,mean_available_candidates,13.0,4
20260910,hybrid_micro_h15,600,local,carrier_mse,0.0008769701657561549,4
20260910,hybrid_micro_h15,600,local,history_available_mse,0.0014873205121917776,4
20260910,hybrid_micro_h15,600,local,prior_elapsed_seconds_mse,0.00023343299689304625,4
20260910,hybrid_micro_h15,600,local,availability_bits_mse,0.0007240849529178097,4
20260910,hybrid_micro_h15,600,local,presence_available_values,18.0,4
20260910,hybrid_micro_h15,600,local,presence_mse,0.00034182076538295054,4
20260910,hybrid_micro_h15,600,local,kind_available_values,36.0,4
20260910,hybrid_micro_h15,600,local,kind_mse,0.0003325004174537473,4
20260910,hybrid_micro_h15,600,local,position_available_values,7.038461538461538,4
20260910,hybrid_micro_h15,600,local,position_mse,0.0001458179680971975,4
20260910,hybrid_micro_h15,600,local,motion_available_values,7.038461538461538,4
20260910,hybrid_micro_h15,600,local,motion_mse,0.009761759587630736,4
20260910,hybrid_micro_h15,600,local,parsed_pig_count_absolute_error,0.008150200896824781,4
20260910,hybrid_micro_h15,600,local,parsed_block_count_absolute_error,0.025787330590761624,4
20260910,hybrid_macro_h15,15,recursive,mean_available_candidates,13.0,4
20260910,hybrid_macro_h15,15,recursive,carrier_mse,0.011457404139666602,4
20260910,hybrid_macro_h15,15,recursive,history_available_mse,0.024270385127657883,4
20260910,hybrid_macro_h15,15,recursive,prior_elapsed_seconds_mse,0.0006562071850147241,4
20260910,hybrid_macro_h15,15,recursive,availability_bits_mse,0.022636677174327467,4
20260910,hybrid_macro_h15,15,recursive,presence_available_values,18.0,4
20260910,hybrid_macro_h15,15,recursive,presence_mse,0.0031890335331599302,4
20260910,hybrid_macro_h15,15,recursive,kind_available_values,36.0,4
20260910,hybrid_macro_h15,15,recursive,kind_mse,0.002166139714133281,4
20260910,hybrid_macro_h15,15,recursive,position_available_values,7.26923076923077,4
20260910,hybrid_macro_h15,15,recursive,position_mse,0.029276846239764173,4
20260910,hybrid_macro_h15,15,recursive,motion_available_values,7.230769230769232,4
20260910,hybrid_macro_h15,15,recursive,motion_mse,0.01363854126359981,4
20260910,hybrid_macro_h15,15,recursive,parsed_pig_count_absolute_error,0.04167348970300876,4
20260910,hybrid_macro_h15,15,recursive,parsed_block_count_absolute_error,0.10019799895011464,4
20260910,hybrid_macro_h15,30,recursive,mean_available_candidates,13.0,4
20260910,hybrid_macro_h15,30,recursive,carrier_mse,0.010265962695344709,4
20260910,hybrid_macro_h15,30,recursive,history_available_mse,0.029926288980417524,4
20260910,hybrid_macro_h15,30,recursive,prior_elapsed_seconds_mse,0.00015330818102757726,4
20260910,hybrid_macro_h15,30,recursive,availability_bits_mse,0.022032664623111486,4
20260910,hybrid_macro_h15,30,recursive,presence_available_values,18.0,4
20260910,hybrid_macro_h15,30,recursive,presence_mse,0.0015176759379056212,4
20260910,hybrid_macro_h15,30,recursive,kind_available_values,36.0,4
20260910,hybrid_macro_h15,30,recursive,kind_mse,0.0015678584873407648,4
20260910,hybrid_macro_h15,30,recursive,position_available_values,7.346153846153847,4
20260910,hybrid_macro_h15,30,recursive,position_mse,0.031630289408125324,4
20260910,hybrid_macro_h15,30,recursive,motion_available_values,7.346153846153847,4
20260910,hybrid_macro_h15,30,recursive,motion_mse,0.0020254241244401783,4
20260910,hybrid_macro_h15,30,recursive,parsed_pig_count_absolute_error,0.011301282936563859,4
20260910,hybrid_macro_h15,30,recursive,parsed_block_count_absolute_error,0.06812849984719202,4
20260910,hybrid_macro_h15,60,recursive,mean_available_candidates,13.0,4
20260910,hybrid_macro_h15,60,recursive,carrier_mse,0.010198834370105313,4
20260910,hybrid_macro_h15,60,recursive,history_available_mse,0.03766261445931517,4
20260910,hybrid_macro_h15,60,recursive,prior_elapsed_seconds_mse,0.002081956362906987,4
20260910,hybrid_macro_h15,60,recursive,availability_bits_mse,0.0203054857870134,4
20260910,hybrid_macro_h15,60,recursive,presence_available_values,18.0,4
20260910,hybrid_macro_h15,60,recursive,presence_mse,0.002764184766699775,4
20260910,hybrid_macro_h15,60,recursive,kind_available_values,36.0,4
20260910,hybrid_macro_h15,60,recursive,kind_mse,0.0026262959693737617,4
20260910,hybrid_macro_h15,60,recursive,position_available_values,7.1923076923076925,4
20260910,hybrid_macro_h15,60,recursive,position_mse,0.025694152165669948,4
20260910,hybrid_macro_h15,60,recursive,motion_available_values,7.1923076923076925,4
20260910,hybrid_macro_h15,60,recursive,motion_mse,0.006272427424286993,4
20260910,hybrid_macro_h15,60,recursive,parsed_pig_count_absolute_error,0.0122761121736123,4
20260910,hybrid_macro_h15,60,recursive,parsed_block_count_absolute_error,0.06433239636512902,4
20260910,hybrid_macro_h15,150,recursive,mean_available_candidates,13.0,4
20260910,hybrid_macro_h15,150,recursive,carrier_mse,0.01539902120398787,4
20260910,hybrid_macro_h15,150,recursive,history_available_mse,0.06877925146657687,4
20260910,hybrid_macro_h15,150,recursive,prior_elapsed_seconds_mse,0.004327291004861204,4
20260910,hybrid_macro_h15,150,recursive,availability_bits_mse,0.02336423700818649,4
20260910,hybrid_macro_h15,150,recursive,presence_available_values,18.0,4
20260910,hybrid_macro_h15,150,recursive,presence_mse,0.010311640163238805,4
20260910,hybrid_macro_h15,150,recursive,kind_available_values,36.0,4
20260910,hybrid_macro_h15,150,recursive,kind_mse,0.00971471595291335,4
20260910,hybrid_macro_h15,150,recursive,position_available_values,7.153846153846153,4
20260910,hybrid_macro_h15,150,recursive,position_mse,0.030246387029854726,4
20260910,hybrid_macro_h15,150,recursive,motion_available_values,7.115384615384615,4
20260910,hybrid_macro_h15,150,recursive,motion_mse,0.011504895877666198,4
20260910,hybrid_macro_h15,150,recursive,parsed_pig_count_absolute_error,0.019263854859253537,4
20260910,hybrid_macro_h15,150,recursive,parsed_block_count_absolute_error,0.13775635739931694,4
20260910,hybrid_macro_h15,225,recursive,mean_available_candidates,13.0,4
20260910,hybrid_macro_h15,225,recursive,carrier_mse,0.025390601752755735,4
20260910,hybrid_macro_h15,225,recursive,history_available_mse,0.08425591155313528,4
20260910,hybrid_macro_h15,225,recursive,prior_elapsed_seconds_mse,0.004559417550738614,4
20260910,hybrid_macro_h15,225,recursive,availability_bits_mse,0.03260240119953568,4
20260910,hybrid_macro_h15,225,recursive,presence_available_values,18.0,4
20260910,hybrid_macro_h15,225,recursive,presence_mse,0.023714978803092472,4
20260910,hybrid_macro_h15,225,recursive,kind_available_values,36.0,4
20260910,hybrid_macro_h15,225,recursive,kind_mse,0.021473783247459396,4
20260910,hybrid_macro_h15,225,recursive,position_available_values,7.153846153846153,4
20260910,hybrid_macro_h15,225,recursive,position_mse,0.04250421919501744,4
20260910,hybrid_macro_h15,225,recursive,motion_available_values,7.153846153846153,4
20260910,hybrid_macro_h15,225,recursive,motion_mse,0.01960078796121077,4
20260910,hybrid_macro_h15,225,recursive,parsed_pig_count_absolute_error,0.04018766311212228,4
20260910,hybrid_macro_h15,225,recursive,parsed_block_count_absolute_error,0.23474236348500618,4
20260910,hybrid_macro_h15,600,recursive,mean_available_candidates,13.0,4
20260910,hybrid_macro_h15,600,recursive,carrier_mse,0.21629908365698963,4
20260910,hybrid_macro_h15,600,recursive,history_available_mse,0.18643049838451237,4
20260910,hybrid_macro_h15,600,recursive,prior_elapsed_seconds_mse,0.0007823660725071373,4
20260910,hybrid_macro_h15,600,recursive,availability_bits_mse,0.2207175106383287,4
20260910,hybrid_macro_h15,600,recursive,presence_available_values,18.0,4
20260910,hybrid_macro_h15,600,recursive,presence_mse,0.2952342491883498,4
20260910,hybrid_macro_h15,600,recursive,kind_available_values,36.0,4
20260910,hybrid_macro_h15,600,recursive,kind_mse,0.2167045972668208,4
20260910,hybrid_macro_h15,600,recursive,position_available_values,7.038461538461538,4
20260910,hybrid_macro_h15,600,recursive,position_mse,0.19782080014164632,4
20260910,hybrid_macro_h15,600,recursive,motion_available_values,7.038461538461538,4
20260910,hybrid_macro_h15,600,recursive,motion_mse,0.21698281047149348,4
20260910,hybrid_macro_h15,600,recursive,parsed_pig_count_absolute_error,0.05249878456099675,4
20260910,hybrid_macro_h15,600,recursive,parsed_block_count_absolute_error,0.6727182578582029,4
20260910,hybrid_macro_h15,15,local,mean_available_candidates,13.0,4
20260910,hybrid_macro_h15,15,local,carrier_mse,0.011457404139666602,4
20260910,hybrid_macro_h15,15,local,history_available_mse,0.024270385127657883,4
20260910,hybrid_macro_h15,15,local,prior_elapsed_seconds_mse,0.0006562071850147241,4
20260910,hybrid_macro_h15,15,local,availability_bits_mse,0.022636677174327467,4
20260910,hybrid_macro_h15,15,local,presence_available_values,18.0,4
20260910,hybrid_macro_h15,15,local,presence_mse,0.0031890335331599302,4
20260910,hybrid_macro_h15,15,local,kind_available_values,36.0,4
20260910,hybrid_macro_h15,15,local,kind_mse,0.002166139714133281,4
20260910,hybrid_macro_h15,15,local,position_available_values,7.26923076923077,4
20260910,hybrid_macro_h15,15,local,position_mse,0.029276846239764173,4
20260910,hybrid_macro_h15,15,local,motion_available_values,7.230769230769232,4
20260910,hybrid_macro_h15,15,local,motion_mse,0.01363854126359981,4
20260910,hybrid_macro_h15,15,local,parsed_pig_count_absolute_error,0.04167348970300876,4
20260910,hybrid_macro_h15,15,local,parsed_block_count_absolute_error,0.10019799895011464,4
20260910,hybrid_macro_h15,30,local,mean_available_candidates,13.0,4
20260910,hybrid_macro_h15,30,local,carrier_mse,0.0017295264965818764,4
20260910,hybrid_macro_h15,30,local,history_available_mse,0.009918890915846882,4
20260910,hybrid_macro_h15,30,local,prior_elapsed_seconds_mse,0.004129125615760971,4
20260910,hybrid_macro_h15,30,local,availability_bits_mse,0.002962041402217717,4
20260910,hybrid_macro_h15,30,local,presence_available_values,18.0,4
20260910,hybrid_macro_h15,30,local,presence_mse,0.0006897841435252653,4
20260910,hybrid_macro_h15,30,local,kind_available_values,36.0,4
20260910,hybrid_macro_h15,30,local,kind_mse,0.0003701515040749935,4
20260910,hybrid_macro_h15,30,local,position_available_values,7.346153846153847,4
20260910,hybrid_macro_h15,30,local,position_mse,0.0035665296759711616,4
20260910,hybrid_macro_h15,30,local,motion_available_values,7.346153846153847,4
20260910,hybrid_macro_h15,30,local,motion_mse,0.0020010218560435953,4
20260910,hybrid_macro_h15,30,local,parsed_pig_count_absolute_error,0.023062800881094657,4
20260910,hybrid_macro_h15,30,local,parsed_block_count_absolute_error,0.03191757889894339,4
20260910,hybrid_macro_h15,60,local,mean_available_candidates,13.0,4
20260910,hybrid_macro_h15,60,local,carrier_mse,0.0016185176108802597,4
20260910,hybrid_macro_h15,60,local,history_available_mse,0.008872783818962768,4
20260910,hybrid_macro_h15,60,local,prior_elapsed_seconds_mse,0.003992972658194888,4
20260910,hybrid_macro_h15,60,local,availability_bits_mse,0.0029436821597090992,4
20260910,hybrid_macro_h15,60,local,presence_available_values,18.0,4
20260910,hybrid_macro_h15,60,local,presence_mse,0.0005236972983066852,4
20260910,hybrid_macro_h15,60,local,kind_available_values,36.0,4
20260910,hybrid_macro_h15,60,local,kind_mse,0.0002949986970074511,4
20260910,hybrid_macro_h15,60,local,position_available_values,7.1923076923076925,4
20260910,hybrid_macro_h15,60,local,position_mse,0.00025161358672238956,4
20260910,hybrid_macro_h15,60,local,motion_available_values,7.1923076923076925,4
20260910,hybrid_macro_h15,60,local,motion_mse,0.0011066010864361976,4
20260910,hybrid_macro_h15,60,local,parsed_pig_count_absolute_error,0.020707946413984667,4
20260910,hybrid_macro_h15,60,local,parsed_block_count_absolute_error,0.033458612859249115,4
20260910,hybrid_macro_h15,150,local,mean_available_candidates,13.0,4
20260910,hybrid_macro_h15,150,local,carrier_mse,0.0017515412048221782,4
20260910,hybrid_macro_h15,150,local,history_available_mse,0.008924359330334343,4
20260910,hybrid_macro_h15,150,local,prior_elapsed_seconds_mse,0.0040718377120076464,4
20260910,hybrid_macro_h15,150,local,availability_bits_mse,0.003132690142732687,4
20260910,hybrid_macro_h15,150,local,presence_available_values,18.0,4
20260910,hybrid_macro_h15,150,local,presence_mse,0.0005369087330808935,4
20260910,hybrid_macro_h15,150,local,kind_available_values,36.0,4
20260910,hybrid_macro_h15,150,local,kind_mse,0.0003571012353999182,4
20260910,hybrid_macro_h15,150,local,position_available_values,7.153846153846153,4
20260910,hybrid_macro_h15,150,local,position_mse,0.0013709492991788113,4
20260910,hybrid_macro_h15,150,local,motion_available_values,7.115384615384615,4
20260910,hybrid_macro_h15,150,local,motion_mse,0.0015446674929430278,4
20260910,hybrid_macro_h15,150,local,parsed_pig_count_absolute_error,0.01892613311513112,4
20260910,hybrid_macro_h15,150,local,parsed_block_count_absolute_error,0.043325046507211834,4
20260910,hybrid_macro_h15,225,local,mean_available_candidates,13.0,4
20260910,hybrid_macro_h15,225,local,carrier_mse,0.0025664132968253955,4
20260910,hybrid_macro_h15,225,local,history_available_mse,0.00856930014337055,4
20260910,hybrid_macro_h15,225,local,prior_elapsed_seconds_mse,0.004075679954929421,4
20260910,hybrid_macro_h15,225,local,availability_bits_mse,0.004678906685932396,4
20260910,hybrid_macro_h15,225,local,presence_available_values,18.0,4
20260910,hybrid_macro_h15,225,local,presence_mse,0.000690346857971655,4
20260910,hybrid_macro_h15,225,local,kind_available_values,36.0,4
20260910,hybrid_macro_h15,225,local,kind_mse,0.00038323988785403065,4
20260910,hybrid_macro_h15,225,local,position_available_values,7.153846153846153,4
20260910,hybrid_macro_h15,225,local,position_mse,0.0002636240393397971,4
20260910,hybrid_macro_h15,225,local,motion_available_values,7.153846153846153,4
20260910,hybrid_macro_h15,225,local,motion_mse,0.0024598759314707983,4
20260910,hybrid_macro_h15,225,local,parsed_pig_count_absolute_error,0.022596411944295347,4
20260910,hybrid_macro_h15,225,local,parsed_block_count_absolute_error,0.044327578865564786,4
20260910,hybrid_macro_h15,600,local,mean_available_candidates,13.0,4
20260910,hybrid_macro_h15,600,local,carrier_mse,0.0014862059839428044,4
20260910,hybrid_macro_h15,600,local,history_available_mse,0.010568073162665734,4
20260910,hybrid_macro_h15,600,local,prior_elapsed_seconds_mse,0.004129303395389937,4
20260910,hybrid_macro_h15,600,local,availability_bits_mse,0.0018336163238228227,4
20260910,hybrid_macro_h15,600,local,presence_available_values,18.0,4
20260910,hybrid_macro_h15,600,local,presence_mse,0.0006575058315110465,4
20260910,hybrid_macro_h15,600,local,kind_available_values,36.0,4
20260910,hybrid_macro_h15,600,local,kind_mse,0.0004733082020650797,4
20260910,hybrid_macro_h15,600,local,position_available_values,7.038461538461538,4
20260910,hybrid_macro_h15,600,local,position_mse,0.00032158452170104004,4
20260910,hybrid_macro_h15,600,local,motion_available_values,7.038461538461538,4
20260910,hybrid_macro_h15,600,local,motion_mse,0.009416785232203368,4
20260910,hybrid_macro_h15,600,local,parsed_pig_count_absolute_error,0.01837558324377124,4
20260910,hybrid_macro_h15,600,local,parsed_block_count_absolute_error,0.03220408409833908,4

seed,system,mean_regret,top1_fraction,top3_fraction,prediction_failure_states,transition_linear_macs
20260908,continuous_h1,0.3044551337061141,0.0,0.25,0,57788640000
20260908,continuous_h5,0.4020859546373593,0.0,0.25,0,11557728000
20260908,continuous_h15,0.6518330404682594,0.0,0.0,0,3852576000
20260908,hybrid_continuous_h1,0.3044551337061141,0.0,0.25,0,44692377600
20260908,hybrid_micro_h1,0.1865389561003309,0.25,0.5,0,56018227200
20260908,hybrid_macro_h1,0.3044551337061141,0.0,0.25,0,45698764800
20260908,hybrid_continuous_h5,0.41044102539153354,0.0,0.25,0,8938475520
20260908,hybrid_micro_h5,0.5059708167461792,0.0,0.25,0,11203645440
20260908,hybrid_macro_h5,0.45590986450491333,0.0,0.0,0,9139752960
20260908,hybrid_continuous_h15,0.7185369241425126,0.0,0.0,0,2979491840
20260908,hybrid_micro_h15,0.7379052411835748,0.0,0.25,0,3734548480
20260908,hybrid_macro_h15,0.4280111857111375,0.0,0.0,0,3046584320
20260909,continuous_h1,0.3044551337061141,0.0,0.25,0,57788640000
20260909,continuous_h5,0.3044551337061141,0.0,0.25,0,11557728000
20260909,continuous_h15,0.6859851591452405,0.0,0.0,0,3852576000
20260909,hybrid_continuous_h1,0.3044551337061141,0.0,0.25,0,44692377600
20260909,hybrid_micro_h1,0.2947421993211118,0.0,0.25,0,56018227200
20260909,hybrid_macro_h1,0.3044551337061141,0.0,0.25,0,45698764800
20260909,hybrid_continuous_h5,0.3044551337061141,0.0,0.25,0,8938475520
20260909,hybrid_micro_h5,0.3044551337061141,0.0,0.25,0,11203645440
20260909,hybrid_macro_h5,0.39330621523306697,0.0,0.25,0,9139752960
20260909,hybrid_continuous_h15,0.6201358062951015,0.0,0.25,0,2979491840
20260909,hybrid_micro_h15,0.6201358062951015,0.0,0.25,0,3734548480
20260909,hybrid_macro_h15,0.6415956426745075,0.0,0.25,0,3046584320
20260910,continuous_h1,0.5474618620921551,0.0,0.0,0,57788640000
20260910,continuous_h5,0.3044551337061141,0.0,0.25,0,11557728000
20260910,continuous_h15,0.6198494341662764,0.0,0.25,0,3852576000
20260910,hybrid_continuous_h1,0.28127909265648193,0.0,0.25,0,44692377600
20260910,hybrid_micro_h1,0.3044551337061141,0.0,0.25,0,56018227200
20260910,hybrid_macro_h1,0.20956528966682209,0.0,0.25,0,45698764800
20260910,hybrid_continuous_h5,0.3044551337061141,0.0,0.25,0,8938475520
20260910,hybrid_micro_h5,0.6416837603886578,0.0,0.0,0,11203645440
20260910,hybrid_macro_h5,0.3733760759601894,0.0,0.25,0,9139752960
20260910,hybrid_continuous_h15,0.6342287189615898,0.0,0.0,0,2979491840
20260910,hybrid_micro_h15,0.6262488204811749,0.0,0.0,0,3734548480
20260910,hybrid_macro_h15,0.6201358062951015,0.0,0.25,0,3046584320

contrast_tested,reference,kind,mean_regret_difference,interval_low,interval_high
hybrid_continuous_h1,continuous_h1,training_effect,0.08872758981189106,0.01545069403308811,0.21178818404595284
hybrid_micro_h1,hybrid_continuous_h1,symbolic_execution,0.034817690313717765,-0.010217204887875302,0.11467027582902858
hybrid_macro_h1,hybrid_continuous_h1,symbolic_execution,0.023904600996553272,-0.01993013927287758,0.09380787678037378
hybrid_continuous_h5,continuous_h5,training_effect,-0.0027850235847247454,-0.13326415690558735,0.1707703617050762
hybrid_micro_h5,hybrid_continuous_h5,symbolic_execution,-0.14425280601239643,-0.341409577532009,0.0023606690227410965
hybrid_macro_h5,hybrid_continuous_h5,symbolic_execution,-0.06774695429813596,-0.14795788169023566,0.007357177172088515
hybrid_continuous_h15,continuous_h15,training_effect,-0.005077938539809222,-0.16252791142768744,0.1372731895032281
hybrid_micro_h15,hybrid_continuous_h15,symbolic_execution,-0.003796139520215784,-0.10113440480571195,0.08974598624506461
hybrid_macro_h15,hybrid_continuous_h15,symbolic_execution,0.0943862715728191,0.023101323860541933,0.18780193822330427
